project_id,document_id,case_id,difficulty,predicted_class,reference_class,prediction_correct,component_name,raw_confidence,calibrated_probability,evidence_relevance,processing_latency,processing_cost
PF-P01,PF-D0001,PF-C00001,Simple,Clear,Clear,True,Document extraction,0.6560232703005852,0.6921563350049087,0.44222941829478724,196.68256629587057,0.003825775674374314
PF-P02,PF-D0002,PF-C00002,Simple,Review,Insufficient,False,Document extraction,0.8788793382647098,0.7785123851623089,0.7543714273036467,173.96775645281852,0.00491984314390771
PF-P03,PF-D0003,PF-C00003,Moderate,Insufficient,Insufficient,True,Document extraction,0.7335151823306939,0.6871204130370082,0.5757808623766748,206.88897612681615,0.0044638030495407505
PF-P04,PF-D0004,PF-C00004,Complex,Clear,Clear,True,Document extraction,0.7337671394123555,0.57845119130052,0.4603828442944836,268.1594864227027,0.004029665646633705
PF-P05,PF-D0005,PF-C00005,Moderate,Clear,Clear,True,Document extraction,0.4810492407803417,0.6577763846101925,0.4471761446911178,183.6918426669189,0.004233803555310103
PF-P06,PF-D0006,PF-C00006,Moderate,Review,Review,True,Document extraction,0.829150383569269,0.5916510618126926,0.5458060476607244,122.23254692483904,0.003901144237783168
PF-P01,PF-D0007,PF-C00007,Moderate,Review,Clear,False,Document extraction,0.5848115016794261,0.6900347080211681,0.39179550684319076,182.17818737079745,0.003974458624639913
PF-P02,PF-D0008,PF-C00008,Simple,Clear,Clear,True,Document extraction,0.697519052908248,0.756592980889328,0.4324011426750354,170.78406389843607,0.004365703087653333
PF-P03,PF-D0009,PF-C00009,Simple,Review,Insufficient,False,Document extraction,0.4917546329936202,0.5836846202451691,0.28873905710095893,169.5901758273913,0.004314863141405705
PF-P04,PF-D0010,PF-C00010,Simple,Review,Review,True,Document extraction,0.9099469752109451,0.8037672742597893,0.6128246816474414,164.2274115181911,0.004102712764144003
PF-P05,PF-D0011,PF-C00011,Moderate,Insufficient,Escalate,False,Document extraction,0.6623229945875325,0.7068608371147196,0.7411831947345874,170.63746751706765,0.0034996180110997083
PF-P06,PF-D0012,PF-C00012,Simple,Insufficient,Review,False,Document extraction,0.8205044269262636,0.7458631819129978,0.8593455514709761,164.35429277798022,0.003292298671452364
PF-P01,PF-D0013,PF-C00013,Complex,Insufficient,Insufficient,True,Document extraction,0.6579546666319779,0.6017403364712615,0.576440684587232,248.7627604725297,0.0042320274816050295
PF-P02,PF-D0014,PF-C00014,Moderate,Clear,Clear,True,Document extraction,0.5620818419270732,0.6539876453093096,0.37575911448330107,227.46613178306154,0.003731641974562815
PF-P03,PF-D0015,PF-C00015,Moderate,Insufficient,Review,False,Document extraction,0.40543870552821953,0.5328767220614953,0.2549557056102865,205.95096955770134,0.004751518286279314
PF-P04,PF-D0016,PF-C00016,Moderate,Review,Review,True,Document extraction,0.3591511498734608,0.5607805038395361,0.6357383217915619,227.85647004621245,0.004786201708149539
PF-P05,PF-D0017,PF-C00017,Simple,Clear,Clear,True,Document extraction,0.6347284023891995,0.6393639158184135,0.6041540276366162,230.23341969320433,0.004379086784521624
PF-P06,PF-D0018,PF-C00018,Moderate,Clear,Clear,True,Document extraction,0.6992164910910625,0.6384727649044325,0.435481070641059,263.1151543570887,0.0037695921069529795
PF-P01,PF-D0019,PF-C00019,Moderate,Review,Review,True,Document extraction,0.6774976009076282,0.5867123620480943,0.5611529365602814,235.53394803476445,0.004608079877932851
PF-P02,PF-D0020,PF-C00020,Simple,Clear,Clear,True,Document extraction,0.6724642367383905,0.7472245755555779,0.43482858670055424,197.85624622818608,0.0026941274027270992
PF-P03,PF-D0021,PF-C00021,Moderate,Clear,Clear,True,Document extraction,0.8798470342396616,0.7088332140421398,0.3979232891166953,179.9673647262604,0.003146796368703122
PF-P04,PF-D0022,PF-C00022,Moderate,Escalate,Review,False,Document extraction,0.8047041353059617,0.6933440000757106,0.6089891992881229,258.053840044883,0.0035945040274409906
PF-P05,PF-D0023,PF-C00023,Complex,Review,Review,True,Document extraction,0.3149664616853421,0.5878631834482606,0.4781675559095904,194.1385309782175,0.0047843571082963905
PF-P06,PF-D0024,PF-C00024,Moderate,Clear,Clear,True,Document extraction,0.4969552018696671,0.578935196028502,0.5247334937227828,190.141580185334,0.003188477248552078
PF-P01,PF-D0025,PF-C00025,Complex,Insufficient,Insufficient,True,Document extraction,0.5891064333150235,0.42835647124465953,0.4628215279525457,229.65784153253114,0.004406906122501309
PF-P02,PF-D0026,PF-C00026,Moderate,Review,Review,True,Document extraction,0.9161019212479397,0.79288162854938,0.35913270040679884,186.0538332782088,0.004654852511574086
PF-P03,PF-D0027,PF-C00027,Simple,Insufficient,Insufficient,True,Document extraction,0.8540752020085183,0.6924038418131213,0.7234686597666394,135.22839009403674,0.0039575376320479675
PF-P04,PF-D0028,PF-C00028,Simple,Escalate,Escalate,True,Document extraction,0.8270850058993922,0.6950298328999985,0.48149987990685555,181.6425148830489,0.004516860573658501
PF-P05,PF-D0029,PF-C00029,Simple,Review,Insufficient,False,Document extraction,0.6042999628178904,0.5007413065763759,0.4858361970512368,171.35770280557148,0.004590421725249712
PF-P06,PF-D0030,PF-C00030,Moderate,Escalate,Escalate,True,Document extraction,0.4934919086417129,0.5906666446230503,0.6462125642924267,173.20157352787348,0.003207826959463136
PF-P01,PF-D0031,PF-C00031,Moderate,Insufficient,Clear,False,Document extraction,0.7067125413182312,0.6567165915061383,0.570082067068126,231.32057772685445,0.004320713085249115
PF-P02,PF-D0032,PF-C00032,Simple,Clear,Clear,True,Document extraction,0.9079985953983399,0.7531806427324218,0.5677813292867891,134.19247284716053,0.003676445323676375
PF-P03,PF-D0033,PF-C00033,Simple,Clear,Clear,True,Document extraction,0.9235528818593519,0.8609785056438543,0.6929111653966249,98.67821836107967,0.00406536842539897
PF-P04,PF-D0034,PF-C00034,Simple,Clear,Clear,True,Document extraction,0.85404283624982,0.7803930604810029,0.4357908877291299,160.68834740006477,0.0037098737783363193
PF-P05,PF-D0035,PF-C00035,Simple,Clear,Clear,True,Document extraction,0.794830978142616,0.7464182740098122,0.4534399989146483,169.01499799066897,0.004063103573186645
PF-P06,PF-D0036,PF-C00036,Simple,Clear,Clear,True,Document extraction,0.8853875082749871,0.7730095991406938,0.5330770170196395,138.63635054481205,0.00413657060783893
PF-P01,PF-D0037,PF-C00037,Simple,Escalate,Escalate,True,Document extraction,0.5954327228607881,0.6689759428488931,0.4349129295641182,210.50009901867713,0.004138707225762133
PF-P02,PF-D0038,PF-C00038,Simple,Review,Review,True,Document extraction,0.6836391520331306,0.6773198188843846,0.3723263884552922,205.14497228372616,0.0038695925237375354
PF-P03,PF-D0039,PF-C00039,Complex,Escalate,Escalate,True,Document extraction,0.5395526020911731,0.5252042831856446,0.4325769060631025,259.6973415836388,0.00511956577819416
PF-P04,PF-D0040,PF-C00040,Simple,Escalate,Review,False,Document extraction,0.776611596871938,0.6917392852609059,0.4822854026334086,202.04848481469116,0.004790655695107772
PF-P05,PF-D0041,PF-C00041,Simple,Insufficient,Review,False,Document extraction,0.8441521649523824,0.8538796429094617,0.8527352123133449,164.19217446004572,0.004090396562548608
PF-P06,PF-D0042,PF-C00042,Simple,Escalate,Review,False,Document extraction,0.9728848526740357,0.8641258345129669,0.755597050661028,176.92470696606605,0.003889134380009846
PF-P01,PF-D0043,PF-C00043,Simple,Insufficient,Clear,False,Document extraction,0.8126437331193107,0.7071101794277987,0.6988701439034117,184.9294272069129,0.00401717108894922
PF-P02,PF-D0044,PF-C00044,Moderate,Clear,Escalate,False,Document extraction,0.4718916715902053,0.5827748504851384,0.782564037536897,245.23552921103698,0.0038707580986630068
PF-P03,PF-D0045,PF-C00045,Complex,Escalate,Clear,False,Document extraction,0.7131664801555103,0.5556204560929723,0.4689248358686169,245.22833915953294,0.004566747319399277
PF-P04,PF-D0046,PF-C00046,Complex,Insufficient,Clear,False,Document extraction,0.575517602309606,0.4661389950015337,0.0,226.48867345717022,0.005191876710248333
PF-P05,PF-D0047,PF-C00047,Simple,Review,Clear,False,Document extraction,0.6621354211684148,0.7022253400282298,0.6906318896810508,203.39608878023807,0.003719205997321351
PF-P06,PF-D0048,PF-C00048,Simple,Clear,Clear,True,Document extraction,0.8785660537815141,0.8008115960655061,0.6602090653419395,187.48499333306546,0.00456495888308817
PF-P01,PF-D0049,PF-C00049,Simple,Review,Review,True,Document extraction,0.6705001730050546,0.7361885256031703,0.5577154510450977,228.54317800374514,0.0034162337446462425
PF-P02,PF-D0050,PF-C00050,Simple,Clear,Clear,True,Document extraction,0.806304496925732,0.7655206519615002,0.5779877377452444,204.08718366218312,0.004700347070303368
PF-P03,PF-D0051,PF-C00051,Complex,Review,Review,True,Document extraction,0.4093063571234849,0.44079686589807054,0.13091026951686668,226.25889825110852,0.0046129074798214095
PF-P04,PF-D0052,PF-C00052,Moderate,Insufficient,Insufficient,True,Document extraction,0.6840104050785383,0.5840403613730506,0.40960466164186105,208.15039139345774,0.004392146182742176
PF-P05,PF-D0053,PF-C00053,Moderate,Clear,Clear,True,Document extraction,0.5870525530021934,0.4851562363019138,0.20413090440658987,187.7259484276237,0.003969661201118221
PF-P06,PF-D0054,PF-C00054,Simple,Review,Review,True,Document extraction,0.43562834176638243,0.6804867817908166,0.6999739375144698,143.66143910474378,0.004914629561380072
PF-P01,PF-D0055,PF-C00055,Simple,Escalate,Escalate,True,Document extraction,0.6837765067605087,0.6544923648682559,0.697402345300691,171.32314169940213,0.003471024402552079
PF-P02,PF-D0056,PF-C00056,Complex,Review,Review,True,Document extraction,0.510929645181529,0.5662869022938504,0.6422494321662905,251.09892338115358,0.005019831865860186
PF-P03,PF-D0057,PF-C00057,Simple,Review,Review,True,Document extraction,0.8834357894631826,0.8240657855368675,0.5479036095381264,190.57563225182594,0.004328411460196615
PF-P04,PF-D0058,PF-C00058,Simple,Review,Clear,False,Document extraction,0.8889640707288734,0.7690795307694643,0.746061340468258,161.93513663275615,0.003956635839600915
PF-P05,PF-D0059,PF-C00059,Simple,Clear,Clear,True,Document extraction,0.8608941396281962,0.8268936611959011,0.7169604691601509,150.27027534460976,0.004484372323062005
PF-P06,PF-D0060,PF-C00060,Simple,Clear,Clear,True,Document extraction,0.8539706417947657,0.6802529299176995,0.42663185680178545,109.36264382261638,0.004186496096107243
PF-P01,PF-D0061,PF-C00061,Simple,Insufficient,Clear,False,Document extraction,0.7023479749275778,0.7536454663946555,0.5188322051351139,247.39479799537781,0.003992987451821679
PF-P02,PF-D0062,PF-C00062,Simple,Clear,Clear,True,Document extraction,0.8105893745977734,0.8422068132789925,0.8917668006961956,229.67431928067703,0.0043391732435014265
PF-P03,PF-D0063,PF-C00063,Complex,Review,Review,True,Document extraction,0.7690318530941277,0.6403182178763254,0.35401348459272497,244.20160147829975,0.004359376974884895
PF-P04,PF-D0064,PF-C00064,Simple,Clear,Clear,True,Document extraction,0.8821073670155066,0.7183939096590104,0.7963072545992441,224.7366233555965,0.0040289729956564865
PF-P05,PF-D0065,PF-C00065,Complex,Insufficient,Insufficient,True,Document extraction,0.45594832968364085,0.4720126118405946,0.658368032394329,187.42422182879835,0.005356044400245503
PF-P06,PF-D0066,PF-C00066,Simple,Escalate,Insufficient,False,Document extraction,0.6688479553286305,0.595527927836856,0.5921518989070254,193.5323521941158,0.004197312031703762
PF-P01,PF-D0067,PF-C00067,Moderate,Escalate,Escalate,True,Document extraction,0.7112021621551997,0.6520732315864659,0.49990126502694887,264.85646080073946,0.004463948773306114
PF-P02,PF-D0068,PF-C00068,Moderate,Review,Review,True,Document extraction,0.7467339903954294,0.6686818363023301,0.5552823733469585,191.91925143582628,0.003865379486618712
PF-P03,PF-D0069,PF-C00069,Moderate,Insufficient,Insufficient,True,Document extraction,0.8835580741221307,0.6839377309360093,0.5979637352105819,222.0998315389464,0.004372136568543242
PF-P04,PF-D0070,PF-C00070,Simple,Insufficient,Clear,False,Document extraction,0.8870757110172168,0.8007616281704315,0.5164661498465454,145.13326702988394,0.0038806520453804443
PF-P05,PF-D0071,PF-C00071,Complex,Clear,Clear,True,Document extraction,0.2895707087104265,0.5018408260908498,0.34046816668684793,254.83936910805483,0.005520280676962622
PF-P06,PF-D0072,PF-C00072,Simple,Clear,Clear,True,Document extraction,0.8776063610795838,0.7781107074139404,0.577082965337697,223.48935072799503,0.005040322063818339
PF-P01,PF-D0073,PF-C00073,Simple,Escalate,Clear,False,Document extraction,0.695404851817529,0.619135656125575,0.4662382497733813,179.70760531530405,0.003601530088151428
PF-P02,PF-D0074,PF-C00074,Simple,Insufficient,Insufficient,True,Document extraction,0.8420447158970606,0.7783997275786136,0.6943937240686652,221.63684938475126,0.004750196656873574
PF-P03,PF-D0075,PF-C00075,Simple,Review,Insufficient,False,Document extraction,0.8068615871971159,0.7308122909502645,0.7523008204754836,195.67398811430894,0.0038307639901958416
PF-P04,PF-D0076,PF-C00076,Simple,Review,Review,True,Document extraction,0.9030716692500811,0.8013778066668082,0.6011733939165642,182.94387704658126,0.003412789379492685
PF-P05,PF-D0077,PF-C00077,Simple,Clear,Clear,True,Document extraction,0.6833672962235283,0.7368910483045686,0.4384299344681285,177.84084384056646,0.004119685740533272
PF-P06,PF-D0078,PF-C00078,Simple,Review,Review,True,Document extraction,0.6109575661796888,0.7122127979040027,0.7010694050794476,150.80946936730055,0.0028371247260346845
PF-P01,PF-D0079,PF-C00079,Moderate,Insufficient,Insufficient,True,Document extraction,0.8562758943101674,0.7342486665163309,0.5073759936532956,222.78346408643495,0.004840920424947383
PF-P02,PF-D0080,PF-C00080,Simple,Escalate,Insufficient,False,Document extraction,0.5031523139188631,0.6620212726957879,0.5332688472349842,200.68948873408164,0.00397066886130965
PF-P03,PF-D0081,PF-C00081,Complex,Insufficient,Review,False,Document extraction,0.6739107816859431,0.5766486955685141,0.723396293866615,229.21004862624068,0.005026063032779451
PF-P04,PF-D0082,PF-C00082,Simple,Insufficient,Clear,False,Document extraction,0.6534298560445023,0.7511982650944845,0.7841445455201352,187.45144021480806,0.003875661417878106
PF-P05,PF-D0083,PF-C00083,Complex,Review,Review,True,Document extraction,0.5988796696498899,0.5313296268936799,0.3396003193150588,282.651076971109,0.00486750748200121
PF-P06,PF-D0084,PF-C00084,Simple,Clear,Clear,True,Document extraction,0.9326844878483501,0.7932670017015927,0.6755455059059517,140.3201565957993,0.00370763626452409
PF-P01,PF-D0085,PF-C00085,Simple,Clear,Clear,True,Document extraction,0.8610396444873643,0.83338404271915,0.6345767736523689,158.85275093098997,0.003908763163308223
PF-P02,PF-D0086,PF-C00086,Moderate,Clear,Clear,True,Document extraction,0.8844684898538065,0.6414212515679538,0.6573934952031772,211.25797996242076,0.004185314395214184
PF-P03,PF-D0087,PF-C00087,Complex,Clear,Clear,True,Document extraction,0.6019010199061695,0.6357705891749932,0.7418221105124517,213.90437636267126,0.005629750544774239
PF-P04,PF-D0088,PF-C00088,Simple,Clear,Clear,True,Document extraction,0.6908316469163049,0.7382053095056246,0.6021777563110343,184.46303099137018,0.003938723869695372
PF-P05,PF-D0089,PF-C00089,Moderate,Insufficient,Clear,False,Document extraction,0.6777182386946519,0.5816151502628064,0.238595608281002,168.60571113914372,0.0044114653934231125
PF-P06,PF-D0090,PF-C00090,Simple,Clear,Clear,True,Document extraction,0.6771883494729878,0.7033988759487727,0.5966250743902346,196.45235631540737,0.004287090589685407
PF-P01,PF-D0091,PF-C00091,Complex,Clear,Clear,True,Document extraction,0.6665192685935104,0.6455100419714243,0.3726829520996372,249.6893389591984,0.004701432579965475
PF-P02,PF-D0092,PF-C00092,Moderate,Review,Review,True,Document extraction,0.7422284500426405,0.7344461957463045,0.8516299233878479,256.63748901796873,0.0031888387014958964
PF-P03,PF-D0093,PF-C00093,Moderate,Clear,Clear,True,Document extraction,0.7869719373874665,0.6637456653965279,0.30885211276141517,157.23060300038256,0.004171516911604378
PF-P04,PF-D0094,PF-C00094,Simple,Clear,Clear,True,Document extraction,0.7850062336716501,0.6725125519147356,0.42599214163409127,184.26794230504376,0.004196912392791336
PF-P05,PF-D0095,PF-C00095,Moderate,Clear,Clear,True,Document extraction,0.5617948570871145,0.6107413751309685,0.3620557973941512,218.17324802615707,0.0034494394164839752
PF-P06,PF-D0096,PF-C00096,Simple,Insufficient,Insufficient,True,Document extraction,0.370845570985947,0.647991120047608,0.7114674541949452,184.28950436624783,0.0037668130606419315
PF-P01,PF-D0097,PF-C00097,Moderate,Insufficient,Review,False,Document extraction,0.4871089660074597,0.6373981609922537,0.5274818681625023,194.02610693645582,0.004261549428647935
PF-P02,PF-D0098,PF-C00098,Moderate,Insufficient,Insufficient,True,Document extraction,0.6402973251270878,0.5461030493635093,0.5760596144051201,175.35071650445892,0.00434324763499728
PF-P03,PF-D0099,PF-C00099,Moderate,Clear,Clear,True,Document extraction,0.47819230844277566,0.6675425245632637,0.5106809159512954,240.626197616809,0.003796931552903197
PF-P04,PF-D0100,PF-C00100,Complex,Escalate,Escalate,True,Document extraction,0.1412853422024893,0.31364054271940894,0.161463759832925,214.75282954220725,0.004587061918438948
PF-P05,PF-D0101,PF-C00101,Moderate,Insufficient,Clear,False,Document extraction,0.839844237095268,0.6705319890310422,0.48419365373656853,219.3790674103109,0.004132857213206694
PF-P06,PF-D0102,PF-C00102,Simple,Insufficient,Insufficient,True,Document extraction,0.7605046457397023,0.5183699488254992,0.5703405849264748,215.23530622686727,0.0031438310858606646
PF-P01,PF-D0103,PF-C00103,Simple,Insufficient,Insufficient,True,Document extraction,0.8272997311534624,0.7274141706901348,0.6804556033031266,219.02787796672186,0.0035050314366758366
PF-P02,PF-D0104,PF-C00104,Simple,Clear,Insufficient,False,Document extraction,0.7339147520241401,0.7082279535904982,0.42410234066707914,171.42687501559922,0.0037514460619630097
PF-P03,PF-D0105,PF-C00105,Simple,Insufficient,Insufficient,True,Document extraction,0.6484708011349627,0.7122682283828513,0.8995162804698565,202.38174545479723,0.0048580464473694076
PF-P04,PF-D0106,PF-C00106,Simple,Review,Review,True,Document extraction,0.8868228275576507,0.7466231454736217,0.7351271636385518,133.11115944676686,0.004515293908465337
PF-P05,PF-D0107,PF-C00107,Simple,Clear,Clear,True,Document extraction,0.5365742807530638,0.7104699552617711,0.6263158854646282,215.16470765027617,0.004458992786500003
PF-P06,PF-D0108,PF-C00108,Simple,Escalate,Insufficient,False,Document extraction,0.6507619888157816,0.4952129330844038,0.2696173886779891,137.19881560121004,0.003595705936180253
PF-P01,PF-D0109,PF-C00109,Moderate,Review,Review,True,Document extraction,0.5866431474365116,0.556619578362343,0.4920033209158294,198.86029784552446,0.0036921479949474888
PF-P02,PF-D0110,PF-C00110,Simple,Escalate,Clear,False,Document extraction,0.9102048843763596,0.7963947556822207,0.40399348042007344,189.67355481768388,0.00493649845974857
PF-P03,PF-D0111,PF-C00111,Simple,Insufficient,Clear,False,Document extraction,0.6160397716076546,0.7274376169150538,0.5575114328592631,155.17564595153925,0.0034077364906534595
PF-P04,PF-D0112,PF-C00112,Simple,Review,Review,True,Document extraction,0.6605196572137951,0.7309862747039271,0.7359527332220696,161.57758774020562,0.004380706462791522
PF-P05,PF-D0113,PF-C00113,Simple,Clear,Clear,True,Document extraction,0.953381499805479,0.7486146056006213,0.488934665542099,261.31639767511047,0.0031555681747736527
PF-P06,PF-D0114,PF-C00114,Simple,Insufficient,Review,False,Document extraction,0.6501832928695972,0.568996748846249,0.6661601302186703,218.95268972919274,0.00419310422367124
PF-P01,PF-D0115,PF-C00115,Simple,Review,Review,True,Document extraction,0.7117467540647254,0.7704971737316625,0.7985513564719144,187.09145437538552,0.0038703584859538244
PF-P02,PF-D0116,PF-C00116,Simple,Clear,Clear,True,Document extraction,0.938313755154196,0.8506804987279822,0.556768376981796,230.58511279437045,0.00383196323148311
PF-P03,PF-D0117,PF-C00117,Moderate,Review,Escalate,False,Document extraction,0.5878378875604169,0.47397879406920385,0.35191968845494886,185.26494215129196,0.003295204908236643
PF-P04,PF-D0118,PF-C00118,Moderate,Clear,Review,False,Document extraction,0.714910322413439,0.5676008055163196,0.5858549776530726,211.0034054819801,0.003839047428796729
PF-P05,PF-D0119,PF-C00119,Moderate,Insufficient,Insufficient,True,Document extraction,0.673432672953907,0.6326892707377386,0.5176532301996248,166.63899385654383,0.00435206999773023
PF-P06,PF-D0120,PF-C00120,Moderate,Escalate,Insufficient,False,Document extraction,0.3901815155220146,0.4981296798738576,0.3942283524414667,248.1690772459011,0.003883655472194957
PF-P01,PF-D0121,PF-C00121,Moderate,Clear,Clear,True,Document extraction,0.8963253121335054,0.7200638586199255,0.5770719531540307,215.65617159707858,0.004006254544553862
PF-P02,PF-D0122,PF-C00122,Moderate,Clear,Clear,True,Document extraction,0.9084997230984523,0.709518867232002,0.5330643324899347,202.75486443251424,0.004613338475667046
PF-P03,PF-D0123,PF-C00123,Simple,Review,Clear,False,Document extraction,0.8533860434544054,0.8024423014861589,0.681155953521132,107.16752777297638,0.00316205117372631
PF-P04,PF-D0124,PF-C00124,Moderate,Clear,Insufficient,False,Document extraction,0.3513513215848026,0.4816827978116153,0.2847206788512619,190.01587224236522,0.004633623974268079
PF-P05,PF-D0125,PF-C00125,Complex,Clear,Insufficient,False,Document extraction,0.4279189151449025,0.42234510470806436,0.618937724687758,246.43994983683348,0.004875283126122041
PF-P06,PF-D0126,PF-C00126,Moderate,Insufficient,Clear,False,Document extraction,0.6018346638187279,0.6389623395391196,0.37948503681702905,189.4824410556575,0.003626709690937544
PF-P01,PF-D0127,PF-C00127,Moderate,Clear,Clear,True,Document extraction,0.6398306867666106,0.6865705939170592,0.7107621103698188,240.64025110155706,0.0034172029938164244
PF-P02,PF-D0128,PF-C00128,Simple,Clear,Clear,True,Document extraction,0.8613142137056126,0.8446738056831588,0.7241700798530863,206.4550344478692,0.004493850338877727
PF-P03,PF-D0129,PF-C00129,Complex,Escalate,Clear,False,Document extraction,0.5134211706731762,0.6092985646591327,0.25398763464061924,217.578217469959,0.005555500891919647
PF-P04,PF-D0130,PF-C00130,Simple,Insufficient,Escalate,False,Document extraction,0.7834729365777175,0.7222563112895537,0.6206837394217611,175.30506515633726,0.0034697468194957353
PF-P05,PF-D0131,PF-C00131,Moderate,Clear,Clear,True,Document extraction,0.807003859306611,0.6204165003258422,0.44083025642683754,223.9217550767227,0.004192473313494188
PF-P06,PF-D0132,PF-C00132,Simple,Escalate,Escalate,True,Document extraction,0.584470853274091,0.6473549461859655,0.6941987587397773,130.6937083687401,0.004664961604503971
PF-P01,PF-D0133,PF-C00133,Moderate,Review,Review,True,Document extraction,0.4842438584660635,0.5889138096905985,0.6071966599304708,181.5996802239502,0.004316371431478623
PF-P02,PF-D0134,PF-C00134,Moderate,Clear,Clear,True,Document extraction,0.6783200449458642,0.5461078089947707,0.41814376916937956,221.10343089208584,0.004370735100658807
PF-P03,PF-D0135,PF-C00135,Complex,Insufficient,Insufficient,True,Document extraction,0.4908393918507546,0.47392097154456453,0.3793227170122152,241.50534205557537,0.004329309442785935
PF-P04,PF-D0136,PF-C00136,Moderate,Review,Review,True,Document extraction,0.6040883697581585,0.6690861099070441,0.5966355670753347,233.2506098876694,0.004226688543888712
PF-P05,PF-D0137,PF-C00137,Moderate,Review,Escalate,False,Document extraction,0.33538226083781925,0.399205958083482,0.3232386094371855,182.77413362699127,0.004573549397966097
PF-P06,PF-D0138,PF-C00138,Complex,Review,Review,True,Document extraction,0.37773941202143446,0.43352275585459227,0.13317772199927802,268.553130524096,0.00494210199150738
PF-P01,PF-D0139,PF-C00139,Simple,Review,Clear,False,Document extraction,0.8161503071613281,0.7202167255525233,0.5607067437903593,217.38453468269734,0.004198580367093509
PF-P02,PF-D0140,PF-C00140,Moderate,Insufficient,Clear,False,Document extraction,0.7366355700180409,0.7189225033682343,0.6798394434616477,209.04294473531792,0.003688252524360706
PF-P03,PF-D0141,PF-C00141,Simple,Clear,Clear,True,Document extraction,0.7561091101272793,0.5445940009395438,0.19882695474732842,199.184656091235,0.004412599080613106
PF-P04,PF-D0142,PF-C00142,Complex,Insufficient,Review,False,Document extraction,0.3540062047994119,0.6093079839464551,0.38354155348481,231.6641408749384,0.004746818084723371
PF-P05,PF-D0143,PF-C00143,Moderate,Clear,Clear,True,Document extraction,0.5650133954132273,0.7203571240271653,0.5757144070103598,184.3964083868152,0.00384278921208866
PF-P06,PF-D0144,PF-C00144,Simple,Escalate,Review,False,Document extraction,0.8691375193483808,0.6970040505442975,0.7715272108334221,182.93348303206218,0.004134077677387775
PF-P01,PF-D0145,PF-C00145,Simple,Review,Review,True,Document extraction,0.7126400684006914,0.7330078169597725,0.3952080260333304,152.13529098900278,0.0038870408278835985
PF-P02,PF-D0146,PF-C00146,Moderate,Clear,Clear,True,Document extraction,0.5238338854016761,0.6786726223259075,0.3936246449065182,189.1701924879474,0.00401556565002627
PF-P03,PF-D0147,PF-C00147,Simple,Clear,Clear,True,Document extraction,0.8121403943818033,0.7278635024979624,0.6114599179111582,197.58614504141252,0.0037061375730203863
PF-P04,PF-D0148,PF-C00148,Simple,Clear,Clear,True,Document extraction,0.96177982978432,0.8236663500830336,0.5414917505123347,219.42698158301633,0.004162217454180295
PF-P05,PF-D0149,PF-C00149,Simple,Clear,Clear,True,Document extraction,0.5167083568600487,0.6623398159766165,0.8055351272614445,165.33522031283053,0.0037273943871017528
PF-P06,PF-D0150,PF-C00150,Moderate,Review,Review,True,Document extraction,0.5134958775199736,0.5750592058510207,0.4660746271420366,202.57994605997652,0.0035511701405241455
PF-P01,PF-D0151,PF-C00151,Complex,Clear,Clear,True,Document extraction,0.557096229376969,0.6421027177375583,0.6418327184918299,243.17653057925392,0.005104236241613156
PF-P02,PF-D0152,PF-C00152,Simple,Insufficient,Clear,False,Document extraction,0.9103894493667574,0.8500370538927439,0.7620935717912909,137.23950387749667,0.00394233333179707
PF-P03,PF-D0153,PF-C00153,Simple,Clear,Clear,True,Document extraction,0.7208428253257704,0.6485315880287101,0.8331244545758181,199.34697605352937,0.0029812977168146987
PF-P04,PF-D0154,PF-C00154,Simple,Review,Review,True,Document extraction,0.9030042868759985,0.8329712138762069,0.6300501883595652,201.3380585389365,0.00457105900196516
PF-P05,PF-D0155,PF-C00155,Moderate,Review,Review,True,Document extraction,0.547404213118284,0.7016328521839826,0.49871064588138814,226.42393861249866,0.004258901154291354
PF-P06,PF-D0156,PF-C00156,Complex,Review,Review,True,Document extraction,0.6319451107362392,0.5453621301437138,0.4051207773564632,248.61746191119275,0.004107485038513334
PF-P01,PF-D0157,PF-C00157,Moderate,Insufficient,Review,False,Document extraction,0.7733480729978292,0.614404210573603,0.3539307485422211,223.75085690845785,0.004643192251893713
PF-P02,PF-D0158,PF-C00158,Complex,Review,Review,True,Document extraction,0.7323815895515754,0.6161832428492815,0.32323232957689435,228.345566441668,0.0050029778659459664
PF-P03,PF-D0159,PF-C00159,Moderate,Escalate,Clear,False,Document extraction,0.5495098936869695,0.5485452126728158,0.30013615568792396,217.63031742773768,0.003917749064881545
PF-P04,PF-D0160,PF-C00160,Simple,Insufficient,Clear,False,Document extraction,0.829413581169319,0.6694264756448925,0.2691649455638556,174.6277799482354,0.0037467401146990017
PF-P05,PF-D0161,PF-C00161,Simple,Review,Escalate,False,Document extraction,0.7818617316651743,0.7299190498675612,0.8751349931887921,190.9933913825477,0.0037193129820991397
PF-P06,PF-D0162,PF-C00162,Complex,Review,Review,True,Document extraction,0.1588857414513233,0.39994603617464203,0.30755202013243516,272.42542970833483,0.005329466270524008
PF-P01,PF-D0163,PF-C00163,Moderate,Insufficient,Insufficient,True,Document extraction,0.7002316042576363,0.7211452607365035,0.5529525929983398,270.35556796397884,0.003974475963276273
PF-P02,PF-D0164,PF-C00164,Simple,Insufficient,Escalate,False,Document extraction,0.7884391990565358,0.7399870144717783,0.5409912697695689,203.4520264510429,0.0040621543103462054
PF-P03,PF-D0165,PF-C00165,Simple,Review,Clear,False,Document extraction,0.8767342455433903,0.7464661509424315,0.4941059626169913,239.0331063285514,0.004404806481419355
PF-P04,PF-D0166,PF-C00166,Simple,Review,Clear,False,Document extraction,0.9046499477250658,0.8230953483657638,0.5467794195056602,163.4980408175737,0.0038877305524730676
PF-P05,PF-D0167,PF-C00167,Moderate,Escalate,Escalate,True,Document extraction,0.8047556274663663,0.6393384792115036,0.42332791984633034,182.17323871441113,0.00423456465005824
PF-P06,PF-D0168,PF-C00168,Simple,Escalate,Escalate,True,Document extraction,0.6175134535152622,0.6187085774356436,0.7080994125074546,198.5219005653271,0.004341332751611072
PF-P01,PF-D0169,PF-C00169,Simple,Review,Review,True,Document extraction,0.7745230592795023,0.6972123900584154,0.3656547114627581,204.74664553407865,0.0030942939650525038
PF-P02,PF-D0170,PF-C00170,Simple,Insufficient,Insufficient,True,Document extraction,0.7929424976636764,0.707906198070364,0.5575823516956554,198.3777372544117,0.0041531200116011
PF-P03,PF-D0171,PF-C00171,Simple,Escalate,Review,False,Document extraction,0.8472847456158978,0.6751733014570852,0.4788491804736202,145.61178240867793,0.0036502069916839056
PF-P04,PF-D0172,PF-C00172,Simple,Clear,Clear,True,Document extraction,0.8748768093836816,0.8402246879826868,0.4746393596937361,208.0769713061471,0.004102846002396739
PF-P05,PF-D0173,PF-C00173,Simple,Clear,Insufficient,False,Document extraction,0.7611411359140106,0.7627620664965694,0.885042048144309,209.20820978117138,0.00331065772732835
PF-P06,PF-D0174,PF-C00174,Simple,Clear,Clear,True,Document extraction,0.8321061934807185,0.7941093952404616,0.8078461060114605,151.06488266550417,0.003859447518927952
PF-P01,PF-D0175,PF-C00175,Simple,Clear,Clear,True,Document extraction,0.7971829920893102,0.7105732950648842,0.4454869638734897,209.26149668940053,0.0037383396977087647
PF-P02,PF-D0176,PF-C00176,Moderate,Insufficient,Insufficient,True,Document extraction,0.6582995241212661,0.6247599716311748,0.654598113670544,216.45029827530897,0.0036151628124844503
PF-P03,PF-D0177,PF-C00177,Simple,Insufficient,Insufficient,True,Document extraction,0.5386099175259219,0.5363427575548302,0.8047011132361571,166.13471803862817,0.005114092188402213
PF-P04,PF-D0178,PF-C00178,Moderate,Escalate,Escalate,True,Document extraction,0.5005189580198246,0.5161399828054029,0.5266803847210733,207.45889674014168,0.005047984055622434
PF-P05,PF-D0179,PF-C00179,Complex,Insufficient,Insufficient,True,Document extraction,0.6353732600586602,0.573468372457681,0.40116142826806056,236.2353395633054,0.005217218471861312
PF-P06,PF-D0180,PF-C00180,Complex,Clear,Clear,True,Document extraction,0.8107015271891179,0.6168710204021142,0.5699618670683007,247.32306041948166,0.005599964249287706
PF-P01,PF-D0001,PF-C00181,Simple,Insufficient,Clear,False,Document extraction,0.47978279138188495,0.6721395167315181,0.5689539291834633,173.73920063679125,0.003993455978358096
PF-P02,PF-D0002,PF-C00182,Simple,Clear,Insufficient,False,Document extraction,0.5993891307458266,0.5348822116877864,0.2538335927406517,198.78405167309978,0.004442429253423291
PF-P03,PF-D0003,PF-C00183,Simple,Clear,Review,False,Document extraction,0.8788564850563169,0.8364722311852438,0.45610361478553985,204.49450551423985,0.004237364296504718
PF-P04,PF-D0004,PF-C00184,Simple,Review,Review,True,Document extraction,0.8595686349171872,0.7588163495370128,0.467467005281586,186.43899596471647,0.004050710719469556
PF-P05,PF-D0005,PF-C00185,Simple,Review,Review,True,Document extraction,0.5135982071635368,0.5807583603719977,0.44560341696626304,154.43905012612785,0.004347466219607448
PF-P06,PF-D0006,PF-C00186,Simple,Clear,Clear,True,Document extraction,0.8452516855741171,0.7598955134597054,0.5809859069003297,195.52690078381502,0.00438447665695771
PF-P01,PF-D0007,PF-C00187,Simple,Clear,Clear,True,Document extraction,0.6680434768960911,0.6837148932533204,0.7130658828921305,172.9449838641455,0.003778688527328929
PF-P02,PF-D0008,PF-C00188,Moderate,Clear,Clear,True,Document extraction,0.6958179182461136,0.7324293037825562,0.5074444485489261,171.29302687195883,0.0039012025484376957
PF-P03,PF-D0009,PF-C00189,Moderate,Clear,Clear,True,Document extraction,0.714049496349224,0.6948836026583292,0.4245694360410097,196.87750836317417,0.0037275415279568462
PF-P04,PF-D0010,PF-C00190,Simple,Clear,Clear,True,Document extraction,0.919680321278497,0.8194544137697086,0.572020098466508,219.82761043584514,0.003559490169415653
PF-P05,PF-D0011,PF-C00191,Complex,Insufficient,Insufficient,True,Document extraction,0.49577651952647483,0.40591827119111046,0.2615863076841886,228.1931080762683,0.005223526641524662
PF-P06,PF-D0012,PF-C00192,Simple,Escalate,Escalate,True,Document extraction,0.4994434595756435,0.6844954720861011,0.6527280603286676,282.38721440871177,0.004504711469001632
PF-P01,PF-D0013,PF-C00193,Moderate,Clear,Clear,True,Document extraction,0.7219914350750151,0.6985576826659803,0.43489243533811045,202.92465142570103,0.003777553612059698
PF-P02,PF-D0014,PF-C00194,Moderate,Review,Review,True,Document extraction,0.5186623120217081,0.6919135312126785,0.5765966981041916,239.58704216934746,0.003677489205384742
PF-P03,PF-D0015,PF-C00195,Complex,Clear,Insufficient,False,Document extraction,0.4810624068716385,0.48076723014587386,0.26361205825428285,234.02915342361712,0.004925080386703628
PF-P04,PF-D0016,PF-C00196,Simple,Review,Review,True,Document extraction,0.9124171992516893,0.7635501615656434,0.6442937347392789,186.99392783029762,0.003989683743427314
PF-P05,PF-D0017,PF-C00197,Simple,Insufficient,Clear,False,Document extraction,0.8891868772816279,0.807455788947197,0.7030624385846124,162.205339628397,0.0030732869610439056
PF-P06,PF-D0018,PF-C00198,Simple,Escalate,Clear,False,Document extraction,0.9105630698542517,0.8310441514536029,0.5936263751815707,128.86966418757788,0.003978371081686194
PF-P01,PF-D0019,PF-C00199,Complex,Review,Review,True,Document extraction,0.5418372881873599,0.5521770895889522,0.4237321861440496,253.76407923303955,0.004992569450677327
PF-P02,PF-D0020,PF-C00200,Simple,Escalate,Clear,False,Document extraction,0.8896056943483007,0.7501956930056669,0.773112989952209,171.5734792799023,0.004131860598090966
PF-P03,PF-D0021,PF-C00201,Moderate,Review,Review,True,Document extraction,0.5721441705698492,0.6141607294946259,0.3261332036067305,232.243450730177,0.005032554038436714
PF-P04,PF-D0022,PF-C00202,Complex,Escalate,Review,False,Document extraction,0.6886747237828481,0.5934249621705983,0.34178766290840923,207.77238574154222,0.00442126067037496
PF-P05,PF-D0023,PF-C00203,Moderate,Clear,Clear,True,Document extraction,0.8262718918688554,0.8010190331458932,0.8012187429099579,199.74230141254398,0.004790216541998126
PF-P06,PF-D0024,PF-C00204,Complex,Review,Review,True,Document extraction,0.841687891907161,0.6602351112003807,0.695253860929842,257.73839089858205,0.005044253008381977
PF-P01,PF-D0025,PF-C00205,Moderate,Review,Review,True,Document extraction,0.707049561430527,0.6738386596461632,0.2944114141883452,210.04790900282984,0.004325669591960477
PF-P02,PF-D0026,PF-C00206,Simple,Review,Review,True,Document extraction,0.8583321417050294,0.7161654713072073,0.30201454372559794,132.24579943595822,0.003425992452966493
PF-P03,PF-D0027,PF-C00207,Simple,Clear,Clear,True,Document extraction,0.7912915994919677,0.7195409921433052,0.6652303868943164,173.91311180282764,0.004403287797489886
PF-P04,PF-D0028,PF-C00208,Moderate,Review,Clear,False,Document extraction,0.5993495640815596,0.5280763692579651,0.48261786418421976,244.71164033628455,0.004273975064106119
PF-P05,PF-D0029,PF-C00209,Simple,Review,Review,True,Document extraction,0.8899805935185297,0.7638158165369643,0.577379178034544,187.65733196140238,0.004369186092283616
PF-P06,PF-D0030,PF-C00210,Simple,Escalate,Review,False,Document extraction,0.7129861772904872,0.6757407443144207,0.5387422879981058,115.57530943471195,0.003746802792574811
PF-P01,PF-D0031,PF-C00211,Simple,Insufficient,Clear,False,Document extraction,0.6870893635584787,0.6142974655780398,0.6534340509803226,158.62180363629216,0.003334879493935724
PF-P02,PF-D0032,PF-C00212,Simple,Review,Review,True,Document extraction,0.6782893327213534,0.6834452081744326,0.6250718370155852,102.2136972827054,0.004498098937540876
PF-P03,PF-D0033,PF-C00213,Moderate,Insufficient,Insufficient,True,Document extraction,0.32622186384595747,0.4316157841589244,0.394989378131058,146.71969402653022,0.0031615918574374956
PF-P04,PF-D0034,PF-C00214,Moderate,Clear,Clear,True,Document extraction,0.5949013196166897,0.4915389201135076,0.22885793453225098,211.06960729724358,0.004324924089316648
PF-P05,PF-D0035,PF-C00215,Simple,Clear,Escalate,False,Document extraction,0.4640290893844309,0.5844842855403231,0.3995109918068202,205.753593722412,0.004222573523306949
PF-P06,PF-D0036,PF-C00216,Moderate,Review,Review,True,Document extraction,0.702234375590172,0.7553367456979654,0.4968442760368554,191.4639501661318,0.00405117410023611
PF-P01,PF-D0037,PF-C00217,Complex,Clear,Clear,True,Document extraction,0.8013074896535274,0.5663300010319112,0.40959176979610096,268.18959582724074,0.005066558781421712
PF-P02,PF-D0038,PF-C00218,Simple,Insufficient,Insufficient,True,Document extraction,0.6275646131305436,0.7224166858028773,0.8702634234837249,174.04737037861133,0.004826027817871387
PF-P03,PF-D0039,PF-C00219,Simple,Review,Review,True,Document extraction,0.7562185250047738,0.7271636224705532,0.4324075014905032,193.7047891599781,0.0030670241339430604
PF-P04,PF-D0040,PF-C00220,Moderate,Clear,Clear,True,Document extraction,0.802905873175863,0.744769509520496,0.5027972661887466,249.41091518269153,0.004193869360223421
PF-P05,PF-D0041,PF-C00221,Simple,Insufficient,Insufficient,True,Document extraction,0.8683201737150275,0.7232387296270845,0.6953485788100162,222.04594512824738,0.0036737356618116892
PF-P06,PF-D0042,PF-C00222,Moderate,Review,Insufficient,False,Document extraction,0.8411501634575724,0.6971263950349011,0.393116233542933,210.28479356756492,0.004048899572502249
PF-P01,PF-D0043,PF-C00223,Moderate,Clear,Clear,True,Document extraction,0.5083509841907711,0.5975131855202014,0.22323521430737325,187.74450359998298,0.004185056010603201
PF-P02,PF-D0044,PF-C00224,Simple,Insufficient,Insufficient,True,Document extraction,0.6112649531999501,0.8071546296137463,0.7963956523204134,209.09596749909076,0.0038789906243282
PF-P03,PF-D0045,PF-C00225,Moderate,Insufficient,Insufficient,True,Document extraction,0.4306428353742456,0.45888028758432553,0.31377307945905647,183.798346239538,0.005126754344611619
PF-P04,PF-D0046,PF-C00226,Moderate,Escalate,Clear,False,Document extraction,0.3909493182128752,0.5664875172596497,0.6440550429239377,198.2592916600331,0.004096950618664472
PF-P05,PF-D0047,PF-C00227,Moderate,Review,Review,True,Document extraction,0.6809861158733489,0.7199679907280353,0.5896301528339908,263.3623479716699,0.0031942180069340293
PF-P06,PF-D0048,PF-C00228,Moderate,Insufficient,Insufficient,True,Document extraction,0.6156367063210336,0.5763530000211953,0.3923461533235036,244.01030922588052,0.004472633361356052
PF-P01,PF-D0049,PF-C00229,Simple,Insufficient,Insufficient,True,Document extraction,0.6460066176925101,0.7041274483271326,0.6189843106855262,154.39895899151398,0.004642646958115939
PF-P02,PF-D0050,PF-C00230,Simple,Insufficient,Escalate,False,Document extraction,0.39526433038867165,0.5028432600496404,0.7223467155485818,233.00723115132377,0.00423111944458422
PF-P03,PF-D0051,PF-C00231,Complex,Review,Insufficient,False,Document extraction,0.48334861440370297,0.47173780533855364,0.3645486264815899,249.84011411150698,0.005077812888419214
PF-P04,PF-D0052,PF-C00232,Simple,Clear,Clear,True,Document extraction,0.8720032529328479,0.7889706958163366,0.6419487478609694,166.21280956489838,0.00413146168258269
PF-P05,PF-D0053,PF-C00233,Simple,Clear,Clear,True,Document extraction,0.7778600430415274,0.6899121164489164,0.41806823111885577,180.38706190146505,0.004591172156509252
PF-P06,PF-D0054,PF-C00234,Simple,Insufficient,Insufficient,True,Document extraction,0.8476856504888058,0.7067989560418477,0.6160483680978032,220.42572169825516,0.0028713582926057054
PF-P01,PF-D0055,PF-C00235,Simple,Insufficient,Insufficient,True,Document extraction,0.7982884192244114,0.7500127652127614,0.9228726790345434,150.5868724392149,0.0036978699886611194
PF-P02,PF-D0056,PF-C00236,Moderate,Review,Review,True,Document extraction,0.6942731420800753,0.5468893763717512,0.2202558462753974,236.34668170793333,0.0036584513223233413
PF-P03,PF-D0057,PF-C00237,Complex,Insufficient,Insufficient,True,Document extraction,0.5651438876503181,0.6197535379847922,0.4278321294933733,240.33090062635375,0.004628455797376788
PF-P04,PF-D0058,PF-C00238,Complex,Escalate,Review,False,Document extraction,0.6060889988999195,0.5364282700008207,0.41267699615414244,302.27465631739966,0.006465914954222061
PF-P05,PF-D0059,PF-C00239,Simple,Insufficient,Insufficient,True,Document extraction,0.513542885778989,0.5402846355383508,0.6638974520432791,192.80572067234147,0.004235604839255944
PF-P06,PF-D0060,PF-C00240,Moderate,Insufficient,Insufficient,True,Document extraction,0.9444803041505188,0.7934666453383274,0.9169311150060395,192.72528931422605,0.003713026819299574
PF-P01,PF-D0061,PF-C00241,Moderate,Escalate,Clear,False,Document extraction,0.629364063732808,0.6359849853654499,0.7230933491413098,268.4074269636808,0.003627453111045853
PF-P02,PF-D0062,PF-C00242,Simple,Review,Review,True,Document extraction,0.8510955076285333,0.7754391312110156,0.7352066913040292,93.22053547952875,0.003661081508297008
PF-P03,PF-D0063,PF-C00243,Simple,Review,Insufficient,False,Document extraction,0.8421163890986244,0.5782042481531299,0.4585508370679259,184.29012169576973,0.003034305128041012
PF-P04,PF-D0064,PF-C00244,Complex,Review,Review,True,Document extraction,0.7586444205354288,0.6752156001093295,0.6080677121626336,214.60486759713447,0.004191656324225048
PF-P05,PF-D0065,PF-C00245,Moderate,Review,Review,True,Document extraction,0.7112540904583632,0.7326087057970362,0.7877130633707605,258.54976402524215,0.0040600753157158075
PF-P06,PF-D0066,PF-C00246,Moderate,Review,Clear,False,Document extraction,0.7337095802344248,0.7329082212508712,0.6971399135242926,185.80158220779322,0.002869299139961639
PF-P01,PF-D0067,PF-C00247,Moderate,Review,Clear,False,Document extraction,0.5973804118276371,0.6196315928110767,0.045240411325807056,195.08438167247144,0.004228279144940605
PF-P02,PF-D0068,PF-C00248,Moderate,Insufficient,Escalate,False,Document extraction,0.6848506245648791,0.6200308692679243,0.7533445421316316,223.5326350422814,0.004614399874977855
PF-P03,PF-D0069,PF-C00249,Simple,Review,Review,True,Document extraction,0.8096031689541754,0.7606745397344262,0.6104941791089462,161.30141290614225,0.003234432462082198
PF-P04,PF-D0070,PF-C00250,Simple,Clear,Clear,True,Document extraction,0.8765658016411121,0.8068456180528288,0.7533710526886724,193.02269307564092,0.004634324826130422
PF-P05,PF-D0071,PF-C00251,Simple,Review,Review,True,Document extraction,0.8517309564076323,0.7364008097001048,0.8431263772330818,127.59843896254708,0.0044698893332925935
PF-P06,PF-D0072,PF-C00252,Moderate,Clear,Clear,True,Document extraction,0.537836144870235,0.63690392847967,0.49349153594335465,174.079099174742,0.0036130661695814984
PF-P01,PF-D0073,PF-C00253,Simple,Review,Review,True,Document extraction,0.30372556607372864,0.6596170425086304,0.48871852414995554,157.60898784738572,0.00401014398796439
PF-P02,PF-D0074,PF-C00254,Complex,Review,Review,True,Document extraction,0.7487457404189447,0.6499439847753702,0.543015407716086,258.4211666385098,0.00512312219297193
PF-P03,PF-D0075,PF-C00255,Moderate,Review,Clear,False,Document extraction,0.6920516263913337,0.6333762092485802,0.6313757415104035,242.52799830098013,0.004360938529199387
PF-P04,PF-D0076,PF-C00256,Simple,Review,Clear,False,Document extraction,0.4224535982957276,0.5778367772446563,0.4257889257457624,199.6553101051748,0.0038776531411296267
PF-P05,PF-D0077,PF-C00257,Simple,Clear,Clear,True,Document extraction,0.7444540250760335,0.7284975068631042,0.6514821973467371,142.37825202984993,0.003538354887361956
PF-P06,PF-D0078,PF-C00258,Moderate,Clear,Clear,True,Document extraction,0.9204315082435642,0.8064593202808451,0.6428059064956346,202.01471995454736,0.004065115437336815
PF-P01,PF-D0079,PF-C00259,Simple,Clear,Clear,True,Document extraction,0.721491267174671,0.7307771501313104,0.35083462844635716,168.00261310784904,0.0034234653903913617
PF-P02,PF-D0080,PF-C00260,Simple,Clear,Clear,True,Document extraction,0.914019717498835,0.8108407611781744,0.6118355923074744,194.12307770231934,0.0033970211044300094
PF-P03,PF-D0081,PF-C00261,Simple,Insufficient,Insufficient,True,Document extraction,0.7903256267451892,0.7080210408969861,0.4930862948325158,154.77473541253534,0.003874036326115757
PF-P04,PF-D0082,PF-C00262,Simple,Clear,Review,False,Document extraction,0.45179264620815873,0.5772449685439287,0.5484286613429227,262.64942350886577,0.004322297300341552
PF-P05,PF-D0083,PF-C00263,Moderate,Clear,Escalate,False,Document extraction,0.8453169522137592,0.6307392076121558,0.7709869340967048,175.3657977871495,0.0038104538589854593
PF-P06,PF-D0084,PF-C00264,Complex,Escalate,Review,False,Document extraction,0.5198194809430644,0.5101100152248306,0.2142070661174424,258.66224675936405,0.0054811379170041944
PF-P01,PF-D0085,PF-C00265,Moderate,Clear,Clear,True,Document extraction,0.31210726579014286,0.5668368814229097,0.6025952503537853,185.94231193118995,0.003654711400269786
PF-P02,PF-D0086,PF-C00266,Simple,Insufficient,Insufficient,True,Document extraction,0.8600795938247208,0.7355938981583908,0.37777166217885527,219.98956696076624,0.0036660408373462993
PF-P03,PF-D0087,PF-C00267,Simple,Review,Review,True,Document extraction,0.7580892314795072,0.7609616940113385,0.7418967958136531,154.24561835265092,0.0038087255140494916
PF-P04,PF-D0088,PF-C00268,Simple,Escalate,Escalate,True,Document extraction,0.7316732303111144,0.6844535140948758,0.8091115754791757,138.09163703622374,0.004060656249010375
PF-P05,PF-D0089,PF-C00269,Simple,Review,Review,True,Document extraction,0.9214878809199646,0.7929557978388383,0.720740287190335,183.05011299300065,0.0036587822011000326
PF-P06,PF-D0090,PF-C00270,Moderate,Insufficient,Review,False,Document extraction,0.8517778398953262,0.7798715375117832,0.8193846044679767,217.25548161083216,0.003976320121882098
PF-P01,PF-D0091,PF-C00271,Simple,Clear,Clear,True,Document extraction,0.8528094892306299,0.8480233085654125,0.8978488831458495,156.3708365328013,0.004733801748062176
PF-P02,PF-D0092,PF-C00272,Simple,Review,Review,True,Document extraction,0.9265458863640897,0.787555543901609,0.7754477646881338,136.18804894203475,0.003795695273117902
PF-P03,PF-D0093,PF-C00273,Simple,Clear,Clear,True,Document extraction,0.8473490639775244,0.7419776030602209,0.8034648819703016,193.48334624552277,0.004270555442698754
PF-P04,PF-D0094,PF-C00274,Simple,Clear,Clear,True,Document extraction,0.934957558741607,0.838922652472841,0.7303164840042403,210.42415037906488,0.0034675841425992494
PF-P05,PF-D0095,PF-C00275,Moderate,Insufficient,Review,False,Document extraction,0.7469754232736371,0.5803481892373807,0.40259354232777295,198.77813271956774,0.004088671657156444
PF-P06,PF-D0096,PF-C00276,Simple,Insufficient,Insufficient,True,Document extraction,0.8584858498921949,0.7442717081207958,0.6639535210413244,162.52028303906707,0.00392942073122727
PF-P01,PF-D0097,PF-C00277,Simple,Clear,Insufficient,False,Document extraction,0.8433549822213926,0.7164405334818406,0.8152921451534955,202.23348627780712,0.0037762474976376463
PF-P02,PF-D0098,PF-C00278,Simple,Review,Review,True,Document extraction,0.8327162951825784,0.801571326086381,0.7266355425061776,191.18837004794702,0.004519779612382939
PF-P03,PF-D0099,PF-C00279,Simple,Clear,Clear,True,Document extraction,0.6899346474480833,0.6695846744502629,0.5627713809999756,200.1163585657451,0.004049893876334536
PF-P04,PF-D0100,PF-C00280,Simple,Insufficient,Insufficient,True,Document extraction,0.784081673350203,0.5971826110272153,0.5961873300881324,187.90262751681814,0.003972308137543145
PF-P05,PF-D0101,PF-C00281,Moderate,Clear,Clear,True,Document extraction,0.8180341560995585,0.6013706812085673,0.5392520132118256,212.88498296906036,0.003971140857289699
PF-P06,PF-D0102,PF-C00282,Complex,Escalate,Clear,False,Document extraction,0.5375929400044257,0.5198496546730046,0.5037240132159394,219.23386480673986,0.004242126816980224
PF-P01,PF-D0103,PF-C00283,Simple,Review,Review,True,Document extraction,0.7144205244321801,0.7264669621752935,0.7117196693202328,220.507268202082,0.0036567571072594223
PF-P02,PF-D0104,PF-C00284,Moderate,Review,Review,True,Document extraction,0.6559904335849442,0.6378847400821946,0.6860354192747997,195.12290136816227,0.004059007464583111
PF-P03,PF-D0105,PF-C00285,Simple,Insufficient,Clear,False,Document extraction,0.8250215584889042,0.7600530888225039,0.8542283369148413,264.9070561922389,0.004994650919911833
PF-P04,PF-D0106,PF-C00286,Moderate,Insufficient,Insufficient,True,Document extraction,0.6977443668840995,0.7224148027789137,0.5851347305309138,174.8679758603977,0.004746882722259579
PF-P05,PF-D0107,PF-C00287,Simple,Insufficient,Clear,False,Document extraction,0.7807109345918267,0.7856430787903507,0.7530169845088859,134.99660634948688,0.004394949146931542
PF-P06,PF-D0108,PF-C00288,Complex,Clear,Clear,True,Document extraction,0.28702951414304584,0.4354726079193025,0.08227238064381497,262.83501793545804,0.004815813165437204
PF-P01,PF-D0109,PF-C00289,Simple,Clear,Clear,True,Document extraction,0.8548091670073489,0.7827135027053581,0.5748048607242253,134.9088828823142,0.004421108050008332
PF-P02,PF-D0110,PF-C00290,Simple,Review,Review,True,Document extraction,0.6531312026546173,0.692575079595444,0.48205203693965665,156.17786525689004,0.004301720654366928
PF-P03,PF-D0111,PF-C00291,Moderate,Review,Clear,False,Document extraction,0.3745436247913216,0.5954529580246019,0.26567686753364544,190.64110613065415,0.004935301341364381
PF-P04,PF-D0112,PF-C00292,Simple,Review,Review,True,Document extraction,0.6564126107181415,0.5998670907334962,0.3547493757685322,178.97431898465942,0.0045252098874052245
PF-P05,PF-D0113,PF-C00293,Simple,Clear,Clear,True,Document extraction,0.903180933849819,0.8421419977298671,0.6309418045326295,215.90971475481336,0.0043587420967686336
PF-P06,PF-D0114,PF-C00294,Simple,Clear,Clear,True,Document extraction,0.8576657328615923,0.7828776734753844,0.4559731268962733,201.13672005921825,0.00355643627653287
PF-P01,PF-D0115,PF-C00295,Simple,Review,Review,True,Document extraction,0.8623702659394213,0.7185837942306272,0.7863416191264563,186.95899777641617,0.0035453858367023063
PF-P02,PF-D0116,PF-C00296,Complex,Review,Insufficient,False,Document extraction,0.49628726115366123,0.4591768755570067,0.3180529625961451,240.3570964032733,0.00526317608238657
PF-P03,PF-D0117,PF-C00297,Moderate,Insufficient,Clear,False,Document extraction,0.42668649176174545,0.637893655997553,0.5571993608347122,211.77389630330683,0.004430762999949456
PF-P04,PF-D0118,PF-C00298,Moderate,Insufficient,Clear,False,Document extraction,0.6932382498929668,0.5439734115854944,0.20620630102347715,231.33415588714985,0.00437204107910061
PF-P05,PF-D0119,PF-C00299,Simple,Review,Review,True,Document extraction,0.9189357907782368,0.7794735440103606,0.5658432296057372,150.05419994320806,0.0037876024320359475
PF-P06,PF-D0120,PF-C00300,Simple,Escalate,Escalate,True,Document extraction,0.7501078630118151,0.7145986099436292,0.6865158940845785,204.28857683030128,0.0040054576837935205
PF-P01,PF-D0121,PF-C00301,Moderate,Insufficient,Clear,False,Document extraction,0.19496175066055568,0.4289164586667651,0.3850218100325402,193.5682162803691,0.005324190228911018
PF-P02,PF-D0122,PF-C00302,Simple,Review,Review,True,Document extraction,0.8805175062710756,0.7324144754930118,0.8541462328455857,186.86151537745022,0.004491609897151417
PF-P03,PF-D0123,PF-C00303,Simple,Escalate,Escalate,True,Document extraction,0.6569777855558866,0.6130438958435246,0.48558412152721225,228.836168324815,0.004188169634128858
PF-P04,PF-D0124,PF-C00304,Moderate,Clear,Clear,True,Document extraction,0.6320920324578768,0.6313879961855564,0.30006438395416085,224.56743730918495,0.004663002069081832
PF-P05,PF-D0125,PF-C00305,Simple,Review,Review,True,Document extraction,0.670215616800352,0.6290411471570693,0.5810566147352307,132.39507170330143,0.004032003530462693
PF-P06,PF-D0126,PF-C00306,Complex,Clear,Review,False,Document extraction,0.454355685690454,0.5813121040156647,0.30680517185614953,241.08497963284904,0.006139012116905059
PF-P01,PF-D0127,PF-C00307,Simple,Clear,Clear,True,Document extraction,0.68506054213907,0.6725696944992807,0.4854497704105136,161.95874883637197,0.0037039533837040814
PF-P02,PF-D0128,PF-C00308,Moderate,Escalate,Clear,False,Document extraction,0.8146316547005359,0.7151888603080878,0.3050135134230657,192.18257166470138,0.0037169585242321805
PF-P03,PF-D0129,PF-C00309,Moderate,Insufficient,Review,False,Document extraction,0.744560256411573,0.6238485462119302,0.5472899962020544,196.94008627882673,0.003779408736691516
PF-P04,PF-D0130,PF-C00310,Simple,Clear,Review,False,Document extraction,0.7994948764165526,0.6536984163819527,0.47956222088661554,194.10140705459813,0.003782868915569335
PF-P05,PF-D0131,PF-C00311,Complex,Review,Insufficient,False,Document extraction,0.39803539008795474,0.5251582004041391,0.39190721276916357,275.64836972293085,0.004857119529687393
PF-P06,PF-D0132,PF-C00312,Simple,Clear,Clear,True,Document extraction,0.7865256848399443,0.7249783064675698,0.5744650287506186,159.71487169618075,0.004282924740407087
PF-P01,PF-D0133,PF-C00313,Complex,Insufficient,Insufficient,True,Document extraction,0.640663820820029,0.6669724516137183,0.44393763098251326,229.84756146275555,0.005611505703701944
PF-P02,PF-D0134,PF-C00314,Moderate,Review,Review,True,Document extraction,0.5192159571638338,0.7341052539204181,0.591627201041712,199.86374795017156,0.005431207168521288
PF-P03,PF-D0135,PF-C00315,Simple,Review,Clear,False,Document extraction,0.6557554500325113,0.7275342841062793,0.5445194010801064,173.979265514324,0.003431193150368661
PF-P04,PF-D0136,PF-C00316,Simple,Clear,Review,False,Document extraction,0.8481830271462336,0.7037279028082685,0.6651448447641757,182.52352440072522,0.004074857300598348
PF-P05,PF-D0137,PF-C00317,Simple,Review,Insufficient,False,Document extraction,0.8736087470849193,0.7394824967127733,0.6414587046371278,152.14472924158477,0.003690235857408606
PF-P06,PF-D0138,PF-C00318,Moderate,Clear,Clear,True,Document extraction,0.7627655102921959,0.6901102401605401,0.45294175579096574,215.33824306482956,0.0034737022748238546
PF-P01,PF-D0139,PF-C00319,Simple,Insufficient,Insufficient,True,Document extraction,0.8278726411405023,0.7258325197806144,0.47497739847891124,183.83674838607072,0.0035757474516648706
PF-P02,PF-D0140,PF-C00320,Moderate,Clear,Clear,True,Document extraction,0.9031191965433083,0.7199376323651415,0.6260795630754888,217.17008928464176,0.003492801609495198
PF-P03,PF-D0141,PF-C00321,Simple,Insufficient,Escalate,False,Document extraction,0.24406279054337454,0.4239003087019096,0.6039335383918358,268.905863931889,0.004730764238697654
PF-P04,PF-D0142,PF-C00322,Complex,Insufficient,Clear,False,Document extraction,0.364238321308188,0.4943312565422719,0.3809623664122352,225.63740998823238,0.004814548993836556
PF-P05,PF-D0143,PF-C00323,Simple,Clear,Clear,True,Document extraction,0.9227296685123323,0.7620949934512441,0.6035938725130304,192.808381847899,0.003056549132652366
PF-P06,PF-D0144,PF-C00324,Moderate,Clear,Clear,True,Document extraction,0.7393269148828998,0.6688800945886032,0.5177045612302315,143.41834468446402,0.0035478758470101155
PF-P01,PF-D0145,PF-C00325,Moderate,Review,Insufficient,False,Document extraction,0.49289900352863425,0.5485137384348309,0.9068542712960579,195.51951263805324,0.0037827562052308718
PF-P02,PF-D0146,PF-C00326,Moderate,Clear,Insufficient,False,Document extraction,0.6556999110280334,0.6807449839414236,0.6375646851067095,194.02667023310315,0.003770714414212137
PF-P03,PF-D0147,PF-C00327,Complex,Review,Review,True,Document extraction,0.21611355303705224,0.41605269888229934,0.36420397197930354,266.58858605687203,0.0048207148378224185
PF-P04,PF-D0148,PF-C00328,Simple,Clear,Clear,True,Document extraction,0.8708945680620696,0.7693486916258332,0.5837173022226134,239.45341305995146,0.003931300465872238
PF-P05,PF-D0149,PF-C00329,Moderate,Escalate,Clear,False,Document extraction,0.3591889843434563,0.4971873437720165,0.11183288560931345,211.34560868054982,0.0036354543778195233
PF-P06,PF-D0150,PF-C00330,Simple,Insufficient,Insufficient,True,Document extraction,0.6791651847126128,0.626064038101503,0.49696978795331537,209.90999285470224,0.003863615283386225
PF-P01,PF-D0151,PF-C00331,Simple,Insufficient,Clear,False,Document extraction,0.6930691163333117,0.7376685537446785,0.7636361721385311,248.07566057394635,0.0037292315080600332
PF-P02,PF-D0152,PF-C00332,Simple,Clear,Clear,True,Document extraction,0.9275205645622392,0.8345373730304262,0.6341768644162704,169.53160433309526,0.0036139510886407994
PF-P03,PF-D0153,PF-C00333,Simple,Review,Review,True,Document extraction,0.8541056716841646,0.7484794348607491,0.8789507573672727,220.34905712181924,0.003943670932364568
PF-P04,PF-D0154,PF-C00334,Simple,Escalate,Review,False,Document extraction,0.7547601248891402,0.6678240451801358,0.8191073253019602,169.44285807523175,0.003624357536032853
PF-P05,PF-D0155,PF-C00335,Simple,Insufficient,Clear,False,Document extraction,0.8417966406411521,0.7519250921308795,0.5548973749293471,216.07181584089153,0.004068414014148188
PF-P06,PF-D0156,PF-C00336,Moderate,Review,Review,True,Document extraction,0.5812441376438537,0.631560875362528,0.3588343873751229,189.92381429515643,0.004453268105660998
PF-P01,PF-D0157,PF-C00337,Simple,Clear,Clear,True,Document extraction,0.5769198583326867,0.61491401144343,0.5320306954238603,177.6525187530911,0.003466806192597851
PF-P02,PF-D0158,PF-C00338,Simple,Review,Review,True,Document extraction,0.9598224979367915,0.7857065142570119,0.672241515752916,130.0992969356427,0.004240905165398983
PF-P03,PF-D0159,PF-C00339,Moderate,Clear,Clear,True,Document extraction,0.6686620436857176,0.645893775666191,0.19069869638399922,238.37972713653065,0.0037177674749998574
PF-P04,PF-D0160,PF-C00340,Simple,Insufficient,Review,False,Document extraction,0.792831297951864,0.6168299742500764,0.6407621192674772,189.2133806604993,0.0033557682540785276
PF-P05,PF-D0161,PF-C00341,Simple,Insufficient,Insufficient,True,Document extraction,0.750201163289627,0.6994746140499567,0.5269881224166865,160.83232959712421,0.003707242306185394
PF-P06,PF-D0162,PF-C00342,Simple,Escalate,Insufficient,False,Document extraction,0.5878759589088554,0.5525065031475486,0.4810143902717632,173.4462237613849,0.0033331675125618473
PF-P01,PF-D0163,PF-C00343,Simple,Escalate,Review,False,Document extraction,0.805212258387529,0.6854614106689252,0.502945919763406,205.27002195320435,0.0038218448070319695
PF-P02,PF-D0164,PF-C00344,Simple,Clear,Clear,True,Document extraction,0.9547301226306883,0.8572063519339344,0.966099797852819,225.0714037750746,0.003963344913261568
PF-P03,PF-D0165,PF-C00345,Moderate,Review,Review,True,Document extraction,0.7079631950573656,0.7757468999581625,0.565247608162158,217.0782986331686,0.0029518057002976797
PF-P04,PF-D0166,PF-C00346,Simple,Clear,Clear,True,Document extraction,0.8654182437874084,0.7337348427147904,0.5354633440972829,147.18520491919418,0.003880712762105722
PF-P05,PF-D0167,PF-C00347,Moderate,Review,Escalate,False,Document extraction,0.47103984538085536,0.56265762183505,0.0362488506776856,177.68816125727244,0.003790521177588884
PF-P06,PF-D0168,PF-C00348,Simple,Clear,Review,False,Document extraction,0.6980230667865096,0.7501168350231799,0.5375403324114741,189.00282085403225,0.0038558809309068376
PF-P01,PF-D0169,PF-C00349,Simple,Escalate,Review,False,Document extraction,0.6899610496667244,0.7533833363375594,0.6421045894536835,175.62514352167136,0.0042646928946452395
PF-P02,PF-D0170,PF-C00350,Moderate,Insufficient,Insufficient,True,Document extraction,0.2562152132715605,0.3639806682328023,0.22036693208305885,212.37820902218493,0.0050576100856152585
PF-P03,PF-D0171,PF-C00351,Moderate,Review,Review,True,Document extraction,0.43125210283209686,0.4083647089212139,0.25877797639725236,236.89667491566968,0.004456829552848139
PF-P04,PF-D0172,PF-C00352,Moderate,Insufficient,Insufficient,True,Document extraction,0.7015000280665517,0.6003638738529026,0.4063567247478108,249.04681736812134,0.0036560856022366008
PF-P05,PF-D0173,PF-C00353,Simple,Review,Review,True,Document extraction,0.8042239243666569,0.8143148452219283,0.9269647458309597,198.91440153297137,0.0034377179525476535
PF-P06,PF-D0174,PF-C00354,Simple,Review,Review,True,Document extraction,0.8366058606130221,0.7546623985603071,0.500233478424511,155.19981987356041,0.003957856291590998
PF-P01,PF-D0175,PF-C00355,Simple,Review,Review,True,Document extraction,0.6267447120854633,0.6770163124972596,0.7697167736733183,169.44150095042863,0.0050351665109773505
PF-P02,PF-D0176,PF-C00356,Moderate,Clear,Clear,True,Document extraction,0.6679869051705847,0.6445291332370291,0.5994325886791415,192.5999269741303,0.0038996846006196816
PF-P03,PF-D0177,PF-C00357,Simple,Clear,Clear,True,Document extraction,0.7781272895649072,0.7837686535793388,0.6724251741259286,171.12327653177084,0.0045139476168030235
PF-P04,PF-D0178,PF-C00358,Simple,Clear,Clear,True,Document extraction,0.73863478023585,0.7074487718000282,0.5185100327410097,151.1342028426574,0.004389477251007537
PF-P05,PF-D0179,PF-C00359,Moderate,Clear,Clear,True,Document extraction,0.7920737840214127,0.6269644814499663,0.5070544467626537,196.27472826470836,0.0038306889569325736
PF-P06,PF-D0180,PF-C00360,Complex,Clear,Clear,True,Document extraction,0.5567954894050139,0.5036503010387432,0.380835278129995,307.09592937463714,0.00496429156638046
PF-P01,PF-D0001,PF-C00361,Moderate,Insufficient,Review,False,Document extraction,0.7732641372488969,0.6948435512341297,0.6698168211335739,213.5678102899004,0.0042862816812587355
PF-P02,PF-D0002,PF-C00362,Complex,Review,Clear,False,Document extraction,0.2930220416513402,0.46060851073993675,0.3319717992154342,282.28539979470656,0.004585634621087669
PF-P03,PF-D0003,PF-C00363,Simple,Review,Clear,False,Document extraction,0.845463753450234,0.7523172943261224,0.46000521376469095,214.59075337947488,0.003412145401505232
PF-P04,PF-D0004,PF-C00364,Simple,Clear,Insufficient,False,Document extraction,0.5255651321822286,0.49452333441314694,0.3615382929638571,177.18295257585342,0.003915872356166042
PF-P05,PF-D0005,PF-C00365,Simple,Review,Clear,False,Document extraction,0.9173904737109404,0.8189476646222075,0.6642905976134894,190.67811075531378,0.0037308919183516517
PF-P06,PF-D0006,PF-C00366,Simple,Review,Review,True,Document extraction,0.8146067031098488,0.8111322818436831,0.7390752442300724,196.73816953954056,0.0040574012939786795
PF-P01,PF-D0007,PF-C00367,Simple,Clear,Clear,True,Document extraction,0.7757999790531834,0.783606728455917,0.5718025720624441,147.1805421142097,0.0039003570771263237
PF-P02,PF-D0008,PF-C00368,Simple,Review,Insufficient,False,Document extraction,0.8590817126244426,0.7725786966229723,0.8531212844662052,207.34919058964533,0.004693937291830376
PF-P03,PF-D0009,PF-C00369,Simple,Review,Review,True,Document extraction,0.5661733351756912,0.5838555550770942,0.33695870926111776,148.7014746629468,0.004521116174872459
PF-P04,PF-D0010,PF-C00370,Moderate,Clear,Clear,True,Document extraction,0.6570142541491955,0.6569144724312675,0.7317314651483132,209.82881430863057,0.003382325541037187
PF-P05,PF-D0011,PF-C00371,Simple,Clear,Clear,True,Document extraction,0.8773605115803824,0.7944740489949244,0.6890779989798911,176.50264807385918,0.003729831419247577
PF-P06,PF-D0012,PF-C00372,Simple,Clear,Clear,True,Document extraction,0.68882300779721,0.7831938536778703,0.47455541990831085,191.73685307492198,0.004692218022227361
PF-P01,PF-D0013,PF-C00373,Moderate,Escalate,Escalate,True,Document extraction,0.4219057667208404,0.5199845725559099,0.2472725750373759,213.77769830366898,0.0038211543133639804
PF-P02,PF-D0014,PF-C00374,Simple,Review,Review,True,Document extraction,0.6986364492607536,0.7512491585303221,0.7186517775493602,226.3238757443351,0.003581602410607506
PF-P03,PF-D0015,PF-C00375,Simple,Review,Review,True,Document extraction,0.7810175963901604,0.6438722125474119,0.5674195601796745,153.79962843821676,0.004818192672989023
PF-P04,PF-D0016,PF-C00376,Simple,Review,Review,True,Document extraction,0.7836318988344575,0.8114586049992358,0.7265142823312652,145.6126743327297,0.0038335718115510807
PF-P05,PF-D0017,PF-C00377,Moderate,Review,Review,True,Document extraction,0.597863908391299,0.5489496363536178,0.5429238429647885,208.66120465598766,0.004142542948945982
PF-P06,PF-D0018,PF-C00378,Simple,Clear,Clear,True,Document extraction,0.9232358509774065,0.8328593772104754,0.5631003499772702,115.85505307001337,0.003968252559906272
PF-P01,PF-D0019,PF-C00379,Moderate,Insufficient,Insufficient,True,Document extraction,0.6497609878042601,0.688127139147304,0.8443079343933823,252.50460502643907,0.0043488499262787
PF-P02,PF-D0020,PF-C00380,Moderate,Clear,Clear,True,Document extraction,0.6279989672372676,0.4992005347063548,0.40611828561411767,201.6618422738734,0.003318142039332445
PF-P03,PF-D0021,PF-C00381,Simple,Clear,Clear,True,Document extraction,0.7208861935445025,0.5890734551801523,0.17129804151138817,157.41438563866356,0.0035489501897022022
PF-P04,PF-D0022,PF-C00382,Moderate,Clear,Clear,True,Document extraction,0.9122509440309521,0.7770594828788192,0.5777502882628949,206.21581731820413,0.0040221345582952504
PF-P05,PF-D0023,PF-C00383,Moderate,Review,Insufficient,False,Document extraction,0.3740977561428837,0.5237327364857719,0.5174027523324443,173.75803927754083,0.003074522341383094
PF-P06,PF-D0024,PF-C00384,Simple,Clear,Clear,True,Document extraction,0.8479247438224088,0.7580608895505762,0.7195597895035061,205.42490353993009,0.004205830470347397
PF-P01,PF-D0025,PF-C00385,Moderate,Clear,Clear,True,Document extraction,0.8813907830985392,0.6478939501891104,0.7086048465590341,201.39441641440683,0.0039013487178878197
PF-P02,PF-D0026,PF-C00386,Simple,Insufficient,Review,False,Document extraction,0.8021767539611625,0.7264486053219643,0.5466099024047947,228.2374680428287,0.0041016594686844095
PF-P03,PF-D0027,PF-C00387,Simple,Clear,Insufficient,False,Document extraction,0.8327308363044852,0.6566832156579321,0.652839394710061,179.0748959738659,0.003828474058629774
PF-P04,PF-D0028,PF-C00388,Simple,Clear,Insufficient,False,Document extraction,0.4620995391533347,0.5278850084700034,0.4780747320025489,191.57036220466094,0.0038081675108223587
PF-P05,PF-D0029,PF-C00389,Simple,Insufficient,Insufficient,True,Document extraction,0.7781605925179237,0.6255199265735261,0.5369392990215065,212.61282419438243,0.004055912409216475
PF-P06,PF-D0030,PF-C00390,Simple,Clear,Clear,True,Document extraction,0.8810226032331766,0.8713388849560667,0.8193131058100082,214.64282240652034,0.0040984638893139325
PF-P01,PF-D0031,PF-C00391,Moderate,Clear,Clear,True,Document extraction,0.879403493852009,0.8377647098897015,0.49577532860461204,160.45675368665235,0.003661654265404635
PF-P02,PF-D0032,PF-C00392,Complex,Clear,Clear,True,Document extraction,0.41177893243678043,0.4875748448271809,0.2154235420197568,275.71179803414054,0.004461590405237661
PF-P03,PF-D0033,PF-C00393,Simple,Clear,Clear,True,Document extraction,0.7716830285460385,0.5223200656730799,0.19931713893456307,213.72726146736358,0.004074881422879081
PF-P04,PF-D0034,PF-C00394,Moderate,Insufficient,Clear,False,Document extraction,0.598835056769036,0.6928548110993062,0.6241028596127063,208.8256995138866,0.0034637891913530576
PF-P05,PF-D0035,PF-C00395,Simple,Clear,Clear,True,Document extraction,0.7219650099905337,0.7191168052261386,0.6392870577077658,178.9489533622594,0.004026258585054606
PF-P06,PF-D0036,PF-C00396,Moderate,Escalate,Escalate,True,Document extraction,0.8798573543022029,0.6745738904511757,0.7322278916716729,167.101545933927,0.004084865231090769
PF-P01,PF-D0037,PF-C00397,Simple,Review,Review,True,Document extraction,0.8947382340565798,0.7891768769265577,0.621295521344809,192.785916151941,0.004046740883467366
PF-P02,PF-D0038,PF-C00398,Simple,Review,Clear,False,Document extraction,0.8568728064514204,0.7886516807082776,0.6525678323090758,156.56865723749985,0.0047608379713036065
PF-P03,PF-D0039,PF-C00399,Simple,Clear,Clear,True,Document extraction,0.7494367201448291,0.7221571761778913,0.5641905444297212,139.6557894890917,0.002914152177052146
PF-P04,PF-D0040,PF-C00400,Moderate,Clear,Review,False,Document extraction,0.5111557005484628,0.6962626202324007,0.3038811613064017,173.87150539650472,0.004244927657828795
PF-P05,PF-D0041,PF-C00401,Moderate,Insufficient,Insufficient,True,Document extraction,0.7940426749954957,0.755206163647109,0.5840550479568325,205.99199519153245,0.003915905605875171
PF-P06,PF-D0042,PF-C00402,Complex,Insufficient,Clear,False,Document extraction,0.5350483711184023,0.4765074064222209,0.5358780944047177,181.57656416225143,0.004853291371336469
PF-P01,PF-D0043,PF-C00403,Simple,Review,Review,True,Document extraction,0.9551853885243755,0.8993181434535229,0.9050976465743196,186.5305178221945,0.0037491617337055607
PF-P02,PF-D0044,PF-C00404,Moderate,Review,Review,True,Document extraction,0.79195922821349,0.6594552377975545,0.6934879265758299,180.47190592182548,0.0032817602041790186
PF-P03,PF-D0045,PF-C00405,Moderate,Review,Review,True,Document extraction,0.5393473712470701,0.5963994001659192,0.3038508906424637,190.62954254696012,0.0038121923841503745
PF-P04,PF-D0046,PF-C00406,Complex,Clear,Clear,True,Document extraction,0.66020272275825,0.6651581117349131,0.3219727732820334,262.68363387475654,0.004403845884423999
PF-P05,PF-D0047,PF-C00407,Simple,Clear,Clear,True,Document extraction,0.8710234050592215,0.8365714562328416,0.9803278540899445,176.20626911703363,0.0032023160480327043
PF-P06,PF-D0048,PF-C00408,Simple,Insufficient,Insufficient,True,Document extraction,0.6890297701381897,0.7783731391571254,0.8747245650822574,186.07163490393364,0.0041938371664437665
PF-P01,PF-D0049,PF-C00409,Simple,Insufficient,Insufficient,True,Document extraction,0.654933860140006,0.522550136886337,0.45564465027823325,189.32882121932965,0.004141787056763936
PF-P02,PF-D0050,PF-C00410,Moderate,Review,Review,True,Document extraction,0.8918556377061179,0.6898463671028919,0.2684008069760008,220.81963446515132,0.0045020485368819085
PF-P03,PF-D0051,PF-C00411,Simple,Escalate,Escalate,True,Document extraction,0.8118059502283886,0.7840646166128084,0.672423442760018,128.31246558354803,0.004062981022803571
PF-P04,PF-D0052,PF-C00412,Complex,Review,Clear,False,Document extraction,0.3315839161884781,0.4862621444647755,0.39058600138648386,197.80860351111608,0.0050037251365834265
PF-P05,PF-D0053,PF-C00413,Complex,Clear,Clear,True,Document extraction,0.6009240556504821,0.5207290603397062,0.7083626378329262,232.25124241928654,0.004981621450904037
PF-P06,PF-D0054,PF-C00414,Simple,Clear,Clear,True,Document extraction,0.7148234418945485,0.7780837141935583,0.8149001216011662,185.69311190532525,0.003928455997374149
PF-P01,PF-D0055,PF-C00415,Simple,Insufficient,Insufficient,True,Document extraction,0.8698582920506343,0.6347300622896611,0.6141596725469666,176.67647360192902,0.003899920570764995
PF-P02,PF-D0056,PF-C00416,Complex,Clear,Clear,True,Document extraction,0.6945044074403374,0.6186135840911939,0.4508942159742795,250.38625289968817,0.004799572847242799
PF-P03,PF-D0057,PF-C00417,Complex,Insufficient,Review,False,Document extraction,0.6553747505515863,0.6152742449856252,0.4217447877281701,181.91467302162363,0.0053248118789469565
PF-P04,PF-D0058,PF-C00418,Moderate,Clear,Review,False,Document extraction,0.7164131008980816,0.6431461980426935,0.5295868342805119,162.3165451611904,0.004133852728868274
PF-P05,PF-D0059,PF-C00419,Simple,Clear,Clear,True,Document extraction,0.8438354764902706,0.8366589780635624,0.7200162239018899,188.1091802267564,0.0035231553652917097
PF-P06,PF-D0060,PF-C00420,Moderate,Clear,Clear,True,Document extraction,0.7245885840037708,0.7432921645425222,0.5726782294614443,240.57994117047755,0.004415922553301237
PF-P01,PF-D0061,PF-C00421,Moderate,Clear,Insufficient,False,Document extraction,0.6924988777177989,0.6299207292942657,0.4206969938960217,237.7039563318005,0.0038004534238777797
PF-P02,PF-D0062,PF-C00422,Simple,Review,Review,True,Document extraction,0.8852565849541633,0.8209947427536544,0.7149522970637455,227.67361253750488,0.002969326135393858
PF-P03,PF-D0063,PF-C00423,Moderate,Insufficient,Insufficient,True,Document extraction,0.5649363308125541,0.5711045627638649,0.4895788554255764,179.3992142224192,0.0038421529338912236
PF-P04,PF-D0064,PF-C00424,Moderate,Clear,Clear,True,Document extraction,0.8913220047424213,0.7909384109204964,0.5513685697557409,215.13944519812273,0.0035219713157728805
PF-P05,PF-D0065,PF-C00425,Moderate,Clear,Clear,True,Document extraction,0.5039752074919059,0.5736054691188233,0.3209788076760815,216.35688053733801,0.004378878550130316
PF-P06,PF-D0066,PF-C00426,Simple,Escalate,Clear,False,Document extraction,0.8792988452696647,0.8243524729295445,0.5733284680349822,234.87626347611484,0.003702618950327558
PF-P01,PF-D0067,PF-C00427,Complex,Insufficient,Review,False,Document extraction,0.32371264807316524,0.4409737354263424,0.3182533379773125,190.5616166427008,0.0050283416017143185
PF-P02,PF-D0068,PF-C00428,Simple,Insufficient,Clear,False,Document extraction,0.8282357787677813,0.73246609087496,0.42581659378256265,170.04381234124452,0.0043911956395420535
PF-P03,PF-D0069,PF-C00429,Complex,Insufficient,Insufficient,True,Document extraction,0.42418934992373897,0.3171228937400711,0.42086123035322803,286.2508376569491,0.005120317200765626
PF-P04,PF-D0070,PF-C00430,Complex,Review,Insufficient,False,Document extraction,0.6832328247226217,0.4563884979469964,0.2058317096316981,272.2049071041705,0.005425037962800525
PF-P05,PF-D0071,PF-C00431,Moderate,Review,Review,True,Document extraction,0.5086989081957495,0.6160822907452144,0.14902234046073726,182.17886299832168,0.0038979927594075445
PF-P06,PF-D0072,PF-C00432,Moderate,Clear,Clear,True,Document extraction,0.6666171885021952,0.7091546302379699,0.4502943127342565,233.83006046560268,0.003922279357671208
PF-P01,PF-D0073,PF-C00433,Simple,Insufficient,Insufficient,True,Document extraction,0.6481967461239058,0.7398035283402413,0.53806565888558,199.1524642768941,0.004896319169891028
PF-P02,PF-D0074,PF-C00434,Simple,Escalate,Clear,False,Document extraction,0.9683117154745419,0.856662865495137,0.7053185179563118,182.1935181431323,0.004425727665638315
PF-P03,PF-D0075,PF-C00435,Moderate,Review,Insufficient,False,Document extraction,0.8965934927256342,0.7303519163845736,0.8977714642888697,210.42747741789594,0.004352825381063778
PF-P04,PF-D0076,PF-C00436,Complex,Clear,Escalate,False,Document extraction,0.19339891184301328,0.4006449594659958,0.32841743848544164,217.037852580571,0.005527174675902534
PF-P05,PF-D0077,PF-C00437,Simple,Review,Review,True,Document extraction,0.6794305723925166,0.7209980621428564,0.3894985773094674,149.05806605052155,0.004429704718359853
PF-P06,PF-D0078,PF-C00438,Simple,Clear,Clear,True,Document extraction,0.6872282555372031,0.7941854964324326,0.669663292798306,102.28054570874001,0.0038601626964982066
PF-P01,PF-D0079,PF-C00439,Simple,Insufficient,Insufficient,True,Document extraction,0.7982635948460449,0.7271441402774556,0.6773125678917519,180.737040156627,0.00374608908258175
PF-P02,PF-D0080,PF-C00440,Simple,Clear,Clear,True,Document extraction,0.9020659422626497,0.8340355630573818,0.5445291712975947,186.09304404909895,0.0035987260619566126
PF-P03,PF-D0081,PF-C00441,Simple,Review,Review,True,Document extraction,0.8251620287378502,0.7453781345649715,0.712982301122993,181.05195019096203,0.003737593311958503
PF-P04,PF-D0082,PF-C00442,Simple,Clear,Clear,True,Document extraction,0.8062888552903272,0.8243412285869045,0.5566940826859919,225.77454106886475,0.0031860998797734767
PF-P05,PF-D0083,PF-C00443,Moderate,Review,Clear,False,Document extraction,0.4495314953517856,0.5651869936314389,0.3357574229074187,202.5834624058693,0.003241971154708349
PF-P06,PF-D0084,PF-C00444,Moderate,Clear,Clear,True,Document extraction,0.893566574154669,0.8001777369797863,0.5640016221100937,212.70238768252952,0.003698682822362122
PF-P01,PF-D0085,PF-C00445,Complex,Review,Clear,False,Document extraction,0.6566784864146082,0.4708243490600231,0.3738908556178064,255.94135116175522,0.004937739109739969
PF-P02,PF-D0086,PF-C00446,Moderate,Review,Review,True,Document extraction,0.9308937277519087,0.7338539702236903,0.573694225024465,244.59754610011913,0.0039450145816537045
PF-P03,PF-D0087,PF-C00447,Simple,Escalate,Escalate,True,Document extraction,0.907738964672792,0.7195494046541908,0.46175719351564115,173.6516076529487,0.003468828930133604
PF-P04,PF-D0088,PF-C00448,Complex,Clear,Escalate,False,Document extraction,0.8065379133970112,0.5762494356514036,0.5363665588261893,237.3676470134262,0.005296022203744323
PF-P05,PF-D0089,PF-C00449,Simple,Insufficient,Insufficient,True,Document extraction,0.609213989295317,0.5679839025246858,0.5500962119377983,179.32959589198558,0.003946633868298042
PF-P06,PF-D0090,PF-C00450,Simple,Insufficient,Clear,False,Document extraction,0.7469345237650691,0.6782395316354928,0.6358361526879764,176.13119535089623,0.0040524694058806715
PF-P01,PF-D0091,PF-C00451,Complex,Escalate,Clear,False,Document extraction,0.5639551132465791,0.5683815581206204,0.36004044352079634,285.54349204086753,0.004368979208436446
PF-P02,PF-D0092,PF-C00452,Simple,Review,Review,True,Document extraction,0.8419018235673517,0.7938404845059948,0.5130317697755643,204.70252929935472,0.004081642339147152
PF-P03,PF-D0093,PF-C00453,Simple,Clear,Clear,True,Document extraction,0.7507808136741126,0.7455955073743253,0.5178598660297101,219.93800276800084,0.0034326314090828815
PF-P04,PF-D0094,PF-C00454,Simple,Clear,Clear,True,Document extraction,0.8570465183312744,0.7594147776883792,0.5467902393042944,196.07872714068762,0.0042449663085681495
PF-P05,PF-D0095,PF-C00455,Simple,Clear,Clear,True,Document extraction,0.7032099328337795,0.706600282757079,0.7661873827562102,258.4893450337397,0.0035395371070893323
PF-P06,PF-D0096,PF-C00456,Simple,Clear,Clear,True,Document extraction,0.582948942921403,0.6335605845680803,0.6290439106349353,238.13715772404268,0.0037875018874443437
PF-P01,PF-D0097,PF-C00457,Moderate,Clear,Clear,True,Document extraction,0.755355087224088,0.7853397679013602,0.5748684567413307,212.34152231028966,0.004159414620245152
PF-P02,PF-D0098,PF-C00458,Simple,Insufficient,Review,False,Document extraction,0.8315122422522839,0.7228200978903929,0.6702598986935436,212.66886589549713,0.004067783444920073
PF-P03,PF-D0099,PF-C00459,Complex,Review,Insufficient,False,Document extraction,0.38981404069769704,0.38671782173846553,0.31680782746507574,272.9648740716858,0.004789986293543293
PF-P04,PF-D0100,PF-C00460,Moderate,Insufficient,Insufficient,True,Document extraction,0.5466076422932388,0.5624075949468036,0.3208293414629848,188.55454213934385,0.004374958670446018
PF-P05,PF-D0101,PF-C00461,Simple,Review,Insufficient,False,Document extraction,0.5914120948414617,0.5832582211824842,0.61580503030484,131.9006296341435,0.0043073360501047035
PF-P06,PF-D0102,PF-C00462,Simple,Clear,Clear,True,Document extraction,0.8186719142116194,0.7947525234076572,0.5662640041647822,216.51037535088167,0.004387751454745583
PF-P01,PF-D0103,PF-C00463,Complex,Review,Review,True,Document extraction,0.7342500624251213,0.5635901388683995,0.4474993790743583,231.10758387496685,0.004647342064482338
PF-P02,PF-D0104,PF-C00464,Simple,Clear,Clear,True,Document extraction,0.8650324314771461,0.7776006946090606,0.23079796590109208,208.67826081503105,0.004077586957972063
PF-P03,PF-D0105,PF-C00465,Simple,Clear,Clear,True,Document extraction,0.9675662106528131,0.8647022402847969,0.6279906240069423,179.959215430916,0.003935004500447674
PF-P04,PF-D0106,PF-C00466,Simple,Clear,Clear,True,Document extraction,0.5716434912180516,0.6904687665516995,0.46577567185833074,139.8661459783333,0.0043094550221855306
PF-P05,PF-D0107,PF-C00467,Complex,Insufficient,Review,False,Document extraction,0.5182721054309165,0.5589044710259266,0.5410811609602229,223.5587760342423,0.005754109481285266
PF-P06,PF-D0108,PF-C00468,Simple,Clear,Clear,True,Document extraction,0.654103011488827,0.6626529066035044,0.635675765065476,217.7948930120569,0.003349986077631164
PF-P01,PF-D0109,PF-C00469,Moderate,Clear,Clear,True,Document extraction,0.7111248404218263,0.6759592469668333,0.3750331851016988,219.81277176648135,0.004582913203154864
PF-P02,PF-D0110,PF-C00470,Moderate,Clear,Clear,True,Document extraction,0.7996212239251707,0.6044855996686314,0.2849048955606018,160.84062020022762,0.0032901199905393925
PF-P03,PF-D0111,PF-C00471,Simple,Review,Review,True,Document extraction,0.7852003431801892,0.6523211241496181,0.3769260020512653,108.74303870256895,0.0037218664884635156
PF-P04,PF-D0112,PF-C00472,Simple,Review,Review,True,Document extraction,0.6312173156390003,0.5269111031874509,0.3675631136101455,240.65547010456444,0.004445992830129396
PF-P05,PF-D0113,PF-C00473,Simple,Clear,Clear,True,Document extraction,0.8152620264778488,0.7245967296341549,0.6938026324788663,129.55158987306987,0.0038081956314516305
PF-P06,PF-D0114,PF-C00474,Simple,Clear,Clear,True,Document extraction,0.8401534692097251,0.6826552988882971,0.6714090514785562,158.28305622864872,0.003149267651014048
PF-P01,PF-D0115,PF-C00475,Simple,Insufficient,Clear,False,Document extraction,0.8790696374399256,0.7473243002901178,0.42298209228147615,195.01058597822305,0.0036988064907295206
PF-P02,PF-D0116,PF-C00476,Simple,Review,Review,True,Document extraction,0.8754387867786618,0.6606377714888935,0.5206129346007563,91.65541039087576,0.004032940223094063
PF-P03,PF-D0117,PF-C00477,Complex,Review,Review,True,Document extraction,0.7421926523977559,0.5996964230548535,0.5594000204148653,247.3577392011634,0.005177372771908003
PF-P04,PF-D0118,PF-C00478,Simple,Clear,Clear,True,Document extraction,0.8745060403649578,0.7401906002430408,0.7038830389453546,167.23546016414696,0.0037938845251513594
PF-P05,PF-D0119,PF-C00479,Moderate,Clear,Escalate,False,Document extraction,0.41478250100170605,0.44459760517663904,0.43398441228284734,126.8363011356906,0.0051146774037178835
PF-P06,PF-D0120,PF-C00480,Moderate,Clear,Clear,True,Document extraction,0.38497390231211653,0.5318031532501155,0.5450875723659243,174.8973536153218,0.004487108099659397
PF-P01,PF-D0121,PF-C00481,Complex,Review,Insufficient,False,Document extraction,0.7824085299204623,0.7389768905827245,0.5448480738192495,272.06696565902644,0.0045888221173955406
PF-P02,PF-D0122,PF-C00482,Moderate,Clear,Clear,True,Document extraction,0.8131797874895869,0.8067248823921012,0.6891292529002551,235.02882658939782,0.0034994720655881616
PF-P03,PF-D0123,PF-C00483,Simple,Clear,Clear,True,Document extraction,0.9187092853152159,0.808186824119749,0.8791435141341697,204.30225737390805,0.004488989422307703
PF-P04,PF-D0124,PF-C00484,Complex,Escalate,Review,False,Document extraction,0.590999684931111,0.5043194484862084,0.3116038875329599,277.29181563985696,0.004603957325221445
PF-P05,PF-D0125,PF-C00485,Simple,Clear,Clear,True,Document extraction,0.9295748819234224,0.6985085952181387,0.334980878980446,226.95744429640177,0.004367500530335991
PF-P06,PF-D0126,PF-C00486,Moderate,Clear,Clear,True,Document extraction,0.5504431752568524,0.5870632938925481,0.626066532434687,202.9709629762677,0.003647175991079976
PF-P01,PF-D0127,PF-C00487,Simple,Clear,Clear,True,Document extraction,0.7933838728952812,0.7408838610251893,0.7512391108541514,167.62177163827576,0.003170102559108449
PF-P02,PF-D0128,PF-C00488,Moderate,Escalate,Escalate,True,Document extraction,0.5137268932776871,0.5638352294223495,0.48762317756600426,204.75600745517062,0.003749287743703846
PF-P03,PF-D0129,PF-C00489,Simple,Insufficient,Insufficient,True,Document extraction,0.8875525533404298,0.8492631877144433,0.7913521115264376,185.1244347999862,0.004368041461792257
PF-P04,PF-D0130,PF-C00490,Moderate,Clear,Clear,True,Document extraction,0.42508081755701055,0.5417939823242696,0.47602849393211416,171.52966303775446,0.004520104821952583
PF-P05,PF-D0131,PF-C00491,Simple,Clear,Clear,True,Document extraction,0.9655642207336984,0.8697052489704901,0.6432102171826234,172.91142168136417,0.0033099256401959752
PF-P06,PF-D0132,PF-C00492,Simple,Clear,Clear,True,Document extraction,0.8148558497241705,0.7464059397843887,0.5265711360817337,148.2128007324187,0.0045050760608817166
PF-P01,PF-D0133,PF-C00493,Simple,Clear,Escalate,False,Document extraction,0.7166500257748327,0.6585388135202652,0.4989560648796851,214.5934633649305,0.00307073553377666
PF-P02,PF-D0134,PF-C00494,Moderate,Escalate,Escalate,True,Document extraction,0.5448451412217044,0.5711128961734214,0.3323734153529484,213.73378337460608,0.004332291144444643
PF-P03,PF-D0135,PF-C00495,Moderate,Clear,Review,False,Document extraction,0.7300193600292054,0.6834523437172713,0.46447262814750095,150.10035471653043,0.004070475266421509
PF-P04,PF-D0136,PF-C00496,Moderate,Escalate,Review,False,Document extraction,0.7663630339042697,0.7397264864455437,0.6212488726030043,213.20979046158334,0.004110919358984171
PF-P05,PF-D0137,PF-C00497,Simple,Review,Insufficient,False,Document extraction,0.8290119291243775,0.7095109202457335,0.5852290233718306,161.15994598284937,0.002680490209199561
PF-P06,PF-D0138,PF-C00498,Simple,Review,Review,True,Document extraction,0.918053407189323,0.7954960100432713,0.5495764523767374,169.02492690492159,0.004111426487882595
PF-P01,PF-D0139,PF-C00499,Simple,Review,Clear,False,Document extraction,0.7409918485410016,0.6454467705792761,0.4979320208477147,136.88704290247932,0.0045651732029288305
PF-P02,PF-D0140,PF-C00500,Moderate,Clear,Insufficient,False,Document extraction,0.5611739623638798,0.5031032353249434,0.5903244351434812,185.13930275313487,0.002972642464666251
PF-P03,PF-D0141,PF-C00501,Simple,Insufficient,Clear,False,Document extraction,0.9436656631582063,0.8187660512672316,0.5509748267548701,193.41699357253896,0.003925534230706403
PF-P04,PF-D0142,PF-C00502,Simple,Clear,Clear,True,Document extraction,0.9196038138991061,0.7862094588514235,0.7792708383491239,120.73288679697455,0.0035090953474596863
PF-P05,PF-D0143,PF-C00503,Simple,Review,Review,True,Document extraction,0.8452967662736633,0.7397639497432001,0.5754257572566656,126.89331232428943,0.004770131413781557
PF-P06,PF-D0144,PF-C00504,Moderate,Insufficient,Clear,False,Document extraction,0.8280420842587781,0.6345173301078031,0.5777610624570364,232.77145901249202,0.0038099006593600034
PF-P01,PF-D0145,PF-C00505,Simple,Clear,Clear,True,Document extraction,0.5614571813398554,0.6394163820525427,0.5103253887261354,177.00264008172223,0.004964915828041445
PF-P02,PF-D0146,PF-C00506,Simple,Review,Review,True,Document extraction,0.6541219679682457,0.697526993200441,0.5235786035750718,195.38866212879933,0.003539225808118465
PF-P03,PF-D0147,PF-C00507,Simple,Clear,Clear,True,Document extraction,0.7930584873576888,0.7369661169155345,0.5622483247095171,201.28592103886677,0.004276325923881002
PF-P04,PF-D0148,PF-C00508,Simple,Clear,Clear,True,Document extraction,0.9001182031973359,0.813318689956912,0.9422283834935524,189.60312130230596,0.003272248908122297
PF-P05,PF-D0149,PF-C00509,Simple,Review,Review,True,Document extraction,0.7896092665736512,0.751044459655532,0.6020144391088038,175.3904652334303,0.004145519065502413
PF-P06,PF-D0150,PF-C00510,Simple,Review,Review,True,Document extraction,0.6580491107899435,0.6585441452505554,0.5662527405571726,144.22925128445277,0.003836567281359736
PF-P01,PF-D0151,PF-C00511,Simple,Insufficient,Insufficient,True,Document extraction,0.6818253886348804,0.6961173449631186,0.5461808100385573,187.76488677774708,0.004188300158512869
PF-P02,PF-D0152,PF-C00512,Simple,Clear,Clear,True,Document extraction,0.6416608439533065,0.5556006749964129,0.40688261366167583,190.50275937104612,0.0028037066316836173
PF-P03,PF-D0153,PF-C00513,Moderate,Insufficient,Insufficient,True,Document extraction,0.45308051281767153,0.6166670824394492,0.49411368260362726,152.1763628973494,0.0036640753764280052
PF-P04,PF-D0154,PF-C00514,Moderate,Review,Clear,False,Document extraction,0.7975420428562378,0.7653195470836923,0.6555408524907725,198.04356253395744,0.004454783960648051
PF-P05,PF-D0155,PF-C00515,Moderate,Insufficient,Insufficient,True,Document extraction,0.4257604002214005,0.526183112701787,0.5925967123611707,221.13718793115424,0.004338444462853825
PF-P06,PF-D0156,PF-C00516,Simple,Escalate,Escalate,True,Document extraction,0.9008588214346362,0.7051515423952937,0.5055551812301693,147.32379269585468,0.003936820160163657
PF-P01,PF-D0157,PF-C00517,Moderate,Review,Clear,False,Document extraction,0.6804132780696651,0.6209829121428225,0.4241366291304317,199.24919623112157,0.004017686789776001
PF-P02,PF-D0158,PF-C00518,Simple,Escalate,Clear,False,Document extraction,0.7390833288593839,0.7065291577555686,0.641196037619634,165.14512878146257,0.003971600429412235
PF-P03,PF-D0159,PF-C00519,Complex,Insufficient,Insufficient,True,Document extraction,0.4596111855879614,0.5863918509797311,0.3211012911565348,282.59114897009437,0.005073531133810417
PF-P04,PF-D0160,PF-C00520,Complex,Clear,Clear,True,Document extraction,0.34504243495341347,0.4539811954121421,0.4565680087632203,226.6625047472884,0.004796357012168484
PF-P05,PF-D0161,PF-C00521,Moderate,Review,Review,True,Document extraction,0.5765142243671058,0.4908832579917737,0.4081295197621799,199.85662770762966,0.0032973917418140973
PF-P06,PF-D0162,PF-C00522,Simple,Insufficient,Review,False,Document extraction,0.7392131682959204,0.6587318879197139,0.3715058708550084,166.51489706508647,0.004366836016769115
PF-P01,PF-D0163,PF-C00523,Moderate,Clear,Clear,True,Document extraction,0.5767704644536562,0.6551954981189414,0.6406699880211097,188.30875009576624,0.004081192040558981
PF-P02,PF-D0164,PF-C00524,Simple,Insufficient,Insufficient,True,Document extraction,0.9443016461210517,0.8626768549364515,0.8005051034934738,172.8499129018924,0.0030536290846211785
PF-P03,PF-D0165,PF-C00525,Complex,Insufficient,Clear,False,Document extraction,0.5841272175884556,0.5305122828551967,0.3734245618623378,192.93978355643722,0.00524128132547271
PF-P04,PF-D0166,PF-C00526,Simple,Insufficient,Insufficient,True,Document extraction,0.8382049461568946,0.6306608512667476,0.3293166495820509,202.99862036723874,0.004104439556036048
PF-P05,PF-D0167,PF-C00527,Complex,Review,Clear,False,Document extraction,0.5368446022113805,0.5130593655305364,0.33598801813584706,291.48801683109843,0.0044891559173323575
PF-P06,PF-D0168,PF-C00528,Moderate,Review,Review,True,Document extraction,0.5288990778956705,0.5246404644590623,0.6779407791420489,207.89680257854667,0.003847305723628361
PF-P01,PF-D0169,PF-C00529,Simple,Insufficient,Clear,False,Document extraction,0.8850868308238612,0.776625697952942,0.6248561779083551,209.34930694786166,0.004342767920869128
PF-P02,PF-D0170,PF-C00530,Moderate,Clear,Clear,True,Document extraction,0.6893708861621457,0.6106494111820412,0.2111274329449222,189.31658820087526,0.003816660927860494
PF-P03,PF-D0171,PF-C00531,Moderate,Insufficient,Review,False,Document extraction,0.7687017989498501,0.7030761996130546,0.8416562007887711,182.1150465556584,0.0036524511726978687
PF-P04,PF-D0172,PF-C00532,Simple,Clear,Clear,True,Document extraction,0.9353407498795497,0.814224849497008,0.6221889734516102,196.83984251907887,0.003460402346435409
PF-P05,PF-D0173,PF-C00533,Complex,Review,Review,True,Document extraction,0.3846385740247017,0.6171444796119796,0.6778583580425661,220.13514166720483,0.005002220029811365
PF-P06,PF-D0174,PF-C00534,Moderate,Escalate,Escalate,True,Document extraction,0.6374766733841143,0.6410965589153342,0.5624014833530611,176.49976864828068,0.0040166615152582895
PF-P01,PF-D0175,PF-C00535,Simple,Insufficient,Insufficient,True,Document extraction,0.8265557744198413,0.7403087720530269,0.7006132466541453,160.86879132076325,0.004425923382336343
PF-P02,PF-D0176,PF-C00536,Simple,Clear,Clear,True,Document extraction,0.8615055528931935,0.7783614065112525,0.5063192693213449,170.92188283774496,0.0032106686718316405
PF-P03,PF-D0177,PF-C00537,Simple,Escalate,Escalate,True,Document extraction,0.6657126277444431,0.7005458995553099,0.7337848329508049,224.83426726676475,0.004037788994172758
PF-P04,PF-D0178,PF-C00538,Simple,Insufficient,Escalate,False,Document extraction,0.6815786719756712,0.6808438617989316,0.6415479399738182,228.9242674883987,0.003846460211390349
PF-P05,PF-D0179,PF-C00539,Simple,Escalate,Clear,False,Document extraction,0.7906330634269518,0.701959380006544,0.4733203373486693,188.594055876201,0.004256605135358034
PF-P06,PF-D0180,PF-C00540,Simple,Clear,Clear,True,Document extraction,0.8708393531384057,0.728637816831462,0.5657189322178077,135.75740515315624,0.003243737060551346
PF-P01,PF-D0001,PF-C00541,Moderate,Insufficient,Insufficient,True,Document extraction,0.45633292546870263,0.5781056679375115,0.213253307728279,244.84764405553457,0.00412778208951203
PF-P02,PF-D0002,PF-C00542,Moderate,Review,Review,True,Document extraction,0.7523740112530247,0.7027270254508153,0.6740927063270244,213.7276903563407,0.003608641077802281
PF-P03,PF-D0003,PF-C00543,Simple,Insufficient,Insufficient,True,Document extraction,0.7302232208291309,0.7267348483627158,0.7140874186365678,195.21721440291475,0.0026728281915297915
PF-P04,PF-D0004,PF-C00544,Simple,Review,Review,True,Document extraction,0.9570833763059722,0.7609126871014573,0.6307797527550366,205.55896304633293,0.003300491743153571
PF-P05,PF-D0005,PF-C00545,Complex,Insufficient,Escalate,False,Document extraction,0.4618626706637887,0.34831994234034125,0.5331465191028097,226.8708764832019,0.005680704957256661
PF-P06,PF-D0006,PF-C00546,Simple,Clear,Clear,True,Document extraction,0.7949403907148492,0.7288736138155905,0.4719971263905628,198.97631363899904,0.0036261015478836396
PF-P01,PF-D0007,PF-C00547,Moderate,Review,Clear,False,Document extraction,0.8103268340600962,0.6689312769844452,0.34306048457086535,244.06996568173275,0.004396381538480639
PF-P02,PF-D0008,PF-C00548,Moderate,Review,Review,True,Document extraction,0.7864189090142707,0.7151631877973595,0.6935718617093056,193.80462238585844,0.0031760455793999674
PF-P03,PF-D0009,PF-C00549,Moderate,Review,Review,True,Document extraction,0.7841985397590715,0.7274289422563319,0.5232264539892484,265.02141830167955,0.004139421984443942
PF-P04,PF-D0010,PF-C00550,Moderate,Insufficient,Clear,False,Document extraction,0.6522828609399253,0.7158634498701874,0.4127057488235145,218.65367543161136,0.003539361846807126
PF-P05,PF-D0011,PF-C00551,Moderate,Insufficient,Insufficient,True,Document extraction,0.5243579138522784,0.5101515497361154,0.534859312980693,243.36426083701386,0.003964931710802005
PF-P06,PF-D0012,PF-C00552,Moderate,Clear,Clear,True,Document extraction,0.6805168522583153,0.6733732404655969,0.5521059405962663,146.57114984842423,0.0033977556225195725
PF-P01,PF-D0013,PF-C00553,Simple,Review,Review,True,Document extraction,0.7349483331210914,0.7227622108596129,0.6358731889372357,186.5337780774272,0.003986220822819273
PF-P02,PF-D0014,PF-C00554,Simple,Clear,Clear,True,Document extraction,0.7986178050184227,0.802952631099177,0.6532575374259741,224.6716190818493,0.004225748577688919
PF-P03,PF-D0015,PF-C00555,Simple,Review,Review,True,Document extraction,0.7032981773352566,0.6321773416337583,0.3275629687757994,208.5837701445577,0.0034608679485172746
PF-P04,PF-D0016,PF-C00556,Simple,Clear,Clear,True,Document extraction,0.5976309885585848,0.7385695897301018,0.3363368317522433,200.6891169649021,0.0029494698981562375
PF-P05,PF-D0017,PF-C00557,Simple,Clear,Clear,True,Document extraction,0.9694580537299073,0.7507208940335719,0.29868646730379445,163.63246648347277,0.004390542194607372
PF-P06,PF-D0018,PF-C00558,Moderate,Insufficient,Clear,False,Document extraction,0.5663547695973704,0.6172820382091638,0.6166423996228573,214.38594320129152,0.0035731006557177536
PF-P01,PF-D0019,PF-C00559,Complex,Clear,Clear,True,Document extraction,0.5675538924665755,0.5219050574374725,0.23523991250490417,260.73073176008677,0.005115602689364516
PF-P02,PF-D0020,PF-C00560,Simple,Insufficient,Insufficient,True,Document extraction,0.8467903685906841,0.7709290339370826,0.7336749905653706,197.10495348031495,0.003984428512123208
PF-P03,PF-D0021,PF-C00561,Simple,Review,Review,True,Document extraction,0.6978908115648979,0.591824453143066,0.5806005701655785,180.19689012837281,0.0038737904911198932
PF-P04,PF-D0022,PF-C00562,Simple,Clear,Clear,True,Document extraction,0.661153452969755,0.5696522459603585,0.3530166827262744,155.47806217516631,0.004558476811157844
PF-P05,PF-D0023,PF-C00563,Complex,Review,Clear,False,Document extraction,0.5503502140893283,0.5169969700786952,0.32352610021817146,280.4814422424539,0.004991169847459868
PF-P06,PF-D0024,PF-C00564,Simple,Insufficient,Insufficient,True,Document extraction,0.9107076316740363,0.749507758220094,0.5241164506983278,254.63666378423656,0.004240783036312335
PF-P01,PF-D0025,PF-C00565,Moderate,Review,Review,True,Document extraction,0.7456043898977469,0.6254980036914843,0.6134121899467708,136.959138782577,0.004741619886619438
PF-P02,PF-D0026,PF-C00566,Simple,Insufficient,Insufficient,True,Document extraction,0.8012628532129741,0.670993220147333,0.41862054271683696,200.58744766954425,0.0034413133008345045
PF-P03,PF-D0027,PF-C00567,Complex,Insufficient,Insufficient,True,Document extraction,0.6258965867169332,0.5167791375398384,0.6971122701251524,270.7287787215798,0.00488138977278587
PF-P04,PF-D0028,PF-C00568,Simple,Review,Review,True,Document extraction,0.9035481306312799,0.7764428207372375,0.4803083810650343,194.98210539507366,0.00360655150925354
PF-P05,PF-D0029,PF-C00569,Moderate,Escalate,Clear,False,Document extraction,0.7514264419354658,0.6435180330310024,0.7438639539276976,170.072347625956,0.004299477094619977
PF-P06,PF-D0030,PF-C00570,Simple,Clear,Clear,True,Document extraction,0.8877715443973025,0.8183254092347568,0.9284054812669897,133.42281714516798,0.004511550889440842
PF-P01,PF-D0031,PF-C00571,Complex,Clear,Escalate,False,Document extraction,0.6348308896990466,0.515086132689952,0.3619508866612604,256.64286623692414,0.005214184973951994
PF-P02,PF-D0032,PF-C00572,Simple,Clear,Clear,True,Document extraction,0.7160664350442849,0.6785386923300356,0.7358532737545294,150.9512130041155,0.0049266442170942315
PF-P03,PF-D0033,PF-C00573,Moderate,Escalate,Clear,False,Document extraction,0.5350709842390897,0.5184061015591233,0.13450312960640404,162.06856188822647,0.0033566521335419543
PF-P04,PF-D0034,PF-C00574,Simple,Review,Review,True,Document extraction,0.7607485079439074,0.6995833534463879,0.3413282525641823,164.27833817510106,0.004382304099374479
PF-P05,PF-D0035,PF-C00575,Moderate,Insufficient,Insufficient,True,Document extraction,0.3000754549019194,0.5340462461467608,0.39372916046436973,202.42167152188492,0.0028864714878097464
PF-P06,PF-D0036,PF-C00576,Complex,Insufficient,Review,False,Document extraction,0.7482767684659489,0.6088127569470753,0.5149191948879979,202.69874971812837,0.004707567158501026
PF-P01,PF-D0037,PF-C00577,Simple,Clear,Clear,True,Document extraction,0.9316145453785566,0.7563113036576484,0.717107264581206,151.42603805694625,0.004450925616030707
PF-P02,PF-D0038,PF-C00578,Complex,Review,Review,True,Document extraction,0.5419044827286793,0.5282173772158776,0.49003381495431586,199.778126092183,0.005252360563276474
PF-P03,PF-D0039,PF-C00579,Simple,Clear,Clear,True,Document extraction,0.8750104146874812,0.6938053716267162,0.8867502097227461,185.94957525592204,0.003903979809073036
PF-P04,PF-D0040,PF-C00580,Simple,Insufficient,Insufficient,True,Document extraction,0.5923111104376586,0.7171551617832159,0.46934373355786546,163.87250110005212,0.0040746954908620235
PF-P05,PF-D0041,PF-C00581,Simple,Clear,Clear,True,Document extraction,0.8858542900729665,0.7328285371339289,0.614538686673322,106.72464591996429,0.00370675387914217
PF-P06,PF-D0042,PF-C00582,Simple,Clear,Clear,True,Document extraction,0.6516213088280708,0.6911347338953716,0.6363751801273754,207.0199347521576,0.003662339385585874
PF-P01,PF-D0043,PF-C00583,Moderate,Review,Escalate,False,Document extraction,0.4037619657431642,0.40779826511578493,0.25804971526071224,194.4622228036885,0.0035150541589272248
PF-P02,PF-D0044,PF-C00584,Moderate,Insufficient,Insufficient,True,Document extraction,0.5426301000912088,0.6679885458220554,0.5882386907802374,225.1171414433829,0.0035922294693649754
PF-P03,PF-D0045,PF-C00585,Moderate,Clear,Insufficient,False,Document extraction,0.34779813870803356,0.4941951833659113,0.4835203991561113,231.37382754761012,0.0038379126991130996
PF-P04,PF-D0046,PF-C00586,Simple,Clear,Insufficient,False,Document extraction,0.578587298698332,0.6011608061489961,0.4691422216192236,211.80310156169418,0.004019017936020664
PF-P05,PF-D0047,PF-C00587,Complex,Insufficient,Insufficient,True,Document extraction,0.4795787935289599,0.47488904643777935,0.2952862101029885,282.04991276657336,0.005195262526001608
PF-P06,PF-D0048,PF-C00588,Simple,Insufficient,Insufficient,True,Document extraction,0.44630051915907315,0.6405762494950411,0.45808402646384877,197.86064266757825,0.0045504688137276185
PF-P01,PF-D0049,PF-C00589,Simple,Clear,Clear,True,Document extraction,0.9331967772416674,0.8503417967455446,0.808155472979839,114.49389774933654,0.0029334101289370963
PF-P02,PF-D0050,PF-C00590,Simple,Escalate,Clear,False,Document extraction,0.8990533578813608,0.710968617986909,0.741318318298054,170.41846295727686,0.0038506859433002577
PF-P03,PF-D0051,PF-C00591,Simple,Review,Review,True,Document extraction,0.8261528388465859,0.8506207584248994,0.5252235662063677,173.57993793931135,0.004070103906625082
PF-P04,PF-D0052,PF-C00592,Simple,Review,Review,True,Document extraction,0.8067083254683819,0.828022553831184,0.6492612453847514,160.15111833156567,0.004070952278713223
PF-P05,PF-D0053,PF-C00593,Simple,Escalate,Clear,False,Document extraction,0.8305232769442783,0.7319918826778345,0.6102440664167763,148.7362118382467,0.0034315519501087943
PF-P06,PF-D0054,PF-C00594,Simple,Review,Clear,False,Document extraction,0.8341233768577105,0.8029739637068162,0.8100149878259391,210.8322166830726,0.004173621761956815
PF-P01,PF-D0055,PF-C00595,Simple,Clear,Clear,True,Document extraction,0.6803250814380021,0.754557425820785,0.6842678842239243,75.98144983109616,0.003501252412848669
PF-P02,PF-D0056,PF-C00596,Moderate,Insufficient,Insufficient,True,Document extraction,0.3704289125406566,0.4438832104992268,0.38893151245780233,157.20179896924313,0.004330536693083889
PF-P03,PF-D0057,PF-C00597,Simple,Clear,Clear,True,Document extraction,0.9202262532866731,0.8187398829193417,0.8325999478292194,137.81225294249154,0.0025611494889662386
PF-P04,PF-D0058,PF-C00598,Moderate,Review,Review,True,Document extraction,0.7508718738084067,0.6984855430154605,0.5166581000392855,208.4592222067393,0.0043667928144086035
PF-P05,PF-D0059,PF-C00599,Simple,Clear,Review,False,Document extraction,0.9079398867583055,0.742928381658944,0.7668856057197867,128.11200502530755,0.0032034660226431364
PF-P06,PF-D0060,PF-C00600,Simple,Review,Review,True,Document extraction,0.8343760759032091,0.7635747353839586,0.7413363378878043,173.60493121086324,0.004421171014180214
PF-P01,PF-D0061,PF-C00601,Simple,Review,Review,True,Document extraction,0.9071051556133353,0.7290902775285373,0.6502081229275116,160.86701069870625,0.003478273810721655
PF-P02,PF-D0062,PF-C00602,Simple,Escalate,Clear,False,Document extraction,0.8073517866315822,0.7718791135313466,0.8342660980853637,146.17109608011128,0.00441753213463715
PF-P03,PF-D0063,PF-C00603,Complex,Escalate,Escalate,True,Document extraction,0.5044261250210882,0.38400624988684373,0.5016751976334998,231.8231340014591,0.004008502709753255
PF-P04,PF-D0064,PF-C00604,Simple,Insufficient,Insufficient,True,Document extraction,0.8526807872075903,0.7399100536173595,0.7072627422103366,138.74084295477402,0.003974000942762237
PF-P05,PF-D0065,PF-C00605,Complex,Review,Insufficient,False,Document extraction,0.36705745267726647,0.4276602048086557,0.28708247216009486,277.10336834445354,0.004542449166245733
PF-P06,PF-D0066,PF-C00606,Complex,Review,Review,True,Document extraction,0.6263715117607378,0.518851193742643,0.3514273723840338,258.8455175880081,0.004578521701607819
PF-P01,PF-D0067,PF-C00607,Moderate,Escalate,Review,False,Document extraction,0.5817517992154813,0.5945934279876511,0.645612914323867,192.93300485492216,0.004095263545885375
PF-P02,PF-D0068,PF-C00608,Simple,Clear,Clear,True,Document extraction,0.8917292113381746,0.7432519287877976,0.6135809898259064,235.3160487895311,0.004451990363066076
PF-P03,PF-D0069,PF-C00609,Moderate,Clear,Clear,True,Document extraction,0.8448531324943628,0.6441488390191598,0.4443824950263878,270.6052964945058,0.004058185016525892
PF-P04,PF-D0070,PF-C00610,Simple,Clear,Clear,True,Document extraction,0.9061041874262226,0.8663591466780828,0.9236790660427513,211.69032315953015,0.003734781825842144
PF-P05,PF-D0071,PF-C00611,Simple,Review,Review,True,Document extraction,0.8141100460778485,0.8003919894209099,0.7579861982296587,164.93200687904243,0.0042030384813606545
PF-P06,PF-D0072,PF-C00612,Moderate,Clear,Clear,True,Document extraction,0.7899267798441352,0.6571284111277801,0.5748952580721621,221.05095876608624,0.0046472027467344195
PF-P01,PF-D0073,PF-C00613,Simple,Insufficient,Insufficient,True,Document extraction,0.9123189339571205,0.815226703596207,0.7197247228708498,127.0905738527003,0.0027504503472901964
PF-P02,PF-D0074,PF-C00614,Simple,Insufficient,Clear,False,Document extraction,0.8302151385473695,0.7674231113910005,0.6273191331425475,211.23282143904802,0.003419714186291426
PF-P03,PF-D0075,PF-C00615,Simple,Clear,Clear,True,Document extraction,0.9486219196509474,0.8085993756481938,0.4973806199472307,224.04361638858882,0.004267836467016712
PF-P04,PF-D0076,PF-C00616,Complex,Clear,Clear,True,Document extraction,0.6210399062054602,0.598578816959291,0.47098960734740053,272.38736352477775,0.005503849316529562
PF-P05,PF-D0077,PF-C00617,Simple,Review,Review,True,Document extraction,0.7443815450752889,0.7726283659924874,0.4947517535169281,235.85514779462306,0.003857211291715729
PF-P06,PF-D0078,PF-C00618,Moderate,Clear,Clear,True,Document extraction,0.6729566270007369,0.693434871128223,0.46691526102601605,193.30600898475316,0.004117275557252196
PF-P01,PF-D0079,PF-C00619,Simple,Insufficient,Clear,False,Document extraction,0.8318162825291735,0.7853372968871339,0.5550043997162305,172.77427632222674,0.004306614800156641
PF-P02,PF-D0080,PF-C00620,Simple,Escalate,Escalate,True,Document extraction,0.8460974429222282,0.8124111770696617,0.5640553945521642,165.37233080949957,0.003664404664284574
PF-P03,PF-D0081,PF-C00621,Simple,Clear,Clear,True,Document extraction,0.6717190457036913,0.7625001027075549,0.4177376957431097,223.1098849853778,0.004322857362181962
PF-P04,PF-D0082,PF-C00622,Simple,Clear,Clear,True,Document extraction,0.7676380583696903,0.7692539273462458,0.5369659775406804,194.83472960974194,0.0046123416082263415
PF-P05,PF-D0083,PF-C00623,Simple,Clear,Clear,True,Document extraction,0.5615989605326728,0.6032052498867273,0.3929766099886959,142.20213568588252,0.0033165594229323096
PF-P06,PF-D0084,PF-C00624,Simple,Clear,Clear,True,Document extraction,0.8375957631186763,0.8027062732088365,0.5307944448169702,143.45099332137391,0.0031421400997068624
PF-P01,PF-D0085,PF-C00625,Simple,Review,Review,True,Document extraction,0.8047963412122066,0.7022992122709276,0.5885271712299108,180.22416690339278,0.004289230005834296
PF-P02,PF-D0086,PF-C00626,Simple,Insufficient,Insufficient,True,Document extraction,0.8313296431166977,0.6279207877901443,0.8846820732123629,194.52523214506851,0.0041236016221689355
PF-P03,PF-D0087,PF-C00627,Simple,Escalate,Escalate,True,Document extraction,0.6212361486673605,0.6274394277241788,0.4656712455007821,170.29722904202387,0.0031769242554869474
PF-P04,PF-D0088,PF-C00628,Simple,Clear,Clear,True,Document extraction,0.5329548833708604,0.6002402406109433,0.5594291037703804,128.12684470459124,0.0036614270361588278
PF-P05,PF-D0089,PF-C00629,Moderate,Clear,Clear,True,Document extraction,0.8496735837171557,0.7680694898657888,0.4277104547747412,241.15169989822215,0.0038731120469417285
PF-P06,PF-D0090,PF-C00630,Simple,Review,Review,True,Document extraction,0.6828402716491531,0.7481570514401115,0.6550848347289001,68.98757471626286,0.00479928106160711
PF-P01,PF-D0091,PF-C00631,Simple,Review,Review,True,Document extraction,0.727355088341803,0.6362693283613279,0.3404225667408018,184.24439890291157,0.0033411601312667957
PF-P02,PF-D0092,PF-C00632,Moderate,Review,Review,True,Document extraction,0.7810569776712964,0.8041810950921474,0.4880866579429856,224.0857628304332,0.004425762091793993
PF-P03,PF-D0093,PF-C00633,Simple,Escalate,Escalate,True,Document extraction,0.5014478389268481,0.6471126691387362,0.6309348122354269,223.0823815347178,0.004208464827799669
PF-P04,PF-D0094,PF-C00634,Complex,Escalate,Clear,False,Document extraction,0.4971051209306588,0.3603178152685646,0.21272402409931596,211.8732816849883,0.004704074033872071
PF-P05,PF-D0095,PF-C00635,Simple,Clear,Review,False,Document extraction,0.7878686731744479,0.5557478009742095,0.45944363135027816,210.3084092649683,0.00447278188547959
PF-P06,PF-D0096,PF-C00636,Simple,Review,Review,True,Document extraction,0.8961224818283687,0.7132537717273753,0.4265096298391794,165.78759982476763,0.004250192730645674
PF-P01,PF-D0097,PF-C00637,Simple,Clear,Clear,True,Document extraction,0.8362358303903061,0.7608947076973519,0.5419704409361066,194.37850058466506,0.004356103248097555
PF-P02,PF-D0098,PF-C00638,Moderate,Review,Review,True,Document extraction,0.8625637526722285,0.6974451687915926,0.634161464112407,210.25243947594853,0.004600710112731185
PF-P03,PF-D0099,PF-C00639,Simple,Insufficient,Review,False,Document extraction,0.8291107431032062,0.7640747361758816,0.8828198460428129,226.38100997922004,0.003901828312577944
PF-P04,PF-D0100,PF-C00640,Simple,Clear,Clear,True,Document extraction,0.6771956153380928,0.6691726418363408,0.6492700711962169,151.30836326632885,0.0029368347178950842
PF-P05,PF-D0101,PF-C00641,Moderate,Escalate,Escalate,True,Document extraction,0.3301948006555722,0.5760121992833024,0.45119796025324765,224.097192470344,0.0031886656082156257
PF-P06,PF-D0102,PF-C00642,Simple,Escalate,Clear,False,Document extraction,0.9339266203092133,0.7365396744094623,0.5687850770493907,279.9640300081838,0.004120314092544918
PF-P01,PF-D0103,PF-C00643,Simple,Insufficient,Clear,False,Document extraction,0.563333311211345,0.6675252170332386,0.4889232974018734,192.47438768219857,0.00467519422260104
PF-P02,PF-D0104,PF-C00644,Simple,Clear,Clear,True,Document extraction,0.8413712904608063,0.762315663977921,0.6971809126516079,206.98877039963457,0.00411194294450456
PF-P03,PF-D0105,PF-C00645,Simple,Clear,Clear,True,Document extraction,0.9488317761983572,0.8550884236716118,0.672396256468958,221.10289048848844,0.003389934416613927
PF-P04,PF-D0106,PF-C00646,Moderate,Review,Review,True,Document extraction,0.5244650778265324,0.5597871591677002,0.24992597490856888,193.20464725789458,0.003968653281548083
PF-P05,PF-D0107,PF-C00647,Simple,Escalate,Review,False,Document extraction,0.7054418866573972,0.7304119674530007,0.7515744117615667,137.64178768090466,0.004583267561808454
PF-P06,PF-D0108,PF-C00648,Simple,Review,Review,True,Document extraction,0.8946304909129563,0.7368259021670559,0.7215368306045251,214.5725840731141,0.004408115740630541
PF-P01,PF-D0109,PF-C00649,Moderate,Review,Review,True,Document extraction,0.5646220598695018,0.6436977576251046,0.4175410189115793,231.7532877848349,0.0035397830018173296
PF-P02,PF-D0110,PF-C00650,Moderate,Clear,Clear,True,Document extraction,0.5264516032135128,0.6497977937239868,0.5922721825094358,174.88548944675782,0.004204699386186237
PF-P03,PF-D0111,PF-C00651,Moderate,Review,Escalate,False,Document extraction,0.49086801256192725,0.5227040542301956,0.7448897155107554,267.2545026633169,0.003936842286779044
PF-P04,PF-D0112,PF-C00652,Simple,Escalate,Escalate,True,Document extraction,0.8597035467072851,0.731413158094774,0.48359666579131594,229.06158662294993,0.004175823787683167
PF-P05,PF-D0113,PF-C00653,Simple,Insufficient,Insufficient,True,Document extraction,0.7072533550192174,0.6295122493340928,0.7530477005656968,212.33908492914674,0.0043453496292109525
PF-P06,PF-D0114,PF-C00654,Simple,Insufficient,Insufficient,True,Document extraction,0.7876985955086943,0.667801931178986,0.5024586862325221,155.49524663549727,0.00400016170702089
PF-P01,PF-D0115,PF-C00655,Moderate,Clear,Clear,True,Document extraction,0.8474459708817665,0.7931733248731601,0.5173252061546014,212.6362602744279,0.003986658196183118
PF-P02,PF-D0116,PF-C00656,Moderate,Review,Clear,False,Document extraction,0.8846782636361508,0.7039200597049882,0.5167821373459425,210.49715728067426,0.0030684084523567826
PF-P03,PF-D0117,PF-C00657,Simple,Review,Insufficient,False,Document extraction,0.8448075114396307,0.7247277941077924,0.6841374814950705,207.36310484879778,0.0037923439072328194
PF-P04,PF-D0118,PF-C00658,Simple,Review,Clear,False,Document extraction,0.7882541032681101,0.7589571712462844,0.5559947073594133,200.54605768671803,0.00427686114727181
PF-P05,PF-D0119,PF-C00659,Simple,Escalate,Escalate,True,Document extraction,0.8955470891135014,0.7641574751416368,0.6322704789690687,208.02341020534217,0.004247770128363531
PF-P06,PF-D0120,PF-C00660,Simple,Escalate,Insufficient,False,Document extraction,0.6868302362356872,0.6751409815901078,0.5660562442016239,222.1878365676508,0.0036372252052425
PF-P01,PF-D0121,PF-C00661,Moderate,Insufficient,Insufficient,True,Document extraction,0.4372512300262634,0.3872180376904266,0.33964219950755503,199.40473129448168,0.004354344813073009
PF-P02,PF-D0122,PF-C00662,Moderate,Clear,Clear,True,Document extraction,0.7972674150529548,0.7426615552752146,0.619271535620468,177.3340099850141,0.003948473502547887
PF-P03,PF-D0123,PF-C00663,Simple,Review,Review,True,Document extraction,0.8612910959100537,0.7162370622540655,0.49634621171751575,192.7443219227538,0.0034210773436987056
PF-P04,PF-D0124,PF-C00664,Simple,Clear,Review,False,Document extraction,0.914560790069607,0.7357038834045191,0.45483084592153195,252.44619019852576,0.004032053590588653
PF-P05,PF-D0125,PF-C00665,Simple,Clear,Clear,True,Document extraction,0.9286731975663982,0.7565548021590532,0.2493409439922734,175.35393103493087,0.004029552806426275
PF-P06,PF-D0126,PF-C00666,Simple,Insufficient,Escalate,False,Document extraction,0.8097853123108314,0.7804524131857666,0.6156633134570333,184.58297862667138,0.003777264081194138
PF-P01,PF-D0127,PF-C00667,Complex,Escalate,Insufficient,False,Document extraction,0.5991352751036468,0.5173975700760685,0.5375710625225264,235.88315956683024,0.004766345049761129
PF-P02,PF-D0128,PF-C00668,Complex,Insufficient,Insufficient,True,Document extraction,0.5087738899699984,0.4839605716166132,0.34551580007116306,270.18474232322,0.005059533914451766
PF-P03,PF-D0129,PF-C00669,Simple,Clear,Clear,True,Document extraction,0.7598683548269699,0.8369551468301838,0.6154782873828687,138.96779179647442,0.0038727268295379387
PF-P04,PF-D0130,PF-C00670,Moderate,Clear,Clear,True,Document extraction,0.8479159076044728,0.7432090586022296,0.48418615242889,217.30034762662982,0.004745800531483775
PF-P05,PF-D0131,PF-C00671,Moderate,Insufficient,Escalate,False,Document extraction,0.6189355317201389,0.5532074265982428,0.6945173001749325,202.89862369469103,0.0034964864149255245
PF-P06,PF-D0132,PF-C00672,Complex,Insufficient,Escalate,False,Document extraction,0.5371293884208704,0.41480758579818183,0.2434193335537178,285.62827227824926,0.005093282041484512
PF-P01,PF-D0133,PF-C00673,Complex,Clear,Clear,True,Document extraction,0.6216473494325709,0.7102405383854127,0.5976320079362825,253.51093075579567,0.005695686791383472
PF-P02,PF-D0134,PF-C00674,Simple,Escalate,Escalate,True,Document extraction,0.8655264657314835,0.7072741369972714,0.752705273473247,133.84831196334227,0.003802846064407845
PF-P03,PF-D0135,PF-C00675,Simple,Review,Clear,False,Document extraction,0.8462345110864142,0.6929553704819625,0.4957108933945398,162.89317107406387,0.004785341284443029
PF-P04,PF-D0136,PF-C00676,Complex,Insufficient,Review,False,Document extraction,0.2592020076016711,0.47646407801122503,0.2755438241089636,317.75166250924866,0.0044370338282540235
PF-P05,PF-D0137,PF-C00677,Simple,Clear,Clear,True,Document extraction,0.8421269037695948,0.7807979172678953,0.4933965578770696,182.87721022918845,0.0037445055393172766
PF-P06,PF-D0138,PF-C00678,Simple,Insufficient,Insufficient,True,Document extraction,0.8497339345153314,0.8148131921043463,0.6151554316229061,181.2258070800059,0.0037637964271755677
PF-P01,PF-D0139,PF-C00679,Simple,Clear,Clear,True,Document extraction,0.9543566564415538,0.8179709567754869,0.5019150863903827,174.22107445230282,0.004465383943170847
PF-P02,PF-D0140,PF-C00680,Complex,Review,Review,True,Document extraction,0.7108225675025545,0.5750557706356699,0.2485295906547311,249.1094475029708,0.00490676768780102
PF-P03,PF-D0141,PF-C00681,Moderate,Escalate,Insufficient,False,Document extraction,0.5944384869482378,0.5380946283418966,0.4600382217928146,172.48630074670461,0.0038669032937235183
PF-P04,PF-D0142,PF-C00682,Moderate,Clear,Clear,True,Document extraction,0.811332305155816,0.7018739094189674,0.6787128348757706,217.49092265119228,0.003988377351740242
PF-P05,PF-D0143,PF-C00683,Moderate,Escalate,Escalate,True,Document extraction,0.836963158659984,0.7420836531556743,0.6019843523271002,176.45774680709908,0.003078511613746232
PF-P06,PF-D0144,PF-C00684,Simple,Clear,Clear,True,Document extraction,0.6258852056696201,0.6289119899067873,0.6160265731096556,133.0618222010989,0.0039258508076502885
PF-P01,PF-D0145,PF-C00685,Complex,Insufficient,Insufficient,True,Document extraction,0.4358904573503841,0.46637785680839206,0.14090807469484642,260.20979643121905,0.004471863756070931
PF-P02,PF-D0146,PF-C00686,Simple,Clear,Clear,True,Document extraction,0.757862038527591,0.7392407735962279,0.5216779762508515,141.36178448127578,0.0034502786769876315
PF-P03,PF-D0147,PF-C00687,Moderate,Review,Review,True,Document extraction,0.8081273437313224,0.7068486858919432,0.33037503833273785,121.89655804981122,0.0043620101432490736
PF-P04,PF-D0148,PF-C00688,Complex,Clear,Clear,True,Document extraction,0.2903075291803059,0.3904658854279916,0.0328625371049376,255.71505551301397,0.0056028805354783355
PF-P05,PF-D0149,PF-C00689,Simple,Clear,Clear,True,Document extraction,0.8427740626175791,0.8290154408259139,0.734841649222388,165.43913196896622,0.004162672891988852
PF-P06,PF-D0150,PF-C00690,Complex,Review,Clear,False,Document extraction,0.20860920476024455,0.4619484718554571,0.024504477929566004,286.34579105322393,0.005494548458693382
PF-P01,PF-D0151,PF-C00691,Simple,Escalate,Escalate,True,Document extraction,0.8331138238975969,0.6979010745237769,0.6566169770776467,178.4411068587756,0.0031209995584830707
PF-P02,PF-D0152,PF-C00692,Complex,Escalate,Insufficient,False,Document extraction,0.4675193546562033,0.5730344718624976,0.4346665316632173,197.68087468884698,0.004224811689033454
PF-P03,PF-D0153,PF-C00693,Simple,Review,Review,True,Document extraction,0.6794767465856844,0.6792533710561616,0.7974064175713379,203.82281619440388,0.0029965825049978524
PF-P04,PF-D0154,PF-C00694,Simple,Clear,Clear,True,Document extraction,0.9123970632730067,0.8205090885524967,0.45858773970116384,166.9260973791225,0.004224752580284023
PF-P05,PF-D0155,PF-C00695,Simple,Clear,Clear,True,Document extraction,0.6049392365111543,0.7655190859659288,0.5290437484467888,211.43502512136746,0.003893790852808677
PF-P06,PF-D0156,PF-C00696,Simple,Escalate,Clear,False,Document extraction,0.7387809867544058,0.6801530764117469,0.5235516147501527,196.5590093678938,0.0035446831810605197
PF-P01,PF-D0157,PF-C00697,Moderate,Review,Review,True,Document extraction,0.718445951797727,0.5985357564489233,0.5889403594543204,180.1470154773835,0.003989206250770056
PF-P02,PF-D0158,PF-C00698,Moderate,Review,Insufficient,False,Document extraction,0.8148450161195507,0.7031159760727138,0.6038787228508593,194.0273974172405,0.004615481476735423
PF-P03,PF-D0159,PF-C00699,Simple,Clear,Clear,True,Document extraction,0.6370981654951882,0.7527997161813612,0.6350755671739867,220.84065371786053,0.003633736916080948
PF-P04,PF-D0160,PF-C00700,Complex,Escalate,Insufficient,False,Document extraction,0.4318712471580576,0.43937951227333816,0.40738714282224503,225.32797010604997,0.005303756084170242
PF-P05,PF-D0161,PF-C00701,Moderate,Insufficient,Clear,False,Document extraction,0.4836751081575654,0.6067788195014411,0.8176693449332311,243.2918803849738,0.0036205379062533866
PF-P06,PF-D0162,PF-C00702,Moderate,Escalate,Escalate,True,Document extraction,0.8818247141107773,0.5794220188187414,0.5243198103475037,271.3771669772113,0.004867116033127733
PF-P01,PF-D0163,PF-C00703,Moderate,Clear,Clear,True,Document extraction,0.8127901466556331,0.7128583704792265,0.33329836073038993,150.14698856626998,0.0033114884753952458
PF-P02,PF-D0164,PF-C00704,Complex,Insufficient,Insufficient,True,Document extraction,0.5621127910762589,0.4216069746210679,0.36664301930067894,197.6735501866315,0.005388711602610137
PF-P03,PF-D0165,PF-C00705,Simple,Review,Review,True,Document extraction,0.8378356363139536,0.8308776495621024,0.643079828864493,185.1765912668572,0.0037191920827478273
PF-P04,PF-D0166,PF-C00706,Simple,Clear,Review,False,Document extraction,0.5421553901857538,0.6649508357016788,0.1770183967421658,174.96896101607953,0.0032234400203900453
PF-P05,PF-D0167,PF-C00707,Simple,Clear,Clear,True,Document extraction,0.6785603978866334,0.6327186584437976,0.3561147823259106,186.21437144877305,0.0032864892329681505
PF-P06,PF-D0168,PF-C00708,Simple,Clear,Clear,True,Document extraction,0.8600576639979447,0.7452844298112885,0.5617282349023036,154.45981595463567,0.0031740998341067664
PF-P01,PF-D0169,PF-C00709,Simple,Clear,Clear,True,Document extraction,0.5705323849481686,0.5612455196953862,0.42982375237614673,206.49593734702273,0.0038414527279072505
PF-P02,PF-D0170,PF-C00710,Simple,Escalate,Review,False,Document extraction,0.2383371170012679,0.5049191821220663,0.4714593829203087,143.05881248815925,0.004602757206717353
PF-P03,PF-D0171,PF-C00711,Moderate,Insufficient,Review,False,Document extraction,0.8491766246479325,0.7769713709380539,0.7529949606586858,161.91258490519874,0.0037341058722094905
PF-P04,PF-D0172,PF-C00712,Simple,Review,Clear,False,Document extraction,0.8199910797420378,0.732269931320032,0.7113320748369273,160.98668532363126,0.0026517829901286987
PF-P05,PF-D0173,PF-C00713,Moderate,Review,Escalate,False,Document extraction,0.49714311037523823,0.5721465192993533,0.3986345246251828,218.07732786760778,0.003973818247929888
PF-P06,PF-D0174,PF-C00714,Moderate,Clear,Clear,True,Document extraction,0.8825564792953019,0.7705236367452764,0.6200093560304331,223.44262336333634,0.0033415802448600552
PF-P01,PF-D0175,PF-C00715,Complex,Insufficient,Insufficient,True,Document extraction,0.5620676666880324,0.42220608859781966,0.31398406851899185,252.90399266506313,0.004572643714828083
PF-P02,PF-D0176,PF-C00716,Moderate,Escalate,Review,False,Document extraction,0.6505728285576982,0.6324148366506632,0.44688885081485696,184.14607464989604,0.004162894808246675
PF-P03,PF-D0177,PF-C00717,Simple,Clear,Clear,True,Document extraction,0.8880075204383437,0.8764801699606655,0.5999745910316834,226.5070874291107,0.003947601076577096
PF-P04,PF-D0178,PF-C00718,Complex,Clear,Clear,True,Document extraction,0.6617858629863914,0.6320983280376651,0.3673793442869065,202.39872968269853,0.00569328009894766
PF-P05,PF-D0179,PF-C00719,Simple,Escalate,Escalate,True,Document extraction,0.8234532856913208,0.6805797692692099,0.7428496277777715,196.59055100416944,0.003228698819559062
PF-P06,PF-D0180,PF-C00720,Simple,Review,Clear,False,Document extraction,0.9545190947768726,0.8230087871479581,0.8114440857028727,163.2319398797904,0.004333436329074109
PF-P01,PF-D0001,PF-C00721,Moderate,Escalate,Clear,False,Document extraction,0.7297067903432994,0.6400003418249323,0.6083323700017719,213.8952648747516,0.0038404065941668596
PF-P02,PF-D0002,PF-C00722,Simple,Clear,Clear,True,Document extraction,0.7154952021974582,0.6839543193095692,0.4163681898515045,148.24899802445827,0.0038036711579750807
PF-P03,PF-D0003,PF-C00723,Simple,Clear,Clear,True,Document extraction,0.8912581689554219,0.8009703605767705,0.4091823057696151,193.9844567684465,0.004215873625771237
PF-P04,PF-D0004,PF-C00724,Simple,Escalate,Clear,False,Document extraction,0.8011905653178436,0.7785182098625808,0.4570284347396743,169.87513993889482,0.003941789037121302
PF-P05,PF-D0005,PF-C00725,Simple,Clear,Review,False,Document extraction,0.6762311613220713,0.6263984080327254,0.138158405763428,186.3266792230353,0.004600797871486864
PF-P06,PF-D0006,PF-C00726,Moderate,Insufficient,Review,False,Document extraction,0.6725453860767044,0.6712094943549496,0.5369051714619404,153.8094973728623,0.004127242642759797
PF-P01,PF-D0007,PF-C00727,Moderate,Clear,Clear,True,Document extraction,0.7494510366819321,0.5348928390726349,0.5074307175140764,183.8164538026046,0.004474167407990202
PF-P02,PF-D0008,PF-C00728,Simple,Review,Review,True,Document extraction,0.8725829661163441,0.7765115070520493,0.588279752898798,203.92841686135563,0.0037226055223813954
PF-P03,PF-D0009,PF-C00729,Moderate,Clear,Clear,True,Document extraction,0.9158785755004119,0.8153078097918488,0.8418647457130966,212.780288090175,0.004017078905211487
PF-P04,PF-D0010,PF-C00730,Simple,Review,Review,True,Document extraction,0.8677160836922151,0.8178658538984392,0.6748946842697153,234.94339189963125,0.004589484735937488
PF-P05,PF-D0011,PF-C00731,Simple,Clear,Insufficient,False,Document extraction,0.7019909080463695,0.6157677319377545,0.6803337694972147,187.42442294256406,0.003458651254505677
PF-P06,PF-D0012,PF-C00732,Moderate,Review,Review,True,Document extraction,0.5237227785418956,0.6183137550056043,0.6263878777395345,129.359579144672,0.004358808076837249
PF-P01,PF-D0013,PF-C00733,Moderate,Review,Escalate,False,Document extraction,0.5361646429068219,0.4480607346228105,0.3448215118811506,181.1001086769413,0.0038131580328508927
PF-P02,PF-D0014,PF-C00734,Complex,Review,Review,True,Document extraction,0.3591460264086456,0.527270636511998,0.13694798467100178,252.4135631739312,0.004694487082159729
PF-P03,PF-D0015,PF-C00735,Simple,Review,Review,True,Document extraction,0.9233640401572069,0.8242643560317675,0.853824960413428,178.61401064735594,0.0035060141058283647
PF-P04,PF-D0016,PF-C00736,Complex,Clear,Review,False,Document extraction,0.4031550329601724,0.4294364751161466,0.223166862480435,220.76906291750893,0.005668430676434198
PF-P05,PF-D0017,PF-C00737,Simple,Clear,Escalate,False,Document extraction,0.5891845333168818,0.5539871210730066,0.5470435654374814,174.30964870527706,0.00412991549781621
PF-P06,PF-D0018,PF-C00738,Simple,Review,Clear,False,Document extraction,0.5713491694284298,0.5629388563786628,0.3464495069521046,180.5084035874373,0.004521338682225671
PF-P01,PF-D0019,PF-C00739,Simple,Review,Review,True,Document extraction,0.7999912748381942,0.7842574323635874,0.6949087011065499,188.7534337697811,0.004741585364912494
PF-P02,PF-D0020,PF-C00740,Simple,Clear,Clear,True,Document extraction,0.8889239714259186,0.8452056007726851,0.7509170872675531,180.66530682275828,0.002821246146779781
PF-P03,PF-D0021,PF-C00741,Moderate,Clear,Insufficient,False,Document extraction,0.804320760794158,0.6817625858184262,0.653737576243454,228.5922537121794,0.00383293225311718
PF-P04,PF-D0022,PF-C00742,Moderate,Clear,Review,False,Document extraction,0.8836708601675961,0.7290734353293506,0.7607641318109587,200.98966929152473,0.0029042023378406433
PF-P05,PF-D0023,PF-C00743,Complex,Review,Clear,False,Document extraction,0.522658374568411,0.5775428756865143,0.7121805955304514,220.70640169515593,0.004551172666454653
PF-P06,PF-D0024,PF-C00744,Simple,Clear,Clear,True,Document extraction,0.8228133545084642,0.7622712788002298,0.6999029312161178,150.4068968384158,0.004053310099727663
PF-P01,PF-D0025,PF-C00745,Simple,Review,Clear,False,Document extraction,0.7041574058205232,0.7935021819890348,0.38690852928542824,189.2770733641761,0.0038004680229321757
PF-P02,PF-D0026,PF-C00746,Simple,Insufficient,Insufficient,True,Document extraction,0.8561287547377785,0.6524620679259169,0.7838089544943134,192.87155463827614,0.0032869103114753153
PF-P03,PF-D0027,PF-C00747,Simple,Review,Review,True,Document extraction,0.48951501913382073,0.5942354651385894,0.46154288012011574,111.50757615052242,0.003853490736254876
PF-P04,PF-D0028,PF-C00748,Simple,Clear,Clear,True,Document extraction,0.7138274470395669,0.8044233140870916,0.6997137711981656,117.54077348809676,0.0032872189889876975
PF-P05,PF-D0029,PF-C00749,Simple,Review,Review,True,Document extraction,0.7740128922052573,0.7242696334719396,0.438484415423216,136.19913189841205,0.0037188136823654108
PF-P06,PF-D0030,PF-C00750,Simple,Review,Review,True,Document extraction,0.7270724690314303,0.6293475725941914,0.542336397491766,126.3457711278166,0.0036446603322248783
PF-P01,PF-D0031,PF-C00751,Complex,Clear,Clear,True,Document extraction,0.827313626157212,0.6162776368524308,0.8385190159296971,292.7318646468607,0.005285297026129385
PF-P02,PF-D0032,PF-C00752,Moderate,Clear,Escalate,False,Document extraction,0.6112515518177312,0.5855184785593132,0.6430606311219206,190.09615852301064,0.0037672235635819594
PF-P03,PF-D0033,PF-C00753,Complex,Insufficient,Clear,False,Document extraction,0.5947321028460417,0.500164156223478,0.49478634884320905,227.07582232740648,0.005230720573550475
PF-P04,PF-D0034,PF-C00754,Simple,Review,Review,True,Document extraction,0.7026236856693677,0.6679359995233143,0.382670337462796,214.60744905093563,0.003320272148008307
PF-P05,PF-D0035,PF-C00755,Simple,Review,Review,True,Document extraction,0.6787236915374041,0.6815848558210063,0.7533093355629273,150.09426282371146,0.004333577107806468
PF-P06,PF-D0036,PF-C00756,Simple,Review,Clear,False,Document extraction,0.8116438383945074,0.7452959529974333,0.6290538170446477,191.1593294979748,0.0047807137541353625
PF-P01,PF-D0037,PF-C00757,Complex,Review,Review,True,Document extraction,0.48940018697037097,0.533639178853509,0.5966935829575739,274.5714006346116,0.004676745756211743
PF-P02,PF-D0038,PF-C00758,Moderate,Escalate,Escalate,True,Document extraction,0.5352277131126176,0.5318771371199806,0.32250881484266736,221.12858328528807,0.0029634163158453685
PF-P03,PF-D0039,PF-C00759,Simple,Review,Review,True,Document extraction,0.723191287206628,0.663996035629291,0.5490056553382003,182.21002979945652,0.004217780776571971
PF-P04,PF-D0040,PF-C00760,Simple,Escalate,Clear,False,Document extraction,0.7116635805153303,0.657671553027792,0.723924397091383,142.5300588107691,0.0033682956443917226
PF-P05,PF-D0041,PF-C00761,Simple,Clear,Clear,True,Document extraction,0.8340951703499958,0.8194545631733147,0.8405584406292856,165.9695477898249,0.004584096955301418
PF-P06,PF-D0042,PF-C00762,Moderate,Review,Review,True,Document extraction,0.6587746498944387,0.620044895776839,0.6573472847862524,190.97276590529253,0.004151297303035309
PF-P01,PF-D0043,PF-C00763,Moderate,Clear,Clear,True,Document extraction,0.8210506393008306,0.7579591605010697,0.40761376393014603,224.9654873731655,0.004693306393105419
PF-P02,PF-D0044,PF-C00764,Simple,Clear,Clear,True,Document extraction,0.9015586275338637,0.801877404282273,0.7801012709601074,183.39447478890864,0.004208165863688916
PF-P03,PF-D0045,PF-C00765,Simple,Escalate,Clear,False,Document extraction,0.8245513554189194,0.6741055147078431,0.47210079093579316,203.69783319110275,0.004056241387297288
PF-P04,PF-D0046,PF-C00766,Complex,Review,Review,True,Document extraction,0.6044072673959385,0.619420633155208,0.8060188683070771,226.1848460353279,0.005732563805386401
PF-P05,PF-D0047,PF-C00767,Moderate,Clear,Clear,True,Document extraction,0.5467238820691581,0.6924304262301549,0.5014199994270598,175.04742529113457,0.0035185101098181475
PF-P06,PF-D0048,PF-C00768,Complex,Review,Review,True,Document extraction,0.7017008457811245,0.6297259685519168,0.5178453862248834,321.54847348945964,0.005011295337816614
PF-P01,PF-D0049,PF-C00769,Moderate,Review,Review,True,Document extraction,0.3353729150329531,0.5818894430045141,0.318978776371513,180.28435459737153,0.004402619479748966
PF-P02,PF-D0050,PF-C00770,Moderate,Insufficient,Insufficient,True,Document extraction,0.7330409035293258,0.659462273978865,0.6205722725756887,188.62103708304556,0.003929878861358517
PF-P03,PF-D0051,PF-C00771,Moderate,Escalate,Review,False,Document extraction,0.7830288667704693,0.626299707346832,0.7473451353799885,200.29197928523365,0.004577158197123844
PF-P04,PF-D0052,PF-C00772,Simple,Review,Clear,False,Document extraction,0.8980272656363694,0.6639823579721211,0.4463096346232265,167.1977641664088,0.00348663302961841
PF-P05,PF-D0053,PF-C00773,Complex,Insufficient,Insufficient,True,Document extraction,0.3028249350547167,0.25196640900076145,0.4321582467850141,217.26601857558882,0.004974946877281156
PF-P06,PF-D0054,PF-C00774,Moderate,Review,Escalate,False,Document extraction,0.4023183207919969,0.5791181460637476,0.5225647456800508,212.2429774111565,0.0035063482849498244
PF-P01,PF-D0055,PF-C00775,Simple,Clear,Escalate,False,Document extraction,0.40165050513392775,0.5978828396670425,0.6988243909925728,117.06258031325697,0.005114629837285143
PF-P02,PF-D0056,PF-C00776,Simple,Insufficient,Clear,False,Document extraction,0.9336982271582286,0.8123882644406375,0.66325258017947,201.98100818902316,0.00384096143388944
PF-P03,PF-D0057,PF-C00777,Complex,Insufficient,Review,False,Document extraction,0.6712996420169088,0.5998881334589727,0.3099595734265986,246.76242697696105,0.004444765036574543
PF-P04,PF-D0058,PF-C00778,Simple,Clear,Clear,True,Document extraction,0.8573062419994035,0.8051441939831155,0.5214166034554678,194.1660724386879,0.004225692872261542
PF-P05,PF-D0059,PF-C00779,Moderate,Clear,Clear,True,Document extraction,0.8973646159404869,0.6708658304713211,0.5966704390664261,227.96874503539223,0.0035379223379363046
PF-P06,PF-D0060,PF-C00780,Simple,Review,Review,True,Document extraction,0.7969997553349571,0.7620030769403668,0.5718010442301064,161.9215576573952,0.003512087327007641
PF-P01,PF-D0061,PF-C00781,Simple,Escalate,Review,False,Document extraction,0.8773003475211779,0.782386627058842,0.6282024923758156,194.35491137203698,0.0034202905813299793
PF-P02,PF-D0062,PF-C00782,Moderate,Escalate,Escalate,True,Document extraction,0.36891630180350865,0.47797040288995607,0.3901495578679578,192.89962709002373,0.0036525928222128873
PF-P03,PF-D0063,PF-C00783,Simple,Clear,Clear,True,Document extraction,0.928567061812527,0.8142843415782614,0.5413473291041613,147.69505776887343,0.004623443964453886
PF-P04,PF-D0064,PF-C00784,Complex,Review,Clear,False,Document extraction,0.6156918674034807,0.6068927897689669,0.3773429407604989,238.99104500766836,0.004855241170128159
PF-P05,PF-D0065,PF-C00785,Moderate,Escalate,Review,False,Document extraction,0.3249027113503802,0.5929235945112455,0.4657231203505209,190.48042931695161,0.0036101208607572928
PF-P06,PF-D0066,PF-C00786,Simple,Insufficient,Insufficient,True,Document extraction,0.7933667783866809,0.7195049745911746,0.5939849543151057,172.19093032587676,0.0042834758343901725
PF-P01,PF-D0067,PF-C00787,Simple,Escalate,Insufficient,False,Document extraction,0.8099462950359051,0.7473027377530026,0.3674655079736847,162.95004239199096,0.004131524377745412
PF-P02,PF-D0068,PF-C00788,Simple,Clear,Clear,True,Document extraction,0.8389654987416191,0.7946034928611047,0.4806385794803673,160.10259523719733,0.0041939069275988014
PF-P03,PF-D0069,PF-C00789,Simple,Review,Review,True,Document extraction,0.6750011469149163,0.7726856506850731,0.510668493154497,150.07556532030284,0.003036351933413446
PF-P04,PF-D0070,PF-C00790,Simple,Clear,Clear,True,Document extraction,0.7856000504748845,0.7902822864444049,0.6664959536351349,215.26630333307895,0.00398395021796843
PF-P05,PF-D0071,PF-C00791,Simple,Clear,Clear,True,Document extraction,0.9281339762918831,0.7712935607652757,0.43289447264750147,158.2907231788252,0.005062336753982772
PF-P06,PF-D0072,PF-C00792,Complex,Escalate,Clear,False,Document extraction,0.8035760871287683,0.649800834952024,0.5100099347516936,255.1233541774795,0.005282984212641134
PF-P01,PF-D0073,PF-C00793,Simple,Review,Review,True,Document extraction,0.7591044485389868,0.7516020097934487,0.693852396818446,166.06450410548658,0.002923969894411663
PF-P02,PF-D0074,PF-C00794,Complex,Clear,Clear,True,Document extraction,0.7951017833741274,0.6942150159759092,0.4733718468589777,220.76767028846513,0.005290489892885368
PF-P03,PF-D0075,PF-C00795,Simple,Escalate,Clear,False,Document extraction,0.8645467680316614,0.7771580464823972,0.7263693337507716,186.15034484578737,0.004478514193376126
PF-P04,PF-D0076,PF-C00796,Simple,Review,Review,True,Document extraction,0.7573366667775342,0.6019739636790286,0.32066236513090923,205.90734764001644,0.0038169485259717368
PF-P05,PF-D0077,PF-C00797,Simple,Review,Review,True,Document extraction,0.6454606378247109,0.738223419745965,0.3391489960142208,137.3572210246065,0.004339855689981154
PF-P06,PF-D0078,PF-C00798,Moderate,Clear,Review,False,Document extraction,0.5482525694521289,0.6036982014935381,0.46139015095310526,185.80086788389195,0.0037693484306664565
PF-P01,PF-D0079,PF-C00799,Moderate,Review,Clear,False,Document extraction,0.8688894333421873,0.7898737617297994,0.6211755503996319,230.27514831767496,0.0036990891288206165
PF-P02,PF-D0080,PF-C00800,Complex,Clear,Clear,True,Document extraction,0.6885187630802909,0.6530495987052355,0.5011356675830869,203.7367863223745,0.004427307177252692
PF-P03,PF-D0081,PF-C00801,Simple,Review,Review,True,Document extraction,0.8107107103357988,0.8063992518150619,0.5009133271102708,170.24243067874468,0.003899541411419706
PF-P04,PF-D0082,PF-C00802,Simple,Clear,Clear,True,Document extraction,0.821883826569057,0.7503265707505177,0.019995109777268177,145.447615802963,0.003973708351696703
PF-P05,PF-D0083,PF-C00803,Simple,Clear,Clear,True,Document extraction,0.9665734729119512,0.9088995962834164,0.7598788795419827,183.6483638937541,0.0040720896086380125
PF-P06,PF-D0084,PF-C00804,Simple,Escalate,Escalate,True,Document extraction,0.8516839435266309,0.7532523218146725,0.686952936272885,114.6353215716088,0.004064629135290905
PF-P01,PF-D0085,PF-C00805,Moderate,Escalate,Insufficient,False,Document extraction,0.35448253017015435,0.551317426186471,0.2612944576499238,139.41008462496194,0.004562831690308471
PF-P02,PF-D0086,PF-C00806,Simple,Clear,Clear,True,Document extraction,0.6363693651658149,0.7226460468906206,0.6104137319433439,188.4704172324774,0.0036795312969059852
PF-P03,PF-D0087,PF-C00807,Simple,Escalate,Clear,False,Document extraction,0.7424755475529881,0.7755987386660569,0.8510042120663357,223.20143846809532,0.004152601777137661
PF-P04,PF-D0088,PF-C00808,Simple,Clear,Clear,True,Document extraction,0.9477758396739183,0.8201428024306241,0.8277601918593807,143.20181835503087,0.0035592406955294548
PF-P05,PF-D0089,PF-C00809,Simple,Clear,Clear,True,Document extraction,0.7731249393482346,0.808197174555024,0.519969269767499,158.34448238916679,0.0035900217133331795
PF-P06,PF-D0090,PF-C00810,Simple,Escalate,Escalate,True,Document extraction,0.5291139889427369,0.515699669468591,0.5801694340658551,151.1782239504314,0.004740188689561616
PF-P01,PF-D0091,PF-C00811,Simple,Review,Clear,False,Document extraction,0.7281105936371153,0.7105647558674376,0.6382162828133828,139.44988892054906,0.00361941566104073
PF-P02,PF-D0092,PF-C00812,Moderate,Escalate,Clear,False,Document extraction,0.8373005212082817,0.6736359412069131,0.28108295612210527,196.77420396686455,0.0038265023433017766
PF-P03,PF-D0093,PF-C00813,Complex,Insufficient,Insufficient,True,Document extraction,0.35669616951438393,0.494331158166368,0.3641696256715917,229.07247621507187,0.005120678896946789
PF-P04,PF-D0094,PF-C00814,Moderate,Escalate,Escalate,True,Document extraction,0.7170597300221486,0.5652895275354826,0.6246767317446772,199.5306689269827,0.0035443622913294867
PF-P05,PF-D0095,PF-C00815,Complex,Insufficient,Escalate,False,Document extraction,0.41347983684725703,0.39551528846452505,0.23745667535524298,243.52348368280485,0.004283289366678393
PF-P06,PF-D0096,PF-C00816,Simple,Clear,Clear,True,Document extraction,0.805126535293852,0.7522333784002212,0.5576600215249955,165.2495825307193,0.0038361742139512716
PF-P01,PF-D0097,PF-C00817,Moderate,Clear,Clear,True,Document extraction,0.6540066601685599,0.6317303287191254,0.5473389193180345,231.55902969492337,0.004289664466843765
PF-P02,PF-D0098,PF-C00818,Simple,Clear,Clear,True,Document extraction,0.8020490123023284,0.8160248399156742,0.47667654886283445,206.94880145993352,0.0037500711156540196
PF-P03,PF-D0099,PF-C00819,Complex,Insufficient,Insufficient,True,Document extraction,0.5832764947009333,0.5836657594593132,0.37134196655110413,267.16124389395645,0.005618879192104
PF-P04,PF-D0100,PF-C00820,Simple,Insufficient,Clear,False,Document extraction,0.9017244082930818,0.8080511666945114,0.7970123048242441,174.73409300884822,0.004651771006664084
PF-P05,PF-D0101,PF-C00821,Simple,Clear,Clear,True,Document extraction,0.7977212109780484,0.8364094997384447,0.9369024162573805,170.01913967690052,0.0036875849480029685
PF-P06,PF-D0102,PF-C00822,Moderate,Clear,Clear,True,Document extraction,0.7209437897980215,0.6334443470750685,0.386058226485744,170.06347583734146,0.0035115164830182757
PF-P01,PF-D0103,PF-C00823,Moderate,Review,Review,True,Document extraction,0.7986869791307153,0.6732046779938339,0.604028435816336,178.34791877565377,0.003519686815129866
PF-P02,PF-D0104,PF-C00824,Moderate,Insufficient,Insufficient,True,Document extraction,0.6204619908689181,0.7366672750472063,0.7512182716363265,261.76108971662046,0.0039911696918394106
PF-P03,PF-D0105,PF-C00825,Simple,Clear,Clear,True,Document extraction,0.9671202376797885,0.8389698357086142,0.8853827805476586,140.16904516196408,0.003958583612712008
PF-P04,PF-D0106,PF-C00826,Moderate,Insufficient,Clear,False,Document extraction,0.40814311714092993,0.5506813223767737,0.4402958266268279,179.58056784162505,0.004465642456026397
PF-P05,PF-D0107,PF-C00827,Complex,Clear,Review,False,Document extraction,0.1777083327762356,0.5035965661765534,0.4865194771650486,277.9167303908196,0.004670986378244231
PF-P06,PF-D0108,PF-C00828,Complex,Clear,Clear,True,Document extraction,0.5528285111970127,0.6212938380339958,0.6013285752894348,243.39039543331663,0.00505044191903428
PF-P01,PF-D0109,PF-C00829,Moderate,Clear,Clear,True,Document extraction,0.8306886939312856,0.6450345051774127,0.5988013387020283,193.9992828147421,0.003267658405063131
PF-P02,PF-D0110,PF-C00830,Simple,Clear,Clear,True,Document extraction,0.91842253750083,0.84963794984988,1.0,205.45352715222964,0.003502565185250767
PF-P03,PF-D0111,PF-C00831,Simple,Clear,Escalate,False,Document extraction,0.7968355448526749,0.8213616676317893,0.6987660563433905,204.91877272498587,0.004401539391465794
PF-P04,PF-D0112,PF-C00832,Moderate,Review,Insufficient,False,Document extraction,0.5127948723192377,0.6687150928291367,0.3325169230174071,230.04627048555977,0.004410861109380503
PF-P05,PF-D0113,PF-C00833,Complex,Clear,Review,False,Document extraction,0.7295783289275987,0.46447480594835866,0.10415885850952747,229.47375704424752,0.004827327085493724
PF-P06,PF-D0114,PF-C00834,Moderate,Clear,Clear,True,Document extraction,0.8629013407665614,0.7339601019524338,0.5613949636744832,183.47592022806413,0.003857923028692807
PF-P01,PF-D0115,PF-C00835,Simple,Review,Review,True,Document extraction,0.7987634982055916,0.7256095415703802,0.8551620556235967,152.4095112796869,0.004223769033527078
PF-P02,PF-D0116,PF-C00836,Simple,Insufficient,Insufficient,True,Document extraction,0.5720610468885977,0.6391535662386768,0.6470242087119462,185.63083354546768,0.004343280229182327
PF-P03,PF-D0117,PF-C00837,Moderate,Clear,Review,False,Document extraction,0.5631417047512796,0.5748870846329249,0.04502666856818995,217.0384156118372,0.0036561488857737925
PF-P04,PF-D0118,PF-C00838,Moderate,Clear,Clear,True,Document extraction,0.7499223710355007,0.6848979256973543,0.6444218103234848,202.92155335590124,0.0038685973985781927
PF-P05,PF-D0119,PF-C00839,Moderate,Clear,Clear,True,Document extraction,0.7801122460577572,0.6971204008592523,0.2752932053915965,212.57461949224876,0.0037903022290583753
PF-P06,PF-D0120,PF-C00840,Complex,Clear,Clear,True,Document extraction,0.5921998879456972,0.5354279585352347,0.5812350696804803,252.1477447478107,0.0047286437469473246
PF-P01,PF-D0121,PF-C00841,Simple,Review,Review,True,Document extraction,0.8997800829388394,0.8567881621469773,0.7405500327716626,116.08829144226735,0.00280253637753339
PF-P02,PF-D0122,PF-C00842,Simple,Review,Clear,False,Document extraction,0.841035420941579,0.7029145107743826,0.5841821785700593,192.7440824899579,0.004544478307899515
PF-P03,PF-D0123,PF-C00843,Complex,Clear,Clear,True,Document extraction,0.629099603801838,0.719430271850609,0.41560781348374487,244.29815779664645,0.00581935366020799
PF-P04,PF-D0124,PF-C00844,Complex,Review,Review,True,Document extraction,0.3410507878616775,0.537144057679941,0.10296509444210236,315.2510370667173,0.005199907033522878
PF-P05,PF-D0125,PF-C00845,Moderate,Insufficient,Insufficient,True,Document extraction,0.5508798855383734,0.5342902144925896,0.44490145604115205,186.61263602870054,0.0035797189469758154
PF-P06,PF-D0126,PF-C00846,Simple,Review,Review,True,Document extraction,0.916874031155489,0.8512795962783644,0.5816021734287373,150.00010592268887,0.0053817664389414635
PF-P01,PF-D0127,PF-C00847,Complex,Insufficient,Clear,False,Document extraction,0.6957517139584403,0.5709081931349274,0.6726572761168157,250.2021469618236,0.0052274320685581615
PF-P02,PF-D0128,PF-C00848,Simple,Review,Review,True,Document extraction,0.7329349887617466,0.6584906610511871,0.839831820618036,229.10258097872102,0.0041336233096900404
PF-P03,PF-D0129,PF-C00849,Complex,Insufficient,Review,False,Document extraction,0.6672314149312335,0.5624727264351486,0.48501382996964276,294.821570210784,0.00553347571347845
PF-P04,PF-D0130,PF-C00850,Complex,Clear,Clear,True,Document extraction,0.5371104516960535,0.475143041306418,0.25845230502342326,286.4062713139539,0.004853907509250141
PF-P05,PF-D0131,PF-C00851,Simple,Clear,Clear,True,Document extraction,0.7658136860611718,0.66283623307674,0.42995613840544566,216.55451613823737,0.00441342523566181
PF-P06,PF-D0132,PF-C00852,Simple,Clear,Clear,True,Document extraction,0.9435038131969279,0.8115331105676491,0.6733820654228363,161.54856561384676,0.0039013327772546356
PF-P01,PF-D0133,PF-C00853,Complex,Insufficient,Insufficient,True,Document extraction,0.5831273291534166,0.46641750802854004,0.35166610120609565,283.39996676604096,0.005528497721014165
PF-P02,PF-D0134,PF-C00854,Simple,Clear,Clear,True,Document extraction,0.9590856268104871,0.7338838494953653,0.7232088916345892,161.18088239947042,0.004382358929943558
PF-P03,PF-D0135,PF-C00855,Complex,Insufficient,Insufficient,True,Document extraction,0.5250100932937486,0.6037219868207997,0.617699022639011,243.65820953253976,0.004078835496323341
PF-P04,PF-D0136,PF-C00856,Moderate,Clear,Insufficient,False,Document extraction,0.4196637184279468,0.5324255691867035,0.43962387514111073,213.65906027767036,0.003054851916482403
PF-P05,PF-D0137,PF-C00857,Simple,Insufficient,Clear,False,Document extraction,0.7694549942917411,0.7641157864780281,0.40438347672953057,210.3190266812677,0.00394379827722671
PF-P06,PF-D0138,PF-C00858,Moderate,Clear,Clear,True,Document extraction,0.9183268983808304,0.7807834089752804,0.6903451247010979,206.42253864051534,0.003794001698151349
PF-P01,PF-D0139,PF-C00859,Moderate,Clear,Escalate,False,Document extraction,0.49303689764736286,0.5227942367541715,0.22447140912853109,173.86160444552803,0.0037820664789169904
PF-P02,PF-D0140,PF-C00860,Complex,Clear,Review,False,Document extraction,0.6449904926184895,0.5412025498664382,0.3359119379387329,238.99093252441298,0.004216260657430195
PF-P03,PF-D0141,PF-C00861,Simple,Insufficient,Review,False,Document extraction,0.9098470957126162,0.8346243026605855,0.6433198817469232,169.50475989918758,0.00363536265287622
PF-P04,PF-D0142,PF-C00862,Simple,Insufficient,Insufficient,True,Document extraction,0.7523869638147566,0.738167887820448,0.6215952389253813,167.27241262158523,0.004795852663882665
PF-P05,PF-D0143,PF-C00863,Simple,Escalate,Escalate,True,Document extraction,0.9153326741624901,0.8386291276516301,0.8301028336912605,210.64585543848338,0.0036906941894228247
PF-P06,PF-D0144,PF-C00864,Simple,Insufficient,Insufficient,True,Document extraction,0.9046994152576765,0.7467189318011423,0.8208121162802656,206.87666296088298,0.0038250208512186057
PF-P01,PF-D0145,PF-C00865,Moderate,Clear,Insufficient,False,Document extraction,0.7774875206724706,0.543856896539794,0.2753752662271949,230.27541231094892,0.004381011138197779
PF-P02,PF-D0146,PF-C00866,Moderate,Review,Review,True,Document extraction,0.8105130127877739,0.699022231215553,0.7257404737842397,219.53916214331127,0.004299132775008581
PF-P03,PF-D0147,PF-C00867,Simple,Clear,Clear,True,Document extraction,0.7633596762724856,0.750569112812502,0.47304604213346496,152.17767562820404,0.0043728279460159124
PF-P04,PF-D0148,PF-C00868,Simple,Clear,Clear,True,Document extraction,0.7660501521134847,0.7746422729044562,0.5690071380528744,169.51178689183837,0.0037107326607182037
PF-P05,PF-D0149,PF-C00869,Simple,Review,Review,True,Document extraction,0.9522023447540309,0.8394992416600078,0.7268351039667571,176.94997170496254,0.00423241674657713
PF-P06,PF-D0150,PF-C00870,Complex,Review,Review,True,Document extraction,0.3844194127470162,0.5548910752905836,0.43364474161445254,253.84863313790052,0.0044102109822354504
PF-P01,PF-D0151,PF-C00871,Complex,Clear,Review,False,Document extraction,0.40926236316049885,0.3714737217152132,0.16684915931060118,270.6806627616521,0.005464970330756868
PF-P02,PF-D0152,PF-C00872,Simple,Insufficient,Insufficient,True,Document extraction,0.6544598267593579,0.634656985449225,0.6825798667007896,170.51368164564997,0.004014452337088256
PF-P03,PF-D0153,PF-C00873,Simple,Insufficient,Insufficient,True,Document extraction,0.7293989406732426,0.7333659596646491,0.5356414306416314,197.86305061846645,0.004273409241890915
PF-P04,PF-D0154,PF-C00874,Simple,Escalate,Insufficient,False,Document extraction,0.7907571132007537,0.6931886224823757,0.4188671338577415,157.65038682505747,0.0033633158837656644
PF-P05,PF-D0155,PF-C00875,Complex,Review,Review,True,Document extraction,0.2969169711871061,0.40814283870411583,0.42940193779362434,243.3603511418993,0.004814142654756947
PF-P06,PF-D0156,PF-C00876,Moderate,Insufficient,Insufficient,True,Document extraction,0.45490485359152116,0.6280553703710683,0.6541980782497847,196.0690773501904,0.004654554864565893
PF-P01,PF-D0157,PF-C00877,Moderate,Insufficient,Review,False,Document extraction,0.6505134317634452,0.6387684425864975,0.48636967821039045,179.657790607928,0.00340255207940758
PF-P02,PF-D0158,PF-C00878,Moderate,Clear,Clear,True,Document extraction,0.8182498805805923,0.6564026099444695,0.4296231349248901,185.29223350300057,0.0037510144601005367
PF-P03,PF-D0159,PF-C00879,Moderate,Escalate,Review,False,Document extraction,0.43750436941852133,0.49232211132909626,0.32096719884900665,219.80640000249554,0.004723882706141949
PF-P04,PF-D0160,PF-C00880,Moderate,Clear,Clear,True,Document extraction,0.6328995753135717,0.6594352710282463,0.4360584605369738,162.927526619339,0.004242796590904653
PF-P05,PF-D0161,PF-C00881,Simple,Escalate,Escalate,True,Document extraction,0.5707031883271119,0.6130428754422956,0.5806983038917659,216.53750144583125,0.0037307824437992016
PF-P06,PF-D0162,PF-C00882,Moderate,Clear,Clear,True,Document extraction,0.8206255852540588,0.7851912557686043,0.7261835704971129,116.44680085534915,0.003485331796245009
PF-P01,PF-D0163,PF-C00883,Complex,Review,Review,True,Document extraction,0.5643849923609405,0.5330219733994204,0.11694955388279205,247.04955406790492,0.004548176938703476
PF-P02,PF-D0164,PF-C00884,Complex,Clear,Clear,True,Document extraction,0.5730977441538595,0.6582715783096009,0.5998168112020922,281.96303575085034,0.004797017269462902
PF-P03,PF-D0165,PF-C00885,Simple,Insufficient,Insufficient,True,Document extraction,0.8239111328196895,0.7201477884773869,0.40713523441250493,154.8751088807192,0.0045725727732921105
PF-P04,PF-D0166,PF-C00886,Simple,Clear,Clear,True,Document extraction,0.7124262014514223,0.5861099027684405,0.30534525279637154,132.48230609903928,0.004243419564552473
PF-P05,PF-D0167,PF-C00887,Moderate,Clear,Clear,True,Document extraction,0.8408246563287142,0.7018547694191198,0.5502068900148119,154.4601864535896,0.004433002302249864
PF-P06,PF-D0168,PF-C00888,Simple,Clear,Clear,True,Document extraction,0.6708735190757938,0.7454400319658981,0.25566251926449657,163.76340311677652,0.0048877646874582095
PF-P01,PF-D0169,PF-C00889,Simple,Review,Review,True,Document extraction,0.5681790372387971,0.6499825367018766,0.5357524617224567,158.37362102145983,0.004502767691042573
PF-P02,PF-D0170,PF-C00890,Simple,Clear,Clear,True,Document extraction,0.7853874297441089,0.7339655227722165,0.6935902417476136,173.53765452061515,0.0033378797756642648
PF-P03,PF-D0171,PF-C00891,Simple,Insufficient,Clear,False,Document extraction,0.9062770874154533,0.6852562178540279,0.596000863308109,220.94214884966087,0.0030667170524448792
PF-P04,PF-D0172,PF-C00892,Simple,Review,Insufficient,False,Document extraction,0.7414702340490917,0.6655200764251882,0.3811336064219729,114.20525889024613,0.004858741773314414
PF-P05,PF-D0173,PF-C00893,Complex,Insufficient,Clear,False,Document extraction,0.570013104286876,0.5288267254076042,0.42875946970723033,264.96519891170993,0.0044775389162569155
PF-P06,PF-D0174,PF-C00894,Simple,Clear,Clear,True,Document extraction,0.9685667978067163,0.8727233858869115,0.6606002430224699,163.91954546967096,0.0040765202101635456
PF-P01,PF-D0175,PF-C00895,Complex,Clear,Clear,True,Document extraction,0.40575221017571095,0.5206571791655935,0.5182704204045423,243.81490421192922,0.0047044344712840825
PF-P02,PF-D0176,PF-C00896,Moderate,Insufficient,Insufficient,True,Document extraction,0.8132082325813116,0.5860534908350612,0.3461843115635265,183.0707721925662,0.002798281846896908
PF-P03,PF-D0177,PF-C00897,Complex,Clear,Clear,True,Document extraction,0.5576813073373896,0.689112984651286,0.5516985335032107,244.36290806930432,0.005050354545281565
PF-P04,PF-D0178,PF-C00898,Moderate,Escalate,Escalate,True,Document extraction,0.7080710386724318,0.5184596841977445,0.3279526658252454,270.52597776459606,0.004325766622261424
PF-P05,PF-D0179,PF-C00899,Simple,Review,Review,True,Document extraction,0.8873120380505607,0.712901255234815,0.47995333183309175,142.86772877611105,0.0031969414658070214
PF-P06,PF-D0180,PF-C00900,Simple,Clear,Clear,True,Document extraction,0.8868709341351377,0.7986419628797241,0.6411420099024542,146.82512885072805,0.00465754273005143
PF-P01,PF-D0001,PF-C00001,Simple,Escalate,Clear,False,Classification,0.7429815941662835,0.7604654795345791,0.5987983510383512,68.29572152002547,0.00181362727698994
PF-P02,PF-D0002,PF-C00002,Simple,Insufficient,Insufficient,True,Classification,0.7593960049942879,0.8009349724211275,0.8873226057109664,104.80984012774151,0.002170624392318843
PF-P03,PF-D0003,PF-C00003,Moderate,Insufficient,Insufficient,True,Classification,0.7757267841341978,0.7478009810888463,0.6408512868167453,167.71655919019443,0.0020187455041381385
PF-P04,PF-D0004,PF-C00004,Complex,Escalate,Clear,False,Classification,0.6046143954004216,0.6606323759678613,0.5423292485747582,204.31315979062728,0.0029325137648451775
PF-P05,PF-D0005,PF-C00005,Moderate,Clear,Clear,True,Classification,0.8422872676903385,0.7751339045835559,0.5457754644594175,113.13620852349483,0.0021530155746238865
PF-P06,PF-D0006,PF-C00006,Moderate,Escalate,Review,False,Classification,0.5828769529266997,0.6990714169630855,0.573509229458673,133.18932135677875,0.0013594905779490377
PF-P01,PF-D0007,PF-C00007,Moderate,Clear,Clear,True,Classification,0.9017432450679677,0.7278839084632072,0.6224777579822823,144.49018617645967,0.0015386964843059608
PF-P02,PF-D0008,PF-C00008,Simple,Clear,Clear,True,Classification,0.769747247101072,0.7496838492352328,0.6163502467089857,137.13226308361016,0.0019715625237367645
PF-P03,PF-D0009,PF-C00009,Simple,Insufficient,Insufficient,True,Classification,0.7559225019727861,0.6510199213514972,0.3166173798326022,113.72049204788284,0.0021185080319404536
PF-P04,PF-D0010,PF-C00010,Simple,Review,Review,True,Classification,0.8188123033271377,0.8475159431560916,0.8964664927300028,138.3090734770022,0.0024671366420474135
PF-P05,PF-D0011,PF-C00011,Moderate,Escalate,Escalate,True,Classification,0.4384590323492907,0.5880969582767053,0.93050942658915,156.94136677687766,0.001540669695520688
PF-P06,PF-D0012,PF-C00012,Simple,Review,Review,True,Classification,0.6782858313584946,0.7638170585518583,0.8772192987711755,107.11468559168108,0.002301490228677915
PF-P01,PF-D0013,PF-C00013,Complex,Insufficient,Insufficient,True,Classification,0.7122101868202888,0.6186856498370128,0.5286262148869108,194.46432461983028,0.002257642532863179
PF-P02,PF-D0014,PF-C00014,Moderate,Review,Clear,False,Classification,0.7241868312670728,0.7394499478599412,0.48091658602035203,198.07941442646347,0.0016943814513446054
PF-P03,PF-D0015,PF-C00015,Moderate,Review,Review,True,Classification,0.4962599080656561,0.6804037563591896,0.2784671306656941,140.32578323142118,0.0021425160147204906
PF-P04,PF-D0016,PF-C00016,Moderate,Review,Review,True,Classification,0.5283854240049775,0.6769332993494375,0.6844020867621199,154.72099630257762,0.001689715320028485
PF-P05,PF-D0017,PF-C00017,Simple,Clear,Clear,True,Classification,0.8879630779627932,0.8428490563940103,0.6130769673332465,133.6514542934355,0.0021041947044077784
PF-P06,PF-D0018,PF-C00018,Moderate,Clear,Clear,True,Classification,0.7632116019486783,0.8332724600861862,0.517807103002133,163.57769676687653,0.0018568496645989818
PF-P01,PF-D0019,PF-C00019,Moderate,Review,Review,True,Classification,0.870100826784508,0.8191726806487399,0.7108527346936203,145.47998720506644,0.001456090815525171
PF-P02,PF-D0020,PF-C00020,Simple,Clear,Clear,True,Classification,0.7731133598136085,0.7696888994212192,0.5439531484840624,144.28482573734132,0.0018932339393360768
PF-P03,PF-D0021,PF-C00021,Moderate,Clear,Clear,True,Classification,0.8382179598988647,0.732574245871182,0.565600551987988,146.96078668380045,0.0021253445027481738
PF-P04,PF-D0022,PF-C00022,Moderate,Review,Review,True,Classification,0.7765474786394273,0.7062608649722028,0.6310407435123578,137.0901578697165,0.0015122213149182365
PF-P05,PF-D0023,PF-C00023,Complex,Escalate,Review,False,Classification,0.4336553854958641,0.5461117877376036,0.5085687042416142,183.82317304420047,0.0028530777396494136
PF-P06,PF-D0024,PF-C00024,Moderate,Clear,Clear,True,Classification,0.8061336309053247,0.6757498629664813,0.6315762500457802,138.95043034915273,0.002051049801622759
PF-P01,PF-D0025,PF-C00025,Complex,Insufficient,Insufficient,True,Classification,0.6004971333581088,0.5201146280163397,0.632577277449533,164.88479259518778,0.0021666638785845173
PF-P02,PF-D0026,PF-C00026,Moderate,Review,Review,True,Classification,0.8997964848253367,0.8205687564576765,0.4039528659828315,101.13056245625276,0.0022716670019100604
PF-P03,PF-D0027,PF-C00027,Simple,Insufficient,Insufficient,True,Classification,0.8214636933614783,0.7757570676637139,0.7612512154475588,124.5510587622065,0.0020236683217830214
PF-P04,PF-D0028,PF-C00028,Simple,Clear,Escalate,False,Classification,0.5018858421037903,0.6708818643199771,0.6195363122725474,136.99338850289192,0.0017297368311512728
PF-P05,PF-D0029,PF-C00029,Simple,Clear,Insufficient,False,Classification,0.705625353063369,0.7000028540331303,0.5151311766447111,112.97016343754565,0.0017080214809282808
PF-P06,PF-D0030,PF-C00030,Moderate,Escalate,Escalate,True,Classification,0.8861896308506343,0.759223806047273,0.6981954821686254,138.13994767694481,0.0018546256456044804
PF-P01,PF-D0031,PF-C00031,Moderate,Clear,Clear,True,Classification,0.7252903373128451,0.7740518369078583,0.6628740004305788,136.60273423141263,0.002215713936158441
PF-P02,PF-D0032,PF-C00032,Simple,Clear,Clear,True,Classification,0.8828749733494259,0.8922579465256799,0.7426287159093299,153.00213353609269,0.001999869074843341
PF-P03,PF-D0033,PF-C00033,Simple,Clear,Clear,True,Classification,0.9530500310816148,0.9089868595862326,0.8104213395878285,157.89927966598452,0.002104880584372309
PF-P04,PF-D0034,PF-C00034,Simple,Clear,Clear,True,Classification,0.8849465318481218,0.9133243035167418,0.5451662611012177,126.870377770308,0.0016187089180509573
PF-P05,PF-D0035,PF-C00035,Simple,Clear,Clear,True,Classification,0.6858780377547674,0.7813772204331267,0.5735731614201691,118.58707443001832,0.0024790907755743606
PF-P06,PF-D0036,PF-C00036,Simple,Clear,Clear,True,Classification,0.716953554108232,0.7781481859321058,0.522283760441234,123.25629143056476,0.0018051589700582178
PF-P01,PF-D0037,PF-C00037,Simple,Escalate,Escalate,True,Classification,0.7167465195641712,0.7129532031602658,0.4124551544096852,121.47841848772713,0.001830216498259436
PF-P02,PF-D0038,PF-C00038,Simple,Review,Review,True,Classification,0.7394411424158653,0.8262260146043442,0.5516413648919443,148.16946373828844,0.002096095803791236
PF-P03,PF-D0039,PF-C00039,Complex,Escalate,Escalate,True,Classification,0.31293531825440796,0.5583411434583702,0.5216902869073866,181.2645017599582,0.002610910623491643
PF-P04,PF-D0040,PF-C00040,Simple,Review,Review,True,Classification,0.8044374987913064,0.8404817753981726,0.6209032385526744,139.14903814119162,0.0016815396556481216
PF-P05,PF-D0041,PF-C00041,Simple,Review,Review,True,Classification,0.9530726852706687,0.9316709103684996,0.9448500144671415,161.84711569884192,0.001995122683857479
PF-P06,PF-D0042,PF-C00042,Simple,Review,Review,True,Classification,0.9671910579081845,0.9153061236158239,0.816438396340006,147.80818591625845,0.002035114319245051
PF-P01,PF-D0043,PF-C00043,Simple,Clear,Clear,True,Classification,0.9453118892243053,0.851450870427824,0.7513303059446143,106.89512956917277,0.0020715599452926733
PF-P02,PF-D0044,PF-C00044,Moderate,Escalate,Escalate,True,Classification,0.7298397493728936,0.6699403131838223,0.8517933919957521,156.50370397572763,0.002035351706391249
PF-P03,PF-D0045,PF-C00045,Complex,Clear,Clear,True,Classification,0.30960833360048157,0.5752181417874461,0.4782678582257028,211.02729933760946,0.002491397403698679
PF-P04,PF-D0046,PF-C00046,Complex,Review,Clear,False,Classification,0.6171957353323,0.36292875127834545,0.11871109667926368,213.0840655721588,0.0026371571632185374
PF-P05,PF-D0047,PF-C00047,Simple,Clear,Clear,True,Classification,0.8266983210221541,0.8304375658954677,0.8988052580019253,145.87002979659923,0.002232037227107716
PF-P06,PF-D0048,PF-C00048,Simple,Clear,Clear,True,Classification,0.9077852344113845,0.8744175758591336,0.868211378614937,149.67255487233203,0.001729835574415534
PF-P01,PF-D0049,PF-C00049,Simple,Review,Review,True,Classification,0.7948547749359532,0.8878551477421606,0.7513723574939529,107.82731179784278,0.002215543185808321
PF-P02,PF-D0050,PF-C00050,Simple,Escalate,Clear,False,Classification,0.8788806965263788,0.8795755823084104,0.6452243422019863,112.9825622484878,0.0017860021873655485
PF-P03,PF-D0051,PF-C00051,Complex,Escalate,Review,False,Classification,0.44815375464380114,0.3797494152957858,0.3033277971259754,171.14029218436318,0.0019079082171821397
PF-P04,PF-D0052,PF-C00052,Moderate,Insufficient,Insufficient,True,Classification,0.6140428068220958,0.7129527370613947,0.47208386288940885,157.54675010582346,0.001988242421962273
PF-P05,PF-D0053,PF-C00053,Moderate,Escalate,Clear,False,Classification,0.7382120270098474,0.6556089996589254,0.23248431490083768,126.18655119762292,0.0016988258278922141
PF-P06,PF-D0054,PF-C00054,Simple,Review,Review,True,Classification,0.7465883594108834,0.7925459343188699,0.8968817035335964,160.6069241073649,0.001967636628721834
PF-P01,PF-D0055,PF-C00055,Simple,Escalate,Escalate,True,Classification,0.9259770502121031,0.8516823178681594,0.7483547023551872,146.78178833486487,0.0015973948957043694
PF-P02,PF-D0056,PF-C00056,Complex,Escalate,Review,False,Classification,0.7243786126790067,0.6001169692748403,0.6409562212497828,203.64083712342875,0.0020316355767039046
PF-P03,PF-D0057,PF-C00057,Simple,Review,Review,True,Classification,0.8103340132644571,0.878998248122518,0.7982276128887814,134.96937936715617,0.0020934689362403806
PF-P04,PF-D0058,PF-C00058,Simple,Clear,Clear,True,Classification,0.901799505323081,0.9269865273698906,0.8024607699713886,139.28936466368506,0.0015775307313345044
PF-P05,PF-D0059,PF-C00059,Simple,Clear,Clear,True,Classification,0.8877209825344414,0.86245937607694,0.7053884147097705,117.93465587769829,0.0018166404764620235
PF-P06,PF-D0060,PF-C00060,Simple,Clear,Clear,True,Classification,0.6805972234172458,0.7880602278668518,0.51278548207594,118.26983167273906,0.002248450895812908
PF-P01,PF-D0061,PF-C00061,Simple,Clear,Clear,True,Classification,0.8625073694494174,0.8577766656867892,0.4947404768117346,132.41789490810083,0.00192757752493958
PF-P02,PF-D0062,PF-C00062,Simple,Clear,Clear,True,Classification,0.9336703298189387,0.9354642831915029,0.907967749921034,125.54029537307771,0.0026054853324014174
PF-P03,PF-D0063,PF-C00063,Complex,Review,Review,True,Classification,0.6102665925031765,0.6033172980110586,0.5026088329864888,155.0008752303466,0.0021568608970245155
PF-P04,PF-D0064,PF-C00064,Simple,Clear,Clear,True,Classification,0.9057117883196915,0.9043507279291505,0.9024718887343592,148.58237974394268,0.001929545239135893
PF-P05,PF-D0065,PF-C00065,Complex,Insufficient,Insufficient,True,Classification,0.6149041964830778,0.5893514864357794,0.6436985328214845,181.26711614374574,0.002537699119289117
PF-P06,PF-D0066,PF-C00066,Simple,Insufficient,Insufficient,True,Classification,0.8122602325570525,0.7497973409410934,0.6549029691709539,122.50216781920126,0.0018004087695925204
PF-P01,PF-D0067,PF-C00067,Moderate,Escalate,Escalate,True,Classification,0.8980290769307221,0.7388398016114127,0.5108534593306803,220.74943602068907,0.0020405797145141655
PF-P02,PF-D0068,PF-C00068,Moderate,Review,Review,True,Classification,0.9013963040337697,0.8395299055374541,0.6134483396233937,143.10352173828232,0.0023482376848821583
PF-P03,PF-D0069,PF-C00069,Moderate,Insufficient,Insufficient,True,Classification,0.7596098967960366,0.674429173988791,0.7253863165347908,130.52049702045218,0.0020563243138218197
PF-P04,PF-D0070,PF-C00070,Simple,Clear,Clear,True,Classification,0.8759158951350341,0.8855501251371583,0.7630409911288556,89.11235397723256,0.0018372045112192074
PF-P05,PF-D0071,PF-C00071,Complex,Insufficient,Clear,False,Classification,0.3033518102507232,0.5586809518687466,0.5310119876521869,211.49915832180835,0.002606422668018264
PF-P06,PF-D0072,PF-C00072,Simple,Insufficient,Clear,False,Classification,0.7780376932305763,0.7827844567354589,0.6386322589083322,99.18942028815565,0.0018479172709985159
PF-P01,PF-D0073,PF-C00073,Simple,Escalate,Clear,False,Classification,0.7979833684843776,0.8498783672020315,0.5281843644639929,86.75830777117307,0.0016346194622551772
PF-P02,PF-D0074,PF-C00074,Simple,Insufficient,Insufficient,True,Classification,0.92338842501814,0.8864221360224113,0.7785518336301168,148.81255191348814,0.001999308702747703
PF-P03,PF-D0075,PF-C00075,Simple,Insufficient,Insufficient,True,Classification,0.8678093520116922,0.8266452255748191,0.8268630076499157,107.81981326036306,0.002150378723837213
PF-P04,PF-D0076,PF-C00076,Simple,Review,Review,True,Classification,0.9100074821523081,0.9037208052912307,0.8477283924470237,130.09104989639476,0.0018455274526687831
PF-P05,PF-D0077,PF-C00077,Simple,Clear,Clear,True,Classification,0.8074962066793919,0.788315115709525,0.5195695106899271,125.06250668315319,0.0015599392424607856
PF-P06,PF-D0078,PF-C00078,Simple,Clear,Review,False,Classification,0.868847634969779,0.8845396838858938,0.6815001923885974,123.53670651784677,0.00222870072027902
PF-P01,PF-D0079,PF-C00079,Moderate,Insufficient,Insufficient,True,Classification,0.8261984126931302,0.8319583515808849,0.6486630163809958,127.94099153534695,0.0016920999123972425
PF-P02,PF-D0080,PF-C00080,Simple,Insufficient,Insufficient,True,Classification,0.7717613772404031,0.7696091718608686,0.535506701927668,161.52627842640734,0.0019394639581848468
PF-P03,PF-D0081,PF-C00081,Complex,Insufficient,Review,False,Classification,0.5419508695421362,0.6525544265155467,0.8140433827966044,199.74576935232727,0.002823369886327871
PF-P04,PF-D0082,PF-C00082,Simple,Review,Clear,False,Classification,0.9339358061097239,0.9023050035273931,0.827971291173636,134.01014235671835,0.0018501700737143815
PF-P05,PF-D0083,PF-C00083,Complex,Review,Review,True,Classification,0.7968154491909313,0.7455929551398808,0.42075780319562983,217.2819991998715,0.002466504461776123
PF-P06,PF-D0084,PF-C00084,Simple,Clear,Clear,True,Classification,0.8343063122937363,0.8461748340598024,0.8375057083588927,139.11170735711352,0.0022524883088686984
PF-P01,PF-D0085,PF-C00085,Simple,Insufficient,Clear,False,Classification,0.9561314312545649,0.8740593944761741,0.6722020467085583,135.94811612142007,0.002723040114073635
PF-P02,PF-D0086,PF-C00086,Moderate,Review,Clear,False,Classification,0.7195948414177977,0.7092650694569979,0.639112901779732,125.76434014336604,0.0018429234724573209
PF-P03,PF-D0087,PF-C00087,Complex,Clear,Clear,True,Classification,0.8446638090772112,0.73599303830997,0.7923653070131751,191.28662569134852,0.002427619200068719
PF-P04,PF-D0088,PF-C00088,Simple,Clear,Clear,True,Classification,0.8738952901865242,0.8633516569233559,0.7268329777812981,137.50711021627177,0.001853375320410551
PF-P05,PF-D0089,PF-C00089,Moderate,Clear,Clear,True,Classification,0.6970532413496637,0.6384019220415915,0.5285107494111396,99.60152159989039,0.0020191156714655357
PF-P06,PF-D0090,PF-C00090,Simple,Clear,Clear,True,Classification,0.9151575974683391,0.8321685417518515,0.610376771302116,135.09333265776257,0.002000368041740832
PF-P01,PF-D0091,PF-C00091,Complex,Escalate,Clear,False,Classification,0.5739931672726412,0.6444524559183816,0.5441675792165159,183.08858624855264,0.0024949284218223895
PF-P02,PF-D0092,PF-C00092,Moderate,Review,Review,True,Classification,0.8101668185830804,0.822821192326587,0.9056512085909502,121.07346112259005,0.001987524504686994
PF-P03,PF-D0093,PF-C00093,Moderate,Clear,Clear,True,Classification,0.8567812360761594,0.7658438899101184,0.3538653978166835,132.54760792801866,0.0019632254400087706
PF-P04,PF-D0094,PF-C00094,Simple,Clear,Clear,True,Classification,0.9636444603697409,0.9197274079940437,0.5258620355679364,113.09532558562856,0.0019888409031551956
PF-P05,PF-D0095,PF-C00095,Moderate,Clear,Clear,True,Classification,0.7814351621087832,0.735786451253617,0.45046874352021987,165.39491745429842,0.0024287703206410187
PF-P06,PF-D0096,PF-C00096,Simple,Insufficient,Insufficient,True,Classification,0.7785793291013743,0.7517465240652362,0.7111428830088008,167.5818449543611,0.00205972864982488
PF-P01,PF-D0097,PF-C00097,Moderate,Clear,Review,False,Classification,0.7287337636497823,0.7300189832258529,0.639657323853579,123.86661443651153,0.0018525374298946843
PF-P02,PF-D0098,PF-C00098,Moderate,Insufficient,Insufficient,True,Classification,0.5504696877981868,0.6738823187445379,0.6300762874501954,116.28728821246125,0.0016716872225367545
PF-P03,PF-D0099,PF-C00099,Moderate,Clear,Clear,True,Classification,0.8017844241497462,0.8590259811918948,0.6228851706753895,130.11786683177849,0.0018577996630046482
PF-P04,PF-D0100,PF-C00100,Complex,Escalate,Escalate,True,Classification,0.6331019590949865,0.64148016718195,0.2185334653788139,223.80662478541012,0.0025815371136077387
PF-P05,PF-D0101,PF-C00101,Moderate,Clear,Clear,True,Classification,0.8546915231273511,0.766211219826236,0.5943049851422753,130.90954434648242,0.002289005120128881
PF-P06,PF-D0102,PF-C00102,Simple,Clear,Insufficient,False,Classification,0.41744339391304763,0.6370970849869633,0.607191005316326,114.01099680224098,0.0019084445446858355
PF-P01,PF-D0103,PF-C00103,Simple,Escalate,Insufficient,False,Classification,0.8477804687285072,0.8618326437862186,0.8145774314310252,92.69955076330312,0.0018536587297707991
PF-P02,PF-D0104,PF-C00104,Simple,Insufficient,Insufficient,True,Classification,0.9494916156614125,0.8550981738551288,0.52144853388508,138.24540605446873,0.0016731376269749658
PF-P03,PF-D0105,PF-C00105,Simple,Clear,Insufficient,False,Classification,0.9339036817646181,0.8533023317071416,0.9706185176515623,69.5168517736445,0.00193773261913443
PF-P04,PF-D0106,PF-C00106,Simple,Review,Review,True,Classification,0.8327604390601515,0.8491815129964644,0.6194842174495476,136.95485418144222,0.0018733881881715093
PF-P05,PF-D0107,PF-C00107,Simple,Clear,Clear,True,Classification,0.9064142827202538,0.8589822255956701,0.6239430104786959,123.55517531428517,0.002020151498910448
PF-P06,PF-D0108,PF-C00108,Simple,Insufficient,Insufficient,True,Classification,0.8149390914297647,0.6419686374022814,0.4197491714056743,117.12478995412125,0.001962616282164616
PF-P01,PF-D0109,PF-C00109,Moderate,Clear,Review,False,Classification,0.5856084443882047,0.6387983622008304,0.5525156881026757,129.93252789376206,0.0020522446315478335
PF-P02,PF-D0110,PF-C00110,Simple,Clear,Clear,True,Classification,0.9000664954062256,0.8886920557626975,0.4022312100961116,146.16385896401192,0.0018773742575112506
PF-P03,PF-D0111,PF-C00111,Simple,Clear,Clear,True,Classification,0.867039763024971,0.8053834111271411,0.7284446449595071,122.12849250871507,0.0014937134313540057
PF-P04,PF-D0112,PF-C00112,Simple,Escalate,Review,False,Classification,0.724741919905505,0.7251337011514928,0.9000091843159486,130.03577423167522,0.0020582335505602276
PF-P05,PF-D0113,PF-C00113,Simple,Clear,Clear,True,Classification,0.6560347070154631,0.8355387443672394,0.5981906901721845,143.20449386262706,0.0018600152450600849
PF-P06,PF-D0114,PF-C00114,Simple,Insufficient,Review,False,Classification,0.9089319794706073,0.8614560669622029,0.7285998194286707,146.9339939537993,0.001893143764093991
PF-P01,PF-D0115,PF-C00115,Simple,Review,Review,True,Classification,0.8299145395931466,0.8561997468616958,0.9883182275758827,156.32642340248472,0.001994901486518146
PF-P02,PF-D0116,PF-C00116,Simple,Escalate,Clear,False,Classification,0.9265485775718306,0.8993701984151521,0.5348545381406861,113.14502940153926,0.0018559694214286004
PF-P03,PF-D0117,PF-C00117,Moderate,Escalate,Escalate,True,Classification,0.7005735920296886,0.6089295008596359,0.5067400493955915,149.46336240103838,0.0022000867063806575
PF-P04,PF-D0118,PF-C00118,Moderate,Review,Review,True,Classification,0.7633147203103862,0.8029363511110056,0.6505138345427435,163.49747097743702,0.002039175713011651
PF-P05,PF-D0119,PF-C00119,Moderate,Insufficient,Insufficient,True,Classification,0.3016556043152675,0.5784229736268323,0.4289235477312271,144.27805601113909,0.0020186062090518683
PF-P06,PF-D0120,PF-C00120,Moderate,Insufficient,Insufficient,True,Classification,0.8849630325726678,0.7163639397408547,0.39586159418909767,131.7427778912622,0.0019450160008624984
PF-P01,PF-D0121,PF-C00121,Moderate,Clear,Clear,True,Classification,0.6241761518965429,0.761245913942232,0.6819432875200332,175.13286572358155,0.0016859855050528928
PF-P02,PF-D0122,PF-C00122,Moderate,Clear,Clear,True,Classification,0.9156033214092246,0.8127652838617494,0.6245143377828271,120.83362176270816,0.00199196074092866
PF-P03,PF-D0123,PF-C00123,Simple,Clear,Clear,True,Classification,0.7571485779074,0.869574244834939,0.7243458730830087,144.61039357045462,0.0021261200817552987
PF-P04,PF-D0124,PF-C00124,Moderate,Insufficient,Insufficient,True,Classification,0.7829994128623928,0.5250382500968281,0.44119035367938275,115.9132601784841,0.0019147511027919853
PF-P05,PF-D0125,PF-C00125,Complex,Insufficient,Insufficient,True,Classification,0.5694704763504932,0.6674897633722752,0.7948722146281271,195.03138490793413,0.002143092833940708
PF-P06,PF-D0126,PF-C00126,Moderate,Escalate,Clear,False,Classification,0.6662087026298378,0.7640062819217434,0.6064732906653785,144.49898257554503,0.0021462140120196366
PF-P01,PF-D0127,PF-C00127,Moderate,Clear,Clear,True,Classification,0.7968444452653966,0.810152204550593,0.8111007606050039,162.25569790508538,0.002386349254561449
PF-P02,PF-D0128,PF-C00128,Simple,Clear,Clear,True,Classification,0.9283017051071978,0.8924910423121036,0.7764592301411023,98.98214245327873,0.0017973725981674633
PF-P03,PF-D0129,PF-C00129,Complex,Clear,Clear,True,Classification,0.6465690244846947,0.7204805565229058,0.31737065364577993,199.338402095847,0.0024811472869278864
PF-P04,PF-D0130,PF-C00130,Simple,Escalate,Escalate,True,Classification,0.8488233093877584,0.7601248950988233,0.6957948637195602,104.03422856310051,0.002165446145381659
PF-P05,PF-D0131,PF-C00131,Moderate,Escalate,Clear,False,Classification,0.7808244870468171,0.679811020207291,0.478782493876376,176.24981051221607,0.001848003248114527
PF-P06,PF-D0132,PF-C00132,Simple,Clear,Escalate,False,Classification,0.9030727193797233,0.8051142699719831,0.8207017625897784,127.670474407185,0.0017428712472019438
PF-P01,PF-D0133,PF-C00133,Moderate,Review,Review,True,Classification,0.6067780146717785,0.7730990947734941,0.638850064306588,135.95593188362938,0.0018010585386239002
PF-P02,PF-D0134,PF-C00134,Moderate,Clear,Clear,True,Classification,0.5901753951018351,0.6979553524703632,0.5228979679122493,166.08092020012324,0.0019258899463190137
PF-P03,PF-D0135,PF-C00135,Complex,Escalate,Insufficient,False,Classification,0.47839317623446,0.568911399530907,0.46985855991162107,217.48288595194484,0.0023765370875385586
PF-P04,PF-D0136,PF-C00136,Moderate,Review,Review,True,Classification,0.8524072106367993,0.8022786631055724,0.7851154993606423,149.82180823386153,0.0022176819332670075
PF-P05,PF-D0137,PF-C00137,Moderate,Escalate,Escalate,True,Classification,0.5556294848597354,0.567053355133852,0.3959708259419407,172.99407554343648,0.0016620859946840873
PF-P06,PF-D0138,PF-C00138,Complex,Insufficient,Review,False,Classification,0.37890697999067624,0.5147990434179831,0.35696645467393995,173.93980075179036,0.0030375730951352257
PF-P01,PF-D0139,PF-C00139,Simple,Clear,Clear,True,Classification,0.8497139052816092,0.7850691029277873,0.6126082265936688,139.33982970968236,0.0019148378035762565
PF-P02,PF-D0140,PF-C00140,Moderate,Clear,Clear,True,Classification,0.8473096805018665,0.8626132668660632,0.818616628728904,150.2414122781724,0.0022834585977929696
PF-P03,PF-D0141,PF-C00141,Simple,Insufficient,Clear,False,Classification,0.5540183813308271,0.7155907458523127,0.4076140701973898,121.4751349710417,0.0026270526112679242
PF-P04,PF-D0142,PF-C00142,Complex,Review,Review,True,Classification,0.7239026578201259,0.642847289846085,0.6296245163122401,198.7717228651806,0.0026368111250757334
PF-P05,PF-D0143,PF-C00143,Moderate,Clear,Clear,True,Classification,0.8255258679813534,0.7661811694533948,0.8243068610098638,146.66683725011296,0.002106669256815059
PF-P06,PF-D0144,PF-C00144,Simple,Review,Review,True,Classification,0.930043713130499,0.8053900505375947,0.9442474267257961,123.52187830190965,0.0020771405226408927
PF-P01,PF-D0145,PF-C00145,Simple,Review,Review,True,Classification,0.8769128507807595,0.8186491727749635,0.5352230756147562,140.9350462353179,0.001760851193890339
PF-P02,PF-D0146,PF-C00146,Moderate,Clear,Clear,True,Classification,0.9114708496769426,0.8629513300524556,0.5177355685319719,129.44405812900726,0.0019014519465909907
PF-P03,PF-D0147,PF-C00147,Simple,Clear,Clear,True,Classification,0.8798081374845781,0.7803327271347278,0.6849016483398539,131.81466899507433,0.0021414970570127266
PF-P04,PF-D0148,PF-C00148,Simple,Clear,Clear,True,Classification,0.9531283045485116,0.9078657576974954,0.6972918259214826,87.83956502962785,0.0020723741082339076
PF-P05,PF-D0149,PF-C00149,Simple,Clear,Clear,True,Classification,0.8035935436608925,0.8523800209712202,0.8309057549315456,140.82288138418778,0.0019303568832469966
PF-P06,PF-D0150,PF-C00150,Moderate,Review,Review,True,Classification,0.7607876915396689,0.7205478739460935,0.5996543941370059,164.81923989944372,0.0022667899507266233
PF-P01,PF-D0151,PF-C00151,Complex,Review,Clear,False,Classification,0.8934979675185397,0.7823546150218664,0.6819512153438391,165.18800977482869,0.0022442251447283455
PF-P02,PF-D0152,PF-C00152,Simple,Clear,Clear,True,Classification,0.7495458847964659,0.7703947766890719,0.9637842592817165,138.61579932340084,0.0022086303381174434
PF-P03,PF-D0153,PF-C00153,Simple,Clear,Clear,True,Classification,0.8563854193780902,0.88750947955102,0.8020198120823446,124.65182651582796,0.0020731176360907
PF-P04,PF-D0154,PF-C00154,Simple,Clear,Review,False,Classification,0.8282022539738689,0.8740920355625387,0.8352813271437768,141.45077340776018,0.0020866499975424314
PF-P05,PF-D0155,PF-C00155,Moderate,Review,Review,True,Classification,0.7485567348413114,0.8080019999589186,0.6855919557001997,171.02371266763376,0.0019340622348987216
PF-P06,PF-D0156,PF-C00156,Complex,Review,Review,True,Classification,0.3979810012107844,0.6094159344849016,0.6032026368621666,183.90078260899236,0.0026427467875604544
PF-P01,PF-D0157,PF-C00157,Moderate,Escalate,Review,False,Classification,0.8012989574646107,0.7821450615317248,0.3196538267995099,158.63741314290968,0.002265657013457373
PF-P02,PF-D0158,PF-C00158,Complex,Insufficient,Review,False,Classification,0.27920458995999325,0.48989755561878867,0.4031436186229233,161.53820503136672,0.0024672995095753273
PF-P03,PF-D0159,PF-C00159,Moderate,Clear,Clear,True,Classification,0.45752937536878774,0.5389355199181743,0.4643217941769202,133.64160176387838,0.0019374940126083702
PF-P04,PF-D0160,PF-C00160,Simple,Insufficient,Clear,False,Classification,0.771793815594763,0.7815743359394488,0.4418959011987686,129.01523411404654,0.0022638607778956757
PF-P05,PF-D0161,PF-C00161,Simple,Escalate,Escalate,True,Classification,0.735992425438766,0.8229622982535385,0.847478930681148,115.25795982011535,0.0021105948821872446
PF-P06,PF-D0162,PF-C00162,Complex,Insufficient,Review,False,Classification,0.2538380931730041,0.46281452303553466,0.32018667084617347,232.22429907862204,0.0025250393382051472
PF-P01,PF-D0163,PF-C00163,Moderate,Insufficient,Insufficient,True,Classification,0.5298448931137024,0.49466063534516563,0.6170717277898826,175.77278921965575,0.0018041744073956732
PF-P02,PF-D0164,PF-C00164,Simple,Clear,Escalate,False,Classification,0.7730539582899811,0.670999547701555,0.6949833785680793,112.95031156959355,0.002459420324066303
PF-P03,PF-D0165,PF-C00165,Simple,Escalate,Clear,False,Classification,0.7272105889462506,0.8486978384802616,0.5712923779737658,113.24373199808468,0.0019619526379300984
PF-P04,PF-D0166,PF-C00166,Simple,Clear,Clear,True,Classification,0.7525516884942753,0.8799609308356124,0.5629665431718305,97.68921463676597,0.0016489886535938345
PF-P05,PF-D0167,PF-C00167,Moderate,Escalate,Escalate,True,Classification,0.6334203562666344,0.6207108023144602,0.6580598767119578,156.5087426866407,0.002330126657461232
PF-P06,PF-D0168,PF-C00168,Simple,Escalate,Escalate,True,Classification,0.7706481070644737,0.8002032938881771,0.8026960511007751,130.19379414985164,0.002068842171215538
PF-P01,PF-D0169,PF-C00169,Simple,Review,Review,True,Classification,0.7367170258787034,0.726479338625465,0.48645616651838136,91.34786874496916,0.00207392397238962
PF-P02,PF-D0170,PF-C00170,Simple,Insufficient,Insufficient,True,Classification,0.7167629114764649,0.7876000098595106,0.7671688466352784,128.11497718134888,0.0018963874115654551
PF-P03,PF-D0171,PF-C00171,Simple,Review,Review,True,Classification,0.6408162101755466,0.8256770055209424,0.6345527927399615,123.5512280361404,0.0018551946772019593
PF-P04,PF-D0172,PF-C00172,Simple,Clear,Clear,True,Classification,0.9466860284600471,0.9196584658800376,0.5728914608251001,109.8145711006034,0.0018481362634983635
PF-P05,PF-D0173,PF-C00173,Simple,Insufficient,Insufficient,True,Classification,0.8357139900671118,0.8587834709765467,0.9051821816401476,150.88429637385678,0.0024808793168579553
PF-P06,PF-D0174,PF-C00174,Simple,Clear,Clear,True,Classification,0.8085918674320602,0.8460908859767222,0.8723187019158702,123.91208331551078,0.0018027662816127443
PF-P01,PF-D0175,PF-C00175,Simple,Clear,Clear,True,Classification,0.8294240805105054,0.8092905578016394,0.4523603119573589,123.15425934798601,0.0016336069700149877
PF-P02,PF-D0176,PF-C00176,Moderate,Insufficient,Insufficient,True,Classification,0.7168621272318881,0.8032465209346793,0.7496834841429515,157.82116932229496,0.0023791345367128692
PF-P03,PF-D0177,PF-C00177,Simple,Escalate,Insufficient,False,Classification,0.7429037451295247,0.7360623244758995,0.9450322951219989,117.830468045084,0.002037572226006885
PF-P04,PF-D0178,PF-C00178,Moderate,Escalate,Escalate,True,Classification,0.7293371053450348,0.7727808466603756,0.6861199706392888,149.08761228897936,0.0024841501659110723
PF-P05,PF-D0179,PF-C00179,Complex,Clear,Insufficient,False,Classification,0.5579156592285687,0.5918833998403524,0.36127828917144345,215.4264670537426,0.002631056849655634
PF-P06,PF-D0180,PF-C00180,Complex,Clear,Clear,True,Classification,0.6903466896838504,0.7019495369354657,0.6814888897955511,186.91005873212092,0.002332140205962366
PF-P01,PF-D0001,PF-C00181,Simple,Clear,Clear,True,Classification,0.8440324466940473,0.7728590185467121,0.5818962657658047,110.4859504349664,0.001789892085942633
PF-P02,PF-D0002,PF-C00182,Simple,Escalate,Insufficient,False,Classification,0.8897984548885485,0.6880781509567993,0.44740777811115306,76.91228670211916,0.0020005118837360457
PF-P03,PF-D0003,PF-C00183,Simple,Review,Review,True,Classification,0.9656392796697142,0.9458492440011043,0.6167999190183235,120.80418697793333,0.0021790186436448063
PF-P04,PF-D0004,PF-C00184,Simple,Review,Review,True,Classification,0.8081113742663015,0.7555389438899472,0.6470614846505799,108.39931444195255,0.002576265591954984
PF-P05,PF-D0005,PF-C00185,Simple,Review,Review,True,Classification,0.8018240500229528,0.7552783417046169,0.5429502935931895,85.60068962069207,0.0017259254651275928
PF-P06,PF-D0006,PF-C00186,Simple,Clear,Clear,True,Classification,0.7290040299560852,0.8485248579287429,0.6276291081228329,125.36649894874327,0.001919954270905324
PF-P01,PF-D0007,PF-C00187,Simple,Escalate,Clear,False,Classification,0.9431776045629954,0.8504864072904088,0.6873777707458807,120.89899103567214,0.0021383704768507487
PF-P02,PF-D0008,PF-C00188,Moderate,Clear,Clear,True,Classification,0.7885809094715063,0.76943823391574,0.5643938788412112,151.2510094133066,0.0024277588561669532
PF-P03,PF-D0009,PF-C00189,Moderate,Clear,Clear,True,Classification,0.7789213840639908,0.7383608669093041,0.3681089302418964,146.0995367305924,0.002025205101401601
PF-P04,PF-D0010,PF-C00190,Simple,Clear,Clear,True,Classification,0.7958779678736921,0.823652104303162,0.744633267572454,101.20893667927348,0.00188693346832623
PF-P05,PF-D0011,PF-C00191,Complex,Insufficient,Insufficient,True,Classification,0.6371125512608301,0.5708080149966689,0.39195620149536925,195.11249190693596,0.002577772219741827
PF-P06,PF-D0012,PF-C00192,Simple,Escalate,Escalate,True,Classification,0.8063641827284087,0.7974825041589533,0.6544357462831586,151.2975165950486,0.0019139623655122237
PF-P01,PF-D0013,PF-C00193,Moderate,Clear,Clear,True,Classification,0.8957729717738057,0.8386748199106784,0.5830066834596376,116.53734403852437,0.0016853339635293102
PF-P02,PF-D0014,PF-C00194,Moderate,Review,Review,True,Classification,0.856277650037757,0.9083508657981406,0.6944148590342817,163.40480320817878,0.001554510143593721
PF-P03,PF-D0015,PF-C00195,Complex,Clear,Insufficient,False,Classification,0.5846697405444052,0.603764369118537,0.5118265364066799,157.9463426072681,0.0026075947831426163
PF-P04,PF-D0016,PF-C00196,Simple,Review,Review,True,Classification,0.9047059275193687,0.8246080352107275,0.606662160197338,128.2401882294588,0.0020066979390845167
PF-P05,PF-D0017,PF-C00197,Simple,Clear,Clear,True,Classification,0.9246467249548208,0.8599365575546216,0.8823942074573626,119.04263020692964,0.002134912371024461
PF-P06,PF-D0018,PF-C00198,Simple,Clear,Clear,True,Classification,0.9258709356555188,0.8355828321339696,0.6425604851248159,141.35066703734304,0.0020200516339085495
PF-P01,PF-D0019,PF-C00199,Complex,Review,Review,True,Classification,0.6086553022872434,0.6349222709884298,0.4909117185501362,213.26673635333557,0.0021911899802748735
PF-P02,PF-D0020,PF-C00200,Simple,Clear,Clear,True,Classification,0.9022799259645656,0.8128301467324339,0.8913725687867267,125.35690962566711,0.0019227085802619118
PF-P03,PF-D0021,PF-C00201,Moderate,Review,Review,True,Classification,0.5121501928241342,0.6584308129355563,0.6006583968745524,175.32744443637745,0.0019392072460354534
PF-P04,PF-D0022,PF-C00202,Complex,Clear,Review,False,Classification,0.6007201274503973,0.7582055911292824,0.3387594075544196,171.55735008324243,0.0019611251708190882
PF-P05,PF-D0023,PF-C00203,Moderate,Clear,Clear,True,Classification,0.81275802462568,0.8589453088201907,0.8196672232221309,136.33888278150638,0.0021690268204776117
PF-P06,PF-D0024,PF-C00204,Complex,Escalate,Review,False,Classification,0.5342181877730804,0.5136328852500459,0.8436308783400334,118.1767319105124,0.002138640111856827
PF-P01,PF-D0025,PF-C00205,Moderate,Review,Review,True,Classification,0.6478492040527503,0.7817646338936418,0.36241757515323497,162.88977055834843,0.0017171097973607405
PF-P02,PF-D0026,PF-C00206,Simple,Insufficient,Review,False,Classification,0.8905686977349595,0.8260186504962654,0.464574454320896,92.02182535953729,0.00226456607323608
PF-P03,PF-D0027,PF-C00207,Simple,Clear,Clear,True,Classification,0.9752214267441506,0.9189578354342373,0.7878515677821821,99.63968590456628,0.0021638891454823857
PF-P04,PF-D0028,PF-C00208,Moderate,Insufficient,Clear,False,Classification,0.6865675265648242,0.5895972357237851,0.53888485679389,150.98533713226607,0.002052521596185555
PF-P05,PF-D0029,PF-C00209,Simple,Review,Review,True,Classification,0.6957795477980855,0.7323195394271992,0.7133356585634303,155.74054932075046,0.0017102491133722047
PF-P06,PF-D0030,PF-C00210,Simple,Review,Review,True,Classification,0.9234037597609301,0.8370551120188209,0.6801825961729789,110.0898981088364,0.001997726745244416
PF-P01,PF-D0031,PF-C00211,Simple,Clear,Clear,True,Classification,0.6723361843095831,0.7552138572520339,0.7717400276842571,140.17455646659127,0.0020699577752752657
PF-P02,PF-D0032,PF-C00212,Simple,Review,Review,True,Classification,0.7349246384618205,0.7632856726133421,0.5535891481223296,118.81637179626917,0.0016126419791619316
PF-P03,PF-D0033,PF-C00213,Moderate,Insufficient,Insufficient,True,Classification,0.7086012352064494,0.6488195671764715,0.5517222417112383,174.64101898654852,0.0017851944080655392
PF-P04,PF-D0034,PF-C00214,Moderate,Clear,Clear,True,Classification,0.4889364826487475,0.6529151494316454,0.3027531588686355,159.86641274090692,0.0019105711646371806
PF-P05,PF-D0035,PF-C00215,Simple,Clear,Escalate,False,Classification,0.5836037949265235,0.7088313988303323,0.4768754509937081,131.24462668589308,0.0022043097617573
PF-P06,PF-D0036,PF-C00216,Moderate,Review,Review,True,Classification,0.6626281989032441,0.6998558608746949,0.4944419663003761,94.67517554221934,0.0019574717675131612
PF-P01,PF-D0037,PF-C00217,Complex,Clear,Clear,True,Classification,0.5773286995214016,0.756843365950523,0.6933165718611815,175.1223685096089,0.002366575276059694
PF-P02,PF-D0038,PF-C00218,Simple,Insufficient,Insufficient,True,Classification,0.8814492123410903,0.8413197280063298,1.0,80.78824113457526,0.00167880577913695
PF-P03,PF-D0039,PF-C00219,Simple,Clear,Review,False,Classification,0.7204571856647279,0.6862373750797297,0.5689517450481594,107.30610549811162,0.001999844946384544
PF-P04,PF-D0040,PF-C00220,Moderate,Clear,Clear,True,Classification,0.9301204466139636,0.8667744695886233,0.5423886151727241,135.9095710635682,0.0019206306185930683
PF-P05,PF-D0041,PF-C00221,Simple,Insufficient,Insufficient,True,Classification,0.8506011578829192,0.8253937227669246,0.9827622600663929,85.43213393902614,0.0016457555847566759
PF-P06,PF-D0042,PF-C00222,Moderate,Escalate,Insufficient,False,Classification,0.6991257168450454,0.7016864120736284,0.4481409931899498,189.29387801834673,0.0020925372870865865
PF-P01,PF-D0043,PF-C00223,Moderate,Clear,Clear,True,Classification,0.7792971228527747,0.7589559205140509,0.3497375935998986,146.17688781826388,0.0019051028081325122
PF-P02,PF-D0044,PF-C00224,Simple,Clear,Insufficient,False,Classification,0.5692944162439249,0.7984017354190002,0.8809822087091096,171.15557013067001,0.0017682945326765928
PF-P03,PF-D0045,PF-C00225,Moderate,Insufficient,Insufficient,True,Classification,0.42482345754257295,0.4566427183205583,0.3958675965878829,188.38890428432256,0.0023776358644356597
PF-P04,PF-D0046,PF-C00226,Moderate,Insufficient,Clear,False,Classification,0.7679878149864716,0.7512345940498144,0.7122613969936605,176.6265032522453,0.0023388778228928767
PF-P05,PF-D0047,PF-C00227,Moderate,Review,Review,True,Classification,0.9087636030531321,0.777050808925528,0.5714377850354138,131.38986228367293,0.0021410034092170173
PF-P06,PF-D0048,PF-C00228,Moderate,Review,Insufficient,False,Classification,0.8012868074139226,0.6015570091834695,0.45348317233486696,141.93489114615906,0.002054396442429827
PF-P01,PF-D0049,PF-C00229,Simple,Clear,Insufficient,False,Classification,0.8064983436916575,0.7105556195399926,0.6244836626364914,113.61259121920928,0.0018130437722553364
PF-P02,PF-D0050,PF-C00230,Simple,Escalate,Escalate,True,Classification,0.8285475582658819,0.8410760129511838,0.7169510061113693,110.02567282049742,0.0017831478746197745
PF-P03,PF-D0051,PF-C00231,Complex,Insufficient,Insufficient,True,Classification,0.648286732141128,0.5382870904217824,0.47415954364891005,212.07667167665292,0.0024478738618538554
PF-P04,PF-D0052,PF-C00232,Simple,Clear,Clear,True,Classification,0.8807036849068608,0.8698875424540989,0.8009470491976277,121.80957303591667,0.0015706725321877318
PF-P05,PF-D0053,PF-C00233,Simple,Clear,Clear,True,Classification,0.8473451384786944,0.8200233804829625,0.6347420149329521,143.13454645593606,0.0016121655860578685
PF-P06,PF-D0054,PF-C00234,Simple,Insufficient,Insufficient,True,Classification,0.9377659372191451,0.8072064785014116,0.6547213762016427,92.71390123629342,0.0019286649202839407
PF-P01,PF-D0055,PF-C00235,Simple,Insufficient,Insufficient,True,Classification,0.8837953790847677,0.8657322983177748,0.9638355969798144,137.58383452194667,0.001724761344258061
PF-P02,PF-D0056,PF-C00236,Moderate,Insufficient,Review,False,Classification,0.7106970998076119,0.7574071590712367,0.2949567963846429,146.89977198878805,0.00247476756100964
PF-P03,PF-D0057,PF-C00237,Complex,Escalate,Insufficient,False,Classification,0.596552280151441,0.6843065520817688,0.4493785985126944,221.29298869031857,0.002498956587378293
PF-P04,PF-D0058,PF-C00238,Complex,Review,Review,True,Classification,0.7694735933689175,0.6409929785614589,0.49573451318549794,153.40926763681773,0.002442204986106516
PF-P05,PF-D0059,PF-C00239,Simple,Insufficient,Insufficient,True,Classification,0.8315040003005565,0.7085674325771983,0.5978450532035389,112.94372510205119,0.002264305962219128
PF-P06,PF-D0060,PF-C00240,Moderate,Insufficient,Insufficient,True,Classification,0.9286682177050106,0.8663400945389215,0.99180663784502,141.56887247263398,0.0020567446388113455
PF-P01,PF-D0061,PF-C00241,Moderate,Clear,Clear,True,Classification,0.8525475120146468,0.7788225962216222,0.701679730619167,183.0431215460408,0.0020366051028342064
PF-P02,PF-D0062,PF-C00242,Simple,Review,Review,True,Classification,0.8411521911503441,0.7692176156016111,0.7403025204631011,113.03246302730187,0.002007978510902757
PF-P03,PF-D0063,PF-C00243,Simple,Insufficient,Insufficient,True,Classification,0.5340554650573351,0.6668861023126287,0.6615290228677689,101.51812325832921,0.0018151632970136405
PF-P04,PF-D0064,PF-C00244,Complex,Review,Review,True,Classification,0.8989825772424761,0.8043835485720741,0.8318952150436255,195.07894701425386,0.0029616450860625618
PF-P05,PF-D0065,PF-C00245,Moderate,Review,Review,True,Classification,0.9683442760130763,0.9037618131664212,0.941520953931316,147.86357988746684,0.0017603645921627606
PF-P06,PF-D0066,PF-C00246,Moderate,Escalate,Clear,False,Classification,0.6263507179008468,0.7918954726260374,0.49212773325049675,112.11411383110278,0.0018354375214191703
PF-P01,PF-D0067,PF-C00247,Moderate,Insufficient,Clear,False,Classification,0.7918936982455058,0.6940414089347001,0.14083503857727347,156.80681288208422,0.002058155437248824
PF-P02,PF-D0068,PF-C00248,Moderate,Escalate,Escalate,True,Classification,0.747001144708226,0.8010292266104638,0.9005757272278488,135.87563177881015,0.002077503349960866
PF-P03,PF-D0069,PF-C00249,Simple,Review,Review,True,Classification,0.9444736008308134,0.8037805201737587,0.6282624491762646,98.23063615172774,0.0022989898056261253
PF-P04,PF-D0070,PF-C00250,Simple,Clear,Clear,True,Classification,0.954389825251036,0.9299689206455926,0.8893109121147367,111.73826035454499,0.0017445353602270558
PF-P05,PF-D0071,PF-C00251,Simple,Review,Review,True,Classification,0.794652333661474,0.7984248844049489,0.7853915315827696,147.5866140579802,0.0021474939933332055
PF-P06,PF-D0072,PF-C00252,Moderate,Clear,Clear,True,Classification,0.6307835413631401,0.6651354263140576,0.6158097906515302,139.8077373844372,0.0016435477475068158
PF-P01,PF-D0073,PF-C00253,Simple,Escalate,Review,False,Classification,0.8401349406131812,0.7747466136305089,0.5650056021265113,141.32941616400444,0.002043766997209897
PF-P02,PF-D0074,PF-C00254,Complex,Review,Review,True,Classification,0.7788934339441212,0.7561164534613026,0.7198337349801126,180.12431202559225,0.002524975563821165
PF-P03,PF-D0075,PF-C00255,Moderate,Clear,Clear,True,Classification,0.5740512423724533,0.709494165363423,0.731577078705251,138.81799088093894,0.0017033868345686758
PF-P04,PF-D0076,PF-C00256,Simple,Clear,Clear,True,Classification,0.7204764885332812,0.6641463299567295,0.44752763045129446,137.40830824150333,0.002182161146105295
PF-P05,PF-D0077,PF-C00257,Simple,Clear,Clear,True,Classification,0.7932299093476228,0.8647140705766155,0.6988067849756558,121.23585820746577,0.0019249424433307385
PF-P06,PF-D0078,PF-C00258,Moderate,Clear,Clear,True,Classification,0.9322446936099971,0.8820600279233295,0.6543765827982183,126.62726470270118,0.0020647023343859177
PF-P01,PF-D0079,PF-C00259,Simple,Clear,Clear,True,Classification,0.5730993797062315,0.6799587755878086,0.4684847753730956,163.06939019327754,0.0021844585193920114
PF-P02,PF-D0080,PF-C00260,Simple,Clear,Clear,True,Classification,0.9141687803984551,0.8969141815230687,0.7970208111715755,176.01942420582526,0.001990030988120688
PF-P03,PF-D0081,PF-C00261,Simple,Insufficient,Insufficient,True,Classification,0.7737346255446814,0.7740735014512968,0.5888441091437184,147.0994807636434,0.001856156572981524
PF-P04,PF-D0082,PF-C00262,Simple,Review,Review,True,Classification,0.872424937090665,0.8311462203132416,0.6827224683955572,126.28904372087854,0.002230941948620913
PF-P05,PF-D0083,PF-C00263,Moderate,Clear,Escalate,False,Classification,0.8474859409047225,0.7625377343647785,0.8473153354832942,168.3003909955483,0.0018217281364089203
PF-P06,PF-D0084,PF-C00264,Complex,Escalate,Review,False,Classification,0.888099159567262,0.6304556373099802,0.27038084740476126,176.56054347799008,0.002540426426693309
PF-P01,PF-D0085,PF-C00265,Moderate,Clear,Clear,True,Classification,0.8519313949610814,0.6862245004246545,0.7146544756269599,161.73260354603087,0.0018258550146884969
PF-P02,PF-D0086,PF-C00266,Simple,Insufficient,Insufficient,True,Classification,0.8961040179330099,0.8592036968685397,0.5177614552500954,89.87083807946395,0.002235591388842007
PF-P03,PF-D0087,PF-C00267,Simple,Review,Review,True,Classification,0.8792181975823722,0.8666833350266814,1.0,118.34251227935378,0.0017273465917705144
PF-P04,PF-D0088,PF-C00268,Simple,Escalate,Escalate,True,Classification,0.644509779427027,0.7325001415247366,0.8400058323494988,131.48188611838845,0.001851134688540598
PF-P05,PF-D0089,PF-C00269,Simple,Review,Review,True,Classification,0.8355101242200613,0.8871606592080251,0.7308057862513582,98.27791886742187,0.0019022033725224316
PF-P06,PF-D0090,PF-C00270,Moderate,Review,Review,True,Classification,0.895054184653483,0.8532451720661206,0.9129722688732643,137.25765877037324,0.002187844251518739
PF-P01,PF-D0091,PF-C00271,Simple,Clear,Clear,True,Classification,0.9136800847889175,0.8918086471013893,1.0,124.41537103945049,0.0017695614927923098
PF-P02,PF-D0092,PF-C00272,Simple,Review,Review,True,Classification,0.959583737572184,0.8758247827751556,0.8684015041294507,165.43737409847557,0.0021705155655625343
PF-P03,PF-D0093,PF-C00273,Simple,Clear,Clear,True,Classification,0.8677373021870812,0.8722536094670013,0.9625476648771374,131.1851087484048,0.0023336459315654663
PF-P04,PF-D0094,PF-C00274,Simple,Clear,Clear,True,Classification,0.862922203338678,0.9168617363071152,0.6529321572529051,137.42987115686321,0.0020616895090714376
PF-P05,PF-D0095,PF-C00275,Moderate,Review,Review,True,Classification,0.7630905461876272,0.6749407240679427,0.6021851925929709,197.675969361907,0.0017643688485673198
PF-P06,PF-D0096,PF-C00276,Simple,Insufficient,Insufficient,True,Classification,0.76716769987513,0.7677343621479958,0.8479516758435411,99.93662915051377,0.0019155910799270245
PF-P01,PF-D0097,PF-C00277,Simple,Insufficient,Insufficient,True,Classification,0.6911115446373047,0.8405731716033407,0.8933482213668268,153.87098797715424,0.0022734095500390864
PF-P02,PF-D0098,PF-C00278,Simple,Review,Review,True,Classification,0.6919589613762138,0.8661119288213999,0.7721072762652631,179.88380336927563,0.0020449422875479383
PF-P03,PF-D0099,PF-C00279,Simple,Review,Clear,False,Classification,0.9263117905522648,0.8389835105811311,0.6181143266747101,147.97471589856485,0.001873968822302132
PF-P04,PF-D0100,PF-C00280,Simple,Escalate,Insufficient,False,Classification,0.8374920270207683,0.7960114161425402,0.6899365969446752,136.3621662479519,0.0021638173302664333
PF-P05,PF-D0101,PF-C00281,Moderate,Clear,Clear,True,Classification,0.5488147125583336,0.6422943673141038,0.576263780750373,135.24988071822824,0.0019913682867266904
PF-P06,PF-D0102,PF-C00282,Complex,Clear,Clear,True,Classification,0.34814143407161036,0.6955393277033726,0.4111952753950073,208.6999026605526,0.0026982418802443237
PF-P01,PF-D0103,PF-C00283,Simple,Review,Review,True,Classification,0.7814565996643595,0.8177020334522079,0.7767961982955691,99.57220935673372,0.002266266024369282
PF-P02,PF-D0104,PF-C00284,Moderate,Review,Review,True,Classification,0.8234703836198167,0.7344522353698555,0.6131390344247685,135.29961335358803,0.001626056052724892
PF-P03,PF-D0105,PF-C00285,Simple,Clear,Clear,True,Classification,0.9365310439342718,0.9024771465769184,0.9852433609742274,106.33146856078419,0.0018024881723383579
PF-P04,PF-D0106,PF-C00286,Moderate,Insufficient,Insufficient,True,Classification,0.8943171502721796,0.7725888701699812,0.792558787599426,162.32530320860627,0.0022449661132720516
PF-P05,PF-D0107,PF-C00287,Simple,Clear,Clear,True,Classification,0.8864872012074709,0.8282447293135349,0.9504884815001191,180.03221502783325,0.0023898641864661765
PF-P06,PF-D0108,PF-C00288,Complex,Review,Clear,False,Classification,0.7055635306663848,0.6321896204714342,0.19632098140791712,210.74312112303866,0.001997792230083859
PF-P01,PF-D0109,PF-C00289,Simple,Clear,Clear,True,Classification,0.9186139204090242,0.8942243776940985,0.6873896710490472,125.83405809655831,0.001937284883838374
PF-P02,PF-D0110,PF-C00290,Simple,Review,Review,True,Classification,0.6353950262757798,0.7777360075101236,0.5646427539165404,115.16346794994521,0.0017317818247782333
PF-P03,PF-D0111,PF-C00291,Moderate,Clear,Clear,True,Classification,0.7333901233286546,0.6643727812489747,0.2775781273521464,142.86105110422466,0.002218415330329589
PF-P04,PF-D0112,PF-C00292,Simple,Clear,Review,False,Classification,0.8591232327954859,0.773542492943251,0.308087701918612,134.52445370556143,0.0021328104875103534
PF-P05,PF-D0113,PF-C00293,Simple,Insufficient,Clear,False,Classification,0.9747793860780539,0.8654951123011354,0.5967016972109911,105.17467824266467,0.001882778293842413
PF-P06,PF-D0114,PF-C00294,Simple,Clear,Clear,True,Classification,0.9672596679164994,0.9069306117564776,0.6515700748201024,99.2357276660732,0.0018778663841987435
PF-P01,PF-D0115,PF-C00295,Simple,Review,Review,True,Classification,0.8873195629596584,0.8047053512477275,0.8635834544420068,146.6261154192686,0.0019091734509969311
PF-P02,PF-D0116,PF-C00296,Complex,Escalate,Insufficient,False,Classification,0.45748166485717695,0.40963745080649366,0.3586778942803644,160.63809784998398,0.002284743974482339
PF-P03,PF-D0117,PF-C00297,Moderate,Clear,Clear,True,Classification,0.7634413710538912,0.756734730942102,0.6882898082317663,124.82250700132602,0.0019036582552270824
PF-P04,PF-D0118,PF-C00298,Moderate,Clear,Clear,True,Classification,0.6802888560212083,0.7739510423714064,0.35155008561484075,128.21368847916483,0.0022870425092331257
PF-P05,PF-D0119,PF-C00299,Simple,Review,Review,True,Classification,0.9343557813372367,0.8829331255515394,0.748757774202289,131.34326569378476,0.001844563343857512
PF-P06,PF-D0120,PF-C00300,Simple,Escalate,Escalate,True,Classification,0.8631340574818462,0.8364744992824363,0.7934028498482634,111.78886294381822,0.002372226321154397
PF-P01,PF-D0121,PF-C00301,Moderate,Clear,Clear,True,Classification,0.341877606783114,0.6503645340527816,0.40291407748135066,122.64585943982632,0.0021753013026488337
PF-P02,PF-D0122,PF-C00302,Simple,Review,Review,True,Classification,0.8329121676516162,0.9135172333841568,0.8765275777421888,123.73829725514801,0.0019731383634036836
PF-P03,PF-D0123,PF-C00303,Simple,Escalate,Escalate,True,Classification,0.8539349472427157,0.8366813064026559,0.5680708651969566,118.01090943778138,0.0018568030643449317
PF-P04,PF-D0124,PF-C00304,Moderate,Clear,Clear,True,Classification,0.8455410223287931,0.793961545805297,0.5918501143766977,143.4988626684643,0.0021263620752379067
PF-P05,PF-D0125,PF-C00305,Simple,Escalate,Review,False,Classification,0.628320370935546,0.7827149361237036,0.6087020810450283,152.75583764614416,0.0018589302282352612
PF-P06,PF-D0126,PF-C00306,Complex,Clear,Review,False,Classification,0.807655692440974,0.7197083801264205,0.35069945570794475,220.43226377848467,0.0024066964084126113
PF-P01,PF-D0127,PF-C00307,Simple,Clear,Clear,True,Classification,0.8330329632776767,0.8480764466243389,0.4632111981381452,132.1539607754341,0.0017682314904138327
PF-P02,PF-D0128,PF-C00308,Moderate,Clear,Clear,True,Classification,0.6124074623541064,0.604661822617936,0.5031519398392783,119.89759188474741,0.0016434384959152692
PF-P03,PF-D0129,PF-C00309,Moderate,Review,Review,True,Classification,0.678275286841704,0.7036677429433684,0.5387981009006232,159.25075702809337,0.001987325469510002
PF-P04,PF-D0130,PF-C00310,Simple,Review,Review,True,Classification,0.8637493057423486,0.7435626542612541,0.4606612451468215,120.78070994944575,0.002191489158589064
PF-P05,PF-D0131,PF-C00311,Complex,Insufficient,Insufficient,True,Classification,0.681052628738885,0.5695061343974123,0.5019304168735836,198.9912588749206,0.002314514738554381
PF-P06,PF-D0132,PF-C00312,Simple,Clear,Clear,True,Classification,0.6631106562591857,0.7416711864563178,0.8101334508354913,93.76270476507922,0.0022172101724218995
PF-P01,PF-D0133,PF-C00313,Complex,Insufficient,Insufficient,True,Classification,0.6876016658728826,0.7610046815596099,0.5954350199740096,212.46551144840788,0.0025498659426276635
PF-P02,PF-D0134,PF-C00314,Moderate,Clear,Review,False,Classification,0.8133024921388382,0.8630403173656938,0.729257185166516,135.47862859500856,0.0015251429811806347
PF-P03,PF-D0135,PF-C00315,Simple,Clear,Clear,True,Classification,0.8653749604345796,0.8165365850304992,0.6947106714682489,107.44959759856175,0.0017724287085129796
PF-P04,PF-D0136,PF-C00316,Simple,Review,Review,True,Classification,0.767890354733851,0.8205005701431011,0.6990793977604863,120.98674685658884,0.0022028895618259586
PF-P05,PF-D0137,PF-C00317,Simple,Insufficient,Insufficient,True,Classification,0.8798434289818109,0.8024716671498812,0.6908496822823236,105.98085897179409,0.0016703390783386854
PF-P06,PF-D0138,PF-C00318,Moderate,Review,Clear,False,Classification,0.8258946583148674,0.7979367864088608,0.5120947271116015,107.99753858979545,0.0020985773545250516
PF-P01,PF-D0139,PF-C00319,Simple,Insufficient,Insufficient,True,Classification,0.8585927653868405,0.8238551479977343,0.5664741046401585,110.41767615122346,0.0023635099639810536
PF-P02,PF-D0140,PF-C00320,Moderate,Clear,Clear,True,Classification,0.8416523569478869,0.8224610777743081,0.687976007262697,178.63835870245572,0.0020638470611121585
PF-P03,PF-D0141,PF-C00321,Simple,Insufficient,Escalate,False,Classification,0.8292575143862446,0.6796334302767629,0.6495125278537244,131.53473997495655,0.0021623688797089125
PF-P04,PF-D0142,PF-C00322,Complex,Clear,Clear,True,Classification,0.7784201713878118,0.6844796978629589,0.575480016362711,223.45851561059555,0.0025101899701707167
PF-P05,PF-D0143,PF-C00323,Simple,Escalate,Clear,False,Classification,0.7431801217389653,0.8250343324853066,0.7922856779866893,151.73216037476112,0.0020011772220511616
PF-P06,PF-D0144,PF-C00324,Moderate,Clear,Clear,True,Classification,0.8622092204339035,0.8635448527939211,0.7475482709203356,156.42177088157075,0.0016389336748291019
PF-P01,PF-D0145,PF-C00325,Moderate,Insufficient,Insufficient,True,Classification,0.6463256717511544,0.6770627238105116,0.7943262005122025,162.18108820408762,0.001692353904600946
PF-P02,PF-D0146,PF-C00326,Moderate,Insufficient,Insufficient,True,Classification,0.9641366166367273,0.8432816694694238,0.7922267246805158,143.94110597980594,0.0018004920978930469
PF-P03,PF-D0147,PF-C00327,Complex,Review,Review,True,Classification,0.5176815814556558,0.5354371941336139,0.4185787992556266,195.90123256558564,0.002552550281475872
PF-P04,PF-D0148,PF-C00328,Simple,Clear,Clear,True,Classification,0.8475552730809971,0.8140373049844546,0.6148675282418443,64.75785680561302,0.001444989167631536
PF-P05,PF-D0149,PF-C00329,Moderate,Insufficient,Clear,False,Classification,0.7230265327233149,0.5720534971131833,0.30955128531432313,154.2599820118686,0.0017246005654542541
PF-P06,PF-D0150,PF-C00330,Simple,Escalate,Insufficient,False,Classification,0.7688514038665973,0.8065642402450456,0.5946869937781653,87.58804847945021,0.0022097429807498878
PF-P01,PF-D0151,PF-C00331,Simple,Clear,Clear,True,Classification,0.9588115900506996,0.9315890992357397,0.8581165688411978,112.80390093075403,0.0019262663117717068
PF-P02,PF-D0152,PF-C00332,Simple,Clear,Clear,True,Classification,0.9881844005981125,0.9527755193983876,0.8270120676960259,126.12190547013842,0.0018031236904404427
PF-P03,PF-D0153,PF-C00333,Simple,Review,Review,True,Classification,0.9477369677805159,0.9174097656818841,1.0,106.35019803494679,0.0020488903238842122
PF-P04,PF-D0154,PF-C00334,Simple,Review,Review,True,Classification,0.9540520735910907,0.881463643842461,0.9116038197921493,121.7936380900684,0.0017794676868088095
PF-P05,PF-D0155,PF-C00335,Simple,Clear,Clear,True,Classification,0.9402885616943963,0.7963679941503551,0.6860973574580517,79.0886158574996,0.001548864863582081
PF-P06,PF-D0156,PF-C00336,Moderate,Review,Review,True,Classification,0.3849812068851676,0.5722056313086494,0.48787579515765983,123.90605843675466,0.0019139826756768537
PF-P01,PF-D0157,PF-C00337,Simple,Clear,Clear,True,Classification,0.8440887343666814,0.8314655321525265,0.6166370334100678,64.61329740850348,0.001978009861371005
PF-P02,PF-D0158,PF-C00338,Simple,Review,Review,True,Classification,0.7570362497803289,0.7880279616854191,0.7866383256063171,150.79961647889303,0.0018559659191547794
PF-P03,PF-D0159,PF-C00339,Moderate,Insufficient,Clear,False,Classification,0.7310994134097838,0.5717326775567946,0.16202729433213747,123.30349036560524,0.0017568649524597345
PF-P04,PF-D0160,PF-C00340,Simple,Review,Review,True,Classification,0.8812944480677908,0.8331480201356434,0.8448993973484947,112.78136615754146,0.002012375564714637
PF-P05,PF-D0161,PF-C00341,Simple,Insufficient,Insufficient,True,Classification,0.7149499498398829,0.8347756304828375,0.5664440217365395,99.34418531722893,0.0017384765397523594
PF-P06,PF-D0162,PF-C00342,Simple,Clear,Insufficient,False,Classification,0.48256887590523995,0.6591605795051728,0.6274746926590182,142.17612152533866,0.0019365576241738942
PF-P01,PF-D0163,PF-C00343,Simple,Review,Review,True,Classification,0.9213474665122392,0.8924558171004326,0.5304740516750327,97.59230264960027,0.0023586748549873113
PF-P02,PF-D0164,PF-C00344,Simple,Clear,Clear,True,Classification,0.961177111419808,0.9316628581568828,0.9842207290633036,97.97128026338326,0.0019162750347306778
PF-P03,PF-D0165,PF-C00345,Moderate,Review,Review,True,Classification,0.7720160943672711,0.8518682562356473,0.6646977051825329,150.05795342585387,0.0020970920481731326
PF-P04,PF-D0166,PF-C00346,Simple,Clear,Clear,True,Classification,0.7310100142601758,0.7464344957999657,0.890265089066757,148.25575975645154,0.002625278177968587
PF-P05,PF-D0167,PF-C00347,Moderate,Insufficient,Escalate,False,Classification,0.6061965298813851,0.4954223160930102,0.13862201465024543,132.24197584432784,0.001627277565239468
PF-P06,PF-D0168,PF-C00348,Simple,Review,Review,True,Classification,0.88652046754664,0.8849139602404745,0.6774463302882479,115.49309512601809,0.002030357441187798
PF-P01,PF-D0169,PF-C00349,Simple,Review,Review,True,Classification,0.8133441715310713,0.7221694060632583,0.8307593087693258,124.95460260768765,0.0019174951588469629
PF-P02,PF-D0170,PF-C00350,Moderate,Insufficient,Insufficient,True,Classification,0.5465986998722631,0.6783603612696822,0.29387214588318783,144.66411151117438,0.0018617839193139506
PF-P03,PF-D0171,PF-C00351,Moderate,Review,Review,True,Classification,0.5949062584061344,0.478677197553801,0.33468911522509087,150.98608287596477,0.0019280354236238517
PF-P04,PF-D0172,PF-C00352,Moderate,Review,Insufficient,False,Classification,0.7060238512267744,0.5407026020726026,0.5044144481088155,171.45769469907378,0.0020376434487224507
PF-P05,PF-D0173,PF-C00353,Simple,Review,Review,True,Classification,0.9708091486708305,0.9282359988931679,1.0,90.21058208526696,0.001900276815278892
PF-P06,PF-D0174,PF-C00354,Simple,Review,Review,True,Classification,0.9028746934714034,0.9205126677390065,0.5510352120096151,96.48340374559194,0.0017478157128473248
PF-P01,PF-D0175,PF-C00355,Simple,Review,Review,True,Classification,0.8698335038285934,0.8909123456119149,0.9096687617743607,128.96834358446415,0.0021311022362270463
PF-P02,PF-D0176,PF-C00356,Moderate,Clear,Clear,True,Classification,0.8327188557412871,0.8180219850931033,0.6693263451192013,151.44312650921358,0.001869719452924348
PF-P03,PF-D0177,PF-C00357,Simple,Clear,Clear,True,Classification,0.9187608719497917,0.863425756469491,0.8215922357647513,91.69767468644133,0.0017680837665298166
PF-P04,PF-D0178,PF-C00358,Simple,Clear,Clear,True,Classification,0.7643825780248673,0.802885030819759,0.6445556688583772,83.42083556976189,0.0021787593359167074
PF-P05,PF-D0179,PF-C00359,Moderate,Clear,Clear,True,Classification,0.6398882328469554,0.659053817201027,0.5545797846768649,148.66799867282538,0.002078875636691362
PF-P06,PF-D0180,PF-C00360,Complex,Insufficient,Clear,False,Classification,0.30429046055960085,0.5048208803267326,0.3071549732255792,174.67226281647268,0.0021474124297158814
PF-P01,PF-D0001,PF-C00361,Moderate,Review,Review,True,Classification,0.719200600511923,0.7650838322703175,0.7346467397016936,153.55920773835808,0.001945297059178061
PF-P02,PF-D0002,PF-C00362,Complex,Clear,Clear,True,Classification,0.7163738998035138,0.6823088833778278,0.6989998091652778,190.31744479863346,0.002427884221782409
PF-P03,PF-D0003,PF-C00363,Simple,Clear,Clear,True,Classification,0.7779234184795732,0.7469593370467845,0.5832103511265665,128.23300198596655,0.001724014072211489
PF-P04,PF-D0004,PF-C00364,Simple,Insufficient,Insufficient,True,Classification,0.8373294285970211,0.7818729783554516,0.48857600874073664,123.90904780077535,0.0020493291249707953
PF-P05,PF-D0005,PF-C00365,Simple,Clear,Clear,True,Classification,0.958683088048472,0.9058678858264302,0.6059675653770604,122.8859981900525,0.0018314964070396474
PF-P06,PF-D0006,PF-C00366,Simple,Insufficient,Review,False,Classification,0.9734046028236883,0.8845767484013249,0.8348738581200421,100.75860479691492,0.0018812564822608575
PF-P01,PF-D0007,PF-C00367,Simple,Clear,Clear,True,Classification,0.8970568826755627,0.8626601755814749,0.6896437248419622,110.37534361149712,0.0019857681719542227
PF-P02,PF-D0008,PF-C00368,Simple,Insufficient,Insufficient,True,Classification,0.9107509158200834,0.8607231534254537,0.9738782191717461,100.42147623629667,0.002145815719215526
PF-P03,PF-D0009,PF-C00369,Simple,Review,Review,True,Classification,0.7499064947144642,0.7403939487991766,0.4766752818328913,95.42745256348034,0.001500795005011329
PF-P04,PF-D0010,PF-C00370,Moderate,Review,Clear,False,Classification,0.80250361006279,0.7650530497964885,0.6792838615281066,148.19457726439174,0.002184752304586421
PF-P05,PF-D0011,PF-C00371,Simple,Clear,Clear,True,Classification,0.7301215397751384,0.7450618158453719,0.7363405719042906,110.09241912853841,0.0019705104984136675
PF-P06,PF-D0012,PF-C00372,Simple,Clear,Clear,True,Classification,0.9365804515682538,0.8995298865977525,0.6721785610123355,108.11559263256687,0.0014247765609419964
PF-P01,PF-D0013,PF-C00373,Moderate,Escalate,Escalate,True,Classification,0.5878634334743148,0.6926895237646646,0.4995032099106139,115.66055377312873,0.002254148701262135
PF-P02,PF-D0014,PF-C00374,Simple,Review,Review,True,Classification,0.7533136263863144,0.8114991374187839,0.7016386442406013,89.27997183782274,0.0021037281222448926
PF-P03,PF-D0015,PF-C00375,Simple,Review,Review,True,Classification,0.7292185106277278,0.7780586637157667,0.7710454879424338,121.36795562439204,0.0025344306753319248
PF-P04,PF-D0016,PF-C00376,Simple,Review,Review,True,Classification,0.9120684871565405,0.9062230562456887,0.8958792613274783,102.05636533390026,0.001749172251826401
PF-P05,PF-D0017,PF-C00377,Moderate,Review,Review,True,Classification,0.8471551475018576,0.7993135395401084,0.596332800518112,118.30163980964224,0.001976715174444684
PF-P06,PF-D0018,PF-C00378,Simple,Clear,Clear,True,Classification,0.9508207171396192,0.9370930040400166,0.7408693432638229,105.76155874638525,0.0019963109817777496
PF-P01,PF-D0019,PF-C00379,Moderate,Insufficient,Insufficient,True,Classification,0.8857340824568302,0.7112781535690176,0.8815851391489832,75.47626834419272,0.002006463472511773
PF-P02,PF-D0020,PF-C00380,Moderate,Clear,Clear,True,Classification,0.8536149926180598,0.7873088696138932,0.5792355994291979,116.03111833608246,0.0022049390900345245
PF-P03,PF-D0021,PF-C00381,Simple,Review,Clear,False,Classification,0.754062584678106,0.7365642008526223,0.44967569064429047,144.8387972766266,0.0019242655958630697
PF-P04,PF-D0022,PF-C00382,Moderate,Clear,Clear,True,Classification,0.7779026447284528,0.8418037353400166,0.6831316316944717,155.0454677489266,0.0019210958931721578
PF-P05,PF-D0023,PF-C00383,Moderate,Insufficient,Insufficient,True,Classification,0.5540969896729451,0.7264966617421459,0.6735647647290014,123.17283101250011,0.0020728189876483387
PF-P06,PF-D0024,PF-C00384,Simple,Clear,Clear,True,Classification,0.8604282438763702,0.8438253814914087,0.713536239666957,117.04293041387186,0.0019352767898761045
PF-P01,PF-D0025,PF-C00385,Moderate,Escalate,Clear,False,Classification,0.7964660246105274,0.7466322501555079,0.790873442891682,131.36987851161578,0.0020388841129138947
PF-P02,PF-D0026,PF-C00386,Simple,Review,Review,True,Classification,0.9028598416483311,0.8649741057393617,0.7063296353400559,97.80962260449785,0.0014600016342534116
PF-P03,PF-D0027,PF-C00387,Simple,Insufficient,Insufficient,True,Classification,0.8945502739814356,0.8517743234930671,0.5973878215712789,107.99881768820917,0.002203154527008851
PF-P04,PF-D0028,PF-C00388,Simple,Review,Insufficient,False,Classification,0.7542265247174569,0.7322036288936448,0.6328274288535302,111.34661423939235,0.0015416443083373869
PF-P05,PF-D0029,PF-C00389,Simple,Review,Insufficient,False,Classification,0.8477382599663003,0.8484217813798786,0.678639540718623,108.81467367137226,0.0021674386470076426
PF-P06,PF-D0030,PF-C00390,Simple,Clear,Clear,True,Classification,0.7096041344936775,0.831443060660587,0.9640465323261141,107.66386187244915,0.0022711942421760807
PF-P01,PF-D0031,PF-C00391,Moderate,Clear,Clear,True,Classification,0.9327522211478396,0.8895273466585031,0.6140038820876731,167.68735938445747,0.0025252978696895514
PF-P02,PF-D0032,PF-C00392,Complex,Clear,Clear,True,Classification,0.695583513634374,0.5786193184147359,0.44946036057847594,225.63580928137839,0.002417892253505029
PF-P03,PF-D0033,PF-C00393,Simple,Clear,Clear,True,Classification,0.8130529911249972,0.6765504259999499,0.2731428911853056,100.82090851814866,0.0019552889703093657
PF-P04,PF-D0034,PF-C00394,Moderate,Clear,Clear,True,Classification,0.5289710228210046,0.7860699366741598,0.7447978131836634,140.81973003099915,0.0017762833878257154
PF-P05,PF-D0035,PF-C00395,Simple,Clear,Clear,True,Classification,0.8269850493794436,0.8477851847616589,0.8015410799456973,68.06605341561499,0.0019958602732475595
PF-P06,PF-D0036,PF-C00396,Moderate,Escalate,Escalate,True,Classification,0.8092038600612208,0.8216243259635284,0.8606871214329412,137.7119640170855,0.0020778343329221657
PF-P01,PF-D0037,PF-C00397,Simple,Review,Review,True,Classification,0.9004829885202498,0.8927270790281743,0.8956839644593465,99.38206240290262,0.0021290795553366606
PF-P02,PF-D0038,PF-C00398,Simple,Clear,Clear,True,Classification,0.7719934522258034,0.8907396620082986,0.8418943444138476,152.13796424345878,0.0017938346301245634
PF-P03,PF-D0039,PF-C00399,Simple,Clear,Clear,True,Classification,0.8625033798128946,0.8776321547468938,0.5410853133397772,107.26373074880962,0.0021616781223935304
PF-P04,PF-D0040,PF-C00400,Moderate,Review,Review,True,Classification,0.820822298872141,0.725017663047679,0.4962525142477148,121.57775852609034,0.0021603572088600862
PF-P05,PF-D0041,PF-C00401,Moderate,Insufficient,Insufficient,True,Classification,0.9487285563509772,0.88231308571659,0.7741305292600896,188.64076615061737,0.002000830000699007
PF-P06,PF-D0042,PF-C00402,Complex,Clear,Clear,True,Classification,0.6366067895096144,0.6061495169649763,0.4347822743003056,177.7408605876933,0.00260611579691051
PF-P01,PF-D0043,PF-C00403,Simple,Escalate,Review,False,Classification,0.8416010348588823,0.8735684907244385,0.9176781392371387,97.34714784125978,0.0019150847034788995
PF-P02,PF-D0044,PF-C00404,Moderate,Review,Review,True,Classification,0.7864245935730406,0.7920696187565609,0.7293367422340007,155.75728652004372,0.0018432830954395719
PF-P03,PF-D0045,PF-C00405,Moderate,Insufficient,Review,False,Classification,0.8120536499701752,0.7401536017519678,0.3332078469777847,163.4585040132236,0.0020866233939612583
PF-P04,PF-D0046,PF-C00406,Complex,Review,Clear,False,Classification,0.4472932437295857,0.5297031223104407,0.22561055746447461,156.64257164889247,0.0028064524933454284
PF-P05,PF-D0047,PF-C00407,Simple,Clear,Clear,True,Classification,0.8706583786401588,0.8363533243404462,1.0,107.03255655780589,0.0019196503297840973
PF-P06,PF-D0048,PF-C00408,Simple,Insufficient,Insufficient,True,Classification,0.9347423859938399,0.9185795907523346,0.8903112084211503,123.09943730760632,0.002113369668999607
PF-P01,PF-D0049,PF-C00409,Simple,Insufficient,Insufficient,True,Classification,0.7175329358453161,0.7505877054090823,0.5099533829905849,95.70792748143032,0.0020302319373959286
PF-P02,PF-D0050,PF-C00410,Moderate,Review,Review,True,Classification,0.8104133121979943,0.7353584970254934,0.3738191667722695,152.8788557328057,0.0021110712205089227
PF-P03,PF-D0051,PF-C00411,Simple,Escalate,Escalate,True,Classification,0.8614518778535297,0.8228291756892699,0.7044350220380468,137.64601257639168,0.0017502521830550758
PF-P04,PF-D0052,PF-C00412,Complex,Clear,Clear,True,Classification,0.635952714257606,0.4553085821353402,0.4464686356827046,188.17107356379296,0.0029487130753298283
PF-P05,PF-D0053,PF-C00413,Complex,Clear,Clear,True,Classification,0.6421173263515663,0.6168447101653546,0.7235397612107943,194.06903112263504,0.002975464804442202
PF-P06,PF-D0054,PF-C00414,Simple,Clear,Clear,True,Classification,0.7514178374189846,0.7499863901079694,0.8332199134923658,130.57650156086555,0.0021299595848886664
PF-P01,PF-D0055,PF-C00415,Simple,Insufficient,Insufficient,True,Classification,0.838441518526596,0.7242455515684356,0.6852521083489687,142.15571818541758,0.0018890343474223241
PF-P02,PF-D0056,PF-C00416,Complex,Review,Clear,False,Classification,0.8196839982368536,0.6679505934196485,0.5808568434196257,195.07959956031198,0.0025291294046259553
PF-P03,PF-D0057,PF-C00417,Complex,Review,Review,True,Classification,0.4747510267863075,0.5193307234331442,0.5587122204071533,174.35434484865988,0.002961341304000131
PF-P04,PF-D0058,PF-C00418,Moderate,Review,Review,True,Classification,0.46848143334531794,0.6454167438070669,0.5986364879958816,151.1839207048153,0.0022401656188584663
PF-P05,PF-D0059,PF-C00419,Simple,Clear,Clear,True,Classification,0.9833459094285611,0.9575072774964389,0.9081564574064929,95.42644117188647,0.002561222257123389
PF-P06,PF-D0060,PF-C00420,Moderate,Clear,Clear,True,Classification,0.7037944473177177,0.7885666565865844,0.5187046966091446,148.1758065682859,0.0017988773265147431
PF-P01,PF-D0061,PF-C00421,Moderate,Escalate,Insufficient,False,Classification,0.7692033046629126,0.6430321202455955,0.6521407629403954,148.84133881209496,0.0018523768679939373
PF-P02,PF-D0062,PF-C00422,Simple,Review,Review,True,Classification,0.8885052314399573,0.8020205536415671,0.8771908745905317,109.28964296612793,0.00202212350983197
PF-P03,PF-D0063,PF-C00423,Moderate,Insufficient,Insufficient,True,Classification,0.361212847149329,0.6863359916055045,0.5261086315596166,98.38674300859876,0.0020408299745235054
PF-P04,PF-D0064,PF-C00424,Moderate,Insufficient,Clear,False,Classification,0.9145767308712839,0.8436764631907211,0.7906138993368367,116.1785447185649,0.001936560977254226
PF-P05,PF-D0065,PF-C00425,Moderate,Review,Clear,False,Classification,0.8419050040069388,0.7067009400470564,0.45284218084181704,114.85422739544927,0.0017266545126040848
PF-P06,PF-D0066,PF-C00426,Simple,Clear,Clear,True,Classification,0.7479960095649303,0.8569819803303238,0.700488892799217,92.84324578051631,0.001906537218177373
PF-P01,PF-D0067,PF-C00427,Complex,Clear,Review,False,Classification,0.6699577157395709,0.5719433344850514,0.4121974122352265,206.77566373086796,0.0028649259321256617
PF-P02,PF-D0068,PF-C00428,Simple,Clear,Clear,True,Classification,0.7942395922814481,0.7740282766088609,0.5007068267905329,109.88133367940908,0.0019925774945478143
PF-P03,PF-D0069,PF-C00429,Complex,Escalate,Insufficient,False,Classification,0.7138492686102333,0.44357271976316714,0.5645488810191271,188.73563747657178,0.002760957147939815
PF-P04,PF-D0070,PF-C00430,Complex,Clear,Insufficient,False,Classification,0.6400630827956341,0.45025485708950114,0.3997596815060939,149.55680077939093,0.002628028316386055
PF-P05,PF-D0071,PF-C00431,Moderate,Insufficient,Review,False,Classification,0.8606222380019071,0.7235798654678703,0.19771286256623588,158.54619462176635,0.002226503549195258
PF-P06,PF-D0072,PF-C00432,Moderate,Clear,Clear,True,Classification,0.8654900731211584,0.8971996157342006,0.5383560976276226,105.006986512097,0.0018443976876011418
PF-P01,PF-D0073,PF-C00433,Simple,Escalate,Insufficient,False,Classification,0.7222161456407951,0.7622957557132474,0.7053253950878772,102.53944380477063,0.0016709032502172023
PF-P02,PF-D0074,PF-C00434,Simple,Clear,Clear,True,Classification,0.7278162420462431,0.8561659692541312,0.7423307790364408,161.06727125653833,0.0020452230271584978
PF-P03,PF-D0075,PF-C00435,Moderate,Insufficient,Insufficient,True,Classification,0.9022094554589918,0.8786957432731071,1.0,172.3185440950321,0.0014637531778706478
PF-P04,PF-D0076,PF-C00436,Complex,Review,Escalate,False,Classification,0.2175102571627333,0.4082066302728009,0.4694220401084137,206.12814631807578,0.0021044355544682825
PF-P05,PF-D0077,PF-C00437,Simple,Review,Review,True,Classification,0.8708365755833346,0.8297625310915445,0.5256104382435577,101.22242975092966,0.0020842632551468935
PF-P06,PF-D0078,PF-C00438,Simple,Clear,Clear,True,Classification,0.9040034409854494,0.896751377472583,0.6432469559777617,122.3024571880696,0.0017750797384334883
PF-P01,PF-D0079,PF-C00439,Simple,Insufficient,Insufficient,True,Classification,0.6842420081146974,0.770400564186944,0.9075098599162295,142.3701150123355,0.0019685626755407463
PF-P02,PF-D0080,PF-C00440,Simple,Clear,Clear,True,Classification,0.9672969007882218,0.9067119828823641,0.4224990096698591,125.23484642482828,0.0019219890157487318
PF-P03,PF-D0081,PF-C00441,Simple,Review,Review,True,Classification,0.8486230559223087,0.8106424923335694,0.6890532391920365,122.53132880125234,0.0018166447029151571
PF-P04,PF-D0082,PF-C00442,Simple,Clear,Clear,True,Classification,0.9122422621832327,0.9029642216807665,0.6102450095995664,125.10453520478197,0.001748028337075039
PF-P05,PF-D0083,PF-C00443,Moderate,Clear,Clear,True,Classification,0.5753849467205998,0.47689248045024385,0.5457255964003994,119.63041594589157,0.0023539742005058003
PF-P06,PF-D0084,PF-C00444,Moderate,Clear,Clear,True,Classification,0.9079765266847143,0.8870404385053595,0.6334249614125439,137.19405304440068,0.0027557062737448464
PF-P01,PF-D0085,PF-C00445,Complex,Clear,Clear,True,Classification,0.5183799157027206,0.6441528852745777,0.5125940391064676,195.3444763768007,0.0028867274145668097
PF-P02,PF-D0086,PF-C00446,Moderate,Review,Review,True,Classification,0.8119093297501618,0.8360433347769473,0.6243340146837295,155.12933117912036,0.001327677815282578
PF-P03,PF-D0087,PF-C00447,Simple,Escalate,Escalate,True,Classification,0.8169826279591781,0.7822718297201557,0.6037937809802205,127.07701657478835,0.0022380576325649643
PF-P04,PF-D0088,PF-C00448,Complex,Review,Escalate,False,Classification,0.38073676724800715,0.5798649777605013,0.503375319773013,173.4354841854405,0.002641991559534466
PF-P05,PF-D0089,PF-C00449,Simple,Review,Insufficient,False,Classification,0.738513752100943,0.6244000360624203,0.4270581515013479,117.61073874326343,0.0023415725609831246
PF-P06,PF-D0090,PF-C00450,Simple,Clear,Clear,True,Classification,0.7431533207554607,0.8482919490127266,0.660277421965514,130.4682581370738,0.002180489270221493
PF-P01,PF-D0091,PF-C00451,Complex,Clear,Clear,True,Classification,0.8787857750177895,0.7098493656428776,0.2246694490342426,200.2104881344951,0.0021159134133280624
PF-P02,PF-D0092,PF-C00452,Simple,Review,Review,True,Classification,0.8419362535820423,0.8456902489779248,0.6172121148626668,132.13325399774476,0.001691798423920348
PF-P03,PF-D0093,PF-C00453,Simple,Insufficient,Clear,False,Classification,0.7467267679868095,0.8044199289449114,0.4667563095379202,109.78919617435582,0.0021708936573885894
PF-P04,PF-D0094,PF-C00454,Simple,Clear,Clear,True,Classification,0.761569932045466,0.8912722719986742,0.6301155610439381,89.51021726833767,0.002113641193565216
PF-P05,PF-D0095,PF-C00455,Simple,Clear,Clear,True,Classification,0.9087681450315453,0.8710055821094583,0.8629994183000638,110.41545453909605,0.0021745129291416165
PF-P06,PF-D0096,PF-C00456,Simple,Clear,Clear,True,Classification,0.928220220007255,0.9008992158201644,0.8615195662089655,162.26203144250843,0.0020485765892055384
PF-P01,PF-D0097,PF-C00457,Moderate,Clear,Clear,True,Classification,0.8753142732413295,0.8785117654924912,0.6828764056088228,146.8684856208273,0.001662933255414782
PF-P02,PF-D0098,PF-C00458,Simple,Escalate,Review,False,Classification,0.8590875221161879,0.8692275657886482,0.9096771983894707,102.31703588120743,0.0022562238861229943
PF-P03,PF-D0099,PF-C00459,Complex,Insufficient,Insufficient,True,Classification,0.407935524122804,0.45703620088829344,0.41010940562626585,189.7559272519448,0.0024482621025895468
PF-P04,PF-D0100,PF-C00460,Moderate,Escalate,Insufficient,False,Classification,0.6118565177442417,0.6223385040232683,0.30549271534161565,128.1774575900048,0.002305833967360241
PF-P05,PF-D0101,PF-C00461,Simple,Insufficient,Insufficient,True,Classification,0.7289514581105189,0.7484419686285594,0.676647300449861,134.43428328961778,0.0017041057640153749
PF-P06,PF-D0102,PF-C00462,Simple,Review,Clear,False,Classification,0.9141648538487163,0.8778926211551692,0.7127682639720335,106.94107277001831,0.001913247966333027
PF-P01,PF-D0103,PF-C00463,Complex,Clear,Review,False,Classification,0.5562860399571324,0.599673538734256,0.4878823490646564,197.16278430566712,0.002741641044462451
PF-P02,PF-D0104,PF-C00464,Simple,Clear,Clear,True,Classification,0.8528373340360347,0.7769319064308398,0.40391276221074446,100.34031533331732,0.002014223271768279
PF-P03,PF-D0105,PF-C00465,Simple,Clear,Clear,True,Classification,0.922538984312869,0.9208098035490949,0.7288102205296204,119.11513571235083,0.00208067107288054
PF-P04,PF-D0106,PF-C00466,Simple,Clear,Clear,True,Classification,0.8927266689258373,0.7598427125400881,0.6553306989371981,132.1716893696172,0.001992839328501674
PF-P05,PF-D0107,PF-C00467,Complex,Escalate,Review,False,Classification,0.5506183043191186,0.6324347723408414,0.6620761766203797,137.65044393687728,0.0023857525932990857
PF-P06,PF-D0108,PF-C00468,Simple,Clear,Clear,True,Classification,0.7477267405647912,0.8279722003221814,0.8372431087508169,131.31960531419648,0.002089969071219282
PF-P01,PF-D0109,PF-C00469,Moderate,Insufficient,Clear,False,Classification,0.7865709176641099,0.8274428186794613,0.37624138078107533,176.7490207086183,0.0022879246019104236
PF-P02,PF-D0110,PF-C00470,Moderate,Escalate,Clear,False,Classification,0.6851828507271162,0.7283542130687775,0.39127782100253333,150.87325212009227,0.0020252320702690597
PF-P03,PF-D0111,PF-C00471,Simple,Insufficient,Review,False,Classification,0.6656595810403226,0.6439643105019446,0.5092349788831493,107.34206648118976,0.0017230580507082128
PF-P04,PF-D0112,PF-C00472,Simple,Review,Review,True,Classification,0.4662367036779682,0.7503438996442398,0.5027846531774007,94.1186417879013,0.00172468784273088
PF-P05,PF-D0113,PF-C00473,Simple,Clear,Clear,True,Classification,0.9339385100737924,0.8742518358544676,0.8351069907655824,138.50960121522877,0.00222774802671621
PF-P06,PF-D0114,PF-C00474,Simple,Insufficient,Clear,False,Classification,0.8437825051334932,0.8215293175877875,0.7166601773182711,135.09216979253398,0.0019922961249680816
PF-P01,PF-D0115,PF-C00475,Simple,Clear,Clear,True,Classification,0.877196450190442,0.877819961410846,0.5548843099333872,132.16277557965265,0.0023132456981669078
PF-P02,PF-D0116,PF-C00476,Simple,Review,Review,True,Classification,0.7842097105778129,0.7124054298672758,0.5228218855832084,99.43493461284737,0.0023857767554963686
PF-P03,PF-D0117,PF-C00477,Complex,Clear,Review,False,Classification,0.6290709721438208,0.6664132526561761,0.6453466700698955,176.32430802198576,0.0021708398176942395
PF-P04,PF-D0118,PF-C00478,Simple,Clear,Clear,True,Classification,0.9073494234677723,0.8694434576998571,0.7280426916413306,124.61442117002184,0.0020950188655000264
PF-P05,PF-D0119,PF-C00479,Moderate,Escalate,Escalate,True,Classification,0.5222843134230108,0.6940222457110197,0.4677896244606171,158.23622346532522,0.0020818210268659155
PF-P06,PF-D0120,PF-C00480,Moderate,Review,Clear,False,Classification,0.7635839528327557,0.6357444326205562,0.4877230255629899,115.11906850224696,0.0016426548278344491
PF-P01,PF-D0121,PF-C00481,Complex,Review,Insufficient,False,Classification,0.7949825252216838,0.7362267999776193,0.6997119035689339,197.2248300264934,0.002401790267014683
PF-P02,PF-D0122,PF-C00482,Moderate,Clear,Clear,True,Classification,0.7401671559778122,0.8087950602651078,0.6258095432875341,138.28878597063493,0.002275450230293663
PF-P03,PF-D0123,PF-C00483,Simple,Clear,Clear,True,Classification,0.9235703320725829,0.8583126809185486,0.8522956389159736,136.62912939446636,0.002054188774946379
PF-P04,PF-D0124,PF-C00484,Complex,Insufficient,Review,False,Classification,0.7137359829127033,0.6225597808949305,0.4794842792447721,169.92973428985752,0.0029529992604972236
PF-P05,PF-D0125,PF-C00485,Simple,Clear,Clear,True,Classification,0.8989067786353016,0.8903088697504543,0.5040803668589822,125.51842956405804,0.001932649118291011
PF-P06,PF-D0126,PF-C00486,Moderate,Clear,Clear,True,Classification,0.8982928083679461,0.8144971795905755,0.7285981381947542,139.74006183720144,0.0022048027383125973
PF-P01,PF-D0127,PF-C00487,Simple,Clear,Clear,True,Classification,0.4969373154419249,0.6849411519331895,0.7714541875950319,91.40530504699964,0.002249833796556072
PF-P02,PF-D0128,PF-C00488,Moderate,Escalate,Escalate,True,Classification,0.4966326028502768,0.7357991485222386,0.6158626866603051,140.8679895213711,0.0020603349344767547
PF-P03,PF-D0129,PF-C00489,Simple,Insufficient,Insufficient,True,Classification,0.794158714170675,0.8573334367976624,0.9211063217721255,155.72207829158788,0.0019159020143632928
PF-P04,PF-D0130,PF-C00490,Moderate,Escalate,Clear,False,Classification,0.8380511024990828,0.7802137432318647,0.5435762807042731,141.53468506048523,0.0021110093451891785
PF-P05,PF-D0131,PF-C00491,Simple,Clear,Clear,True,Classification,0.9461568340570816,0.903522942639371,0.6524836692386833,91.61607003743192,0.0017782056042778122
PF-P06,PF-D0132,PF-C00492,Simple,Clear,Clear,True,Classification,0.8626591107285021,0.9042238993300901,0.665921507666794,115.19023813035028,0.0019245177562696027
PF-P01,PF-D0133,PF-C00493,Simple,Escalate,Escalate,True,Classification,0.62419171249749,0.6972727820177981,0.7007216689700153,99.98935869506249,0.00215223519356242
PF-P02,PF-D0134,PF-C00494,Moderate,Escalate,Escalate,True,Classification,0.8439791425039092,0.6855465459465843,0.5631758890341788,148.77651528763818,0.0018431667312565536
PF-P03,PF-D0135,PF-C00495,Moderate,Review,Review,True,Classification,0.807226749098864,0.7918746432789119,0.5590800916181725,145.40484831835886,0.0017502527315394667
PF-P04,PF-D0136,PF-C00496,Moderate,Review,Review,True,Classification,0.7779124128771889,0.6959323128079082,0.5267876610840374,119.62604200217459,0.0023816740574857547
PF-P05,PF-D0137,PF-C00497,Simple,Insufficient,Insufficient,True,Classification,0.874139292092758,0.8011817432399833,0.7467136078086859,126.92978785881213,0.0021449524680054524
PF-P06,PF-D0138,PF-C00498,Simple,Review,Review,True,Classification,0.892388646559704,0.8770198543855218,0.62110592302713,94.41995663676316,0.002481527704629771
PF-P01,PF-D0139,PF-C00499,Simple,Clear,Clear,True,Classification,0.8433616804225227,0.8593229909152529,0.5373971389382194,142.8699182220662,0.002379004341696719
PF-P02,PF-D0140,PF-C00500,Moderate,Insufficient,Insufficient,True,Classification,0.9147943240037664,0.8210586196658383,0.7170711993123988,131.5829540944745,0.0022121157438237567
PF-P03,PF-D0141,PF-C00501,Simple,Clear,Clear,True,Classification,0.9269070279767545,0.8543889200176165,0.6873762539774123,132.8596324907712,0.0021228699808418187
PF-P04,PF-D0142,PF-C00502,Simple,Review,Clear,False,Classification,0.915753940414634,0.9172071554060438,0.7917039050930228,114.75686448302812,0.0019452130625388932
PF-P05,PF-D0143,PF-C00503,Simple,Review,Review,True,Classification,0.8795284623773969,0.8406077305191554,0.6580086105294484,136.1787952828535,0.0019028463332221295
PF-P06,PF-D0144,PF-C00504,Moderate,Clear,Clear,True,Classification,0.8262927099306322,0.8076002494046238,0.7169282047139645,128.32153678358645,0.0018592004965226436
PF-P01,PF-D0145,PF-C00505,Simple,Clear,Clear,True,Classification,0.8148682356814633,0.7468837492984295,0.5190974147773204,113.81439136664117,0.0018771584490157368
PF-P02,PF-D0146,PF-C00506,Simple,Clear,Review,False,Classification,0.8109785119016323,0.8101022905310145,0.5471869330888863,125.25551596928067,0.002467061980639562
PF-P03,PF-D0147,PF-C00507,Simple,Clear,Clear,True,Classification,0.8692231062631703,0.8371665690271114,0.7011142671571351,126.42859450976246,0.0018927093824941867
PF-P04,PF-D0148,PF-C00508,Simple,Clear,Clear,True,Classification,0.8852714044646238,0.901142349223959,0.8698179373283663,95.32471033519131,0.001453501561733539
PF-P05,PF-D0149,PF-C00509,Simple,Review,Review,True,Classification,0.8695464301641777,0.8963667832902631,0.6304454449027985,113.38168674315898,0.00204043680968638
PF-P06,PF-D0150,PF-C00510,Simple,Clear,Review,False,Classification,0.809907112809057,0.716105647698776,0.6847134512555735,108.16241939978315,0.0018336998878656096
PF-P01,PF-D0151,PF-C00511,Simple,Insufficient,Insufficient,True,Classification,0.7945470413245893,0.748648936336077,0.6194452017137874,124.04150593689866,0.002256775114692902
PF-P02,PF-D0152,PF-C00512,Simple,Clear,Clear,True,Classification,0.8586511449945583,0.8276007588753335,0.6489019238737707,73.14460095604338,0.0019837985456606973
PF-P03,PF-D0153,PF-C00513,Moderate,Insufficient,Insufficient,True,Classification,0.7774033911476282,0.7687764925255987,0.6540206169734774,130.59764828531482,0.0017600783383595355
PF-P04,PF-D0154,PF-C00514,Moderate,Clear,Clear,True,Classification,0.8122891684358077,0.8701699701430718,0.7539196907091875,105.68234050357611,0.002147494592838471
PF-P05,PF-D0155,PF-C00515,Moderate,Insufficient,Insufficient,True,Classification,0.7040683588801436,0.685345565617116,0.6289069268233118,166.09293787679698,0.0020245076711051697
PF-P06,PF-D0156,PF-C00516,Simple,Escalate,Escalate,True,Classification,0.7446245787445925,0.8099982486935376,0.6557353561850988,139.96505099197196,0.002385110002596503
PF-P01,PF-D0157,PF-C00517,Moderate,Clear,Clear,True,Classification,0.8911021034679436,0.8188315024494505,0.5989464472401532,125.6827399916711,0.0018602371899831302
PF-P02,PF-D0158,PF-C00518,Simple,Clear,Clear,True,Classification,0.8937044018308277,0.8349007467608319,0.8202563840618208,109.67504102013788,0.0017158535792799522
PF-P03,PF-D0159,PF-C00519,Complex,Clear,Insufficient,False,Classification,0.2718388975780929,0.4921037209636386,0.3074692243560359,220.96401573333594,0.0022328053807074153
PF-P04,PF-D0160,PF-C00520,Complex,Review,Clear,False,Classification,0.5114731791479679,0.5541465249128559,0.5923440738795532,211.21283159622897,0.0025464614058449504
PF-P05,PF-D0161,PF-C00521,Moderate,Review,Review,True,Classification,0.6557423260998854,0.7217289981705558,0.5464600502046868,158.38306732152768,0.0024204373952093176
PF-P06,PF-D0162,PF-C00522,Simple,Review,Review,True,Classification,0.9185665204670537,0.8256956429398262,0.4901668064344759,129.94559564540398,0.0017002137437126046
PF-P01,PF-D0163,PF-C00523,Moderate,Escalate,Clear,False,Classification,0.8110514565570394,0.8017177057029323,0.8200765433815035,127.69269927965532,0.002033038041325174
PF-P02,PF-D0164,PF-C00524,Simple,Insufficient,Insufficient,True,Classification,0.862806441304938,0.9275905864543303,0.9466229075661363,114.42055760508165,0.0023462966426552596
PF-P03,PF-D0165,PF-C00525,Complex,Insufficient,Clear,False,Classification,0.7217113347802364,0.6447325522825521,0.42880178588365847,219.65079426443037,0.0024136684541963996
PF-P04,PF-D0166,PF-C00526,Simple,Insufficient,Insufficient,True,Classification,0.6677980317925118,0.7468048232576365,0.5841785456589944,104.50458714294518,0.0022420256583403175
PF-P05,PF-D0167,PF-C00527,Complex,Clear,Clear,True,Classification,0.5441467135264882,0.6125956605351921,0.41037889848767706,184.40414159933204,0.0027875388366019574
PF-P06,PF-D0168,PF-C00528,Moderate,Review,Review,True,Classification,0.7132174637826697,0.7558419216959018,0.6604617503109863,177.08383864232664,0.002128626372209132
PF-P01,PF-D0169,PF-C00529,Simple,Clear,Clear,True,Classification,0.8264262278803401,0.812238240875503,0.5754784969130062,108.55036460610171,0.002290386465229516
PF-P02,PF-D0170,PF-C00530,Moderate,Escalate,Clear,False,Classification,0.88425387201668,0.7020486039402443,0.23615331224823471,151.17640813210292,0.002277642365168126
PF-P03,PF-D0171,PF-C00531,Moderate,Clear,Review,False,Classification,0.9126988296883916,0.8396414082569704,0.9389144724127237,176.0219979787257,0.0020029417786959053
PF-P04,PF-D0172,PF-C00532,Simple,Clear,Clear,True,Classification,0.8318621404185212,0.8017066414941928,0.5112683666051154,107.1160512723737,0.001602994370358611
PF-P05,PF-D0173,PF-C00533,Complex,Review,Review,True,Classification,0.6034051678535715,0.7386525148140177,0.7659134816328339,197.76020423590504,0.0023230208012897935
PF-P06,PF-D0174,PF-C00534,Moderate,Escalate,Escalate,True,Classification,0.6829944713036489,0.6703509629354008,0.5233614783503542,163.53051592000168,0.002028797512608879
PF-P01,PF-D0175,PF-C00535,Simple,Insufficient,Insufficient,True,Classification,0.7097677866554252,0.694570757755915,0.8935780682175014,127.26642068794345,0.002132949670934911
PF-P02,PF-D0176,PF-C00536,Simple,Insufficient,Clear,False,Classification,0.7083352399830957,0.7852998510534995,0.6421480875120881,120.27118267627436,0.0021135824131084495
PF-P03,PF-D0177,PF-C00537,Simple,Escalate,Escalate,True,Classification,0.7802816043338366,0.7322818051534917,0.8367217127097266,135.8138099739181,0.001720833360088265
PF-P04,PF-D0178,PF-C00538,Simple,Escalate,Escalate,True,Classification,0.5865831510941635,0.7613918638411746,0.7843738474146629,143.17891078151598,0.0019139653678221177
PF-P05,PF-D0179,PF-C00539,Simple,Clear,Clear,True,Classification,0.6421434726169026,0.7036232773552814,0.5044591910455669,110.38819735313461,0.0017088533343285503
PF-P06,PF-D0180,PF-C00540,Simple,Clear,Clear,True,Classification,0.6232950250962984,0.7324795278183938,0.7898594801652137,110.27922317082567,0.0024130694824954666
PF-P01,PF-D0001,PF-C00541,Moderate,Insufficient,Insufficient,True,Classification,0.7637559379709622,0.7231751022770063,0.35324501916528717,144.79265556627053,0.002051417350590284
PF-P02,PF-D0002,PF-C00542,Moderate,Review,Review,True,Classification,0.9005372966264248,0.7936548423315815,0.9156543031403365,141.7426479473409,0.0021403347147038944
PF-P03,PF-D0003,PF-C00543,Simple,Insufficient,Insufficient,True,Classification,0.8887333946163869,0.8364764971583969,1.0,167.13154418920342,0.002160128121472325
PF-P04,PF-D0004,PF-C00544,Simple,Review,Review,True,Classification,0.9253096711372367,0.7959187927101973,0.8344451440569886,115.69962232981017,0.0019901227894309876
PF-P05,PF-D0005,PF-C00545,Complex,Review,Escalate,False,Classification,0.6965244239299268,0.5175284572027818,0.5878332380343534,193.21921982145415,0.002729569586579002
PF-P06,PF-D0006,PF-C00546,Simple,Clear,Clear,True,Classification,0.8691342510942377,0.8635275489961157,0.567418696948521,108.59879103908632,0.002486642850997188
PF-P01,PF-D0007,PF-C00547,Moderate,Escalate,Clear,False,Classification,0.5942521274897076,0.732934879106742,0.37679060593699404,138.58939704730903,0.0018210703812085928
PF-P02,PF-D0008,PF-C00548,Moderate,Review,Review,True,Classification,0.8851189114058265,0.8213649381657777,0.7069056312793154,158.5003810011671,0.0020957642214586144
PF-P03,PF-D0009,PF-C00549,Moderate,Insufficient,Review,False,Classification,0.9245213475349736,0.7874290085744781,0.5455076506294386,114.50258748560844,0.0024827288935458584
PF-P04,PF-D0010,PF-C00550,Moderate,Escalate,Clear,False,Classification,0.8950186915854993,0.7986130804062127,0.4526477271427042,138.45069231613218,0.001753425666272409
PF-P05,PF-D0011,PF-C00551,Moderate,Insufficient,Insufficient,True,Classification,0.7581389077596257,0.7068008516100187,0.6537271388936932,161.22797525912972,0.0017844042474346046
PF-P06,PF-D0012,PF-C00552,Moderate,Clear,Clear,True,Classification,0.8177081039556594,0.7609116846986179,0.6233219955935803,124.57891214528709,0.002008767074928031
PF-P01,PF-D0013,PF-C00553,Simple,Review,Review,True,Classification,0.7287835716777687,0.7283792168531944,0.7677699192189097,123.01111384484801,0.002012304421760832
PF-P02,PF-D0014,PF-C00554,Simple,Clear,Clear,True,Classification,0.8510409030287112,0.8598786190420801,0.920479028398443,162.38194948177554,0.0020127021986566544
PF-P03,PF-D0015,PF-C00555,Simple,Review,Review,True,Classification,0.7809889452118469,0.7823333778962247,0.42918503738893365,115.45436125127198,0.001694814809575991
PF-P04,PF-D0016,PF-C00556,Simple,Clear,Clear,True,Classification,0.7614051271163969,0.8821781000570811,0.38249333920708883,111.12983469576265,0.002223997467338244
PF-P05,PF-D0017,PF-C00557,Simple,Clear,Clear,True,Classification,0.6011842549248302,0.6544654087700132,0.32072850828850724,102.93405521463797,0.0021604189640222283
PF-P06,PF-D0018,PF-C00558,Moderate,Review,Clear,False,Classification,0.6810547738170222,0.7746275294456767,0.7458457167662008,187.53847661706212,0.0017029790382022654
PF-P01,PF-D0019,PF-C00559,Complex,Review,Clear,False,Classification,0.5216935220776772,0.6403096225378573,0.45019418590375787,160.08644205190862,0.0025391149704760457
PF-P02,PF-D0020,PF-C00560,Simple,Insufficient,Insufficient,True,Classification,0.912985615614446,0.8921631610092132,0.7873140345462168,91.20885134058183,0.002081795011131033
PF-P03,PF-D0021,PF-C00561,Simple,Insufficient,Review,False,Classification,0.5986982497201758,0.8462328946573205,0.6297769027325376,114.23708954859991,0.0017455138532591463
PF-P04,PF-D0022,PF-C00562,Simple,Clear,Clear,True,Classification,0.760712985986485,0.8067860732575939,0.5212627546291784,118.52718670843672,0.0017581843626679992
PF-P05,PF-D0023,PF-C00563,Complex,Review,Clear,False,Classification,0.788871683498928,0.6898748015508446,0.3981164256336737,190.14251184287394,0.0024754085772899525
PF-P06,PF-D0024,PF-C00564,Simple,Insufficient,Insufficient,True,Classification,0.9202462129742819,0.8779621402680914,0.6524355172841647,153.47054707741833,0.001981083677754687
PF-P01,PF-D0025,PF-C00565,Moderate,Review,Review,True,Classification,0.786426147219713,0.9026244594060583,0.6495001402840312,153.09232754780373,0.0016903011040082416
PF-P02,PF-D0026,PF-C00566,Simple,Insufficient,Insufficient,True,Classification,0.9495460387069461,0.8308696425031654,0.584364720427179,124.62270196218417,0.0018623673320528494
PF-P03,PF-D0027,PF-C00567,Complex,Review,Insufficient,False,Classification,0.7774486027716676,0.6215931231344817,0.7019057457084676,211.55445810456425,0.002449404330677931
PF-P04,PF-D0028,PF-C00568,Simple,Review,Review,True,Classification,0.8537553434228602,0.8660537567087288,0.5902046486874338,95.34213776058897,0.0019600438060318214
PF-P05,PF-D0029,PF-C00569,Moderate,Clear,Clear,True,Classification,0.8445722062318196,0.8455593085753201,0.9560823651336212,120.06020238061123,0.0022712491915556315
PF-P06,PF-D0030,PF-C00570,Simple,Clear,Clear,True,Classification,0.9710260079505146,0.9471645939891475,0.9143992366980732,129.2952075164998,0.0020978219562030336
PF-P01,PF-D0031,PF-C00571,Complex,Escalate,Escalate,True,Classification,0.5902249246678696,0.600326196086687,0.4899364032441259,212.8542341360423,0.002516200025558914
PF-P02,PF-D0032,PF-C00572,Simple,Clear,Clear,True,Classification,0.9052586688016588,0.8582058596826422,0.7308198668701227,113.80052678597276,0.002000831804420876
PF-P03,PF-D0033,PF-C00573,Moderate,Clear,Clear,True,Classification,0.8983784652347125,0.7865356660981526,0.35237709548838647,112.96894322276843,0.0017691193881408812
PF-P04,PF-D0034,PF-C00574,Simple,Clear,Review,False,Classification,0.9162532260901737,0.7608605991521648,0.536908862208122,141.74092814345374,0.0019278473255886588
PF-P05,PF-D0035,PF-C00575,Moderate,Insufficient,Insufficient,True,Classification,0.7993507761792211,0.810844217308982,0.5890315365525884,161.3286083139551,0.0024689029567733518
PF-P06,PF-D0036,PF-C00576,Complex,Review,Review,True,Classification,0.6122360795798503,0.5506233308712122,0.49599689568826055,189.26090495497843,0.0022006239686290585
PF-P01,PF-D0037,PF-C00577,Simple,Clear,Clear,True,Classification,0.8576703200441806,0.8564797124752158,0.788108802519939,128.22636895780855,0.00221995362940681
PF-P02,PF-D0038,PF-C00578,Complex,Insufficient,Review,False,Classification,0.5200548090677974,0.6649479334363146,0.5374265958454645,191.16283631907208,0.0026822817858245403
PF-P03,PF-D0039,PF-C00579,Simple,Clear,Clear,True,Classification,0.8982751494373873,0.9006849900140153,0.8980799403122383,90.80532452498835,0.0020719195460166128
PF-P04,PF-D0040,PF-C00580,Simple,Clear,Insufficient,False,Classification,0.7894014927418579,0.7533784058179155,0.582649482801535,156.61427366681798,0.002230277479887192
PF-P05,PF-D0041,PF-C00581,Simple,Clear,Clear,True,Classification,0.8526790961944408,0.8497549045468328,0.6433674586210134,100.45542358611706,0.0018869889175860354
PF-P06,PF-D0042,PF-C00582,Simple,Clear,Clear,True,Classification,0.6146592327879119,0.6915553779767087,0.8152964764664982,108.55332109687515,0.0015764208515446402
PF-P01,PF-D0043,PF-C00583,Moderate,Escalate,Escalate,True,Classification,0.4845921300149908,0.5479588213024749,0.3849901952255259,157.59135297039745,0.0018760316810061727
PF-P02,PF-D0044,PF-C00584,Moderate,Insufficient,Insufficient,True,Classification,0.8041304108026592,0.7701628919143607,0.6001260673551426,166.49212461017237,0.001955443856343387
PF-P03,PF-D0045,PF-C00585,Moderate,Insufficient,Insufficient,True,Classification,0.7706502685946175,0.7082598394106838,0.6931569614001283,152.51149014397808,0.0020686957433858236
PF-P04,PF-D0046,PF-C00586,Simple,Insufficient,Insufficient,True,Classification,0.8424224161516648,0.8383230175495848,0.6153329297002881,96.32216622117413,0.002038331317387321
PF-P05,PF-D0047,PF-C00587,Complex,Review,Insufficient,False,Classification,0.4447880772136546,0.5548893891046977,0.4537208999075271,191.7413004013959,0.0023347008232380414
PF-P06,PF-D0048,PF-C00588,Simple,Insufficient,Insufficient,True,Classification,0.507757022663322,0.6648613367825251,0.5177810762126203,94.08296226717535,0.0018875714464552961
PF-P01,PF-D0049,PF-C00589,Simple,Clear,Clear,True,Classification,0.7895696928859859,0.8681873270974287,0.862150744098672,113.52318685316006,0.0019501060408099915
PF-P02,PF-D0050,PF-C00590,Simple,Clear,Clear,True,Classification,0.9600748636724079,0.9046864966214576,0.7098163628827638,132.51870112123237,0.0019080798256258956
PF-P03,PF-D0051,PF-C00591,Simple,Review,Review,True,Classification,0.7632523686786796,0.8859298898873912,0.6892304847871612,121.07812068703238,0.0016832705772390143
PF-P04,PF-D0052,PF-C00592,Simple,Escalate,Review,False,Classification,0.8508397717551183,0.8374157881685542,0.7752214914776621,105.9753483344436,0.0023938154496434484
PF-P05,PF-D0053,PF-C00593,Simple,Clear,Clear,True,Classification,0.9080701045425369,0.925537092140422,0.740060566879558,86.849981449827,0.0020806158623259477
PF-P06,PF-D0054,PF-C00594,Simple,Clear,Clear,True,Classification,0.9024364990220979,0.9164913902983352,0.9184320030552242,174.13002642002874,0.0017414762489996085
PF-P01,PF-D0055,PF-C00595,Simple,Clear,Clear,True,Classification,0.9683401215458778,0.9200219201737418,0.8002512525728297,122.30522844147247,0.002087531691028555
PF-P02,PF-D0056,PF-C00596,Moderate,Insufficient,Insufficient,True,Classification,0.64036955717454,0.5360611476596787,0.3990509099700281,116.15528569932243,0.0018553642046742552
PF-P03,PF-D0057,PF-C00597,Simple,Escalate,Clear,False,Classification,0.6374419413818567,0.7869450178608562,0.8005508834770206,119.67586456887183,0.0021411696951210623
PF-P04,PF-D0058,PF-C00598,Moderate,Review,Review,True,Classification,0.8842361279304648,0.7499611993424501,0.6300805848792911,127.40448309289349,0.00184849239248188
PF-P05,PF-D0059,PF-C00599,Simple,Review,Review,True,Classification,0.8699011098216649,0.8744128782862169,0.9264096774752274,83.49903329621773,0.002201515263969774
PF-P06,PF-D0060,PF-C00600,Simple,Review,Review,True,Classification,0.8906538871807232,0.8278092508594961,0.8916846613134516,148.24524707815146,0.0023843233848443563
PF-P01,PF-D0061,PF-C00601,Simple,Review,Review,True,Classification,0.8896826595031443,0.873742293962124,0.6399577726495869,131.32465728711594,0.0018552699444162612
PF-P02,PF-D0062,PF-C00602,Simple,Clear,Clear,True,Classification,0.9057868275077555,0.869925138921132,0.8633930979471959,114.39210125652751,0.001761233031101382
PF-P03,PF-D0063,PF-C00603,Complex,Insufficient,Escalate,False,Classification,0.6032548425618365,0.5316470629511563,0.5284579409327606,164.06335048089642,0.002271621701648642
PF-P04,PF-D0064,PF-C00604,Simple,Escalate,Insufficient,False,Classification,0.7810285518845442,0.8645897467339659,0.8938549461501294,103.52857066466095,0.0020139797267370563
PF-P05,PF-D0065,PF-C00605,Complex,Insufficient,Insufficient,True,Classification,0.6339465529153332,0.5485582591886581,0.5342118958354303,189.7395969620796,0.002244599875217694
PF-P06,PF-D0066,PF-C00606,Complex,Review,Review,True,Classification,0.7023148573129061,0.6361653370944291,0.3540563464669823,200.73146837738443,0.0025390077231960623
PF-P01,PF-D0067,PF-C00607,Moderate,Review,Review,True,Classification,0.8062002681907863,0.6709828184010599,0.8205163512171846,195.31658570473914,0.0018603754533841688
PF-P02,PF-D0068,PF-C00608,Simple,Escalate,Clear,False,Classification,0.6835849627918925,0.7909224040566488,0.5959734270361637,134.16020211088454,0.0023893385722449515
PF-P03,PF-D0069,PF-C00609,Moderate,Clear,Clear,True,Classification,0.8243558527625735,0.8078602099980018,0.5371759843445336,126.8676507979198,0.0019439648338747493
PF-P04,PF-D0070,PF-C00610,Simple,Clear,Clear,True,Classification,0.950087366378977,0.9219254570469406,1.0,97.90487884237456,0.0018774221151492006
PF-P05,PF-D0071,PF-C00611,Simple,Review,Review,True,Classification,0.8629283767166591,0.829038137877879,0.738704897095307,124.36538492977343,0.0021576653347200408
PF-P06,PF-D0072,PF-C00612,Moderate,Clear,Clear,True,Classification,0.7642805137396755,0.8599341131359175,0.6448564272765007,110.06144889468631,0.0019689579676363317
PF-P01,PF-D0073,PF-C00613,Simple,Review,Insufficient,False,Classification,0.9108448212686789,0.8213299393777218,0.6915510222579082,133.76592469365784,0.002309094209141323
PF-P02,PF-D0074,PF-C00614,Simple,Clear,Clear,True,Classification,0.881582105297379,0.8517538611001771,0.7018411548232977,91.36064409557835,0.0018665172374006552
PF-P03,PF-D0075,PF-C00615,Simple,Escalate,Clear,False,Classification,0.8615300337646961,0.8052865934581556,0.6368219028425333,113.36202630277404,0.002303379262988535
PF-P04,PF-D0076,PF-C00616,Complex,Clear,Clear,True,Classification,0.8879502605689428,0.8400582147273152,0.586960661061988,216.4990317151825,0.002580701439433637
PF-P05,PF-D0077,PF-C00617,Simple,Review,Review,True,Classification,0.8504417181556541,0.8542115949049273,0.6911150660565598,143.56236182585047,0.0019095473215599967
PF-P06,PF-D0078,PF-C00618,Moderate,Clear,Clear,True,Classification,0.9042277944336993,0.8039761268548122,0.5226299520439969,106.07150201998988,0.002030225950282219
PF-P01,PF-D0079,PF-C00619,Simple,Insufficient,Clear,False,Classification,0.8833326560454147,0.8392549025085904,0.6624960678019348,115.01795878831084,0.001462750916863782
PF-P02,PF-D0080,PF-C00620,Simple,Escalate,Escalate,True,Classification,0.8380903750241381,0.8591044686618523,0.7693316888944467,120.43681101847004,0.0016868224608812407
PF-P03,PF-D0081,PF-C00621,Simple,Clear,Clear,True,Classification,0.8679360716985162,0.8222451008023923,0.49448764083300517,110.24742280446323,0.0019300577871959098
PF-P04,PF-D0082,PF-C00622,Simple,Escalate,Clear,False,Classification,0.8725105636527235,0.8538071446430943,0.7902904961318663,85.42074269905251,0.0019598801651491992
PF-P05,PF-D0083,PF-C00623,Simple,Clear,Clear,True,Classification,0.851706311630439,0.7786299225300708,0.49732295362648593,133.54696885269252,0.0019763051365449657
PF-P06,PF-D0084,PF-C00624,Simple,Clear,Clear,True,Classification,0.7827438758385319,0.8303455988502015,0.6771463975854206,106.39209551892841,0.0021169821474247667
PF-P01,PF-D0085,PF-C00625,Simple,Review,Review,True,Classification,0.7927851328369908,0.8840655398515231,0.7285862130524279,130.40660982224045,0.0016563130980496038
PF-P02,PF-D0086,PF-C00626,Simple,Insufficient,Insufficient,True,Classification,0.6202197719998147,0.8139255740915736,0.9756488420795094,124.47388186501813,0.0016180532152228518
PF-P03,PF-D0087,PF-C00627,Simple,Escalate,Escalate,True,Classification,0.8754085616875273,0.7822847215641471,0.6915855403013417,151.86893343148515,0.0021126416496378884
PF-P04,PF-D0088,PF-C00628,Simple,Clear,Clear,True,Classification,0.6003846705547389,0.6708742862567667,0.5025966492333019,71.21663687024486,0.0017222019380439522
PF-P05,PF-D0089,PF-C00629,Moderate,Clear,Clear,True,Classification,0.8231131951637958,0.7732613858947833,0.6011726555278188,199.11362390381612,0.0018602300115659054
PF-P06,PF-D0090,PF-C00630,Simple,Review,Review,True,Classification,0.6748597553010729,0.775883548911973,0.7687460479913663,94.44090983883615,0.0023212982115411044
PF-P01,PF-D0091,PF-C00631,Simple,Review,Review,True,Classification,0.8656169742408454,0.7964925661206242,0.5220293297346512,112.4044816532493,0.002239085430994495
PF-P02,PF-D0092,PF-C00632,Moderate,Review,Review,True,Classification,0.8653038737841122,0.7833109787614743,0.5168076678466215,144.06665113585836,0.002039636243744842
PF-P03,PF-D0093,PF-C00633,Simple,Insufficient,Escalate,False,Classification,0.6225749575180674,0.6140811635616691,0.8106941673883599,142.260951455791,0.002063309830534577
PF-P04,PF-D0094,PF-C00634,Complex,Insufficient,Clear,False,Classification,0.6898400670099022,0.6919066062506148,0.3502618312500568,200.1292185054347,0.0025036258518380634
PF-P05,PF-D0095,PF-C00635,Simple,Clear,Review,False,Classification,0.8522686778165012,0.7843771227806416,0.38265781946847854,115.06532223432794,0.0020855253807639225
PF-P06,PF-D0096,PF-C00636,Simple,Review,Review,True,Classification,0.8587708250027815,0.8323938895029431,0.5766874850803271,112.59102986133185,0.002388064656084658
PF-P01,PF-D0097,PF-C00637,Simple,Clear,Clear,True,Classification,0.965980646945986,0.9061042926502848,0.804814553162281,77.10713732298589,0.0017967688209156514
PF-P02,PF-D0098,PF-C00638,Moderate,Review,Review,True,Classification,0.8594283298766556,0.7753530716152655,0.7793785492059392,155.422757905072,0.0021064485700034905
PF-P03,PF-D0099,PF-C00639,Simple,Review,Review,True,Classification,0.8508944541049502,0.8797406100466556,0.9301182126882994,97.01531602154779,0.0018856177821527094
PF-P04,PF-D0100,PF-C00640,Simple,Clear,Clear,True,Classification,0.90205832739024,0.8534765364787902,0.5466646558909508,134.05556680001334,0.002376388432002328
PF-P05,PF-D0101,PF-C00641,Moderate,Escalate,Escalate,True,Classification,0.6904838428805836,0.7672901597773458,0.49586836558143077,146.40611329020902,0.0018783626218597548
PF-P06,PF-D0102,PF-C00642,Simple,Escalate,Clear,False,Classification,0.903697854760772,0.8327991136074949,0.6275888469267503,145.69686547264646,0.0023125580524121637
PF-P01,PF-D0103,PF-C00643,Simple,Clear,Clear,True,Classification,0.8227508409841949,0.7785963041390813,0.7015586136957516,138.4787133932167,0.0020901137060943004
PF-P02,PF-D0104,PF-C00644,Simple,Clear,Clear,True,Classification,0.9187990498403869,0.8595827612818315,0.6808063231129016,146.47664447436233,0.002142792778603211
PF-P03,PF-D0105,PF-C00645,Simple,Clear,Clear,True,Classification,0.9002732060222735,0.8903738807472437,0.6974386534318299,143.44260345215946,0.002184672650809567
PF-P04,PF-D0106,PF-C00646,Moderate,Review,Review,True,Classification,0.6258757518887984,0.6336649206416106,0.4745836753646382,135.89371598527947,0.00230676769219683
PF-P05,PF-D0107,PF-C00647,Simple,Review,Review,True,Classification,0.7050438357573398,0.7680616058961313,0.721133431592652,135.91057378840026,0.001961282068834513
PF-P06,PF-D0108,PF-C00648,Simple,Review,Review,True,Classification,0.9013991580852916,0.861147969999165,0.7724185407353922,80.06367020648028,0.0016546223989379102
PF-P01,PF-D0109,PF-C00649,Moderate,Review,Review,True,Classification,0.5692635660868498,0.6462093557874441,0.5138202336938308,125.09298967438083,0.0018816352954248597
PF-P02,PF-D0110,PF-C00650,Moderate,Clear,Clear,True,Classification,0.821370624525174,0.8107279386696186,0.675562566604011,157.00323840085915,0.0017100618326499133
PF-P03,PF-D0111,PF-C00651,Moderate,Escalate,Escalate,True,Classification,0.80910579075638,0.8183624026643644,0.730985178956539,146.36616990907214,0.0016922124758571092
PF-P04,PF-D0112,PF-C00652,Simple,Clear,Escalate,False,Classification,0.8625105900421144,0.7299110564185529,0.5658741048817427,104.74247677817914,0.0021111041817449003
PF-P05,PF-D0113,PF-C00653,Simple,Clear,Insufficient,False,Classification,0.8302591202290966,0.8177213952352141,0.7516271678064507,79.4516748328405,0.0018674886688267189
PF-P06,PF-D0114,PF-C00654,Simple,Insufficient,Insufficient,True,Classification,0.8388814541619121,0.8073040662032063,0.6363415038920102,129.34523967534543,0.002036840141328194
PF-P01,PF-D0115,PF-C00655,Moderate,Clear,Clear,True,Classification,0.9034578474439983,0.8661021357471261,0.7502218136868194,146.26271915483136,0.001812032449035768
PF-P02,PF-D0116,PF-C00656,Moderate,Clear,Clear,True,Classification,0.8069766751556052,0.8577717392522028,0.7475410157696148,135.61214937633855,0.002222066404688696
PF-P03,PF-D0117,PF-C00657,Simple,Insufficient,Insufficient,True,Classification,0.6163300440270844,0.75230125240123,0.7600413342026564,128.90271297280623,0.002368983803077881
PF-P04,PF-D0118,PF-C00658,Simple,Clear,Clear,True,Classification,0.7694924152561613,0.7871042192428023,0.7377352387431478,66.9566719961203,0.0019648521956203303
PF-P05,PF-D0119,PF-C00659,Simple,Escalate,Escalate,True,Classification,0.9403833514999161,0.8645229268024267,0.8410312991517348,141.98726698872827,0.001629651423424105
PF-P06,PF-D0120,PF-C00660,Simple,Insufficient,Insufficient,True,Classification,0.7711971906862366,0.7488567381120139,0.613049213564762,87.0049498799215,0.0016390863809252032
PF-P01,PF-D0121,PF-C00661,Moderate,Insufficient,Insufficient,True,Classification,0.47027541804912276,0.5456347850200385,0.5421997056455727,153.63470730171213,0.0020317985850884703
PF-P02,PF-D0122,PF-C00662,Moderate,Clear,Clear,True,Classification,0.871536284558203,0.8204932266288927,0.6476969239442761,127.85293103716697,0.0021637460185244236
PF-P03,PF-D0123,PF-C00663,Simple,Review,Review,True,Classification,0.6936608608017917,0.8350078745946808,0.7312358094428143,168.73357117171219,0.0013454924188538327
PF-P04,PF-D0124,PF-C00664,Simple,Review,Review,True,Classification,0.8748716620736695,0.774386289826381,0.4597218163010769,115.15873724408247,0.0020149455451366387
PF-P05,PF-D0125,PF-C00665,Simple,Clear,Clear,True,Classification,0.8637288978838473,0.7967934919143923,0.4831195404307951,112.93842885829531,0.0019486957063491312
PF-P06,PF-D0126,PF-C00666,Simple,Escalate,Escalate,True,Classification,0.8543337964490528,0.7987796194242335,0.7708457391613122,83.48752113941524,0.002063973520378927
PF-P01,PF-D0127,PF-C00667,Complex,Insufficient,Insufficient,True,Classification,0.5829894560792633,0.6754376153293887,0.5424175006979668,207.18622303745778,0.0030190412921021516
PF-P02,PF-D0128,PF-C00668,Complex,Insufficient,Insufficient,True,Classification,0.358036129057413,0.504017308729999,0.2898652876263049,162.6593336974605,0.002503426703396418
PF-P03,PF-D0129,PF-C00669,Simple,Clear,Clear,True,Classification,0.9122015849043227,0.8966685707046325,0.6726133106070143,133.27949471526338,0.0020829970616226046
PF-P04,PF-D0130,PF-C00670,Moderate,Clear,Clear,True,Classification,0.7673447785137242,0.7960860847492165,0.6769331804553852,101.20889414182244,0.001696089588924719
PF-P05,PF-D0131,PF-C00671,Moderate,Escalate,Escalate,True,Classification,0.7171481879041838,0.6977374640541232,0.7873438271529611,146.41804967368336,0.0020430165385909582
PF-P06,PF-D0132,PF-C00672,Complex,Insufficient,Escalate,False,Classification,0.45037631504183834,0.4101506151675022,0.3608270845682052,215.8963977528442,0.002491299241241382
PF-P01,PF-D0133,PF-C00673,Complex,Clear,Clear,True,Classification,0.7580955776613109,0.7456812916112776,0.7929315761480744,191.7116596337389,0.002803264525642528
PF-P02,PF-D0134,PF-C00674,Simple,Escalate,Escalate,True,Classification,0.8570828112886406,0.8355148187371516,0.881645923200428,111.206067971054,0.0021723152419458438
PF-P03,PF-D0135,PF-C00675,Simple,Clear,Clear,True,Classification,0.8438784764510837,0.8331767504825086,0.6485596333211829,103.3303538503729,0.0017102362867868685
PF-P04,PF-D0136,PF-C00676,Complex,Review,Review,True,Classification,0.6930725307811625,0.5671768894469119,0.3242703200244159,181.10070202561354,0.002684438720794206
PF-P05,PF-D0137,PF-C00677,Simple,Clear,Clear,True,Classification,0.9460796937708659,0.8468727543946277,0.6115936577129929,72.77382113391582,0.0020239812464151173
PF-P06,PF-D0138,PF-C00678,Simple,Clear,Insufficient,False,Classification,0.8951325960786246,0.8234154642142453,0.8918073231483429,72.19153871930166,0.0020781899730949855
PF-P01,PF-D0139,PF-C00679,Simple,Clear,Clear,True,Classification,0.931289817236451,0.8772590512448062,0.7124658521451244,135.82862735349195,0.0019706012456644773
PF-P02,PF-D0140,PF-C00680,Complex,Review,Review,True,Classification,0.8413357221865059,0.7343150137660653,0.3587722555116975,149.98215891319927,0.0020807199095028575
PF-P03,PF-D0141,PF-C00681,Moderate,Insufficient,Insufficient,True,Classification,0.5277726735934588,0.7157576505100638,0.5897452664192477,111.90867781673609,0.0019591737760250526
PF-P04,PF-D0142,PF-C00682,Moderate,Clear,Clear,True,Classification,0.8228627637236788,0.7578050241883838,0.8561835897012535,120.70242659057064,0.0019934169130309772
PF-P05,PF-D0143,PF-C00683,Moderate,Review,Escalate,False,Classification,0.7989399811031409,0.6727634786960243,0.6675418279127381,117.75717770911174,0.0020028864433191493
PF-P06,PF-D0144,PF-C00684,Simple,Clear,Clear,True,Classification,0.7514032195030628,0.7472654099412165,0.6660389604004189,109.78688322087524,0.0017149953331178534
PF-P01,PF-D0145,PF-C00685,Complex,Insufficient,Insufficient,True,Classification,0.32545884429663735,0.4932943360775006,0.3293434924659565,233.97914268614022,0.00286040345949934
PF-P02,PF-D0146,PF-C00686,Simple,Clear,Clear,True,Classification,0.7453340427402367,0.8619586047607299,0.6656511153262339,102.924566334828,0.0016987758343890349
PF-P03,PF-D0147,PF-C00687,Moderate,Review,Review,True,Classification,0.8190974865159631,0.6878614895002025,0.4981936687496336,148.06979664038712,0.0019360670353189913
PF-P04,PF-D0148,PF-C00688,Complex,Clear,Clear,True,Classification,0.5220996963037701,0.5492255353058417,0.06444351887411462,200.22266975647236,0.0024957909945347006
PF-P05,PF-D0149,PF-C00689,Simple,Clear,Clear,True,Classification,0.9705449377498033,0.91910182268425,0.8890764462486281,155.58520888153237,0.001977909314230604
PF-P06,PF-D0150,PF-C00690,Complex,Clear,Clear,True,Classification,0.7449708675576269,0.5755797284244194,0.16678838866232962,193.44132068772564,0.0025871906428042773
PF-P01,PF-D0151,PF-C00691,Simple,Escalate,Escalate,True,Classification,0.7909880704526575,0.8223147106440064,0.7611150093477332,119.23594653544833,0.0017365252015847867
PF-P02,PF-D0152,PF-C00692,Complex,Review,Insufficient,False,Classification,0.5978279751986563,0.636058314940282,0.4822286676575554,190.1858961228496,0.002200236606041876
PF-P03,PF-D0153,PF-C00693,Simple,Review,Review,True,Classification,0.8000146153299565,0.6614199825949879,0.8417359915543179,97.11810553573163,0.002241531353745266
PF-P04,PF-D0154,PF-C00694,Simple,Clear,Clear,True,Classification,0.9421889434974045,0.8740784801928903,0.6140193661629652,136.5450665941014,0.0021354670502665477
PF-P05,PF-D0155,PF-C00695,Simple,Insufficient,Clear,False,Classification,0.8689339027343751,0.8781548061315291,0.6666348769083751,95.3818169812233,0.0021152400042838827
PF-P06,PF-D0156,PF-C00696,Simple,Clear,Clear,True,Classification,0.8506838149946134,0.8508672015801628,0.6435356048926978,106.33080776903584,0.0018889406941370822
PF-P01,PF-D0157,PF-C00697,Moderate,Review,Review,True,Classification,0.6721466185445506,0.6963084423616235,0.6490790227217089,146.6049365040267,0.0022281832954230084
PF-P02,PF-D0158,PF-C00698,Moderate,Clear,Insufficient,False,Classification,0.6883839726836305,0.7428095146525103,0.8057512741636316,122.61066719882203,0.0014061671652830184
PF-P03,PF-D0159,PF-C00699,Simple,Clear,Clear,True,Classification,0.9280473392121366,0.8596607572588044,0.630861964918829,148.44643494365422,0.001992802228531578
PF-P04,PF-D0160,PF-C00700,Complex,Review,Insufficient,False,Classification,0.26594404695348955,0.3390189061092517,0.4332157910695713,236.7721002668422,0.002675375327008561
PF-P05,PF-D0161,PF-C00701,Moderate,Clear,Clear,True,Classification,0.9232940077542611,0.857185058867894,0.7960576110282259,123.95586480923566,0.001880173896466955
PF-P06,PF-D0162,PF-C00702,Moderate,Escalate,Escalate,True,Classification,0.7090676407695449,0.7201031876868484,0.5554937961075661,163.56846072177058,0.0018565580998734408
PF-P01,PF-D0163,PF-C00703,Moderate,Clear,Clear,True,Classification,0.6088623556459621,0.6780898480514173,0.5145399490241526,113.68191999660174,0.0019117933714676819
PF-P02,PF-D0164,PF-C00704,Complex,Clear,Insufficient,False,Classification,0.6667361357596734,0.47434782415307575,0.4738740408157286,187.58721570539944,0.002397806512004285
PF-P03,PF-D0165,PF-C00705,Simple,Review,Review,True,Classification,0.7704885746114079,0.8308977355220557,0.781304417272991,119.19709469406867,0.0021744511215252755
PF-P04,PF-D0166,PF-C00706,Simple,Review,Review,True,Classification,0.9256241931412913,0.8618437608182828,0.2811834915240526,115.36082970113564,0.0016603453061076515
PF-P05,PF-D0167,PF-C00707,Simple,Review,Clear,False,Classification,0.6889479404908879,0.7021405006133198,0.6033552607140711,101.12677492939896,0.0016271605682282586
PF-P06,PF-D0168,PF-C00708,Simple,Clear,Clear,True,Classification,0.876457065781222,0.8012665092400327,0.6850197461730511,121.85577514904314,0.0022071628731712405
PF-P01,PF-D0169,PF-C00709,Simple,Clear,Clear,True,Classification,0.8502216065445136,0.8044896110115475,0.5018117145292244,183.07506981011682,0.001972448158621429
PF-P02,PF-D0170,PF-C00710,Simple,Review,Review,True,Classification,0.7719751943234311,0.7644511644448005,0.6390370128406215,106.04459748474763,0.0018028802331675157
PF-P03,PF-D0171,PF-C00711,Moderate,Review,Review,True,Classification,0.9231525749909816,0.9188044708212898,0.950817985037318,118.01707548217695,0.001825000755632387
PF-P04,PF-D0172,PF-C00712,Simple,Clear,Clear,True,Classification,0.7648852000913604,0.8845388566487391,0.789132532050297,120.31926373839426,0.0018938129404195486
PF-P05,PF-D0173,PF-C00713,Moderate,Review,Escalate,False,Classification,0.6266103877202223,0.7563219292205581,0.469167485453898,156.1239214436788,0.0019965009020511335
PF-P06,PF-D0174,PF-C00714,Moderate,Clear,Clear,True,Classification,0.931748160618957,0.8751003395140393,0.7118410575118989,140.91647131245622,0.0018115889905313104
PF-P01,PF-D0175,PF-C00715,Complex,Insufficient,Insufficient,True,Classification,0.5690070600108885,0.5225846961957553,0.4016519737205827,162.86469934112716,0.0024803399759572315
PF-P02,PF-D0176,PF-C00716,Moderate,Review,Review,True,Classification,0.84371672509064,0.6636934355600631,0.49887305011251665,131.16197634154025,0.0019102928520545648
PF-P03,PF-D0177,PF-C00717,Simple,Clear,Clear,True,Classification,0.9660182323242863,0.9341023439266227,0.8282400967625373,100.20233980158915,0.0019081017857677154
PF-P04,PF-D0178,PF-C00718,Complex,Clear,Clear,True,Classification,0.6002510522858735,0.6613805276934142,0.4417962684678974,149.5765819778003,0.002520557365951628
PF-P05,PF-D0179,PF-C00719,Simple,Escalate,Escalate,True,Classification,0.7886064382796821,0.8163978639881978,0.8928911850216974,99.39854443175874,0.0023585111331373212
PF-P06,PF-D0180,PF-C00720,Simple,Clear,Clear,True,Classification,0.8623017946046403,0.8374170643176843,0.7742183460957509,130.69019339322193,0.001987703389279218
PF-P01,PF-D0001,PF-C00721,Moderate,Clear,Clear,True,Classification,0.828124971583405,0.8709157538477039,0.6639608372360921,136.39307076067624,0.0020293300454821794
PF-P02,PF-D0002,PF-C00722,Simple,Clear,Clear,True,Classification,0.8921016238069722,0.8532308648728644,0.4724118383750541,93.4526188660679,0.002114694120110546
PF-P03,PF-D0003,PF-C00723,Simple,Insufficient,Clear,False,Classification,0.7757859862433335,0.8096223779046967,0.5404241734244795,105.79752409447903,0.002071186616965338
PF-P04,PF-D0004,PF-C00724,Simple,Clear,Clear,True,Classification,0.9525040920645089,0.9155946900343253,0.6596325418241613,114.61061922898323,0.0020896455138936154
PF-P05,PF-D0005,PF-C00725,Simple,Review,Review,True,Classification,0.8699351494219559,0.7419784263308549,0.3024041262415875,126.23706241763824,0.002074834480101349
PF-P06,PF-D0006,PF-C00726,Moderate,Review,Review,True,Classification,0.8918054621272931,0.7899734114383992,0.5933919283853099,119.34006836987213,0.002395457133682235
PF-P01,PF-D0007,PF-C00727,Moderate,Clear,Clear,True,Classification,0.8817784888214201,0.8070846115071502,0.5356314800239396,125.89861179933399,0.0016734175479178647
PF-P02,PF-D0008,PF-C00728,Simple,Review,Review,True,Classification,0.8462300993982486,0.8683672405745434,0.7935326480166495,101.63265973332528,0.0020806813518259647
PF-P03,PF-D0009,PF-C00729,Moderate,Clear,Clear,True,Classification,0.9628239800557318,0.8421512822533789,0.8017774885143729,152.53287154703673,0.0017905827133285293
PF-P04,PF-D0010,PF-C00730,Simple,Review,Review,True,Classification,0.8781443174668703,0.8690465350287532,0.7749122473027504,152.21163074325557,0.0018106051160183176
PF-P05,PF-D0011,PF-C00731,Simple,Insufficient,Insufficient,True,Classification,0.7514983755176297,0.8081830869012172,0.8047310721708141,139.7566420748336,0.0022077493351346598
PF-P06,PF-D0012,PF-C00732,Moderate,Review,Review,True,Classification,0.5383643620337463,0.6269644718845402,0.7400368367645925,123.53325829221642,0.0016606825332312444
PF-P01,PF-D0013,PF-C00733,Moderate,Clear,Escalate,False,Classification,0.2224394301310698,0.4810043568759943,0.5181389222950731,177.63476507750647,0.0020606660233412964
PF-P02,PF-D0014,PF-C00734,Complex,Escalate,Review,False,Classification,0.6544711148984473,0.5655109676320899,0.21668819079399693,247.6307500874517,0.002385471973876817
PF-P03,PF-D0015,PF-C00735,Simple,Review,Review,True,Classification,0.9252996641242118,0.8767497146917047,0.8052966506648965,136.50891187124967,0.0021511839427734007
PF-P04,PF-D0016,PF-C00736,Complex,Escalate,Review,False,Classification,0.36041123829337757,0.27180097256467345,0.21383044932524067,207.5642810801639,0.002310235033367339
PF-P05,PF-D0017,PF-C00737,Simple,Escalate,Escalate,True,Classification,0.8575452173151152,0.8515743942156585,0.6126586765670725,103.08286444951648,0.001727648868631493
PF-P06,PF-D0018,PF-C00738,Simple,Clear,Clear,True,Classification,0.7178319775923379,0.6275326077130396,0.38844422318295796,98.94377533816963,0.002056117247691994
PF-P01,PF-D0019,PF-C00739,Simple,Review,Review,True,Classification,0.9434212619515374,0.9020663494058768,0.8017093531541659,106.12815538871305,0.0022047462594087667
PF-P02,PF-D0020,PF-C00740,Simple,Clear,Clear,True,Classification,0.796016685215944,0.8499373284154145,0.8635819273461827,132.80127763308047,0.0020915221893209085
PF-P03,PF-D0021,PF-C00741,Moderate,Insufficient,Insufficient,True,Classification,0.7368180581433939,0.7446312882786883,0.8170781333574143,134.4609411147694,0.0017696316392069819
PF-P04,PF-D0022,PF-C00742,Moderate,Review,Review,True,Classification,0.7017220786324369,0.8504527521773992,0.8720507780248056,169.5486214913335,0.0017889038727041137
PF-P05,PF-D0023,PF-C00743,Complex,Clear,Clear,True,Classification,0.9172164706816185,0.7719563424093178,0.8510129651543428,214.2138249507764,0.002561407810099891
PF-P06,PF-D0024,PF-C00744,Simple,Clear,Clear,True,Classification,0.7392559968771667,0.8210392960648618,0.8123602586490144,123.77641726857811,0.0021421608648625563
PF-P01,PF-D0025,PF-C00745,Simple,Escalate,Clear,False,Classification,0.7899191327596827,0.803418477640157,0.5493021878344381,158.54617728375922,0.001849652544164465
PF-P02,PF-D0026,PF-C00746,Simple,Escalate,Insufficient,False,Classification,0.5074002580386792,0.7056551453512718,0.6786555606562006,104.66322129383809,0.001639609411230776
PF-P03,PF-D0027,PF-C00747,Simple,Review,Review,True,Classification,0.6962624452012469,0.7808187512943829,0.5326170760060168,87.16544836733684,0.002057894794984206
PF-P04,PF-D0028,PF-C00748,Simple,Clear,Clear,True,Classification,0.9278570853235169,0.8953662322579611,0.8107705545287986,99.18204871472719,0.0019693082112029335
PF-P05,PF-D0029,PF-C00749,Simple,Review,Review,True,Classification,0.7470520929031541,0.7579173277012461,0.7215419904813448,114.93227032001174,0.0020777669518023826
PF-P06,PF-D0030,PF-C00750,Simple,Review,Review,True,Classification,0.8175205578085971,0.8221859597243326,0.6658918220644877,149.91251309806628,0.002618346673178644
PF-P01,PF-D0031,PF-C00751,Complex,Insufficient,Clear,False,Classification,0.613660825427028,0.7591907785693349,0.8833012751907046,186.17268029166223,0.002102418260235543
PF-P02,PF-D0032,PF-C00752,Moderate,Clear,Escalate,False,Classification,0.5108250921042373,0.6205291869454725,0.7380239185179094,154.9991153747772,0.00228229591932897
PF-P03,PF-D0033,PF-C00753,Complex,Clear,Clear,True,Classification,0.5559878425012376,0.7207005584669437,0.5613546203753349,207.03015723090533,0.002778257661824747
PF-P04,PF-D0034,PF-C00754,Simple,Review,Review,True,Classification,0.8967461464817391,0.8169719865042394,0.49113974018721407,185.77199086141096,0.0017308515322128788
PF-P05,PF-D0035,PF-C00755,Simple,Review,Review,True,Classification,0.9249973551763113,0.833447901017897,0.8708508990517225,98.22364354559126,0.0020518658453798307
PF-P06,PF-D0036,PF-C00756,Simple,Clear,Clear,True,Classification,0.8198787562639406,0.870717897389229,0.5581046909037387,123.13972147771611,0.0021399575037551345
PF-P01,PF-D0037,PF-C00757,Complex,Escalate,Review,False,Classification,0.8257154862766934,0.6735173692992187,0.6491874729367346,223.62495014150966,0.002601238872376151
PF-P02,PF-D0038,PF-C00758,Moderate,Escalate,Escalate,True,Classification,0.6987825659972074,0.6358737457021704,0.4015813230926808,159.1475049419286,0.002259757680984928
PF-P03,PF-D0039,PF-C00759,Simple,Clear,Review,False,Classification,0.8116484779334343,0.9165891118340771,0.5252916858685797,124.91232308328668,0.0018897996558603393
PF-P04,PF-D0040,PF-C00760,Simple,Clear,Clear,True,Classification,0.7879814880354378,0.8702660666632026,0.6978728564717249,106.63878469965627,0.0024191615587818797
PF-P05,PF-D0041,PF-C00761,Simple,Clear,Clear,True,Classification,0.9377520360893635,0.9134920346885106,0.9432364476434919,120.15154020792941,0.0022066502306480676
PF-P06,PF-D0042,PF-C00762,Moderate,Review,Review,True,Classification,0.8927446727519257,0.7779396424593734,0.8633090135074865,129.15840109334408,0.001999525167286853
PF-P01,PF-D0043,PF-C00763,Moderate,Clear,Clear,True,Classification,0.7038371787049957,0.8063676318059682,0.5554009875197874,171.78543093094706,0.0016714246985923878
PF-P02,PF-D0044,PF-C00764,Simple,Clear,Clear,True,Classification,0.9344289906316359,0.9310403032119714,0.9048994578672892,94.71255556139272,0.002251122179632326
PF-P03,PF-D0045,PF-C00765,Simple,Clear,Clear,True,Classification,0.8302659869005469,0.677934065600993,0.4870341346853323,130.74132584591672,0.0019219770297040316
PF-P04,PF-D0046,PF-C00766,Complex,Review,Review,True,Classification,0.9032088886617935,0.786802815684572,0.8546541722403492,189.7315103558179,0.0026587724358658918
PF-P05,PF-D0047,PF-C00767,Moderate,Clear,Clear,True,Classification,0.8467015831643413,0.827119559263927,0.600952922900634,153.85616102061067,0.0021691299617643796
PF-P06,PF-D0048,PF-C00768,Complex,Review,Review,True,Classification,0.5282065270526486,0.7000852584513413,0.5885963186886802,197.2768714852153,0.0023587389779286374
PF-P01,PF-D0049,PF-C00769,Moderate,Review,Review,True,Classification,0.7155513415627693,0.7431700261613167,0.41363507457303467,154.2195882843328,0.002529345239624208
PF-P02,PF-D0050,PF-C00770,Moderate,Review,Insufficient,False,Classification,0.7739773411660058,0.676585718977808,0.592712546162855,99.24242661327463,0.0020696116345975775
PF-P03,PF-D0051,PF-C00771,Moderate,Review,Review,True,Classification,0.9259739513326155,0.8689887352579447,0.6178702060680682,147.1351032749452,0.002440592389830923
PF-P04,PF-D0052,PF-C00772,Simple,Clear,Clear,True,Classification,0.9014174054482432,0.8903124351774799,0.548456406177712,112.40727490392533,0.0018295314835884498
PF-P05,PF-D0053,PF-C00773,Complex,Insufficient,Insufficient,True,Classification,0.6161019280853851,0.6024331667122242,0.5195946021950145,174.51112990938583,0.0020448364755759805
PF-P06,PF-D0054,PF-C00774,Moderate,Escalate,Escalate,True,Classification,0.6092760407585645,0.5452213092341593,0.6582152783071984,127.1248556362086,0.0022139209903325623
PF-P01,PF-D0055,PF-C00775,Simple,Escalate,Escalate,True,Classification,0.8428818786491772,0.7646713454245567,0.6543618955726163,114.9082586771198,0.0018977511898387559
PF-P02,PF-D0056,PF-C00776,Simple,Clear,Clear,True,Classification,0.9277892101614827,0.936092372198564,0.7535749343466985,116.03270386841932,0.0020582547604049545
PF-P03,PF-D0057,PF-C00777,Complex,Review,Review,True,Classification,0.6104043932856752,0.6179914439797171,0.30682661189495003,179.09721850099183,0.0023195002644645205
PF-P04,PF-D0058,PF-C00778,Simple,Clear,Clear,True,Classification,0.8320424436109131,0.8754777731862077,0.8083028823169016,126.59850301116327,0.0021633010976524546
PF-P05,PF-D0059,PF-C00779,Moderate,Clear,Clear,True,Classification,0.6868593873449186,0.8299546286338016,0.5737829662390009,169.3233832780554,0.002339547295064752
PF-P06,PF-D0060,PF-C00780,Simple,Review,Review,True,Classification,0.8866098529191514,0.8250875221337008,0.48262304847322046,87.48455424664544,0.0023880764622151484
PF-P01,PF-D0061,PF-C00781,Simple,Review,Review,True,Classification,0.829497731645174,0.8054754439971284,0.6112352546695193,105.2056411829768,0.0017106247127555802
PF-P02,PF-D0062,PF-C00782,Moderate,Escalate,Escalate,True,Classification,0.5743249871658693,0.5400350658929474,0.5122971318782245,139.2687093811099,0.002089181128607653
PF-P03,PF-D0063,PF-C00783,Simple,Clear,Clear,True,Classification,0.7372989550954318,0.7708750952737116,0.8004514184697504,84.77653901942415,0.002206224433166487
PF-P04,PF-D0064,PF-C00784,Complex,Clear,Clear,True,Classification,0.5743773031325626,0.6608531938676977,0.34900873326277704,169.48501868147167,0.002187412814795419
PF-P05,PF-D0065,PF-C00785,Moderate,Review,Review,True,Classification,0.4956265750905739,0.6540530615074093,0.5658040181849834,113.85742598611536,0.0019256081612538318
PF-P06,PF-D0066,PF-C00786,Simple,Insufficient,Insufficient,True,Classification,0.8976336263859271,0.8283562989454695,0.6369319967599116,126.62282955283993,0.002469684796133378
PF-P01,PF-D0067,PF-C00787,Simple,Review,Insufficient,False,Classification,0.8774029150739907,0.8322523098216331,0.6040488860100753,89.21582259214046,0.0024522809755405306
PF-P02,PF-D0068,PF-C00788,Simple,Clear,Clear,True,Classification,0.9418361258575234,0.9031354735417433,0.508040472550618,98.57372189847418,0.002411127008246196
PF-P03,PF-D0069,PF-C00789,Simple,Review,Review,True,Classification,0.9398340784662305,0.8741683569576422,0.6411183162083427,101.27383245801128,0.001890241292681906
PF-P04,PF-D0070,PF-C00790,Simple,Clear,Clear,True,Classification,0.8458377161306839,0.8442283836916274,0.8124355221856965,110.21412790824664,0.0019028890656202341
PF-P05,PF-D0071,PF-C00791,Simple,Clear,Clear,True,Classification,0.8861189925489572,0.883255835045297,0.5965677282358764,137.88442684494612,0.0019634581518775426
PF-P06,PF-D0072,PF-C00792,Complex,Clear,Clear,True,Classification,0.7837297976901001,0.6388855559940063,0.6386592697939066,194.051289691046,0.0021942353775299427
PF-P01,PF-D0073,PF-C00793,Simple,Review,Review,True,Classification,0.8799348404460251,0.8707169661636271,0.7652170779796997,91.77715964452543,0.0025807683701376716
PF-P02,PF-D0074,PF-C00794,Complex,Clear,Clear,True,Classification,0.8145664636990766,0.7242447591341885,0.6221578996414582,190.79995855391334,0.002841299543728664
PF-P03,PF-D0075,PF-C00795,Simple,Clear,Clear,True,Classification,0.9615487777103855,0.9217181770606638,0.9130000712153092,163.0745319282118,0.002350318013608566
PF-P04,PF-D0076,PF-C00796,Simple,Review,Review,True,Classification,0.7034659394802515,0.774396702795685,0.40453437237942,99.89570012425277,0.0017157381306845863
PF-P05,PF-D0077,PF-C00797,Simple,Escalate,Review,False,Classification,0.775903888144804,0.7296506499498793,0.4354341088193163,125.64594764960209,0.002619110460839041
PF-P06,PF-D0078,PF-C00798,Moderate,Review,Review,True,Classification,0.538979660372756,0.6974256998471533,0.5107519940789849,132.14322209977504,0.0015628290055866567
PF-P01,PF-D0079,PF-C00799,Moderate,Escalate,Clear,False,Classification,0.8390998811461267,0.7857262274771585,0.6972789263310329,134.63988459334377,0.0020149952602735704
PF-P02,PF-D0080,PF-C00800,Complex,Clear,Clear,True,Classification,0.6136942483713606,0.6607027178029599,0.6566761537451966,213.75702001199562,0.0022263071631023726
PF-P03,PF-D0081,PF-C00801,Simple,Clear,Review,False,Classification,0.9325888275011783,0.9118322182879746,0.6304885515327707,115.32678776861094,0.0021892163738904047
PF-P04,PF-D0082,PF-C00802,Simple,Review,Clear,False,Classification,0.5872451072589103,0.7279507226688292,0.3343091873174163,113.13034400391905,0.0025343101973162793
PF-P05,PF-D0083,PF-C00803,Simple,Clear,Clear,True,Classification,0.9720421610510462,0.9412032490754076,0.7957231604543474,115.89198263270406,0.002023210061848902
PF-P06,PF-D0084,PF-C00804,Simple,Escalate,Escalate,True,Classification,0.7949739883403941,0.8568997843686437,0.8681705863894575,135.60992599985212,0.0017490377787680166
PF-P01,PF-D0085,PF-C00805,Moderate,Insufficient,Insufficient,True,Classification,0.4206895909885975,0.685192041618673,0.34181913809198006,174.6320366429527,0.0017194269023337485
PF-P02,PF-D0086,PF-C00806,Simple,Clear,Clear,True,Classification,0.778203347740024,0.8482657206443255,0.7921774135459129,135.9389627649071,0.0020897041477008207
PF-P03,PF-D0087,PF-C00807,Simple,Clear,Clear,True,Classification,0.7598739808305527,0.8525641605660049,0.7504214057338855,114.55736372630884,0.001825278367204207
PF-P04,PF-D0088,PF-C00808,Simple,Clear,Clear,True,Classification,0.9489878749528254,0.8964022956747161,0.9261448822489307,126.96079520095766,0.0017010043466080518
PF-P05,PF-D0089,PF-C00809,Simple,Clear,Clear,True,Classification,0.8948493442684038,0.8362675017141885,0.5691261774509162,144.8697446008314,0.002290141770668714
PF-P06,PF-D0090,PF-C00810,Simple,Escalate,Escalate,True,Classification,0.7851848066173862,0.6922042042431368,0.6967331874988394,121.91269066151311,0.0020537810626818985
PF-P01,PF-D0091,PF-C00811,Simple,Clear,Clear,True,Classification,0.7678628984167706,0.8076032217243823,0.6767210728172868,127.35319989121658,0.0021120270185227864
PF-P02,PF-D0092,PF-C00812,Moderate,Escalate,Clear,False,Classification,0.7835264348007603,0.6685654284280587,0.4421781117187923,156.91940023505157,0.0018596286035320517
PF-P03,PF-D0093,PF-C00813,Complex,Insufficient,Insufficient,True,Classification,0.4401031108295986,0.4841745920218959,0.40562060694381585,156.88823572084445,0.0023970265200348863
PF-P04,PF-D0094,PF-C00814,Moderate,Escalate,Escalate,True,Classification,0.7855239253672842,0.6430187727232736,0.7094554018931395,122.20694677583404,0.0021240120322251607
PF-P05,PF-D0095,PF-C00815,Complex,Escalate,Escalate,True,Classification,0.6413243859482365,0.4482295101615134,0.28801645938783005,189.64488786222222,0.002765819740170105
PF-P06,PF-D0096,PF-C00816,Simple,Clear,Clear,True,Classification,0.875546971161182,0.851443564312709,0.7225517344101121,100.44679827647474,0.0019251664804069014
PF-P01,PF-D0097,PF-C00817,Moderate,Clear,Clear,True,Classification,0.8072019861017304,0.7515260694652064,0.5933932193031151,165.70193746654996,0.0018750313543843388
PF-P02,PF-D0098,PF-C00818,Simple,Clear,Clear,True,Classification,0.8599874589987285,0.8635994895047749,0.565780840117048,148.2132128489988,0.002431896671553461
PF-P03,PF-D0099,PF-C00819,Complex,Insufficient,Insufficient,True,Classification,0.4493684209931708,0.679954911879504,0.41257128431505463,212.1169308063268,0.0025968269140140736
PF-P04,PF-D0100,PF-C00820,Simple,Clear,Clear,True,Classification,0.9632737659846775,0.8540712320355031,0.7844083651326151,96.2174457855819,0.0021186431027118225
PF-P05,PF-D0101,PF-C00821,Simple,Clear,Clear,True,Classification,0.9059781011274246,0.8864824166651608,0.9798403910641316,101.58801366666833,0.001998653727936822
PF-P06,PF-D0102,PF-C00822,Moderate,Insufficient,Clear,False,Classification,0.7699184729901768,0.7138478559120661,0.5519086682418212,132.78828017009084,0.001982926796214682
PF-P01,PF-D0103,PF-C00823,Moderate,Review,Review,True,Classification,0.6445641746757435,0.7678460473880261,0.5645174876530211,139.97126675348164,0.0021750789577360224
PF-P02,PF-D0104,PF-C00824,Moderate,Insufficient,Insufficient,True,Classification,0.8465871466780625,0.8807481441777002,0.8158542407621598,134.86693176531446,0.0015221564262969803
PF-P03,PF-D0105,PF-C00825,Simple,Clear,Clear,True,Classification,0.9427493527235453,0.925314894330241,0.8581767376262956,146.70260578430958,0.0018189072659237707
PF-P04,PF-D0106,PF-C00826,Moderate,Clear,Clear,True,Classification,0.684621312443702,0.7601280499309002,0.6196035889962314,150.97155382342643,0.0024838417026981086
PF-P05,PF-D0107,PF-C00827,Complex,Review,Review,True,Classification,0.6239585549523279,0.6901940850719673,0.7167885587223513,201.45569425555732,0.0026997750175127198
PF-P06,PF-D0108,PF-C00828,Complex,Clear,Clear,True,Classification,0.75684915229073,0.6790561432847514,0.6532066566894715,194.59669890227718,0.002790158659718742
PF-P01,PF-D0109,PF-C00829,Moderate,Insufficient,Clear,False,Classification,0.7533772878376765,0.8669897605749968,0.6272860693776232,149.34895378965223,0.0023614551184528553
PF-P02,PF-D0110,PF-C00830,Simple,Clear,Clear,True,Classification,0.9516890951146051,0.9484208788479457,1.0,94.2938312637823,0.0018558908380340068
PF-P03,PF-D0111,PF-C00831,Simple,Escalate,Escalate,True,Classification,0.9206602190803606,0.8976104719397482,0.7691482888866666,116.20400806371325,0.001907134092725456
PF-P04,PF-D0112,PF-C00832,Moderate,Insufficient,Insufficient,True,Classification,0.8234477224662404,0.8157980553632106,0.4048618729515083,146.47613437474766,0.0020523018629922053
PF-P05,PF-D0113,PF-C00833,Complex,Review,Review,True,Classification,0.5588989627451151,0.5681021437431361,0.1271479164256906,174.69711642581342,0.0023966606252057883
PF-P06,PF-D0114,PF-C00834,Moderate,Insufficient,Clear,False,Classification,0.8881605358208345,0.8053535795216291,0.5868403869230218,130.05208597012054,0.0015574231598655534
PF-P01,PF-D0115,PF-C00835,Simple,Review,Review,True,Classification,0.775035932527967,0.8435471305526595,1.0,130.55042087795297,0.0021422905104195172
PF-P02,PF-D0116,PF-C00836,Simple,Insufficient,Insufficient,True,Classification,0.650361655483557,0.5651666354660198,0.6311415215160208,91.95830567760314,0.0019897154219660875
PF-P03,PF-D0117,PF-C00837,Moderate,Review,Review,True,Classification,0.856142526576946,0.7094405729358564,0.22233498768209153,184.2419185292011,0.0022212061113165674
PF-P04,PF-D0118,PF-C00838,Moderate,Clear,Clear,True,Classification,0.8032087544083097,0.8506059289336956,0.6465529071129125,121.97850062100393,0.0021429245349551904
PF-P05,PF-D0119,PF-C00839,Moderate,Escalate,Clear,False,Classification,0.8487816699173479,0.7701467151511411,0.43875727867915404,99.97512452015546,0.002156192103172161
PF-P06,PF-D0120,PF-C00840,Complex,Clear,Clear,True,Classification,0.7111947070507654,0.775856334352047,0.6604188151882622,187.52612072673173,0.002476337831113028
PF-P01,PF-D0121,PF-C00841,Simple,Review,Review,True,Classification,0.9183311518478042,0.909166034818981,0.8040326934938746,119.12220027717022,0.0019546778831877635
PF-P02,PF-D0122,PF-C00842,Simple,Clear,Clear,True,Classification,0.9039138567678688,0.9034166588732495,0.635542355062344,117.61985725265633,0.0017803633386152618
PF-P03,PF-D0123,PF-C00843,Complex,Clear,Clear,True,Classification,0.8794440793844416,0.7786749635681174,0.5186871837516175,257.7556662376343,0.0026404034295662827
PF-P04,PF-D0124,PF-C00844,Complex,Review,Review,True,Classification,0.583266852483864,0.6739895721410835,0.24773494367783738,208.2528232008626,0.0023251988375820195
PF-P05,PF-D0125,PF-C00845,Moderate,Insufficient,Insufficient,True,Classification,0.7988557280379549,0.7366985805693675,0.41476612451013,139.19132628782592,0.0020666684285019295
PF-P06,PF-D0126,PF-C00846,Simple,Review,Review,True,Classification,0.9233531560384076,0.8853156001136526,0.8219996417716438,150.21132815682768,0.0024588759562508343
PF-P01,PF-D0127,PF-C00847,Complex,Insufficient,Clear,False,Classification,0.6401936934541856,0.6783553461011919,0.6070382192931703,191.07425148903422,0.0026530893379495316
PF-P02,PF-D0128,PF-C00848,Simple,Review,Review,True,Classification,0.8357530056624096,0.820909706569457,0.8678744644629522,92.9141103952627,0.0020525454060773413
PF-P03,PF-D0129,PF-C00849,Complex,Review,Review,True,Classification,0.5795480514566079,0.6824922020624414,0.6397085324725428,196.0482662382198,0.002091254937070314
PF-P04,PF-D0130,PF-C00850,Complex,Insufficient,Clear,False,Classification,0.7214887152104905,0.6866422494647836,0.4181173316719995,179.7335315533682,0.0026348425280949914
PF-P05,PF-D0131,PF-C00851,Simple,Clear,Clear,True,Classification,0.8485373381042268,0.8379338093318079,0.5752669121737176,143.86630057340676,0.001966656485016293
PF-P06,PF-D0132,PF-C00852,Simple,Clear,Clear,True,Classification,0.8175415029201816,0.8982337046631544,0.6610889063082138,122.12896330513844,0.0021407532357502917
PF-P01,PF-D0133,PF-C00853,Complex,Insufficient,Insufficient,True,Classification,0.7019151112813862,0.5553505318685386,0.41747858263004944,224.9717742826024,0.0025712441588072246
PF-P02,PF-D0134,PF-C00854,Simple,Insufficient,Clear,False,Classification,0.6871110740150971,0.7846601423143135,0.7292991287064351,94.13779135622634,0.0015767852727337226
PF-P03,PF-D0135,PF-C00855,Complex,Insufficient,Insufficient,True,Classification,0.8320616873073762,0.7141625158227195,0.6721819971844718,211.46944458633945,0.00269072794265442
PF-P04,PF-D0136,PF-C00856,Moderate,Insufficient,Insufficient,True,Classification,0.7786664002729485,0.7223194586566045,0.5490960347453613,134.4372163553504,0.0023991965778735235
PF-P05,PF-D0137,PF-C00857,Simple,Insufficient,Clear,False,Classification,0.7641041157923869,0.7555530299433777,0.5124738507277444,124.28565596099548,0.002325528598411043
PF-P06,PF-D0138,PF-C00858,Moderate,Clear,Clear,True,Classification,0.7299005590912722,0.7646804655139514,0.7689869287236074,176.63279745906812,0.002090593107862661
PF-P01,PF-D0139,PF-C00859,Moderate,Review,Escalate,False,Classification,0.8509869852827596,0.4671000606083386,0.2642589890113813,150.9463734295811,0.0022120127107405772
PF-P02,PF-D0140,PF-C00860,Complex,Review,Review,True,Classification,0.7088140020274716,0.6657650362840885,0.39105073507755284,203.87325309847216,0.0021621991413043945
PF-P03,PF-D0141,PF-C00861,Simple,Review,Review,True,Classification,0.7334308401276729,0.7689357325246534,0.910160355970745,151.70389429617654,0.002274342021722351
PF-P04,PF-D0142,PF-C00862,Simple,Insufficient,Insufficient,True,Classification,0.8133304921054806,0.7196979292994243,0.5682781432095825,159.97689152472415,0.00197546968494082
PF-P05,PF-D0143,PF-C00863,Simple,Escalate,Escalate,True,Classification,0.948475666557654,0.882023216544292,0.8321281741717804,144.73219832679808,0.002361518822345342
PF-P06,PF-D0144,PF-C00864,Simple,Insufficient,Insufficient,True,Classification,0.9543356766012722,0.874917070509694,0.7294829818713278,111.60307759022373,0.0015866694917829772
PF-P01,PF-D0145,PF-C00865,Moderate,Clear,Insufficient,False,Classification,0.3181740288655951,0.46552103221004765,0.3757673186766698,134.88414592056893,0.001651361931831393
PF-P02,PF-D0146,PF-C00866,Moderate,Review,Review,True,Classification,0.7692408323893156,0.8132982762937717,0.6262050888168966,158.21300155960787,0.0022362880231574784
PF-P03,PF-D0147,PF-C00867,Simple,Clear,Clear,True,Classification,0.9017983331495965,0.8298864354367523,0.5242826994581918,123.11696717400761,0.0021249987248105205
PF-P04,PF-D0148,PF-C00868,Simple,Clear,Clear,True,Classification,0.9159219636734117,0.8686837875708866,0.6979464105769568,135.6547547991591,0.002254563028830669
PF-P05,PF-D0149,PF-C00869,Simple,Clear,Review,False,Classification,0.9373205892613018,0.835576607157026,0.8280207126355152,103.66487689146973,0.0018997216869830354
PF-P06,PF-D0150,PF-C00870,Complex,Review,Review,True,Classification,0.8625138560550488,0.6919654993897436,0.4271794181302143,180.85065296761312,0.002316544245314336
PF-P01,PF-D0151,PF-C00871,Complex,Escalate,Review,False,Classification,0.47946355492858994,0.49285844731836786,0.34068858931808016,154.9496984603011,0.002290003223240341
PF-P02,PF-D0152,PF-C00872,Simple,Escalate,Insufficient,False,Classification,0.9144756142969481,0.8342133002323229,0.8078952049248038,136.2329877738238,0.0019409073814284808
PF-P03,PF-D0153,PF-C00873,Simple,Clear,Insufficient,False,Classification,0.6959629989012385,0.854965260725016,0.552961214264868,138.19720592114106,0.0018978332039230736
PF-P04,PF-D0154,PF-C00874,Simple,Insufficient,Insufficient,True,Classification,0.7895135419819231,0.804450856203288,0.638322941112216,106.11438725825818,0.0019502678202965218
PF-P05,PF-D0155,PF-C00875,Complex,Review,Review,True,Classification,0.8555823882735745,0.6133900120716418,0.5882785512191075,136.84534938583113,0.0024137797593372996
PF-P06,PF-D0156,PF-C00876,Moderate,Insufficient,Insufficient,True,Classification,0.8543946758689079,0.8325848918636088,0.8165136248193906,138.02890646011315,0.0019356432642808831
PF-P01,PF-D0157,PF-C00877,Moderate,Insufficient,Review,False,Classification,0.6641318427876024,0.7379423906035375,0.5463017547442885,153.9112806493064,0.0020369735612419055
PF-P02,PF-D0158,PF-C00878,Moderate,Clear,Clear,True,Classification,0.6794891075637142,0.8065725130443215,0.6071396300749113,126.77253771940593,0.002006887488204243
PF-P03,PF-D0159,PF-C00879,Moderate,Review,Review,True,Classification,0.8794948446113388,0.7201623993761008,0.4043375040725691,138.49605727663408,0.002309915138515142
PF-P04,PF-D0160,PF-C00880,Moderate,Clear,Clear,True,Classification,0.5020057338294139,0.6776854809758261,0.5764213404135762,135.33624027077414,0.0020094462499091947
PF-P05,PF-D0161,PF-C00881,Simple,Clear,Escalate,False,Classification,0.9216183356287003,0.7978562566219412,0.6159662080912639,128.35037767139468,0.002038087299324035
PF-P06,PF-D0162,PF-C00882,Moderate,Clear,Clear,True,Classification,0.8445714400422697,0.8444670277719356,0.7294007553988122,175.89542029994044,0.0015117914052262334
PF-P01,PF-D0163,PF-C00883,Complex,Insufficient,Review,False,Classification,0.5288417583397027,0.4790326283451686,0.17796788642534966,152.05976140225613,0.002319744690656327
PF-P02,PF-D0164,PF-C00884,Complex,Clear,Clear,True,Classification,0.880125733292487,0.7251460627714091,0.4829548679547573,199.28489917869734,0.0026501201977276105
PF-P03,PF-D0165,PF-C00885,Simple,Insufficient,Insufficient,True,Classification,0.7494233465749681,0.7754525145406357,0.502740436038489,111.0609048012437,0.0012333341942478593
PF-P04,PF-D0166,PF-C00886,Simple,Clear,Clear,True,Classification,0.5580000250461022,0.7475671358552558,0.3821397233258254,97.78216572340523,0.0017371528404304072
PF-P05,PF-D0167,PF-C00887,Moderate,Escalate,Clear,False,Classification,0.8341744374254635,0.7994125044180098,0.6774089517381406,175.02991825104272,0.0021934906247320176
PF-P06,PF-D0168,PF-C00888,Simple,Review,Clear,False,Classification,0.7058086695306055,0.7553488206620887,0.5848480864512513,121.3772331858834,0.0017928161830258961
PF-P01,PF-D0169,PF-C00889,Simple,Review,Review,True,Classification,0.8115991931014008,0.8285404893469297,0.7070803134532352,136.11708107840346,0.0019473710103043405
PF-P02,PF-D0170,PF-C00890,Simple,Clear,Clear,True,Classification,0.84923569152792,0.853223182096962,0.6269062439666554,106.78938052908278,0.0021382544659863416
PF-P03,PF-D0171,PF-C00891,Simple,Review,Clear,False,Classification,0.8615537905171958,0.7987366351187553,0.7149560406983131,107.8716198567385,0.0018853503766293983
PF-P04,PF-D0172,PF-C00892,Simple,Insufficient,Insufficient,True,Classification,0.859820311163753,0.6411656210436136,0.38606032290173425,145.3858813985453,0.001824011109982966
PF-P05,PF-D0173,PF-C00893,Complex,Clear,Clear,True,Classification,0.5067640256441407,0.6310978851781406,0.42285108977231517,186.12334229488764,0.002367976677705795
PF-P06,PF-D0174,PF-C00894,Simple,Clear,Clear,True,Classification,0.9372497343427469,0.9060043878650069,0.8871910825624784,155.04064261822333,0.00238644044301844
PF-P01,PF-D0175,PF-C00895,Complex,Insufficient,Clear,False,Classification,0.6274071654440514,0.6038916162403511,0.6377184845913263,191.65004467020225,0.002643471869324932
PF-P02,PF-D0176,PF-C00896,Moderate,Escalate,Insufficient,False,Classification,0.7281869688940066,0.6413665390745862,0.3784478277927705,109.95236222285908,0.001947411853459281
PF-P03,PF-D0177,PF-C00897,Complex,Insufficient,Clear,False,Classification,0.9090724832628161,0.8313249871366681,0.5639390235863192,198.84532711273403,0.0027172084249900783
PF-P04,PF-D0178,PF-C00898,Moderate,Escalate,Escalate,True,Classification,0.6892568963874065,0.5836620166231835,0.4049480911983746,146.0447773544612,0.0018852242068900726
PF-P05,PF-D0179,PF-C00899,Simple,Review,Review,True,Classification,0.7920755300153981,0.7948082667071223,0.7082304319356671,183.39927678406212,0.002042903260511768
PF-P06,PF-D0180,PF-C00900,Simple,Clear,Clear,True,Classification,0.7600973148847205,0.7951487371165008,0.6840460249942226,123.72848228589022,0.001985132144384817
PF-P01,PF-D0001,PF-C00001,Simple,Clear,Clear,True,Evidence retrieval,0.8429582843286089,0.7698605007930392,0.6734549712880888,307.5248259990109,0.005162438538106867
PF-P02,PF-D0002,PF-C00002,Simple,Insufficient,Insufficient,True,Evidence retrieval,0.8255052988791451,0.8140885609801249,0.8299289027490399,241.72219952437894,0.005072172689985888
PF-P03,PF-D0003,PF-C00003,Moderate,Insufficient,Insufficient,True,Evidence retrieval,0.42463927372710797,0.5139759422011732,0.7657068634261748,285.2130988264759,0.005822560329331596
PF-P04,PF-D0004,PF-C00004,Complex,Escalate,Clear,False,Evidence retrieval,0.4115715053208208,0.34542827327736164,0.6176695813230462,275.62446556061275,0.00637344241162353
PF-P05,PF-D0005,PF-C00005,Moderate,Review,Clear,False,Evidence retrieval,0.7816289257287946,0.799970887776452,0.7125415214444275,298.57661826986663,0.005986094684475005
PF-P06,PF-D0006,PF-C00006,Moderate,Review,Review,True,Evidence retrieval,0.3441965346887261,0.5488599354238002,0.7550814731062838,325.83332261901234,0.006060844719358462
PF-P01,PF-D0007,PF-C00007,Moderate,Clear,Clear,True,Evidence retrieval,0.5705312096141687,0.7039278888918479,0.759430824176365,260.1719694765388,0.00554295673391237
PF-P02,PF-D0008,PF-C00008,Simple,Clear,Clear,True,Evidence retrieval,0.7164269109534825,0.7168735411190206,0.7160061166423979,221.21221157907436,0.005041205380282922
PF-P03,PF-D0009,PF-C00009,Simple,Insufficient,Insufficient,True,Evidence retrieval,0.627010023561127,0.6205617153253181,0.4269457685610909,223.42965663139478,0.0050387190770756545
PF-P04,PF-D0010,PF-C00010,Simple,Review,Review,True,Evidence retrieval,0.5742685159122255,0.8368463453440392,0.9733999910736277,288.51078841328524,0.004739203118352835
PF-P05,PF-D0011,PF-C00011,Moderate,Insufficient,Escalate,False,Evidence retrieval,0.6807722357308325,0.7492422146907287,0.9350021666150488,330.88021283911263,0.004807911904330444
PF-P06,PF-D0012,PF-C00012,Simple,Insufficient,Review,False,Evidence retrieval,0.6532211572218478,0.7345893083545073,0.8396472959831597,294.4040647951915,0.004742834257258522
PF-P01,PF-D0013,PF-C00013,Complex,Insufficient,Insufficient,True,Evidence retrieval,0.30935377751670956,0.2856897801337779,0.626151587232198,265.50751667493904,0.006420408576460777
PF-P02,PF-D0014,PF-C00014,Moderate,Clear,Clear,True,Evidence retrieval,0.6237238090662015,0.7602238802998291,0.6545152061655528,228.18638834365385,0.0069867502094490596
PF-P03,PF-D0015,PF-C00015,Moderate,Review,Review,True,Evidence retrieval,0.6752814647114143,0.6391279460169805,0.40832716833280996,282.1178823670783,0.005368628718919084
PF-P04,PF-D0016,PF-C00016,Moderate,Review,Review,True,Evidence retrieval,0.7043330987339281,0.7296210214272083,0.8033934563273288,280.062450452387,0.0057848314433069
PF-P05,PF-D0017,PF-C00017,Simple,Review,Clear,False,Evidence retrieval,0.5610954227361695,0.6827042769398649,0.8853971027813204,248.70142870086983,0.005974691156845398
PF-P06,PF-D0018,PF-C00018,Moderate,Clear,Clear,True,Evidence retrieval,0.48194374900596315,0.6848581791558253,0.6269331592519958,295.0834319627802,0.006933923944528314
PF-P01,PF-D0019,PF-C00019,Moderate,Review,Review,True,Evidence retrieval,0.6968244200349142,0.5093067027998114,0.7760979581164679,293.98419095588446,0.004712849902243233
PF-P02,PF-D0020,PF-C00020,Simple,Insufficient,Clear,False,Evidence retrieval,0.7326904022439265,0.6869885935501325,0.7289614786205223,296.2865872668227,0.004639175591907326
PF-P03,PF-D0021,PF-C00021,Moderate,Insufficient,Clear,False,Evidence retrieval,0.7668720664999413,0.6311793095396822,0.6564972081013358,318.70742543764163,0.00626438517117331
PF-P04,PF-D0022,PF-C00022,Moderate,Insufficient,Review,False,Evidence retrieval,0.5440584282726812,0.5528690068059846,0.7336058129953951,303.13402690224586,0.005392455984532096
PF-P05,PF-D0023,PF-C00023,Complex,Clear,Review,False,Evidence retrieval,0.7139832852855947,0.499661198961659,0.6270823333256748,385.60246047663884,0.0067017235404506995
PF-P06,PF-D0024,PF-C00024,Moderate,Escalate,Clear,False,Evidence retrieval,0.49616816756673643,0.4317094657684136,0.7292301378427138,305.7461058401725,0.005532034668281282
PF-P01,PF-D0025,PF-C00025,Complex,Insufficient,Insufficient,True,Evidence retrieval,0.4093241429620319,0.39002483507603236,0.8099925612617075,340.5191181402623,0.006983540080256017
PF-P02,PF-D0026,PF-C00026,Moderate,Review,Review,True,Evidence retrieval,0.4899624256512984,0.6083097993955195,0.5320665928900942,242.1153148141349,0.005041745600926857
PF-P03,PF-D0027,PF-C00027,Simple,Insufficient,Insufficient,True,Evidence retrieval,0.9188416503822523,0.8928412432101858,0.8921162980093675,205.46083359378784,0.0053926649413259965
PF-P04,PF-D0028,PF-C00028,Simple,Clear,Escalate,False,Evidence retrieval,0.4800272430746752,0.498703171448461,0.8858287893759789,336.560598738299,0.005000064628941075
PF-P05,PF-D0029,PF-C00029,Simple,Insufficient,Insufficient,True,Evidence retrieval,0.7280893817567775,0.7570516322207984,0.6652530435598721,347.55142752524705,0.005828345970295355
PF-P06,PF-D0030,PF-C00030,Moderate,Insufficient,Escalate,False,Evidence retrieval,0.7031661632537058,0.6805126008659359,0.765306584221933,212.13475303851862,0.005292756206055016
PF-P01,PF-D0031,PF-C00031,Moderate,Clear,Clear,True,Evidence retrieval,0.7222624713697052,0.710571027215356,0.7927146707947806,224.26322572671188,0.006767533159252999
PF-P02,PF-D0032,PF-C00032,Simple,Clear,Clear,True,Evidence retrieval,0.7627920682022856,0.7904425593661814,0.7578613896179012,289.84211721191576,0.0045536418929099974
PF-P03,PF-D0033,PF-C00033,Simple,Clear,Clear,True,Evidence retrieval,0.7452288388054542,0.8886246404821283,0.8482372240719837,218.5623548941071,0.0063509342420472676
PF-P04,PF-D0034,PF-C00034,Simple,Clear,Clear,True,Evidence retrieval,0.7562716583946522,0.8604941462119005,0.6255463909266321,249.7775972087729,0.005812286171659414
PF-P05,PF-D0035,PF-C00035,Simple,Clear,Clear,True,Evidence retrieval,0.7731784768836126,0.7788936152393331,0.6782578006033536,315.9886970280735,0.004797838473800177
PF-P06,PF-D0036,PF-C00036,Simple,Clear,Clear,True,Evidence retrieval,0.8541112044419724,0.8243589452584521,0.6597478781321096,238.61377996543945,0.00506555945885042
PF-P01,PF-D0037,PF-C00037,Simple,Escalate,Escalate,True,Evidence retrieval,0.5163223405956198,0.7260780134617107,0.6120397589553522,298.1711187850893,0.00593591267952283
PF-P02,PF-D0038,PF-C00038,Simple,Review,Review,True,Evidence retrieval,0.7323916838275023,0.7950022478209503,0.5759908568933076,246.41903122132183,0.005488419729471361
PF-P03,PF-D0039,PF-C00039,Complex,Insufficient,Escalate,False,Evidence retrieval,0.4815347964751264,0.38828673615870757,0.6100291374529245,372.67515971090245,0.006065775089712469
PF-P04,PF-D0040,PF-C00040,Simple,Clear,Review,False,Evidence retrieval,0.7910802608455892,0.6032562522610648,0.7314446786232532,308.1034602392305,0.005437948267454371
PF-P05,PF-D0041,PF-C00041,Simple,Insufficient,Review,False,Evidence retrieval,0.8953008886655373,0.9030111868926806,1.0,216.2258067257008,0.005992239320315798
PF-P06,PF-D0042,PF-C00042,Simple,Review,Review,True,Evidence retrieval,0.9188793611580646,0.8665198603495999,0.9196062681572814,243.87796744192397,0.004945359294237419
PF-P01,PF-D0043,PF-C00043,Simple,Clear,Clear,True,Evidence retrieval,0.8776790936225919,0.8059776617591409,0.8024947443000072,270.0570884794863,0.006171028566342015
PF-P02,PF-D0044,PF-C00044,Moderate,Insufficient,Escalate,False,Evidence retrieval,0.6832453555501121,0.5378503424959425,0.8509306784710329,307.6662387232356,0.005677269317314008
PF-P03,PF-D0045,PF-C00045,Complex,Clear,Clear,True,Evidence retrieval,0.3060039141276915,0.4003184773849505,0.6502243026522159,313.92933975205045,0.006961188884997714
PF-P04,PF-D0046,PF-C00046,Complex,Escalate,Clear,False,Evidence retrieval,0.4923084266618853,0.5263710388258006,0.2398038326503836,340.19901546347336,0.0064456186946222176
PF-P05,PF-D0047,PF-C00047,Simple,Clear,Clear,True,Evidence retrieval,0.9094682902341267,0.8724848959137557,0.8930806093933771,309.5779816585766,0.005471027147126842
PF-P06,PF-D0048,PF-C00048,Simple,Clear,Clear,True,Evidence retrieval,0.7535650863898591,0.8521672310956151,0.9265971572957287,247.43767687657538,0.004304005999468407
PF-P01,PF-D0049,PF-C00049,Simple,Insufficient,Review,False,Evidence retrieval,0.7089160140780576,0.6975980846698436,0.8618155782110521,238.02763378633617,0.005617630875412552
PF-P02,PF-D0050,PF-C00050,Simple,Clear,Clear,True,Evidence retrieval,0.8301146108075886,0.8653031135802074,0.6903479880900959,165.59261922809006,0.00524777752135797
PF-P03,PF-D0051,PF-C00051,Complex,Review,Review,True,Evidence retrieval,0.2605778989937711,0.37350734136338565,0.3469984356425086,302.1123401338815,0.007896841764049508
PF-P04,PF-D0052,PF-C00052,Moderate,Review,Insufficient,False,Evidence retrieval,0.6501470074768655,0.4771217777803698,0.6363859451829186,219.68957562996678,0.005972129493126028
PF-P05,PF-D0053,PF-C00053,Moderate,Clear,Clear,True,Evidence retrieval,0.6588508430789254,0.6266523574402441,0.3543393932476695,228.89923360187325,0.005098086712992841
PF-P06,PF-D0054,PF-C00054,Simple,Review,Review,True,Evidence retrieval,0.44256870164095136,0.6789789904209218,0.8305612192672233,353.3946408159521,0.004701448712958783
PF-P01,PF-D0055,PF-C00055,Simple,Review,Escalate,False,Evidence retrieval,0.7006454572329275,0.7437097690817088,0.7951649380271456,255.83814190868478,0.006339234857680925
PF-P02,PF-D0056,PF-C00056,Complex,Clear,Review,False,Evidence retrieval,0.6452411378225292,0.5858942468957308,0.8081282975006547,283.5604772216091,0.006680154643872411
PF-P03,PF-D0057,PF-C00057,Simple,Review,Review,True,Evidence retrieval,0.6963005174399178,0.7566955409332894,0.8427460077243789,247.43911414066227,0.005814892529298924
PF-P04,PF-D0058,PF-C00058,Simple,Clear,Clear,True,Evidence retrieval,0.7545762713908681,0.8626627458925241,0.9163579266881233,253.35536874123758,0.004800526199044503
PF-P05,PF-D0059,PF-C00059,Simple,Clear,Clear,True,Evidence retrieval,0.6103444479974406,0.7914392090959967,0.8621489498281595,275.2373542739317,0.004558721589983673
PF-P06,PF-D0060,PF-C00060,Simple,Insufficient,Clear,False,Evidence retrieval,0.48641866479870915,0.6662877451351462,0.4671377512363838,150.88954459028622,0.004694148887525107
PF-P01,PF-D0061,PF-C00061,Simple,Insufficient,Clear,False,Evidence retrieval,0.7940637700117058,0.7872912650381065,0.5877137507682911,198.40638020800716,0.00546279419055447
PF-P02,PF-D0062,PF-C00062,Simple,Clear,Clear,True,Evidence retrieval,0.9554907572133573,0.9733703204498088,1.0,347.9856796782193,0.005483454302205154
PF-P03,PF-D0063,PF-C00063,Complex,Insufficient,Review,False,Evidence retrieval,0.5266319243887859,0.6231731175330586,0.5721778895071774,233.61621812808107,0.007592036576556377
PF-P04,PF-D0064,PF-C00064,Simple,Clear,Clear,True,Evidence retrieval,0.5382106383969321,0.8589751518944407,1.0,247.74736283231732,0.005292801783197861
PF-P05,PF-D0065,PF-C00065,Complex,Clear,Insufficient,False,Evidence retrieval,0.248640747292299,0.35785268242696566,0.8808149381126911,337.1671623926799,0.00605162383934372
PF-P06,PF-D0066,PF-C00066,Simple,Insufficient,Insufficient,True,Evidence retrieval,0.8356392699714462,0.7871101987291711,0.7618575298696332,250.9934786239896,0.006183484307942652
PF-P01,PF-D0067,PF-C00067,Moderate,Escalate,Escalate,True,Evidence retrieval,0.7108558815391101,0.7123777349157229,0.5913744859815754,267.79914424257163,0.00559603502298538
PF-P02,PF-D0068,PF-C00068,Moderate,Review,Review,True,Evidence retrieval,0.7978640226713183,0.729758095972899,0.7438564710691212,277.21799019274533,0.005988820309333937
PF-P03,PF-D0069,PF-C00069,Moderate,Insufficient,Insufficient,True,Evidence retrieval,0.7942484797528301,0.662440135432181,0.9444077628540979,320.85306360333175,0.0046551576652496375
PF-P04,PF-D0070,PF-C00070,Simple,Clear,Clear,True,Evidence retrieval,0.9225295283553,0.8885350085309974,0.8093495068819253,330.48820128921636,0.005584153597143424
PF-P05,PF-D0071,PF-C00071,Complex,Clear,Clear,True,Evidence retrieval,0.23521533833106326,0.4138805571224973,0.5558652652114912,325.7411432309834,0.008642397735879303
PF-P06,PF-D0072,PF-C00072,Simple,Clear,Clear,True,Evidence retrieval,0.5019300046591364,0.6984802931146659,0.6917785042326262,300.6460909717689,0.005832986182906273
PF-P01,PF-D0073,PF-C00073,Simple,Clear,Clear,True,Evidence retrieval,0.5144410427474541,0.7302690931059876,0.772071277366496,202.9806602779371,0.0053675033981190525
PF-P02,PF-D0074,PF-C00074,Simple,Clear,Insufficient,False,Evidence retrieval,0.8365430383776302,0.8363981649891644,0.9376041979801931,226.21775082184325,0.005456150501095759
PF-P03,PF-D0075,PF-C00075,Simple,Insufficient,Insufficient,True,Evidence retrieval,0.7866335827983874,0.8384622128965703,1.0,288.85512127136485,0.005879386289736755
PF-P04,PF-D0076,PF-C00076,Simple,Review,Review,True,Evidence retrieval,0.7484170827415096,0.8078038536139615,0.9435532114872863,245.51488763044702,0.005959090156803015
PF-P05,PF-D0077,PF-C00077,Simple,Clear,Clear,True,Evidence retrieval,0.7403979772553263,0.8056156588912687,0.687215042628902,257.3320933475195,0.004960643278500345
PF-P06,PF-D0078,PF-C00078,Simple,Review,Review,True,Evidence retrieval,0.8663663004891177,0.8308367260460132,0.8620992812752714,222.50259647265412,0.006775119894743578
PF-P01,PF-D0079,PF-C00079,Moderate,Escalate,Insufficient,False,Evidence retrieval,0.5928943895992134,0.5865414031683693,0.6151836051135079,334.4018143791382,0.00625962390959175
PF-P02,PF-D0080,PF-C00080,Simple,Insufficient,Insufficient,True,Evidence retrieval,0.8420199400813685,0.843207105858442,0.631300281916104,220.0437078185355,0.0050697593536408745
PF-P03,PF-D0081,PF-C00081,Complex,Clear,Review,False,Evidence retrieval,0.48422836044495304,0.45510926898067244,0.804671324620394,294.78940034688713,0.007077056302746245
PF-P04,PF-D0082,PF-C00082,Simple,Escalate,Clear,False,Evidence retrieval,0.6735796783620179,0.9233854050606004,1.0,290.78670835045995,0.0048080797169886965
PF-P05,PF-D0083,PF-C00083,Complex,Review,Review,True,Evidence retrieval,0.5119328933242873,0.5346936943525212,0.5134885069843701,326.6995784084986,0.00694552781109895
PF-P06,PF-D0084,PF-C00084,Simple,Clear,Clear,True,Evidence retrieval,0.8046915059414868,0.7066092744567554,0.9074580557505361,277.14013218275534,0.006822760021254794
PF-P01,PF-D0085,PF-C00085,Simple,Clear,Clear,True,Evidence retrieval,0.8384755567506903,0.7172312678385669,0.7507167802520153,181.54937834245584,0.00454879939357328
PF-P02,PF-D0086,PF-C00086,Moderate,Clear,Clear,True,Evidence retrieval,0.5276122558536351,0.6203291308368448,0.6977733946982391,297.9663669709285,0.006541867793130821
PF-P03,PF-D0087,PF-C00087,Complex,Clear,Clear,True,Evidence retrieval,0.6589798004171782,0.6118545992508809,0.8115379147865862,304.39582807458805,0.007168015911907749
PF-P04,PF-D0088,PF-C00088,Simple,Clear,Clear,True,Evidence retrieval,0.5024781925820816,0.7383993307069228,0.7838547607259383,297.9052349341336,0.005342912183540779
PF-P05,PF-D0089,PF-C00089,Moderate,Insufficient,Clear,False,Evidence retrieval,0.4912180023844298,0.7077815987217856,0.4625719029630789,287.1835762902088,0.006725366196003345
PF-P06,PF-D0090,PF-C00090,Simple,Clear,Clear,True,Evidence retrieval,0.4558095187876453,0.7298384765951943,0.7618337541698068,223.58061925292395,0.005233482051566121
PF-P01,PF-D0091,PF-C00091,Complex,Review,Clear,False,Evidence retrieval,0.607084243725371,0.7390538649218076,0.6859083360445151,286.2546233514614,0.006298757174939683
PF-P02,PF-D0092,PF-C00092,Moderate,Review,Review,True,Evidence retrieval,0.6374825062310755,0.8660174784005802,0.992634591387529,290.11659553539675,0.005117687229050055
PF-P03,PF-D0093,PF-C00093,Moderate,Clear,Clear,True,Evidence retrieval,0.7323506037319147,0.5793895754786471,0.4259486782119489,213.52464677881005,0.0069309336964016345
PF-P04,PF-D0094,PF-C00094,Simple,Clear,Clear,True,Evidence retrieval,0.6648489921626125,0.6886619610732699,0.5790980648173577,224.98333858400443,0.004854679251599569
PF-P05,PF-D0095,PF-C00095,Moderate,Escalate,Clear,False,Evidence retrieval,0.5088699437619661,0.4362721925281112,0.5450357578930507,300.4568052127313,0.0056554508439259745
PF-P06,PF-D0096,PF-C00096,Simple,Escalate,Insufficient,False,Evidence retrieval,0.7509006925571967,0.7482293768958419,0.8219891237039219,251.9602913829828,0.005052406121963669
PF-P01,PF-D0097,PF-C00097,Moderate,Review,Review,True,Evidence retrieval,0.6947482460836665,0.6063518987899924,0.8020092286915776,310.233924077363,0.006457786210273086
PF-P02,PF-D0098,PF-C00098,Moderate,Insufficient,Insufficient,True,Evidence retrieval,0.5868742383176102,0.460101863458222,0.7564669679347091,235.1301418056256,0.005261326220978361
PF-P03,PF-D0099,PF-C00099,Moderate,Review,Clear,False,Evidence retrieval,0.7317396866970508,0.6639416737340957,0.8245276299477073,303.7503858200419,0.005372732450758207
PF-P04,PF-D0100,PF-C00100,Complex,Escalate,Escalate,True,Evidence retrieval,0.46062953191974304,0.5349222780538554,0.37534948053995254,341.00516456136864,0.005869888713225966
PF-P05,PF-D0101,PF-C00101,Moderate,Clear,Clear,True,Evidence retrieval,0.5332992802493451,0.6043235550870719,0.7928444763539941,317.0159651598325,0.005621793325087509
PF-P06,PF-D0102,PF-C00102,Simple,Escalate,Insufficient,False,Evidence retrieval,0.6287917571749482,0.6348171912315366,0.7597791772184739,172.17306663392404,0.0055113857901169195
PF-P01,PF-D0103,PF-C00103,Simple,Insufficient,Insufficient,True,Evidence retrieval,0.583739271908795,0.6692267483555099,0.8513994921522032,255.5374630381135,0.0050278636399474115
PF-P02,PF-D0104,PF-C00104,Simple,Insufficient,Insufficient,True,Evidence retrieval,0.7470399686134673,0.6992037410675357,0.7210363487196179,309.85808111092376,0.004583378289380766
PF-P03,PF-D0105,PF-C00105,Simple,Insufficient,Insufficient,True,Evidence retrieval,0.7732962842925043,0.8528757764360332,1.0,290.65980971622423,0.005924302796311088
PF-P04,PF-D0106,PF-C00106,Simple,Review,Review,True,Evidence retrieval,0.8524737593686773,0.8660652830436161,0.7358238994710635,256.7793405473041,0.005256249759897209
PF-P05,PF-D0107,PF-C00107,Simple,Clear,Clear,True,Evidence retrieval,0.5827666957118969,0.7472498209737234,0.5950404764982832,261.7024377651921,0.006482541671484713
PF-P06,PF-D0108,PF-C00108,Simple,Review,Insufficient,False,Evidence retrieval,0.3732264512868396,0.37276782895274946,0.513051739217173,277.36467295201004,0.005235817958861085
PF-P01,PF-D0109,PF-C00109,Moderate,Insufficient,Review,False,Evidence retrieval,0.430175307314329,0.47318822014153367,0.69302937930661,271.92460942253706,0.005049443142678492
PF-P02,PF-D0110,PF-C00110,Simple,Insufficient,Clear,False,Evidence retrieval,0.7129646799506603,0.7169979131006964,0.6354408687034219,250.86468514611926,0.005958298792277136
PF-P03,PF-D0111,PF-C00111,Simple,Insufficient,Clear,False,Evidence retrieval,0.7517205375562558,0.6757862689824731,0.8052859635848013,205.58409624461987,0.006607061695700618
PF-P04,PF-D0112,PF-C00112,Simple,Review,Review,True,Evidence retrieval,0.859624107918539,0.9105837388003796,0.8962319831103452,202.27840347649447,0.0038951338583722147
PF-P05,PF-D0113,PF-C00113,Simple,Clear,Clear,True,Evidence retrieval,0.8225102053922445,0.7588578301098432,0.5929896965242999,217.91041916790655,0.005683219677518152
PF-P06,PF-D0114,PF-C00114,Simple,Review,Review,True,Evidence retrieval,0.7289470662136905,0.6659131859667284,0.8393771523812508,222.88214763554743,0.00636840617741841
PF-P01,PF-D0115,PF-C00115,Simple,Review,Review,True,Evidence retrieval,0.7855964948463292,0.873822040437662,0.8958247852098874,186.20920124169822,0.0046220016845989215
PF-P02,PF-D0116,PF-C00116,Simple,Clear,Clear,True,Evidence retrieval,0.9123653310411782,0.8491785393079218,0.6869137063211349,238.80304368032841,0.004376543517981132
PF-P03,PF-D0117,PF-C00117,Moderate,Escalate,Escalate,True,Evidence retrieval,0.36538031861450243,0.4989343663057455,0.451525239893269,238.0838419528105,0.005475310575418107
PF-P04,PF-D0118,PF-C00118,Moderate,Insufficient,Review,False,Evidence retrieval,0.7987136402288814,0.7803486164692685,0.7273638449261536,204.81762983031064,0.004560309272510605
PF-P05,PF-D0119,PF-C00119,Moderate,Insufficient,Insufficient,True,Evidence retrieval,0.45642520271011205,0.4786850429162074,0.6927681844848574,231.2907637550177,0.006788896913533199
PF-P06,PF-D0120,PF-C00120,Moderate,Clear,Insufficient,False,Evidence retrieval,0.39995943432656,0.39792930414341315,0.5767783974136156,338.8633491766329,0.005107294830329319
PF-P01,PF-D0121,PF-C00121,Moderate,Clear,Clear,True,Evidence retrieval,0.5858235143464011,0.711946786119995,0.8426490189146743,265.0826387202127,0.005735513391186551
PF-P02,PF-D0122,PF-C00122,Moderate,Clear,Clear,True,Evidence retrieval,0.6844048370689381,0.7708976679267433,0.7302453009221092,261.1071605075334,0.005593178985659736
PF-P03,PF-D0123,PF-C00123,Simple,Clear,Clear,True,Evidence retrieval,0.7975650425556849,0.8144786144890707,0.8380329807071543,272.9423524226137,0.005047485881911947
PF-P04,PF-D0124,PF-C00124,Moderate,Insufficient,Insufficient,True,Evidence retrieval,0.5417018171279115,0.4242016682166252,0.46366808880046567,260.0698858480035,0.00560718128215618
PF-P05,PF-D0125,PF-C00125,Complex,Insufficient,Insufficient,True,Evidence retrieval,0.41431877284658936,0.40318218722284377,0.898572733644224,373.63304949135244,0.006196098557739792
PF-P06,PF-D0126,PF-C00126,Moderate,Escalate,Clear,False,Evidence retrieval,0.39240458912227255,0.6447375095034558,0.49861531678402143,328.5737564352922,0.006198352463831332
PF-P01,PF-D0127,PF-C00127,Moderate,Clear,Clear,True,Evidence retrieval,0.5505483319193363,0.7112527052642214,0.9985099922676431,281.76567526605584,0.006110252847344539
PF-P02,PF-D0128,PF-C00128,Simple,Clear,Clear,True,Evidence retrieval,0.7585522602901132,0.8601515372499676,0.8099060448802184,255.91052791940217,0.005864792630142984
PF-P03,PF-D0129,PF-C00129,Complex,Escalate,Clear,False,Evidence retrieval,0.5047635275005479,0.6302311025490931,0.2868186653403864,301.4836031758199,0.007375177998577762
PF-P04,PF-D0130,PF-C00130,Simple,Escalate,Escalate,True,Evidence retrieval,0.7159642462467677,0.6948196722755295,0.901924668872958,182.84418513263756,0.006393408114444076
PF-P05,PF-D0131,PF-C00131,Moderate,Clear,Clear,True,Evidence retrieval,0.6054886760882976,0.6293306842993244,0.5567163044651305,311.83880674972573,0.005467774843922988
PF-P06,PF-D0132,PF-C00132,Simple,Escalate,Escalate,True,Evidence retrieval,0.7706445779075917,0.7855678131929007,0.8136216662145346,254.59175743871327,0.005457666018138901
PF-P01,PF-D0133,PF-C00133,Moderate,Review,Review,True,Evidence retrieval,0.7582127036325327,0.7474495006666053,0.8511182249480862,212.85253563717748,0.005674985532991431
PF-P02,PF-D0134,PF-C00134,Moderate,Clear,Clear,True,Evidence retrieval,0.7190962591655891,0.6645914690156193,0.6475735103976878,297.90336174956786,0.006397117279770936
PF-P03,PF-D0135,PF-C00135,Complex,Clear,Insufficient,False,Evidence retrieval,0.34331831625372294,0.4469595201805743,0.595324256374338,320.19644217080577,0.007142966602958085
PF-P04,PF-D0136,PF-C00136,Moderate,Review,Review,True,Evidence retrieval,0.8003455139717628,0.7711696860298466,0.8620948091820917,218.48556178722583,0.0057887255092210176
PF-P05,PF-D0137,PF-C00137,Moderate,Review,Escalate,False,Evidence retrieval,0.3551361786671198,0.3746013119284263,0.46601836136635144,272.65013622341223,0.004403936410728648
PF-P06,PF-D0138,PF-C00138,Complex,Clear,Review,False,Evidence retrieval,0.5116461927262899,0.43634467154229284,0.5403616496601928,264.6600791334687,0.0057628180458694726
PF-P01,PF-D0139,PF-C00139,Simple,Clear,Clear,True,Evidence retrieval,0.5446552191280192,0.8266748656596027,0.7048252345359745,240.3579867524075,0.005899017215440487
PF-P02,PF-D0140,PF-C00140,Moderate,Clear,Clear,True,Evidence retrieval,0.7212797647249993,0.7826929691975448,0.8093911671581719,262.24625580072075,0.004814734795339139
PF-P03,PF-D0141,PF-C00141,Simple,Clear,Clear,True,Evidence retrieval,0.6118602486490093,0.6245862795045772,0.39397888185880225,304.54592429156287,0.006171872209541574
PF-P04,PF-D0142,PF-C00142,Complex,Review,Review,True,Evidence retrieval,0.4273017355992268,0.6449916930245998,0.5694998717801786,270.65365564173186,0.00682705548700762
PF-P05,PF-D0143,PF-C00143,Moderate,Insufficient,Clear,False,Evidence retrieval,0.43653034924886724,0.5220746029208327,0.796468801486555,231.31140258533483,0.004999287295849251
PF-P06,PF-D0144,PF-C00144,Simple,Review,Review,True,Evidence retrieval,0.6451674199876843,0.7179981862671835,1.0,279.91040998269995,0.005799870983155223
PF-P01,PF-D0145,PF-C00145,Simple,Review,Review,True,Evidence retrieval,0.5847333918094934,0.7023793964399537,0.5158321651171236,239.67727383458313,0.0043742336544231
PF-P02,PF-D0146,PF-C00146,Moderate,Review,Clear,False,Evidence retrieval,0.5437628111667383,0.5869823384934838,0.6574332757252322,305.2408851468658,0.005324251962378009
PF-P03,PF-D0147,PF-C00147,Simple,Clear,Clear,True,Evidence retrieval,0.8477416273830863,0.7674576590090648,0.7735595215852407,229.57716259581764,0.005385318445685276
PF-P04,PF-D0148,PF-C00148,Simple,Clear,Clear,True,Evidence retrieval,0.8322662870215658,0.9024162802979835,0.7974257092364457,198.1488990092124,0.0056265234336342765
PF-P05,PF-D0149,PF-C00149,Simple,Clear,Clear,True,Evidence retrieval,0.572123656443183,0.7924268990647341,0.9652171881562726,184.43069679069106,0.006135659486577774
PF-P06,PF-D0150,PF-C00150,Moderate,Review,Review,True,Evidence retrieval,0.40981444974464787,0.3996019330803025,0.6120301670591061,365.93899109699714,0.004887852842047565
PF-P01,PF-D0151,PF-C00151,Complex,Clear,Clear,True,Evidence retrieval,0.3478335800086928,0.6824397174601846,0.6413222637265141,349.0994175237478,0.006227350691533457
PF-P02,PF-D0152,PF-C00152,Simple,Clear,Clear,True,Evidence retrieval,0.838222636550093,0.8494016489846922,0.9459394024770369,334.25964654457874,0.00437428360168125
PF-P03,PF-D0153,PF-C00153,Simple,Clear,Clear,True,Evidence retrieval,0.8476069649182308,0.9186879811920274,0.9663181196451355,236.72225852280553,0.005740568540119085
PF-P04,PF-D0154,PF-C00154,Simple,Review,Review,True,Evidence retrieval,0.9603154579645475,0.92964319772163,0.9581784170516082,278.9095829683305,0.005325891582568999
PF-P05,PF-D0155,PF-C00155,Moderate,Review,Review,True,Evidence retrieval,0.5610289096187526,0.6259749429881171,0.8870910295245565,356.397153772358,0.006005715317288539
PF-P06,PF-D0156,PF-C00156,Complex,Review,Review,True,Evidence retrieval,0.37234206463457886,0.5591107213945589,0.6067680977573566,315.52802456718405,0.005986385102731058
PF-P01,PF-D0157,PF-C00157,Moderate,Review,Review,True,Evidence retrieval,0.5644106313760364,0.7474845125922318,0.5147607582205563,288.60128275479104,0.0055143917490538315
PF-P02,PF-D0158,PF-C00158,Complex,Insufficient,Review,False,Evidence retrieval,0.6268983971243686,0.623214858877014,0.5246286148321689,364.61295795239323,0.0066223948699555505
PF-P03,PF-D0159,PF-C00159,Moderate,Clear,Clear,True,Evidence retrieval,0.7634456281504439,0.6706973977559838,0.5510752536289725,295.117462463299,0.0055754975090519625
PF-P04,PF-D0160,PF-C00160,Simple,Clear,Clear,True,Evidence retrieval,0.7677019851111526,0.8376883970475895,0.5856271608468989,260.22385712534026,0.00573586530626004
PF-P05,PF-D0161,PF-C00161,Simple,Escalate,Escalate,True,Evidence retrieval,0.6819242066081745,0.8002242073280423,1.0,290.5193542767791,0.007088863429902341
PF-P06,PF-D0162,PF-C00162,Complex,Insufficient,Review,False,Evidence retrieval,0.4472145469372281,0.4807731156645914,0.5705546351161155,311.49694186097827,0.007470317236159121
PF-P01,PF-D0163,PF-C00163,Moderate,Escalate,Insufficient,False,Evidence retrieval,0.6377153037013296,0.6639649044418449,0.6116829433169321,278.74356505567704,0.0053437943030513356
PF-P02,PF-D0164,PF-C00164,Simple,Escalate,Escalate,True,Evidence retrieval,0.8369995674935384,0.8085085706319313,0.8056630849582647,248.05233785364987,0.005536860338626878
PF-P03,PF-D0165,PF-C00165,Simple,Clear,Clear,True,Evidence retrieval,0.8735180592075048,0.9131843124111757,0.6995029068878074,169.77210421710794,0.004526755179132002
PF-P04,PF-D0166,PF-C00166,Simple,Clear,Clear,True,Evidence retrieval,0.6220310751940423,0.6921258027485314,0.7075470107422663,257.7051705150649,0.005947979490082989
PF-P05,PF-D0167,PF-C00167,Moderate,Clear,Escalate,False,Evidence retrieval,0.45081844066648735,0.48107966728026574,0.6680266259867217,164.12452242506498,0.005332475040155971
PF-P06,PF-D0168,PF-C00168,Simple,Escalate,Escalate,True,Evidence retrieval,0.8553063301194368,0.8468397983996423,0.7323705780085213,344.2964708776726,0.006083594297874505
PF-P01,PF-D0169,PF-C00169,Simple,Insufficient,Review,False,Evidence retrieval,0.5011763809083878,0.44977972367653474,0.5712938693102414,223.19854676850116,0.006019521197014456
PF-P02,PF-D0170,PF-C00170,Simple,Insufficient,Insufficient,True,Evidence retrieval,0.8447409816557236,0.6958737993804759,0.8529069653448851,325.90665024532746,0.005461691313946876
PF-P03,PF-D0171,PF-C00171,Simple,Escalate,Review,False,Evidence retrieval,0.5973889964914623,0.6993179245753676,0.6294536037874431,238.20259967148277,0.004840308858574652
PF-P04,PF-D0172,PF-C00172,Simple,Clear,Clear,True,Evidence retrieval,0.8698712193357776,0.8861833255239929,0.6769601651699153,209.07868692527833,0.005347878643509859
PF-P05,PF-D0173,PF-C00173,Simple,Insufficient,Insufficient,True,Evidence retrieval,0.7552432621568691,0.8088625217950678,1.0,217.81333230959433,0.005561902420531115
PF-P06,PF-D0174,PF-C00174,Simple,Clear,Clear,True,Evidence retrieval,0.4245314441128492,0.5980161517575642,1.0,301.77564651002444,0.004817718503918165
PF-P01,PF-D0175,PF-C00175,Simple,Review,Clear,False,Evidence retrieval,0.8115049404737403,0.6780467879610946,0.6146150503291133,254.8385434729184,0.0058308575358698485
PF-P02,PF-D0176,PF-C00176,Moderate,Escalate,Insufficient,False,Evidence retrieval,0.5127101369572049,0.6290623794027678,0.7983764034598673,334.53958224348537,0.006059002202662195
PF-P03,PF-D0177,PF-C00177,Simple,Escalate,Insufficient,False,Evidence retrieval,0.44419238908113245,0.45102116514633617,0.9829663035769971,266.52667336068316,0.004381780848928675
PF-P04,PF-D0178,PF-C00178,Moderate,Escalate,Escalate,True,Evidence retrieval,0.5107262640478667,0.5475009224211522,0.7505626535827102,307.3008174072041,0.0054912945295579945
PF-P05,PF-D0179,PF-C00179,Complex,Insufficient,Insufficient,True,Evidence retrieval,0.2921086195209601,0.3663407509752393,0.55785713024979,372.3333534943861,0.007199412043478489
PF-P06,PF-D0180,PF-C00180,Complex,Review,Clear,False,Evidence retrieval,0.4159121268492513,0.35350915623745405,0.7262634973381636,373.46618312681073,0.005885388360574187
PF-P01,PF-D0001,PF-C00181,Simple,Clear,Clear,True,Evidence retrieval,0.7060485085935578,0.7561956370089863,0.7265569906113969,324.54719274933757,0.0067539769301084695
PF-P02,PF-D0002,PF-C00182,Simple,Insufficient,Insufficient,True,Evidence retrieval,0.7666605854537358,0.5550694315055846,0.4172801621280985,227.87999939810138,0.0067170157670214895
PF-P03,PF-D0003,PF-C00183,Simple,Review,Review,True,Evidence retrieval,0.8614653063268258,0.8896243150000542,0.7275598161287101,344.42339233018254,0.0048172334143406935
PF-P04,PF-D0004,PF-C00184,Simple,Clear,Review,False,Evidence retrieval,0.7499297696521394,0.6847541685966151,0.7930071635738821,344.5727476379317,0.004613763384393101
PF-P05,PF-D0005,PF-C00185,Simple,Review,Review,True,Evidence retrieval,0.8560675842020911,0.7209220518725825,0.6764296101392843,291.6501809625009,0.004945614607343519
PF-P06,PF-D0006,PF-C00186,Simple,Clear,Clear,True,Evidence retrieval,0.7721265551864044,0.7692026837617201,0.8343154793896131,332.0195315130877,0.004851346041968982
PF-P01,PF-D0007,PF-C00187,Simple,Clear,Clear,True,Evidence retrieval,0.8131015521441007,0.8673122492516484,0.8983310191436299,215.58173337360122,0.005045478744592994
PF-P02,PF-D0008,PF-C00188,Moderate,Clear,Clear,True,Evidence retrieval,0.739084603159538,0.6856740056313871,0.7093741926118323,278.7001368317319,0.0056517503099399735
PF-P03,PF-D0009,PF-C00189,Moderate,Clear,Clear,True,Evidence retrieval,0.7831817313911132,0.6687447165295217,0.5675658224613012,220.26268900035518,0.005868900135977616
PF-P04,PF-D0010,PF-C00190,Simple,Clear,Clear,True,Evidence retrieval,0.7978401267363334,0.8309264353051333,0.8205975188769637,301.683558690608,0.004342189783577856
PF-P05,PF-D0011,PF-C00191,Complex,Clear,Insufficient,False,Evidence retrieval,0.5394609618239348,0.5534318079484363,0.5531397959768438,311.1384120232913,0.006110355775837002
PF-P06,PF-D0012,PF-C00192,Simple,Review,Escalate,False,Evidence retrieval,0.7528402981872957,0.6996723129086018,0.6453204302406963,238.08670851709527,0.004073685850451077
PF-P01,PF-D0013,PF-C00193,Moderate,Clear,Clear,True,Evidence retrieval,0.49417451554564285,0.7473364103210621,0.581749066585069,145.2742997894196,0.0054254843436633456
PF-P02,PF-D0014,PF-C00194,Moderate,Insufficient,Review,False,Evidence retrieval,0.7868092840389008,0.7766040372579973,0.8190244882957936,227.09044586944327,0.00473054512866402
PF-P03,PF-D0015,PF-C00195,Complex,Review,Insufficient,False,Evidence retrieval,0.4416476277246768,0.41724423585518655,0.496392827135584,336.3322100960176,0.006513620675890576
PF-P04,PF-D0016,PF-C00196,Simple,Review,Review,True,Evidence retrieval,0.7306093408278422,0.7152490882026339,0.7600296199838759,220.30505425965222,0.004205208773429706
PF-P05,PF-D0017,PF-C00197,Simple,Clear,Clear,True,Evidence retrieval,0.8063010241786834,0.8908846263684403,0.9511761896362532,275.30947862671866,0.004487154742329511
PF-P06,PF-D0018,PF-C00198,Simple,Clear,Clear,True,Evidence retrieval,0.6189453897462839,0.8455393358771682,0.6578006856195866,241.74346974425958,0.0050624807970523
PF-P01,PF-D0019,PF-C00199,Complex,Clear,Review,False,Evidence retrieval,0.4606131109383816,0.5205115562403761,0.5999381742153659,265.6694228297257,0.007213784210203342
PF-P02,PF-D0020,PF-C00200,Simple,Clear,Clear,True,Evidence retrieval,0.7679623949623781,0.8845553877337655,0.9729537653053291,214.99397308217632,0.005613246067269238
PF-P03,PF-D0021,PF-C00201,Moderate,Escalate,Review,False,Evidence retrieval,0.6537901903366196,0.5484276539362648,0.769461653416092,282.20633748672276,0.00570159700284451
PF-P04,PF-D0022,PF-C00202,Complex,Insufficient,Review,False,Evidence retrieval,0.2892559344078039,0.5133405333415378,0.5651412246930112,327.5847230955041,0.006848300074826227
PF-P05,PF-D0023,PF-C00203,Moderate,Clear,Clear,True,Evidence retrieval,0.8224395193568597,0.7209571796321481,1.0,230.2906852200732,0.00455244400021248
PF-P06,PF-D0024,PF-C00204,Complex,Review,Review,True,Evidence retrieval,0.6101078549107342,0.4731711607556598,0.7726811755981142,317.8700127198389,0.006466613960777573
PF-P01,PF-D0025,PF-C00205,Moderate,Review,Review,True,Evidence retrieval,0.4615844199971467,0.6591747517945793,0.5102471951136403,345.1371079749934,0.004679382324574156
PF-P02,PF-D0026,PF-C00206,Simple,Escalate,Review,False,Evidence retrieval,0.8623839209746251,0.8382230360646172,0.5051579942218126,243.674373706072,0.005903062318741903
PF-P03,PF-D0027,PF-C00207,Simple,Clear,Clear,True,Evidence retrieval,0.6502279908081325,0.7256268022108671,0.8437028672128154,339.77028418437914,0.005216341771749907
PF-P04,PF-D0028,PF-C00208,Moderate,Clear,Clear,True,Evidence retrieval,0.6274657730288726,0.5212567812991585,0.6136016746914471,332.9542059987466,0.004533673128851354
PF-P05,PF-D0029,PF-C00209,Simple,Clear,Review,False,Evidence retrieval,0.7321576372812099,0.7287340604806349,0.8120939432309167,329.6262402492818,0.0055715103331061356
PF-P06,PF-D0030,PF-C00210,Simple,Review,Review,True,Evidence retrieval,0.8500320171388863,0.8228060307019023,0.74892040427563,255.83422948845563,0.006663169381355531
PF-P01,PF-D0031,PF-C00211,Simple,Clear,Clear,True,Evidence retrieval,0.8120254039276955,0.8800567310576894,0.7965240746778521,215.47404337800432,0.005331977949295217
PF-P02,PF-D0032,PF-C00212,Simple,Clear,Review,False,Evidence retrieval,0.553056418360877,0.6847456726312502,0.7346866881898888,326.5204238539302,0.0045131996706017615
PF-P03,PF-D0033,PF-C00213,Moderate,Clear,Insufficient,False,Evidence retrieval,0.235497859205155,0.42500809980388987,0.6392629238413117,310.4771141628626,0.004372362158964535
PF-P04,PF-D0034,PF-C00214,Moderate,Clear,Clear,True,Evidence retrieval,0.4000234277761422,0.3512534608175766,0.3742834310233659,318.8918692832776,0.007432856390374141
PF-P05,PF-D0035,PF-C00215,Simple,Insufficient,Escalate,False,Evidence retrieval,0.5479880268702284,0.6341171036027252,0.6561296929360969,283.4837415954379,0.004945486108991976
PF-P06,PF-D0036,PF-C00216,Moderate,Insufficient,Review,False,Evidence retrieval,0.5662268037209504,0.4771944894575589,0.633607807761557,350.0266214473974,0.005514194171436076
PF-P01,PF-D0037,PF-C00217,Complex,Insufficient,Clear,False,Evidence retrieval,0.6328815878199638,0.5684462823466118,0.7838110972144371,345.97491150238864,0.007685135287856113
PF-P02,PF-D0038,PF-C00218,Simple,Clear,Insufficient,False,Evidence retrieval,0.6135262897245503,0.6657558927564787,1.0,282.5351178935838,0.0060260561081105
PF-P03,PF-D0039,PF-C00219,Simple,Review,Review,True,Evidence retrieval,0.8170600010478652,0.6604434586405407,0.6686470309687212,279.14276917245826,0.005080048521714908
PF-P04,PF-D0040,PF-C00220,Moderate,Clear,Clear,True,Evidence retrieval,0.846857211627945,0.8695720979639752,0.7295396139570121,313.4753103072934,0.005860121838978372
PF-P05,PF-D0041,PF-C00221,Simple,Escalate,Insufficient,False,Evidence retrieval,0.717885479863623,0.7730707729410897,1.0,171.4164597610761,0.005290657136422568
PF-P06,PF-D0042,PF-C00222,Moderate,Insufficient,Insufficient,True,Evidence retrieval,0.6945189856942837,0.6452499160907736,0.6672783023374614,270.10062047718054,0.0061112095807230125
PF-P01,PF-D0043,PF-C00223,Moderate,Clear,Clear,True,Evidence retrieval,0.31873132928868303,0.3391326038079145,0.48685080842353257,280.9925802192025,0.005306269704447228
PF-P02,PF-D0044,PF-C00224,Simple,Insufficient,Insufficient,True,Evidence retrieval,0.7950201369040175,0.6815677859693392,0.927336451576384,167.9337539295596,0.005502005929549625
PF-P03,PF-D0045,PF-C00225,Moderate,Review,Insufficient,False,Evidence retrieval,0.4833967508640461,0.38608528592112945,0.44328826902725976,220.56023769031788,0.005633394620256131
PF-P04,PF-D0046,PF-C00226,Moderate,Clear,Clear,True,Evidence retrieval,0.7124870780501372,0.4947672922693331,0.8032761904752408,287.7521241066802,0.005870277031439073
PF-P05,PF-D0047,PF-C00227,Moderate,Review,Review,True,Evidence retrieval,0.667830048747848,0.765876278287712,0.8001923600386992,298.5687218790806,0.005553160188632571
PF-P06,PF-D0048,PF-C00228,Moderate,Insufficient,Insufficient,True,Evidence retrieval,0.7312643205135128,0.6993133054073083,0.6738580911486657,224.28821857409275,0.00587685390432742
PF-P01,PF-D0049,PF-C00229,Simple,Insufficient,Insufficient,True,Evidence retrieval,0.6617310233950158,0.7426496369979736,0.7965944395920357,332.03676468597683,0.005895132901954276
PF-P02,PF-D0050,PF-C00230,Simple,Escalate,Escalate,True,Evidence retrieval,0.23867954335761868,0.4961524943847283,0.8827420086548775,169.12042939884012,0.006302011034707239
PF-P03,PF-D0051,PF-C00231,Complex,Insufficient,Insufficient,True,Evidence retrieval,0.3781406719528211,0.33946965448026933,0.49892151675212626,395.1623063503673,0.007221892021981759
PF-P04,PF-D0052,PF-C00232,Simple,Clear,Clear,True,Evidence retrieval,0.8388121432422218,0.8029660618616402,1.0,384.6450582774977,0.005929604913750367
PF-P05,PF-D0053,PF-C00233,Simple,Clear,Clear,True,Evidence retrieval,0.6166908424537983,0.7050872221592467,0.7258437809952746,244.47158935755147,0.005695981008165525
PF-P06,PF-D0054,PF-C00234,Simple,Insufficient,Insufficient,True,Evidence retrieval,0.7499483064846204,0.7255907215153806,0.8714317265311696,291.1889892421008,0.005697492701248926
PF-P01,PF-D0055,PF-C00235,Simple,Insufficient,Insufficient,True,Evidence retrieval,0.8127572905259095,0.8029697365181313,0.9803917677747838,238.3314517459157,0.004892303776760018
PF-P02,PF-D0056,PF-C00236,Moderate,Review,Review,True,Evidence retrieval,0.6184471250072732,0.5460929765104446,0.40426413260314276,288.4403663446697,0.0040835375175818645
PF-P03,PF-D0057,PF-C00237,Complex,Insufficient,Insufficient,True,Evidence retrieval,0.7132854767548228,0.660250480635439,0.619032331197,346.97416146286633,0.006596177442638686
PF-P04,PF-D0058,PF-C00238,Complex,Review,Review,True,Evidence retrieval,0.13445475796555745,0.33626381222911317,0.6611870640600451,309.11778643901243,0.006684985293756999
PF-P05,PF-D0059,PF-C00239,Simple,Insufficient,Insufficient,True,Evidence retrieval,0.8048154799232687,0.6740468067683894,0.8633288324490126,183.13295221142823,0.004107503495476237
PF-P06,PF-D0060,PF-C00240,Moderate,Insufficient,Insufficient,True,Evidence retrieval,0.8225548276229342,0.844851576723596,1.0,249.0329378070535,0.004764034323454284
PF-P01,PF-D0061,PF-C00241,Moderate,Clear,Clear,True,Evidence retrieval,0.4043979059439848,0.4793803064371423,0.8322547800190777,250.67025664024993,0.0057043507124409885
PF-P02,PF-D0062,PF-C00242,Simple,Review,Review,True,Evidence retrieval,0.7688951120045263,0.8668295917102162,0.772081562049277,329.3696999825005,0.005020587715660312
PF-P03,PF-D0063,PF-C00243,Simple,Insufficient,Insufficient,True,Evidence retrieval,0.8191052009997413,0.6153971070914078,0.7189411103347084,184.82442342026144,0.004286223342478579
PF-P04,PF-D0064,PF-C00244,Complex,Insufficient,Review,False,Evidence retrieval,0.6039378865249112,0.5401513832926399,0.8051365501156826,335.8735295950889,0.006961657181494479
PF-P05,PF-D0065,PF-C00245,Moderate,Review,Review,True,Evidence retrieval,0.4937100906655719,0.8078413585906478,1.0,238.43009272028755,0.005590247075543146
PF-P06,PF-D0066,PF-C00246,Moderate,Clear,Clear,True,Evidence retrieval,0.8700890842681483,0.8054812836058654,0.7038932930088582,223.35570541714287,0.006114898183579092
PF-P01,PF-D0067,PF-C00247,Moderate,Escalate,Clear,False,Evidence retrieval,0.4584805268970346,0.4078772348721199,0.37283447059483676,253.69356755415657,0.005461029706769334
PF-P02,PF-D0068,PF-C00248,Moderate,Escalate,Escalate,True,Evidence retrieval,0.7351129902804969,0.8272011839030396,0.8313776453407214,307.2257034143118,0.005783638372451699
PF-P03,PF-D0069,PF-C00249,Simple,Review,Review,True,Evidence retrieval,0.8406613801280196,0.8207986214906229,0.6762251428384218,287.17391203483885,0.004875985071670216
PF-P04,PF-D0070,PF-C00250,Simple,Clear,Clear,True,Evidence retrieval,0.8004638538371254,0.8925081911345244,1.0,277.19721352686366,0.006029572209232948
PF-P05,PF-D0071,PF-C00251,Simple,Review,Review,True,Evidence retrieval,0.6932092157850915,0.7603802059146343,0.8315628132483202,303.59659207645893,0.004916998769255319
PF-P06,PF-D0072,PF-C00252,Moderate,Clear,Clear,True,Evidence retrieval,0.5130766617564839,0.5100167560131724,0.7211384006199261,321.6727696593803,0.004612308992679968
PF-P01,PF-D0073,PF-C00253,Simple,Review,Review,True,Evidence retrieval,0.5820519095095823,0.5929691474288802,0.6612485516214333,192.27996049451497,0.0048114817158897965
PF-P02,PF-D0074,PF-C00254,Complex,Insufficient,Review,False,Evidence retrieval,0.5572899927291153,0.6429696020717066,0.9319911075146755,263.9252547375486,0.0073748574118453585
PF-P03,PF-D0075,PF-C00255,Moderate,Clear,Clear,True,Evidence retrieval,0.7832827828903437,0.744321770914698,0.9373732477595103,279.4968721403493,0.006594567814003621
PF-P04,PF-D0076,PF-C00256,Simple,Clear,Clear,True,Evidence retrieval,0.40226502435563877,0.5604096557263697,0.5771245779126202,237.54739946140185,0.006208111487081763
PF-P05,PF-D0077,PF-C00257,Simple,Clear,Clear,True,Evidence retrieval,0.8449755882441794,0.9047816160740755,0.8052105828424985,253.26917495327177,0.00431851253609353
PF-P06,PF-D0078,PF-C00258,Moderate,Insufficient,Clear,False,Evidence retrieval,0.850660394119518,0.7501846847994009,0.9111368136519763,312.4748590560541,0.006228430645671342
PF-P01,PF-D0079,PF-C00259,Simple,Clear,Clear,True,Evidence retrieval,0.6902888199695415,0.6021372675983429,0.5523075029784287,253.88819780178508,0.004525455030137003
PF-P02,PF-D0080,PF-C00260,Simple,Clear,Clear,True,Evidence retrieval,0.8588206844435274,0.9448393010332136,0.7563129711281236,269.0058643506927,0.005926129894558131
PF-P03,PF-D0081,PF-C00261,Simple,Insufficient,Insufficient,True,Evidence retrieval,0.6613698810530712,0.6794011404614497,0.6009590580168132,253.4539670668153,0.006783383991025792
PF-P04,PF-D0082,PF-C00262,Simple,Review,Review,True,Evidence retrieval,0.6196106259081493,0.6742037658321282,0.6686252726324564,219.36568263583942,0.004820424471641855
PF-P05,PF-D0083,PF-C00263,Moderate,Escalate,Escalate,True,Evidence retrieval,0.5582385847877175,0.55580570709659,0.9640311761627782,325.14186252922076,0.005808387542610386
PF-P06,PF-D0084,PF-C00264,Complex,Escalate,Review,False,Evidence retrieval,0.4158910961188133,0.35858994430386204,0.3698453598684179,343.1675057566943,0.006979061678312595
PF-P01,PF-D0085,PF-C00265,Moderate,Escalate,Clear,False,Evidence retrieval,0.5468863877773796,0.5433776493070749,0.9100520817804439,272.6846762617279,0.006692715651509302
PF-P02,PF-D0086,PF-C00266,Simple,Insufficient,Insufficient,True,Evidence retrieval,0.7086138366994046,0.8264969189049773,0.4310519965795454,248.56401594940158,0.004404390279419309
PF-P03,PF-D0087,PF-C00267,Simple,Escalate,Review,False,Evidence retrieval,0.9137245590238313,0.9025250585815526,1.0,207.99881960509663,0.005826979949519476
PF-P04,PF-D0088,PF-C00268,Simple,Escalate,Escalate,True,Evidence retrieval,0.6553908804876061,0.7020795307382829,0.9654455702630317,267.529780372001,0.005187348690704668
PF-P05,PF-D0089,PF-C00269,Simple,Review,Review,True,Evidence retrieval,0.9361861861431267,0.9258687592818492,0.9778711021897984,259.84408163858643,0.004590029836276225
PF-P06,PF-D0090,PF-C00270,Moderate,Review,Review,True,Evidence retrieval,0.6094136182274464,0.8437272958195059,0.9588110385786627,284.4856507666606,0.005761682364239727
PF-P01,PF-D0091,PF-C00271,Simple,Clear,Clear,True,Evidence retrieval,0.753287019276302,0.876102410249862,0.9582199061607354,170.00230447161596,0.0046180889763583035
PF-P02,PF-D0092,PF-C00272,Simple,Review,Review,True,Evidence retrieval,0.6702421948376921,0.827537730675706,1.0,281.01305176001443,0.006982520122706049
PF-P03,PF-D0093,PF-C00273,Simple,Clear,Clear,True,Evidence retrieval,0.7447265385275027,0.7733526912442763,1.0,238.2622033396125,0.005154762872113499
PF-P04,PF-D0094,PF-C00274,Simple,Clear,Clear,True,Evidence retrieval,0.9218459781234363,0.9200563052506906,0.875472292058865,256.1690885465211,0.004904908290108035
PF-P05,PF-D0095,PF-C00275,Moderate,Review,Review,True,Evidence retrieval,0.774988206153561,0.7621323008666858,0.6226048863506842,241.89789463334117,0.005904429534655254
PF-P06,PF-D0096,PF-C00276,Simple,Insufficient,Insufficient,True,Evidence retrieval,0.694088111220464,0.7257653778182612,0.8288594316141947,254.68672176781985,0.006069523311503957
PF-P01,PF-D0097,PF-C00277,Simple,Insufficient,Insufficient,True,Evidence retrieval,0.835341647691518,0.7244792004132936,0.9491023218200184,233.44732180157314,0.004098063325677074
PF-P02,PF-D0098,PF-C00278,Simple,Review,Review,True,Evidence retrieval,0.8753212747329995,0.8315032786363303,0.909761045358625,196.94284233139268,0.006950507480266141
PF-P03,PF-D0099,PF-C00279,Simple,Clear,Clear,True,Evidence retrieval,0.6856515907600904,0.6457738041008364,0.6719386649648842,298.8719453238777,0.005376337845823119
PF-P04,PF-D0100,PF-C00280,Simple,Insufficient,Insufficient,True,Evidence retrieval,0.616475767550424,0.5935833603710814,0.6644220566149773,264.2952052743567,0.006626031198473315
PF-P05,PF-D0101,PF-C00281,Moderate,Escalate,Clear,False,Evidence retrieval,0.6413577389415295,0.5741680700409663,0.6939379469962359,426.6712261907419,0.004764770279709637
PF-P06,PF-D0102,PF-C00282,Complex,Review,Clear,False,Evidence retrieval,0.27535997926669037,0.5415698236602691,0.6858979467774937,196.26344547079617,0.006145316778792613
PF-P01,PF-D0103,PF-C00283,Simple,Review,Review,True,Evidence retrieval,0.6050684381136354,0.7341328719168073,0.8079390041735838,274.46708258813686,0.00485511255794149
PF-P02,PF-D0104,PF-C00284,Moderate,Review,Review,True,Evidence retrieval,0.6636767786411624,0.7501220537057547,0.8759661669679358,277.0081114425982,0.005448220506672887
PF-P03,PF-D0105,PF-C00285,Simple,Clear,Clear,True,Evidence retrieval,0.9118107159006112,0.9370504346087425,1.0,267.3253247764382,0.0061994702551654846
PF-P04,PF-D0106,PF-C00286,Moderate,Insufficient,Insufficient,True,Evidence retrieval,0.7383271026054247,0.663520183427952,0.905823737055146,328.8912168770877,0.006438343997313968
PF-P05,PF-D0107,PF-C00287,Simple,Clear,Clear,True,Evidence retrieval,0.8548951411304077,0.8872777642865832,0.9797824694453465,328.3565225774471,0.006129857886614381
PF-P06,PF-D0108,PF-C00288,Complex,Insufficient,Clear,False,Evidence retrieval,0.5406729634717431,0.5300117652739065,0.27269274579168934,316.86706469349144,0.006903028923987857
PF-P01,PF-D0109,PF-C00289,Simple,Clear,Clear,True,Evidence retrieval,0.8599803920746696,0.9031342567119522,0.7023644035266867,244.05774158602998,0.004456039435709946
PF-P02,PF-D0110,PF-C00290,Simple,Review,Review,True,Evidence retrieval,0.5384438957755602,0.7519390381619864,0.6375600176254927,246.40419613646532,0.005789112958244487
PF-P03,PF-D0111,PF-C00291,Moderate,Clear,Clear,True,Evidence retrieval,0.7203163198054297,0.5814362025370973,0.4368532789248086,246.96964870003717,0.005156546152469154
PF-P04,PF-D0112,PF-C00292,Simple,Review,Review,True,Evidence retrieval,0.8264595870724639,0.8004194686223898,0.5113876880234924,215.32808651688998,0.006396250452974649
PF-P05,PF-D0113,PF-C00293,Simple,Clear,Clear,True,Evidence retrieval,0.7976654951959592,0.7967009059702457,0.7757620395812567,310.05011963648116,0.0051170633338547275
PF-P06,PF-D0114,PF-C00294,Simple,Clear,Clear,True,Evidence retrieval,0.9244491140995166,0.94079536731685,0.7189404857569307,235.55194031881453,0.004484660695847021
PF-P01,PF-D0115,PF-C00295,Simple,Insufficient,Review,False,Evidence retrieval,0.6311496604510639,0.6262392348188354,1.0,185.10877071362444,0.005057232313454689
PF-P02,PF-D0116,PF-C00296,Complex,Clear,Insufficient,False,Evidence retrieval,0.34809764218244227,0.31597115806567533,0.4349770554338199,392.6707438243426,0.0065186643804108265
PF-P03,PF-D0117,PF-C00297,Moderate,Clear,Clear,True,Evidence retrieval,0.6247310426247091,0.6741211716688308,0.7714240007484807,310.6894140178689,0.006101012964634769
PF-P04,PF-D0118,PF-C00298,Moderate,Clear,Clear,True,Evidence retrieval,0.5331305483694796,0.6096758573052904,0.4896537284302276,296.56340996088176,0.006099977942349302
PF-P05,PF-D0119,PF-C00299,Simple,Review,Review,True,Evidence retrieval,0.955651158042545,0.9039966280419152,0.807182083416136,302.24209527685224,0.005672350954772573
PF-P06,PF-D0120,PF-C00300,Simple,Escalate,Escalate,True,Evidence retrieval,0.7030179415273318,0.7354464790567586,0.8697159064332363,289.5401512394892,0.005572096941072604
PF-P01,PF-D0121,PF-C00301,Moderate,Clear,Clear,True,Evidence retrieval,0.3995893677670215,0.4652569753325176,0.5163012420208503,249.20352914749347,0.006074051949454196
PF-P02,PF-D0122,PF-C00302,Simple,Review,Review,True,Evidence retrieval,0.6642534026867034,0.8142594583001675,1.0,286.3240525628458,0.0054480861334790425
PF-P03,PF-D0123,PF-C00303,Simple,Escalate,Escalate,True,Evidence retrieval,0.6856163913559502,0.7465824389788276,0.5009234934537127,214.09888429028473,0.004987938595500992
PF-P04,PF-D0124,PF-C00304,Moderate,Clear,Clear,True,Evidence retrieval,0.619182365358102,0.6747673623379078,0.6287763868247591,393.5919459441382,0.004967511159645417
PF-P05,PF-D0125,PF-C00305,Simple,Escalate,Review,False,Evidence retrieval,0.4586362065158208,0.5730582713125741,0.6557324871430741,254.512437944259,0.006404332537633149
PF-P06,PF-D0126,PF-C00306,Complex,Clear,Review,False,Evidence retrieval,0.5685419306260232,0.5343431934032055,0.5030921671599541,401.5561170611333,0.006351421308744939
PF-P01,PF-D0127,PF-C00307,Simple,Clear,Clear,True,Evidence retrieval,0.7405193806273972,0.742528085289507,0.6590833141160797,316.2136671667362,0.005246285963140954
PF-P02,PF-D0128,PF-C00308,Moderate,Insufficient,Clear,False,Evidence retrieval,0.45781702518049205,0.6299208633502592,0.5494484805314731,304.5527979537366,0.0063447037616252795
PF-P03,PF-D0129,PF-C00309,Moderate,Insufficient,Review,False,Evidence retrieval,0.6366677606292239,0.6238501661175139,0.7121790613786683,325.8456201118046,0.005105198521309473
PF-P04,PF-D0130,PF-C00310,Simple,Clear,Review,False,Evidence retrieval,0.5060220185840444,0.636772048998502,0.52496775998461,216.1276123118399,0.006731370639783844
PF-P05,PF-D0131,PF-C00311,Complex,Insufficient,Insufficient,True,Evidence retrieval,0.31315679405926783,0.4210477076049728,0.5852541124606885,401.8369838863056,0.006497487811633666
PF-P06,PF-D0132,PF-C00312,Simple,Clear,Clear,True,Evidence retrieval,0.6141438813076913,0.6891463198733982,0.8833748715877553,222.99352324077338,0.005416421041207477
PF-P01,PF-D0133,PF-C00313,Complex,Insufficient,Insufficient,True,Evidence retrieval,0.40717185123533584,0.5367847681614926,0.658587086174752,338.4830253856921,0.0068092083003405916
PF-P02,PF-D0134,PF-C00314,Moderate,Review,Review,True,Evidence retrieval,0.8233921204438239,0.8261943068140991,0.8708643962419026,277.10323003058016,0.0051607683689741364
PF-P03,PF-D0135,PF-C00315,Simple,Clear,Clear,True,Evidence retrieval,0.9619728672040135,0.9444650777264613,0.8155312823550175,305.50537468493803,0.00548979110433031
PF-P04,PF-D0136,PF-C00316,Simple,Clear,Review,False,Evidence retrieval,0.7902708725050078,0.7227777943534516,0.8091590154382236,275.85485020635696,0.0044159970894541226
PF-P05,PF-D0137,PF-C00317,Simple,Insufficient,Insufficient,True,Evidence retrieval,0.6636168320444966,0.746100558409743,0.8071875497150032,173.22224045900572,0.005213118957167176
PF-P06,PF-D0138,PF-C00318,Moderate,Clear,Clear,True,Evidence retrieval,0.7788396239475028,0.7090695827860108,0.7749089389817342,325.9101530411135,0.005183422369362786
PF-P01,PF-D0139,PF-C00319,Simple,Escalate,Insufficient,False,Evidence retrieval,0.6216863393017917,0.6011611823295463,0.6094333246170106,285.5379229251138,0.005204404831033745
PF-P02,PF-D0140,PF-C00320,Moderate,Clear,Clear,True,Evidence retrieval,0.8049847886345165,0.753363417604766,0.8119878492347401,313.1827045825231,0.005729688545099354
PF-P03,PF-D0141,PF-C00321,Simple,Insufficient,Escalate,False,Evidence retrieval,0.6698832337625915,0.6853429658319788,0.7589849656138873,135.12634469088712,0.005205063073029727
PF-P04,PF-D0142,PF-C00322,Complex,Review,Clear,False,Evidence retrieval,0.5151415616523866,0.4587413197058664,0.5435080585375553,368.8060879466967,0.007227745705681939
PF-P05,PF-D0143,PF-C00323,Simple,Clear,Clear,True,Evidence retrieval,0.834630309960504,0.7820183054035647,0.8890342612855349,258.46983285700253,0.006624892150473844
PF-P06,PF-D0144,PF-C00324,Moderate,Clear,Clear,True,Evidence retrieval,0.7500774704781314,0.8753166150320542,0.8097594007351318,271.2355678693998,0.005496067092753939
PF-P01,PF-D0145,PF-C00325,Moderate,Insufficient,Insufficient,True,Evidence retrieval,0.7687185584428058,0.8105285967103812,1.0,263.41790407072995,0.004801115198760775
PF-P02,PF-D0146,PF-C00326,Moderate,Insufficient,Insufficient,True,Evidence retrieval,0.6690619291406541,0.6484018964908814,0.7368796004495943,296.86891274131443,0.00645734377152133
PF-P03,PF-D0147,PF-C00327,Complex,Insufficient,Review,False,Evidence retrieval,0.2901458967682456,0.36555210118498266,0.4334249547360052,291.1612923442081,0.006449452349075388
PF-P04,PF-D0148,PF-C00328,Simple,Clear,Clear,True,Evidence retrieval,0.7861865424919378,0.8035205589501031,0.7601308716352564,285.8862479670429,0.004881115105212262
PF-P05,PF-D0149,PF-C00329,Moderate,Escalate,Clear,False,Evidence retrieval,0.4393991209889426,0.5404347683753826,0.3654420242510413,281.69150393638716,0.005613121230445949
PF-P06,PF-D0150,PF-C00330,Simple,Insufficient,Insufficient,True,Evidence retrieval,0.7748459407397851,0.791204020381356,0.7481925482079232,329.72390835177,0.005658535053565641
PF-P01,PF-D0151,PF-C00331,Simple,Clear,Clear,True,Evidence retrieval,0.866063176337782,0.9352301094064269,0.9039518722368887,202.14758806685964,0.006758770900590605
PF-P02,PF-D0152,PF-C00332,Simple,Clear,Clear,True,Evidence retrieval,0.9232573112576354,0.9166312649798339,0.8148338043752985,272.5340800435466,0.0057259321455704814
PF-P03,PF-D0153,PF-C00333,Simple,Review,Review,True,Evidence retrieval,0.9215441404314232,0.9166223484213292,1.0,178.63905743414026,0.005967023911513587
PF-P04,PF-D0154,PF-C00334,Simple,Review,Review,True,Evidence retrieval,0.8774322750474125,0.8591621037153109,1.0,204.40285148324944,0.0051661968836613
PF-P05,PF-D0155,PF-C00335,Simple,Escalate,Clear,False,Evidence retrieval,0.843723817820294,0.7793751136074176,0.7715597557713434,252.95369896453548,0.004925070760376843
PF-P06,PF-D0156,PF-C00336,Moderate,Review,Review,True,Evidence retrieval,0.6350757889069767,0.7230175481469572,0.6338197157142581,228.60922811588787,0.005857736197526305
PF-P01,PF-D0157,PF-C00337,Simple,Clear,Clear,True,Evidence retrieval,0.6793915759222869,0.7662653416468119,0.6738496086723158,284.1652879133635,0.003958164306258949
PF-P02,PF-D0158,PF-C00338,Simple,Review,Review,True,Evidence retrieval,0.8735869631444271,0.8665790734065849,0.8056171614339445,326.963180317737,0.004875362378353782
PF-P03,PF-D0159,PF-C00339,Moderate,Review,Clear,False,Evidence retrieval,0.6134231013587115,0.7073800260562733,0.45927696628366615,296.9069818417972,0.005815574246483365
PF-P04,PF-D0160,PF-C00340,Simple,Review,Review,True,Evidence retrieval,0.5539090219645476,0.7736478906026305,0.8099651564829252,256.83913474798163,0.004761391214431317
PF-P05,PF-D0161,PF-C00341,Simple,Insufficient,Insufficient,True,Evidence retrieval,0.3661098585257099,0.6539081268949571,0.5629042832284153,262.6804725396211,0.005694000501534816
PF-P06,PF-D0162,PF-C00342,Simple,Insufficient,Insufficient,True,Evidence retrieval,0.5727663850123171,0.5929748266889263,0.7137173365724666,262.0836204599438,0.004554283141339573
PF-P01,PF-D0163,PF-C00343,Simple,Review,Review,True,Evidence retrieval,0.8557353701978802,0.7898873978689899,0.6635140071122825,286.0121642664524,0.005905871806386136
PF-P02,PF-D0164,PF-C00344,Simple,Clear,Clear,True,Evidence retrieval,0.8969814339028541,0.9087283231019202,1.0,222.29620104841888,0.005732395897661019
PF-P03,PF-D0165,PF-C00345,Moderate,Review,Review,True,Evidence retrieval,0.5197946105587133,0.793386153940063,0.7919331732181767,286.794745747725,0.005403699106144328
PF-P04,PF-D0166,PF-C00346,Simple,Escalate,Clear,False,Evidence retrieval,0.8004156409199237,0.7328811033370369,0.8802164328002026,276.90925105050366,0.004370482066605245
PF-P05,PF-D0167,PF-C00347,Moderate,Insufficient,Escalate,False,Evidence retrieval,0.4281869409833709,0.32556653047167555,0.3350260950835499,300.61369350493857,0.0055298295557836665
PF-P06,PF-D0168,PF-C00348,Simple,Insufficient,Review,False,Evidence retrieval,0.7703930710902501,0.8127841859104862,0.8399171711290724,319.72199396368393,0.00592571201724187
PF-P01,PF-D0169,PF-C00349,Simple,Review,Review,True,Evidence retrieval,0.7639801541647327,0.7210870947660919,0.8479407452611099,269.7731488656092,0.005207810666079173
PF-P02,PF-D0170,PF-C00350,Moderate,Insufficient,Insufficient,True,Evidence retrieval,0.7025390003000352,0.4629918695903696,0.37720263825517797,191.16471282645182,0.006067249829320023
PF-P03,PF-D0171,PF-C00351,Moderate,Insufficient,Review,False,Evidence retrieval,0.3106576729092015,0.37588278263142016,0.39943449886809,343.6422780469099,0.005534619203360264
PF-P04,PF-D0172,PF-C00352,Moderate,Clear,Insufficient,False,Evidence retrieval,0.48353420954760723,0.54062027296774,0.5804788558865377,287.7768196412617,0.004908316117152968
PF-P05,PF-D0173,PF-C00353,Simple,Review,Review,True,Evidence retrieval,0.6783942045915329,0.7985715190426994,1.0,246.64001593155172,0.005697477560103736
PF-P06,PF-D0174,PF-C00354,Simple,Review,Review,True,Evidence retrieval,0.9424212281066211,0.8920068541200035,0.6987351024134063,246.6691884434315,0.004982066036148978
PF-P01,PF-D0175,PF-C00355,Simple,Review,Review,True,Evidence retrieval,0.8575224677261736,0.8293331569503644,0.994808994296662,298.2800230432068,0.006260396386474475
PF-P02,PF-D0176,PF-C00356,Moderate,Clear,Clear,True,Evidence retrieval,0.5793076008958887,0.6888783871525193,0.8601136237604463,276.56961312863666,0.007379001928902647
PF-P03,PF-D0177,PF-C00357,Simple,Escalate,Clear,False,Evidence retrieval,0.7876207393054384,0.8270155891232095,0.9912069976129756,240.81112185485418,0.004494082178145809
PF-P04,PF-D0178,PF-C00358,Simple,Clear,Clear,True,Evidence retrieval,0.7831821575039553,0.8515224573783636,0.7532075998706195,300.35418031231376,0.004704395942400244
PF-P05,PF-D0179,PF-C00359,Moderate,Clear,Clear,True,Evidence retrieval,0.3504499009554531,0.6695886558284784,0.37072834457146925,363.13407168049383,0.005466913544593119
PF-P06,PF-D0180,PF-C00360,Complex,Clear,Clear,True,Evidence retrieval,0.46927734459329556,0.28683863563890566,0.43971343352957304,263.88319078218063,0.006885323392935525
PF-P01,PF-D0001,PF-C00361,Moderate,Review,Review,True,Evidence retrieval,0.7056945884852924,0.7123447041350883,0.8318798484901045,371.1176743683619,0.0059615550942119
PF-P02,PF-D0002,PF-C00362,Complex,Escalate,Clear,False,Evidence retrieval,0.2036914994814675,0.4346568297640959,0.6344300442128435,321.21984364623955,0.006795885133385511
PF-P03,PF-D0003,PF-C00363,Simple,Clear,Clear,True,Evidence retrieval,0.7069605273184997,0.7562681751950373,0.6592854491218682,260.3505804689524,0.005592204218238592
PF-P04,PF-D0004,PF-C00364,Simple,Insufficient,Insufficient,True,Evidence retrieval,0.5701832898077178,0.6770769297564159,0.5448725362913738,216.31566291525016,0.00548367432093045
PF-P05,PF-D0005,PF-C00365,Simple,Clear,Clear,True,Evidence retrieval,0.8680720460985056,0.775451440557448,0.7579816611136939,210.4520952031818,0.005724050070274742
PF-P06,PF-D0006,PF-C00366,Simple,Review,Review,True,Evidence retrieval,0.9179210801079137,0.9334496544610825,0.9295415763454441,227.4602745998168,0.004943326340758807
PF-P01,PF-D0007,PF-C00367,Simple,Clear,Clear,True,Evidence retrieval,0.8347321788951734,0.8060682771809823,0.5806640019813796,224.34559044644578,0.006988503789912768
PF-P02,PF-D0008,PF-C00368,Simple,Insufficient,Insufficient,True,Evidence retrieval,0.8107376671890514,0.765741101537367,1.0,197.6434005847029,0.005885099201352535
PF-P03,PF-D0009,PF-C00369,Simple,Clear,Review,False,Evidence retrieval,0.8875491326773428,0.6966669484120607,0.6262575314933018,283.43247006719923,0.005452154293902806
PF-P04,PF-D0010,PF-C00370,Moderate,Clear,Clear,True,Evidence retrieval,0.773410216951325,0.7338411974876341,0.8317655347506484,261.933400494496,0.005072216548310688
PF-P05,PF-D0011,PF-C00371,Simple,Escalate,Clear,False,Evidence retrieval,0.4549057690591505,0.7238817356106733,0.7940534972363329,298.1303002525283,0.003783039494180798
PF-P06,PF-D0012,PF-C00372,Simple,Clear,Clear,True,Evidence retrieval,0.47488123868530707,0.6581187050772712,0.6330353504097765,262.16889728124255,0.0056799576173835395
PF-P01,PF-D0013,PF-C00373,Moderate,Escalate,Escalate,True,Evidence retrieval,0.6764937784076583,0.7769638623845587,0.5905342513852704,276.34186481838583,0.006043855301870334
PF-P02,PF-D0014,PF-C00374,Simple,Escalate,Review,False,Evidence retrieval,0.40581604418580247,0.5995310148232429,0.819141228722121,287.09702117181536,0.005212796246402937
PF-P03,PF-D0015,PF-C00375,Simple,Review,Review,True,Evidence retrieval,0.7996661026453702,0.7194636018228402,0.7907496698301839,270.89093652075485,0.005334323470668418
PF-P04,PF-D0016,PF-C00376,Simple,Review,Review,True,Evidence retrieval,0.8192918758745977,0.8480843030821913,0.9191006336438647,292.84090370492345,0.006138684807778583
PF-P05,PF-D0017,PF-C00377,Moderate,Escalate,Review,False,Evidence retrieval,0.6819416927509484,0.7017625153412734,0.6964342230502606,276.21883485565195,0.005428431367228424
PF-P06,PF-D0018,PF-C00378,Simple,Clear,Clear,True,Evidence retrieval,0.6911775029794059,0.8426796995475238,0.717113173164032,298.1325782140101,0.004743021936691336
PF-P01,PF-D0019,PF-C00379,Moderate,Insufficient,Insufficient,True,Evidence retrieval,0.8137601251459528,0.8141447536044287,1.0,298.79051016461506,0.006147463211522551
PF-P02,PF-D0020,PF-C00380,Moderate,Clear,Clear,True,Evidence retrieval,0.6239960283761049,0.7032294555807338,0.6784666982310703,302.0049156060637,0.004974472409315941
PF-P03,PF-D0021,PF-C00381,Simple,Insufficient,Clear,False,Evidence retrieval,0.5066660953343883,0.5245695066472421,0.47838224279531516,226.16534880478997,0.005935109618405897
PF-P04,PF-D0022,PF-C00382,Moderate,Clear,Clear,True,Evidence retrieval,0.7995841889431047,0.782727071632805,0.7992283668686823,255.40847320329337,0.004867002220967414
PF-P05,PF-D0023,PF-C00383,Moderate,Review,Insufficient,False,Evidence retrieval,0.39814981663343385,0.5394814551001297,0.7877883574059236,266.9178167547816,0.0065132280407955
PF-P06,PF-D0024,PF-C00384,Simple,Clear,Clear,True,Evidence retrieval,0.5852912817303277,0.75812335337901,0.8973236232019024,275.37788696155525,0.006202064492587326
PF-P01,PF-D0025,PF-C00385,Moderate,Clear,Clear,True,Evidence retrieval,0.4935248755295817,0.6932248784580421,0.8203798923917273,353.06935470448695,0.006516237066933926
PF-P02,PF-D0026,PF-C00386,Simple,Review,Review,True,Evidence retrieval,0.6792489654594565,0.7203693737132115,0.8060329690093067,165.91174131975094,0.004190964894658209
PF-P03,PF-D0027,PF-C00387,Simple,Clear,Insufficient,False,Evidence retrieval,0.6317910858670714,0.6720973495471251,0.7525525894995525,280.67257437186504,0.005765736336701625
PF-P04,PF-D0028,PF-C00388,Simple,Clear,Insufficient,False,Evidence retrieval,0.49826528653769275,0.4820954540911759,0.7864290937349989,179.4897226912608,0.0061485930087875435
PF-P05,PF-D0029,PF-C00389,Simple,Escalate,Insufficient,False,Evidence retrieval,0.8131119871612719,0.7061527884093078,0.7410415615919363,220.851929762404,0.004406644303437474
PF-P06,PF-D0030,PF-C00390,Simple,Clear,Clear,True,Evidence retrieval,0.5899706164769157,0.7673442972818649,1.0,208.41196407534767,0.005544984182639896
PF-P01,PF-D0031,PF-C00391,Moderate,Clear,Clear,True,Evidence retrieval,0.8428608265578493,0.8568083670694228,0.7803452461127357,214.3629243997368,0.004332708804925879
PF-P02,PF-D0032,PF-C00392,Complex,Review,Clear,False,Evidence retrieval,0.6667048504165155,0.35521640619798583,0.48276319242882376,258.41197589265823,0.006591694504006309
PF-P03,PF-D0033,PF-C00393,Simple,Clear,Clear,True,Evidence retrieval,0.5427794446612796,0.5714454305995682,0.40316578254043495,250.21606968356033,0.005859341545871709
PF-P04,PF-D0034,PF-C00394,Moderate,Review,Clear,False,Evidence retrieval,0.37801932353998347,0.4838185414244084,0.711384181092817,254.00229421274764,0.0044942156115279665
PF-P05,PF-D0035,PF-C00395,Simple,Insufficient,Clear,False,Evidence retrieval,0.5903054103495031,0.7392801433924711,0.9598600138343241,304.1135114249622,0.006030132356973286
PF-P06,PF-D0036,PF-C00396,Moderate,Insufficient,Escalate,False,Evidence retrieval,0.4337495733907162,0.6085877210825543,0.8223065969156884,302.76310069749513,0.006909796305678258
PF-P01,PF-D0037,PF-C00397,Simple,Review,Review,True,Evidence retrieval,0.7776496032880956,0.8475701921345317,0.7659977966876872,289.33780030957456,0.005831795910231118
PF-P02,PF-D0038,PF-C00398,Simple,Clear,Clear,True,Evidence retrieval,0.8147981884628509,0.9213534265638083,0.9375887857961513,287.9489479697728,0.005921990247238244
PF-P03,PF-D0039,PF-C00399,Simple,Clear,Clear,True,Evidence retrieval,0.5471722393231524,0.7111125166749445,0.7306057286141434,277.76645443392,0.0060000409129736905
PF-P04,PF-D0040,PF-C00400,Moderate,Review,Review,True,Evidence retrieval,0.34552150251750247,0.5268855525825596,0.4561560927816043,223.75068649993565,0.006034176719758408
PF-P05,PF-D0041,PF-C00401,Moderate,Insufficient,Insufficient,True,Evidence retrieval,0.6437253915942336,0.6021057440735854,0.8365191988188599,302.72822573078906,0.006091783929988044
PF-P06,PF-D0042,PF-C00402,Complex,Review,Clear,False,Evidence retrieval,0.49324503617071047,0.3761317883795108,0.6165928482825316,409.36890798748686,0.007060941518806534
PF-P01,PF-D0043,PF-C00403,Simple,Review,Review,True,Evidence retrieval,0.8368014370862147,0.8675874529362709,1.0,240.70614209110366,0.004993315141115596
PF-P02,PF-D0044,PF-C00404,Moderate,Review,Review,True,Evidence retrieval,0.7298994666232206,0.7661881837205534,0.9635183757430592,335.05282986646716,0.004877808682894357
PF-P03,PF-D0045,PF-C00405,Moderate,Clear,Review,False,Evidence retrieval,0.41175944952621474,0.5600076956990214,0.46900062951823707,362.6469629219763,0.00501405381585464
PF-P04,PF-D0046,PF-C00406,Complex,Escalate,Clear,False,Evidence retrieval,0.4374559067407031,0.3982169065007889,0.308284515642866,379.3727244778264,0.006676763787056618
PF-P05,PF-D0047,PF-C00407,Simple,Clear,Clear,True,Evidence retrieval,0.8672031571758262,0.902295429855666,1.0,232.88407715713174,0.0055197910184205815
PF-P06,PF-D0048,PF-C00408,Simple,Insufficient,Insufficient,True,Evidence retrieval,0.9564003236889111,0.8362586349856794,1.0,243.49112959995279,0.00552635129209338
PF-P01,PF-D0049,PF-C00409,Simple,Insufficient,Insufficient,True,Evidence retrieval,0.576367945012199,0.6883004805123383,0.5867817012939899,325.7014870132339,0.003929743946547567
PF-P02,PF-D0050,PF-C00410,Moderate,Review,Review,True,Evidence retrieval,0.25689633186707683,0.5355229671626575,0.45578867916986904,293.9595055335268,0.005087632827867426
PF-P03,PF-D0051,PF-C00411,Simple,Escalate,Escalate,True,Evidence retrieval,0.617181062079097,0.7349580703627937,1.0,247.44547670640247,0.005517716345963614
PF-P04,PF-D0052,PF-C00412,Complex,Insufficient,Clear,False,Evidence retrieval,0.5192049410088025,0.33295805822740954,0.5833307998035538,346.93534452651306,0.006509643874013532
PF-P05,PF-D0053,PF-C00413,Complex,Clear,Clear,True,Evidence retrieval,0.5128620721422081,0.40399761142020757,0.8795426748516024,314.2305588989574,0.006747704772165509
PF-P06,PF-D0054,PF-C00414,Simple,Clear,Clear,True,Evidence retrieval,0.6379748173639712,0.8015029131391238,1.0,253.65069012305295,0.004986940685516289
PF-P01,PF-D0055,PF-C00415,Simple,Insufficient,Insufficient,True,Evidence retrieval,0.6895177485073078,0.7877898944148807,0.9054543945980383,342.1522452346813,0.004239428155702881
PF-P02,PF-D0056,PF-C00416,Complex,Clear,Clear,True,Evidence retrieval,0.40291261284680313,0.43270048575093634,0.6079430499886772,304.288480944865,0.007214399092565467
PF-P03,PF-D0057,PF-C00417,Complex,Review,Review,True,Evidence retrieval,0.5201932509013758,0.5947860317559289,0.8003190311327463,324.45821939470295,0.005885319901945433
PF-P04,PF-D0058,PF-C00418,Moderate,Clear,Review,False,Evidence retrieval,0.7955473425621998,0.6004736323222527,0.7161538277887536,250.4597981181122,0.004910131921789224
PF-P05,PF-D0059,PF-C00419,Simple,Clear,Clear,True,Evidence retrieval,0.9018232253732094,0.8999515074939813,0.8994478304491296,247.8703326964548,0.005128791931751133
PF-P06,PF-D0060,PF-C00420,Moderate,Insufficient,Clear,False,Evidence retrieval,0.6910751217167473,0.6382834739119466,0.707389870227296,292.2115692058278,0.004802979860523552
PF-P01,PF-D0061,PF-C00421,Moderate,Review,Insufficient,False,Evidence retrieval,0.2719483333995691,0.34804220388793466,0.57742794819269,212.1941253269449,0.005563973206485572
PF-P02,PF-D0062,PF-C00422,Simple,Review,Review,True,Evidence retrieval,0.8241613844849018,0.7717705451204627,1.0,264.06448208213504,0.0040880507473018
PF-P03,PF-D0063,PF-C00423,Moderate,Escalate,Insufficient,False,Evidence retrieval,0.5021042909038742,0.6148136354775668,0.7751995133396563,309.3136911530787,0.005524955285738028
PF-P04,PF-D0064,PF-C00424,Moderate,Clear,Clear,True,Evidence retrieval,0.42150329015912164,0.6889339064975772,0.9288420218155087,251.98485972527376,0.006539890854269784
PF-P05,PF-D0065,PF-C00425,Moderate,Clear,Clear,True,Evidence retrieval,0.49155177466439665,0.6360140460315079,0.6567180288263983,289.84606246123957,0.005150948728178905
PF-P06,PF-D0066,PF-C00426,Simple,Clear,Clear,True,Evidence retrieval,0.8558436292915397,0.8605661325016343,0.7335891281145728,188.14045594788792,0.004376537772411039
PF-P01,PF-D0067,PF-C00427,Complex,Insufficient,Review,False,Evidence retrieval,0.4916627218254871,0.597999006537549,0.5225109396426332,361.5666957146059,0.007264925538406677
PF-P02,PF-D0068,PF-C00428,Simple,Clear,Clear,True,Evidence retrieval,0.7025638925817549,0.8394317095508952,0.5760011471093194,229.26521819968988,0.006168748099485031
PF-P03,PF-D0069,PF-C00429,Complex,Insufficient,Insufficient,True,Evidence retrieval,0.27531943430622674,0.4265208038163321,0.5901666412845514,372.3653243212636,0.007237729036739544
PF-P04,PF-D0070,PF-C00430,Complex,Insufficient,Insufficient,True,Evidence retrieval,0.5070224408317286,0.5412686352662786,0.5421968414217516,398.72879669930387,0.006817562064269072
PF-P05,PF-D0071,PF-C00431,Moderate,Review,Review,True,Evidence retrieval,0.4809502643945798,0.6268646519349902,0.3986836289476141,271.05684889924333,0.005309195428914822
PF-P06,PF-D0072,PF-C00432,Moderate,Clear,Clear,True,Evidence retrieval,0.72638484055589,0.7701176589051778,0.585716824646243,348.46537261333185,0.006540094176707759
PF-P01,PF-D0073,PF-C00433,Simple,Insufficient,Insufficient,True,Evidence retrieval,0.6214205724126901,0.7876416298978668,0.6455896780448659,267.1726445957313,0.0055188000053738116
PF-P02,PF-D0074,PF-C00434,Simple,Clear,Clear,True,Evidence retrieval,0.8884613923326377,0.874549835055568,0.9289847845369199,311.2313882608035,0.0060879329326188475
PF-P03,PF-D0075,PF-C00435,Moderate,Insufficient,Insufficient,True,Evidence retrieval,0.5254141596144953,0.7492758844195977,1.0,236.0006174143237,0.0060800182961028145
PF-P04,PF-D0076,PF-C00436,Complex,Insufficient,Escalate,False,Evidence retrieval,0.2905092000223929,0.17784688769303209,0.5811718307332412,323.98200003695536,0.0070822693565782795
PF-P05,PF-D0077,PF-C00437,Simple,Review,Review,True,Evidence retrieval,0.701990819830883,0.713896475890853,0.5867556123525315,250.891072111388,0.006503041091908728
PF-P06,PF-D0078,PF-C00438,Simple,Clear,Clear,True,Evidence retrieval,0.7678169046103451,0.8387867402840592,0.7626499775807385,263.32066845709454,0.005508365957860457
PF-P01,PF-D0079,PF-C00439,Simple,Insufficient,Insufficient,True,Evidence retrieval,0.7851353025573355,0.8142446570352877,1.0,265.8816533364238,0.006190142145348663
PF-P02,PF-D0080,PF-C00440,Simple,Clear,Clear,True,Evidence retrieval,0.7314914754078317,0.8409948715949144,0.7067611329730212,199.48067174296744,0.005478352604331226
PF-P03,PF-D0081,PF-C00441,Simple,Review,Review,True,Evidence retrieval,0.5211252068942958,0.771067314864091,0.8946617934125131,304.32511184404257,0.005320152676953787
PF-P04,PF-D0082,PF-C00442,Simple,Clear,Clear,True,Evidence retrieval,0.9307170022477207,0.9113656965212843,0.8685059815224707,274.3721696998932,0.005361330521511566
PF-P05,PF-D0083,PF-C00443,Moderate,Escalate,Clear,False,Evidence retrieval,0.4533997868361634,0.3261179967792937,0.6561022160215093,263.49932073269434,0.005419552605214336
PF-P06,PF-D0084,PF-C00444,Moderate,Clear,Clear,True,Evidence retrieval,0.7801363266209118,0.8921209545793594,0.8261915217620872,285.1013369364669,0.005374985092911783
PF-P01,PF-D0085,PF-C00445,Complex,Clear,Clear,True,Evidence retrieval,0.6908678484730939,0.5593421248200843,0.5902858218220386,363.9275335030846,0.0077076001324991854
PF-P02,PF-D0086,PF-C00446,Moderate,Review,Review,True,Evidence retrieval,0.6864976120581144,0.6994804042069402,0.7205066690355687,311.42270846370064,0.006886906247905399
PF-P03,PF-D0087,PF-C00447,Simple,Escalate,Escalate,True,Evidence retrieval,0.665496897529937,0.7395551873171031,0.7556283523523382,199.58668414837211,0.005986331244632484
PF-P04,PF-D0088,PF-C00448,Complex,Escalate,Escalate,True,Evidence retrieval,0.6102764707458721,0.48726666154406284,0.5602385334521682,395.70335796009044,0.006960899114120135
PF-P05,PF-D0089,PF-C00449,Simple,Insufficient,Insufficient,True,Evidence retrieval,0.648576191200949,0.7188299530150576,0.5292737664535724,275.51444089767415,0.0063766583346740275
PF-P06,PF-D0090,PF-C00450,Simple,Clear,Clear,True,Evidence retrieval,0.7547081223301647,0.8403694343746146,0.7444524348723226,191.00355713310464,0.006406355380979867
PF-P01,PF-D0091,PF-C00451,Complex,Escalate,Clear,False,Evidence retrieval,0.09858896946736549,0.16062405559929074,0.45526514137240937,199.73548243453104,0.006594607248154227
PF-P02,PF-D0092,PF-C00452,Simple,Review,Review,True,Evidence retrieval,0.9190716140327486,0.8803266335327846,0.6173152588889166,204.3804078409062,0.0057196199916767195
PF-P03,PF-D0093,PF-C00453,Simple,Clear,Clear,True,Evidence retrieval,0.748650583244087,0.763285043609191,0.5939896639953569,359.2297297120287,0.005742265712240108
PF-P04,PF-D0094,PF-C00454,Simple,Clear,Clear,True,Evidence retrieval,0.8336417243614941,0.8184199122560069,0.5090135284129009,176.70272534116162,0.00552332365973542
PF-P05,PF-D0095,PF-C00455,Simple,Clear,Clear,True,Evidence retrieval,0.8413227412546718,0.8388833811876604,0.9102384491827711,221.48028729759528,0.005152089757262884
PF-P06,PF-D0096,PF-C00456,Simple,Clear,Clear,True,Evidence retrieval,0.7688046279505228,0.8382120395047548,0.9171383879202091,217.9438566589722,0.0061652533763681995
PF-P01,PF-D0097,PF-C00457,Moderate,Clear,Clear,True,Evidence retrieval,0.8835122280524583,0.8385334651627554,0.8431453547657515,269.3547013258693,0.004613660153810995
PF-P02,PF-D0098,PF-C00458,Simple,Review,Review,True,Evidence retrieval,0.7503327150347996,0.787822118104873,0.9577266386740039,202.8152733042986,0.0054424607407779595
PF-P03,PF-D0099,PF-C00459,Complex,Clear,Insufficient,False,Evidence retrieval,0.5717259255408301,0.40002516887669703,0.5302805163653767,352.22072109914996,0.006925703320136414
PF-P04,PF-D0100,PF-C00460,Moderate,Review,Insufficient,False,Evidence retrieval,0.5362989227056862,0.40018776744240625,0.5152687312621627,314.1709866132733,0.0061638465516007145
PF-P05,PF-D0101,PF-C00461,Simple,Review,Insufficient,False,Evidence retrieval,0.5618449956120277,0.5747495437954626,0.6255385632002323,296.535031003476,0.0054821765266009955
PF-P06,PF-D0102,PF-C00462,Simple,Clear,Clear,True,Evidence retrieval,0.6759126285695127,0.798073593058267,0.8232218284720625,279.56747638102746,0.004554626005719703
PF-P01,PF-D0103,PF-C00463,Complex,Review,Review,True,Evidence retrieval,0.5673845733718949,0.5968486190671105,0.6694916487267873,437.0840880861151,0.0059754143579593515
PF-P02,PF-D0104,PF-C00464,Simple,Clear,Clear,True,Evidence retrieval,0.8699767137212886,0.89739651052925,0.4748344750713809,286.47928552046085,0.005421548985537412
PF-P03,PF-D0105,PF-C00465,Simple,Escalate,Clear,False,Evidence retrieval,0.6149762013445425,0.6897023569080074,0.8564241703300409,338.4716674093055,0.005183373230606369
PF-P04,PF-D0106,PF-C00466,Simple,Clear,Clear,True,Evidence retrieval,0.3675845936625941,0.7932485387414887,0.6108428078826144,155.29891092674194,0.0061839137184317005
PF-P05,PF-D0107,PF-C00467,Complex,Review,Review,True,Evidence retrieval,0.2103222280695153,0.29602334195182123,0.7653141035919123,325.74358149029194,0.006320637492176486
PF-P06,PF-D0108,PF-C00468,Simple,Review,Clear,False,Evidence retrieval,0.696438760253341,0.8131393008548536,0.7278975125902927,251.0339516492106,0.00616159748545004
PF-P01,PF-D0109,PF-C00469,Moderate,Review,Clear,False,Evidence retrieval,0.49605427662656626,0.6927875536722695,0.4940572617546985,346.4518203698542,0.003999190171070966
PF-P02,PF-D0110,PF-C00470,Moderate,Insufficient,Clear,False,Evidence retrieval,0.5092107373392211,0.46672860465183896,0.5265220738118054,340.5537379115142,0.006215144398340318
PF-P03,PF-D0111,PF-C00471,Simple,Insufficient,Review,False,Evidence retrieval,0.6770934959899204,0.5551051670283237,0.5624448627090629,293.86682124859965,0.005030471119138174
PF-P04,PF-D0112,PF-C00472,Simple,Escalate,Review,False,Evidence retrieval,0.6687735428234894,0.6397913469106501,0.6333209298194602,212.79462532630396,0.005225197863353646
PF-P05,PF-D0113,PF-C00473,Simple,Clear,Clear,True,Evidence retrieval,0.8381222599370817,0.8301967990235605,0.8367342291522477,243.77835700397208,0.0057216963902028215
PF-P06,PF-D0114,PF-C00474,Simple,Clear,Clear,True,Evidence retrieval,0.7910862294086698,0.7072052964831871,0.7292332170079892,196.5978822653648,0.005017573515999444
PF-P01,PF-D0115,PF-C00475,Simple,Insufficient,Clear,False,Evidence retrieval,0.7174020822237297,0.7285363678475556,0.5855191553982615,249.66126580748784,0.0047656370124851575
PF-P02,PF-D0116,PF-C00476,Simple,Review,Review,True,Evidence retrieval,0.6356593607856755,0.7320865390268412,0.6185632458489259,244.52224769561647,0.0055537197002077775
PF-P03,PF-D0117,PF-C00477,Complex,Review,Review,True,Evidence retrieval,0.42535728059957745,0.5524015897839583,0.7543952767590624,292.84538400497115,0.007284568479952442
PF-P04,PF-D0118,PF-C00478,Simple,Clear,Clear,True,Evidence retrieval,0.7576654585166336,0.8071745658450545,0.8411034899282769,318.49351431651775,0.006175445932508166
PF-P05,PF-D0119,PF-C00479,Moderate,Insufficient,Escalate,False,Evidence retrieval,0.5042249394436449,0.49028873704737186,0.5096068378747856,340.33148037657236,0.005533354645727234
PF-P06,PF-D0120,PF-C00480,Moderate,Review,Clear,False,Evidence retrieval,0.5264048029048802,0.6109441124265711,0.6561097249243133,307.33606288524084,0.006160888055161946
PF-P01,PF-D0121,PF-C00481,Complex,Review,Insufficient,False,Evidence retrieval,0.5569541122129262,0.33935929534005416,0.7029599327583513,305.06617769305876,0.006024041218400146
PF-P02,PF-D0122,PF-C00482,Moderate,Clear,Clear,True,Evidence retrieval,0.6088140793122787,0.7949369664472337,0.8715925143489394,291.8940399137604,0.005734856914586646
PF-P03,PF-D0123,PF-C00483,Simple,Clear,Clear,True,Evidence retrieval,0.6065862778994706,0.8190569646422675,1.0,292.25912344697593,0.00617786157045371
PF-P04,PF-D0124,PF-C00484,Complex,Clear,Review,False,Evidence retrieval,0.498941264476585,0.4230113584740851,0.6578009035068448,284.9870421542252,0.0060285356329772884
PF-P05,PF-D0125,PF-C00485,Simple,Clear,Clear,True,Evidence retrieval,0.7917318110558514,0.8191494600169891,0.6266093317072758,289.28968788246067,0.005935618244451729
PF-P06,PF-D0126,PF-C00486,Moderate,Clear,Clear,True,Evidence retrieval,0.5239816283411455,0.5289689583609835,0.8273579470053387,331.5798105777726,0.006197270900956646
PF-P01,PF-D0127,PF-C00487,Simple,Clear,Clear,True,Evidence retrieval,0.6808208039311245,0.8449482678146804,0.9415106967547665,228.45739134709547,0.006100650119759251
PF-P02,PF-D0128,PF-C00488,Moderate,Escalate,Escalate,True,Evidence retrieval,0.7768229552494045,0.4551285556819318,0.5836004316263439,223.9894908617712,0.004241997388607029
PF-P03,PF-D0129,PF-C00489,Simple,Insufficient,Insufficient,True,Evidence retrieval,0.6921782883881152,0.7384774360229083,0.964291631042884,276.4904061633272,0.005620235601858373
PF-P04,PF-D0130,PF-C00490,Moderate,Escalate,Clear,False,Evidence retrieval,0.44306859273780186,0.5821617517211948,0.6671853209093495,267.4874068556137,0.005966615514625892
PF-P05,PF-D0131,PF-C00491,Simple,Clear,Clear,True,Evidence retrieval,0.7561910331795932,0.8698026946208921,0.7938031855536117,243.5412015947636,0.005282105691273293
PF-P06,PF-D0132,PF-C00492,Simple,Clear,Clear,True,Evidence retrieval,0.8692474748792381,0.8476057030426903,0.6571391164428613,192.9450794920907,0.005110169259217997
PF-P01,PF-D0133,PF-C00493,Simple,Escalate,Escalate,True,Evidence retrieval,0.6886836177314432,0.6007401119973814,0.8230305181747897,306.4678788333996,0.005859800571128707
PF-P02,PF-D0134,PF-C00494,Moderate,Insufficient,Escalate,False,Evidence retrieval,0.586112288754119,0.5616705141075582,0.5488841078758397,299.26240361760495,0.004853148219940086
PF-P03,PF-D0135,PF-C00495,Moderate,Review,Review,True,Evidence retrieval,0.9382604804881938,0.8797624637006531,0.6551025181258916,270.46142325614335,0.0025561051814891674
PF-P04,PF-D0136,PF-C00496,Moderate,Escalate,Review,False,Evidence retrieval,0.8901327434849386,0.8646205313982274,0.8555760789270299,370.50344120555303,0.005835071462437232
PF-P05,PF-D0137,PF-C00497,Simple,Insufficient,Insufficient,True,Evidence retrieval,0.8101260287336196,0.9043650731636383,0.7923288561549907,102.85834398526976,0.006014610068847084
PF-P06,PF-D0138,PF-C00498,Simple,Escalate,Review,False,Evidence retrieval,0.8065618361844297,0.8043515771140066,0.7113002036224871,252.12594811169612,0.005697542819347639
PF-P01,PF-D0139,PF-C00499,Simple,Clear,Clear,True,Evidence retrieval,0.533195520636092,0.6298388452313491,0.596445371466825,242.55177963480477,0.004959747639314348
PF-P02,PF-D0140,PF-C00500,Moderate,Insufficient,Insufficient,True,Evidence retrieval,0.6965696701568055,0.6264629971213317,0.8424993858479917,272.38363752119494,0.006012006180738261
PF-P03,PF-D0141,PF-C00501,Simple,Clear,Clear,True,Evidence retrieval,0.867314265018246,0.8796751234714376,0.7633639218380567,184.51048714842716,0.005872225036095613
PF-P04,PF-D0142,PF-C00502,Simple,Clear,Clear,True,Evidence retrieval,0.9126238972700852,0.8709634367437448,0.9183874406500211,220.01554471020756,0.004586655245169361
PF-P05,PF-D0143,PF-C00503,Simple,Escalate,Review,False,Evidence retrieval,0.852632359441946,0.7674847821061422,0.7771253451482185,329.2017841902872,0.006611908264838028
PF-P06,PF-D0144,PF-C00504,Moderate,Clear,Clear,True,Evidence retrieval,0.8203929417406352,0.7141747657723637,0.9339948011751258,298.10315690486345,0.006132688519027346
PF-P01,PF-D0145,PF-C00505,Simple,Clear,Clear,True,Evidence retrieval,0.5154874586347395,0.6474757719531665,0.6757033720418594,280.26478563093787,0.006191213934213813
PF-P02,PF-D0146,PF-C00506,Simple,Review,Review,True,Evidence retrieval,0.5573463136052408,0.544370531540033,0.6318555649670425,206.26761767691977,0.006325826930882329
PF-P03,PF-D0147,PF-C00507,Simple,Clear,Clear,True,Evidence retrieval,0.8421415660669257,0.9076079365739399,0.7258637615024008,224.0465131404896,0.004355625803795186
PF-P04,PF-D0148,PF-C00508,Simple,Clear,Clear,True,Evidence retrieval,0.7334278636802289,0.8502231516662758,1.0,332.7948679745014,0.0058486251977805355
PF-P05,PF-D0149,PF-C00509,Simple,Review,Review,True,Evidence retrieval,0.7032835666763787,0.8095871796935553,0.8586179362153429,212.09276355627395,0.0055464349643930795
PF-P06,PF-D0150,PF-C00510,Simple,Escalate,Review,False,Evidence retrieval,0.7218226403303637,0.6683018934516033,0.7608437421440699,289.32146292344,0.005915294675177697
PF-P01,PF-D0151,PF-C00511,Simple,Insufficient,Insufficient,True,Evidence retrieval,0.8027974419598072,0.7743201728710456,0.715896806352998,227.89072856497353,0.0054900869420015305
PF-P02,PF-D0152,PF-C00512,Simple,Clear,Clear,True,Evidence retrieval,0.7926032630262122,0.8055957642621985,0.7753392212622515,203.09456772445603,0.00496494943862118
PF-P03,PF-D0153,PF-C00513,Moderate,Insufficient,Insufficient,True,Evidence retrieval,0.8137288438707244,0.7238113538460262,0.73077919702711,232.5313790133455,0.005326127942933313
PF-P04,PF-D0154,PF-C00514,Moderate,Clear,Clear,True,Evidence retrieval,0.6740174945797472,0.7936822459753456,0.8773779883357189,332.5714508163022,0.005468145575659166
PF-P05,PF-D0155,PF-C00515,Moderate,Insufficient,Insufficient,True,Evidence retrieval,0.40743095645601496,0.3217591312662272,0.6660737540755094,235.42454513905602,0.0055125243126017895
PF-P06,PF-D0156,PF-C00516,Simple,Escalate,Escalate,True,Evidence retrieval,0.7135095561417096,0.6853193654527501,0.7674262308938703,287.31459354900505,0.005769535685520656
PF-P01,PF-D0157,PF-C00517,Moderate,Review,Clear,False,Evidence retrieval,0.8566729242374211,0.6927417098088886,0.5441236578206776,254.56164368977448,0.006258638853591573
PF-P02,PF-D0158,PF-C00518,Simple,Clear,Clear,True,Evidence retrieval,0.4547619489905228,0.7853870403004035,0.9751856285111932,241.07005328909844,0.004438782112914786
PF-P03,PF-D0159,PF-C00519,Complex,Insufficient,Insufficient,True,Evidence retrieval,0.32946649984197574,0.315503703424437,0.3644795602391277,401.1747333689799,0.0071072477020811195
PF-P04,PF-D0160,PF-C00520,Complex,Escalate,Clear,False,Evidence retrieval,0.33250971771353177,0.3630490050808093,0.6631479618040119,314.83417122328217,0.006840975145342059
PF-P05,PF-D0161,PF-C00521,Moderate,Review,Review,True,Evidence retrieval,0.7131977522445905,0.612332254830264,0.714839143587109,240.01813542153144,0.005883879582032704
PF-P06,PF-D0162,PF-C00522,Simple,Review,Review,True,Evidence retrieval,0.6539327071496176,0.6196597041758027,0.5631022697998935,286.5613571975859,0.006076836995128525
PF-P01,PF-D0163,PF-C00523,Moderate,Clear,Clear,True,Evidence retrieval,0.7376927161265477,0.6793648301735241,0.9360971173594481,329.71164966778576,0.0049940264256051175
PF-P02,PF-D0164,PF-C00524,Simple,Insufficient,Insufficient,True,Evidence retrieval,0.769989208407729,0.847527017313867,0.8689734749615782,282.3733901025983,0.005431763026845678
PF-P03,PF-D0165,PF-C00525,Complex,Insufficient,Clear,False,Evidence retrieval,0.4309103938929621,0.4251413177714479,0.5846614289226965,325.2348774896931,0.007797645979277524
PF-P04,PF-D0166,PF-C00526,Simple,Clear,Insufficient,False,Evidence retrieval,0.6617127865321846,0.6376851955724772,0.6080460061906255,304.2193260919306,0.005644745109078646
PF-P05,PF-D0167,PF-C00527,Complex,Insufficient,Clear,False,Evidence retrieval,0.2715827350880518,0.3513026924991421,0.4773620026555317,316.59640356945187,0.007352541310452052
PF-P06,PF-D0168,PF-C00528,Moderate,Review,Review,True,Evidence retrieval,0.7591673674754437,0.8332685148491342,0.6703291868322039,338.51401006372345,0.005712477783809169
PF-P01,PF-D0169,PF-C00529,Simple,Clear,Clear,True,Evidence retrieval,0.6374600039575794,0.8766828781221006,0.6000713740860751,341.37054983931563,0.005688290341618764
PF-P02,PF-D0170,PF-C00530,Moderate,Clear,Clear,True,Evidence retrieval,0.41543472286944394,0.3577378807793366,0.3865655666164715,197.6694616554249,0.006820264021969518
PF-P03,PF-D0171,PF-C00531,Moderate,Review,Review,True,Evidence retrieval,0.6944325255780054,0.741928005629449,0.9199321519745867,235.38675281315597,0.004856798485052743
PF-P04,PF-D0172,PF-C00532,Simple,Clear,Clear,True,Evidence retrieval,0.8790318029807783,0.8482073594460785,0.6487478778952704,233.52970996579398,0.004019060877833687
PF-P05,PF-D0173,PF-C00533,Complex,Review,Review,True,Evidence retrieval,0.47745310129417173,0.4438723694720037,0.8937601438196141,288.5211129284773,0.008000404027624999
PF-P06,PF-D0174,PF-C00534,Moderate,Clear,Escalate,False,Evidence retrieval,0.5483314106203293,0.6374377424604372,0.7513403567521072,259.6940192746256,0.0061004030105238
PF-P01,PF-D0175,PF-C00535,Simple,Clear,Insufficient,False,Evidence retrieval,0.5468296532957564,0.781610845532605,1.0,229.12985433296507,0.0054400923744837605
PF-P02,PF-D0176,PF-C00536,Simple,Clear,Clear,True,Evidence retrieval,0.659316418490888,0.8118550936236958,0.6996076291977134,244.8644412276162,0.005980831990576171
PF-P03,PF-D0177,PF-C00537,Simple,Escalate,Escalate,True,Evidence retrieval,0.5758879861872722,0.7394455030680409,0.7979317607815957,221.99724055072926,0.004669707837384664
PF-P04,PF-D0178,PF-C00538,Simple,Escalate,Escalate,True,Evidence retrieval,0.6918650786848612,0.6696789670324437,0.9432247632768295,226.37310664548335,0.005102974643607553
PF-P05,PF-D0179,PF-C00539,Simple,Clear,Clear,True,Evidence retrieval,0.5784108816272427,0.6655286991413735,0.4864653317974067,188.8057560540248,0.006081066051907805
PF-P06,PF-D0180,PF-C00540,Simple,Clear,Clear,True,Evidence retrieval,0.7429431272181258,0.6670846397058554,0.8404634630593315,218.81198747315352,0.006140960579139531
PF-P01,PF-D0001,PF-C00541,Moderate,Insufficient,Insufficient,True,Evidence retrieval,0.3999688198752976,0.5403371357080745,0.40989679966624865,328.72857488370863,0.00556288317470992
PF-P02,PF-D0002,PF-C00542,Moderate,Review,Review,True,Evidence retrieval,0.70232293641408,0.7582655628818887,0.9273140114169458,298.2701088833098,0.004797698146752738
PF-P03,PF-D0003,PF-C00543,Simple,Insufficient,Insufficient,True,Evidence retrieval,0.7209512616676095,0.7982372792899399,1.0,272.38795686451846,0.006322332522197127
PF-P04,PF-D0004,PF-C00544,Simple,Clear,Review,False,Evidence retrieval,0.6421969630737561,0.6632207285690793,0.7558228257872271,177.7329233543099,0.004857534880769606
PF-P05,PF-D0005,PF-C00545,Complex,Escalate,Escalate,True,Evidence retrieval,0.7611091826216163,0.5013530633394675,0.6083212875911043,273.1139071496707,0.0068878285169539765
PF-P06,PF-D0006,PF-C00546,Simple,Clear,Clear,True,Evidence retrieval,0.828671471163897,0.7006495391585185,0.6038823861712586,273.6033732020233,0.00553860182838062
PF-P01,PF-D0007,PF-C00547,Moderate,Review,Clear,False,Evidence retrieval,0.7143314006848756,0.7999832924370684,0.4856979548639526,262.866402419374,0.004978574835062552
PF-P02,PF-D0008,PF-C00548,Moderate,Review,Review,True,Evidence retrieval,0.7272954887248342,0.7481610391386326,0.8096057022115452,260.3344801999273,0.0054184131730327005
PF-P03,PF-D0009,PF-C00549,Moderate,Clear,Review,False,Evidence retrieval,0.7538304778469681,0.7906333917415921,0.6826645623934877,322.47269887597406,0.006044665261259314
PF-P04,PF-D0010,PF-C00550,Moderate,Clear,Clear,True,Evidence retrieval,0.7219311477218822,0.8456071719241234,0.4238551130132721,329.5587382514486,0.005846218200734216
PF-P05,PF-D0011,PF-C00551,Moderate,Escalate,Insufficient,False,Evidence retrieval,0.4803501884391692,0.585303180442493,0.7159259773956075,321.0192417364809,0.005880652780253965
PF-P06,PF-D0012,PF-C00552,Moderate,Clear,Clear,True,Evidence retrieval,0.7623992552132638,0.6796863395016003,0.6567467556693558,179.91119133996244,0.005806062550961562
PF-P01,PF-D0013,PF-C00553,Simple,Escalate,Review,False,Evidence retrieval,0.7961685198236413,0.6726433639733199,0.8042993660085443,318.0141077160614,0.005210850737761181
PF-P02,PF-D0014,PF-C00554,Simple,Clear,Clear,True,Evidence retrieval,0.4988039237054575,0.7706934971306733,0.8855164288593599,348.0144850967307,0.005507432520728618
PF-P03,PF-D0015,PF-C00555,Simple,Review,Review,True,Evidence retrieval,0.7133547459196291,0.8289126660819374,0.4958370218115633,261.3127497678145,0.00642472944970238
PF-P04,PF-D0016,PF-C00556,Simple,Clear,Clear,True,Evidence retrieval,0.886459568516108,0.9089552347968026,0.507359929436102,238.58068474124374,0.005424304375144105
PF-P05,PF-D0017,PF-C00557,Simple,Clear,Clear,True,Evidence retrieval,0.6015939702109071,0.6543667340818241,0.31379715041915535,329.5057611384584,0.005311523265744354
PF-P06,PF-D0018,PF-C00558,Moderate,Review,Clear,False,Evidence retrieval,0.5374186061225384,0.5049313522426027,0.9135669631945537,211.71171714884326,0.005710801957141258
PF-P01,PF-D0019,PF-C00559,Complex,Review,Clear,False,Evidence retrieval,0.5276457959206506,0.3693668303453179,0.4845654513011948,335.4995191695518,0.00749583667206701
PF-P02,PF-D0020,PF-C00560,Simple,Insufficient,Insufficient,True,Evidence retrieval,0.6856596418188924,0.7915786134299639,0.902515403474589,280.8928248685932,0.005534916252790548
PF-P03,PF-D0021,PF-C00561,Simple,Review,Review,True,Evidence retrieval,0.6841323789933174,0.7829329183571442,0.780111357999838,162.26826169243782,0.00571703226714893
PF-P04,PF-D0022,PF-C00562,Simple,Clear,Clear,True,Evidence retrieval,0.6281431886755293,0.671834159839502,0.6362648220038385,256.3688647125499,0.005643307517633301
PF-P05,PF-D0023,PF-C00563,Complex,Escalate,Clear,False,Evidence retrieval,0.5293443107884531,0.45536203319445734,0.5832227838274434,338.4150122012848,0.007348675645937124
PF-P06,PF-D0024,PF-C00564,Simple,Review,Insufficient,False,Evidence retrieval,0.8274290045021965,0.7206149014664691,0.8289147372809955,228.2944722014532,0.005008323719008993
PF-P01,PF-D0025,PF-C00565,Moderate,Review,Review,True,Evidence retrieval,0.5990000905727642,0.6908480488178974,0.8505115502692137,267.967212324471,0.004907615023778823
PF-P02,PF-D0026,PF-C00566,Simple,Insufficient,Insufficient,True,Evidence retrieval,0.7318817706772361,0.6181325655943544,0.6403263118882451,194.79562502605665,0.004917869955946066
PF-P03,PF-D0027,PF-C00567,Complex,Review,Insufficient,False,Evidence retrieval,0.22785471254514866,0.35914452032440286,0.8270277100086547,364.3696438652305,0.00725951739156229
PF-P04,PF-D0028,PF-C00568,Simple,Review,Review,True,Evidence retrieval,0.7730969431568948,0.7850494458184085,0.6237558008569603,303.8279930766607,0.004384023376220909
PF-P05,PF-D0029,PF-C00569,Moderate,Clear,Clear,True,Evidence retrieval,0.8345336841128993,0.8691314672818939,0.8823207659141521,242.0659141870248,0.005377077734688176
PF-P06,PF-D0030,PF-C00570,Simple,Insufficient,Clear,False,Evidence retrieval,0.7901474718382347,0.8309607327588597,1.0,307.55989721835965,0.006279571450286349
PF-P01,PF-D0031,PF-C00571,Complex,Escalate,Escalate,True,Evidence retrieval,0.19213529454338743,0.35267501565917364,0.6201880847032771,270.363970343708,0.007636849821766918
PF-P02,PF-D0032,PF-C00572,Simple,Clear,Clear,True,Evidence retrieval,0.8306298477348211,0.8624723436135927,0.8984631077260934,258.9334487288814,0.005006727886318046
PF-P03,PF-D0033,PF-C00573,Moderate,Clear,Clear,True,Evidence retrieval,0.7407368579824914,0.6435614528735786,0.5030737074557582,230.1881219756391,0.004584012112460857
PF-P04,PF-D0034,PF-C00574,Simple,Clear,Review,False,Evidence retrieval,0.5417205808269929,0.6504447626482666,0.4828520449129597,257.22424707874467,0.005066034222437262
PF-P05,PF-D0035,PF-C00575,Moderate,Clear,Insufficient,False,Evidence retrieval,0.42641818732202214,0.6447276980037496,0.5867383788597306,332.4534812650403,0.005021369374644205
PF-P06,PF-D0036,PF-C00576,Complex,Clear,Review,False,Evidence retrieval,0.4575728565613908,0.42822240079405316,0.745157550175357,407.62414004609036,0.007082415199081142
PF-P01,PF-D0037,PF-C00577,Simple,Clear,Clear,True,Evidence retrieval,0.8836297432814433,0.8265795086855129,0.7743340185936013,374.6531243716619,0.005291921018833778
PF-P02,PF-D0038,PF-C00578,Complex,Review,Review,True,Evidence retrieval,0.26328862535515596,0.2988574460155647,0.5590287548280964,349.6344513842544,0.007900171813870777
PF-P03,PF-D0039,PF-C00579,Simple,Clear,Clear,True,Evidence retrieval,0.7868627993957069,0.8303523940483986,1.0,176.72841772512186,0.005845862579827347
PF-P04,PF-D0040,PF-C00580,Simple,Insufficient,Insufficient,True,Evidence retrieval,0.8351833466032702,0.7594582298772589,0.6503029772342771,201.72792480369412,0.004783917542324132
PF-P05,PF-D0041,PF-C00581,Simple,Clear,Clear,True,Evidence retrieval,0.6083105704321793,0.706432095078737,0.6688514076347803,244.1654031861235,0.004954112982478834
PF-P06,PF-D0042,PF-C00582,Simple,Escalate,Clear,False,Evidence retrieval,0.6080132416962281,0.5797975105887732,0.9115524538016515,293.47150113515187,0.005349530644590526
PF-P01,PF-D0043,PF-C00583,Moderate,Escalate,Escalate,True,Evidence retrieval,0.5372005287637678,0.49284215341598403,0.5165192121343093,368.2978911473662,0.006502361715780378
PF-P02,PF-D0044,PF-C00584,Moderate,Escalate,Insufficient,False,Evidence retrieval,0.5631316970861688,0.6453071126694788,0.6622480427195635,377.9921658973202,0.006625728977459296
PF-P03,PF-D0045,PF-C00585,Moderate,Insufficient,Insufficient,True,Evidence retrieval,0.48330658254811476,0.6017035259603807,0.6305851672152364,303.4912869521495,0.0046582262407863385
PF-P04,PF-D0046,PF-C00586,Simple,Insufficient,Insufficient,True,Evidence retrieval,0.6900447571270671,0.732452853368923,0.6286809649061811,333.75925017159403,0.005060666337986361
PF-P05,PF-D0047,PF-C00587,Complex,Clear,Insufficient,False,Evidence retrieval,0.2183617866975269,0.254004536591663,0.40067891072030115,230.6109368886721,0.006422967243331433
PF-P06,PF-D0048,PF-C00588,Simple,Insufficient,Insufficient,True,Evidence retrieval,0.6476028553391939,0.7226107253202426,0.6016715163626511,290.0610463302611,0.006512357890492725
PF-P01,PF-D0049,PF-C00589,Simple,Clear,Clear,True,Evidence retrieval,0.9195218020713358,0.8682099620495768,1.0,271.9865785337809,0.00500570649195267
PF-P02,PF-D0050,PF-C00590,Simple,Clear,Clear,True,Evidence retrieval,0.7501149943466929,0.6495769933927705,0.9111779069363121,243.84573789379655,0.005399391970965076
PF-P03,PF-D0051,PF-C00591,Simple,Escalate,Review,False,Evidence retrieval,0.8513002104875472,0.786091328324339,0.8045034420267049,206.3007243111701,0.005642962971860958
PF-P04,PF-D0052,PF-C00592,Simple,Review,Review,True,Evidence retrieval,0.8740109780337859,0.7656431430375159,0.8820819573321218,226.30060538054417,0.005388247645262154
PF-P05,PF-D0053,PF-C00593,Simple,Clear,Clear,True,Evidence retrieval,0.7925793891183726,0.7991706856468093,0.8976913085574388,264.7068571134017,0.004647880061203468
PF-P06,PF-D0054,PF-C00594,Simple,Clear,Clear,True,Evidence retrieval,0.9129830275791586,0.8799212178353312,0.8699410898435712,237.81411846559735,0.005569351495007325
PF-P01,PF-D0055,PF-C00595,Simple,Clear,Clear,True,Evidence retrieval,0.850700689070716,0.885538848589465,0.9223778742070369,252.55359516470776,0.0044429857769232705
PF-P02,PF-D0056,PF-C00596,Moderate,Clear,Insufficient,False,Evidence retrieval,0.22206279291796874,0.27981449084914856,0.5021393519522305,282.8982139945723,0.005415333026313813
PF-P03,PF-D0057,PF-C00597,Simple,Clear,Clear,True,Evidence retrieval,0.9348206772013532,0.9247019427630462,0.8637932154875748,299.54904691245986,0.006804532480668708
PF-P04,PF-D0058,PF-C00598,Moderate,Review,Review,True,Evidence retrieval,0.6712008367978196,0.7810839891527201,0.7344741898725267,236.6861926417147,0.005904694841148931
PF-P05,PF-D0059,PF-C00599,Simple,Review,Review,True,Evidence retrieval,0.8103513243113183,0.7877327024631964,0.9725797373638504,208.3111250528199,0.006297586321718353
PF-P06,PF-D0060,PF-C00600,Simple,Review,Review,True,Evidence retrieval,0.8337197260624325,0.8631404225072803,0.917139081287658,285.54089143020764,0.005586477292188119
PF-P01,PF-D0061,PF-C00601,Simple,Review,Review,True,Evidence retrieval,0.8290828458041777,0.8745348857922639,0.6304775827528127,243.37559085838944,0.004818538475748844
PF-P02,PF-D0062,PF-C00602,Simple,Clear,Clear,True,Evidence retrieval,0.7967492105133894,0.9000001350772071,1.0,244.65284592613713,0.004894061774168215
PF-P03,PF-D0063,PF-C00603,Complex,Review,Escalate,False,Evidence retrieval,0.4142309121502974,0.3415534842322714,0.6584930867724186,283.2251103191368,0.006181870405867632
PF-P04,PF-D0064,PF-C00604,Simple,Escalate,Insufficient,False,Evidence retrieval,0.5660063017265977,0.7649825810719146,0.8570182797965697,295.3154566152914,0.006452560237496363
PF-P05,PF-D0065,PF-C00605,Complex,Escalate,Insufficient,False,Evidence retrieval,0.37281874788136166,0.2577254874372882,0.5377922172826437,329.8248665382491,0.006679377957292407
PF-P06,PF-D0066,PF-C00606,Complex,Clear,Review,False,Evidence retrieval,0.37954212923372865,0.3427325259116084,0.45333540901403924,343.34486399781673,0.006726992422314624
PF-P01,PF-D0067,PF-C00607,Moderate,Insufficient,Review,False,Evidence retrieval,0.6518928056948399,0.5280642894417554,0.8174061222464407,178.33288740790056,0.00448160725752429
PF-P02,PF-D0068,PF-C00608,Simple,Clear,Clear,True,Evidence retrieval,0.581603337198434,0.6809969909980849,0.8592744591636584,251.42946037813147,0.005284902839839219
PF-P03,PF-D0069,PF-C00609,Moderate,Clear,Clear,True,Evidence retrieval,0.5565693062126831,0.6754815463656929,0.671503656322578,409.73471590148705,0.0053841124327475435
PF-P04,PF-D0070,PF-C00610,Simple,Clear,Clear,True,Evidence retrieval,0.7281052145868606,0.8104686423796544,1.0,168.79654298428113,0.004586925293044766
PF-P05,PF-D0071,PF-C00611,Simple,Review,Review,True,Evidence retrieval,0.8113808505677059,0.8671509833127174,0.9148082999466479,258.69450207683224,0.0044852388655838476
PF-P06,PF-D0072,PF-C00612,Moderate,Insufficient,Clear,False,Evidence retrieval,0.48737901587861626,0.6609948931978534,0.7822004003662615,285.7068510152369,0.005687972635362519
PF-P01,PF-D0073,PF-C00613,Simple,Review,Insufficient,False,Evidence retrieval,0.9258609409737304,0.8967146676381532,0.9437884295943001,266.747931296488,0.005792749092315001
PF-P02,PF-D0074,PF-C00614,Simple,Clear,Clear,True,Evidence retrieval,0.8378513288961557,0.7476065630369445,0.8365625428000423,242.992808345334,0.004944983601286878
PF-P03,PF-D0075,PF-C00615,Simple,Clear,Clear,True,Evidence retrieval,0.8529930954764159,0.8658511298907633,0.7194889625547511,254.96278932462315,0.00582343352632596
PF-P04,PF-D0076,PF-C00616,Complex,Clear,Clear,True,Evidence retrieval,0.49879352662127613,0.563965593119454,0.611069654926833,324.04722432182587,0.006726470990013968
PF-P05,PF-D0077,PF-C00617,Simple,Review,Review,True,Evidence retrieval,0.7542954133159557,0.8139525909140667,0.8937433048159419,241.80754041908168,0.005326499067466565
PF-P06,PF-D0078,PF-C00618,Moderate,Clear,Clear,True,Evidence retrieval,0.5098480555190306,0.6520329050982184,0.70873782641399,329.4691313985955,0.004784185559985398
PF-P01,PF-D0079,PF-C00619,Simple,Clear,Clear,True,Evidence retrieval,0.8618015047312256,0.9135328278056215,0.8135448667888382,256.8902984496906,0.005456837481703349
PF-P02,PF-D0080,PF-C00620,Simple,Escalate,Escalate,True,Evidence retrieval,0.8736836122471807,0.8632517705099647,0.8636000356410689,235.05418744338326,0.005757461693434344
PF-P03,PF-D0081,PF-C00621,Simple,Clear,Clear,True,Evidence retrieval,0.7701909282523208,0.8975337401712452,0.603925735644487,306.37286320581455,0.005740542463810137
PF-P04,PF-D0082,PF-C00622,Simple,Clear,Clear,True,Evidence retrieval,0.5483131715279673,0.7990953630805376,0.874351998397476,244.50857841725153,0.0045118960075027055
PF-P05,PF-D0083,PF-C00623,Simple,Clear,Clear,True,Evidence retrieval,0.8214259310115977,0.8280855689566076,0.615225932362649,263.1056090596424,0.005103460992060078
PF-P06,PF-D0084,PF-C00624,Simple,Clear,Clear,True,Evidence retrieval,0.661393901201273,0.8120066384857713,0.8900779557083012,237.45534506859255,0.005199761513686665
PF-P01,PF-D0085,PF-C00625,Simple,Review,Review,True,Evidence retrieval,0.7338424556592997,0.7483000088811128,0.7700920260196673,233.0627971425808,0.006009498242209767
PF-P02,PF-D0086,PF-C00626,Simple,Insufficient,Insufficient,True,Evidence retrieval,0.8488825157393469,0.8748433388507884,1.0,217.57849192874943,0.005990625877562312
PF-P03,PF-D0087,PF-C00627,Simple,Escalate,Escalate,True,Evidence retrieval,0.6749834759356813,0.6407855731135755,0.8263932142087344,194.66297064296776,0.0041454690542831445
PF-P04,PF-D0088,PF-C00628,Simple,Clear,Clear,True,Evidence retrieval,0.676998821736383,0.6850552245217332,0.7780730519428619,249.7709723793189,0.006005593686788301
PF-P05,PF-D0089,PF-C00629,Moderate,Clear,Clear,True,Evidence retrieval,0.4981416541922492,0.621782676184948,0.5917594003583382,219.2355221294273,0.0054669952398327965
PF-P06,PF-D0090,PF-C00630,Simple,Review,Review,True,Evidence retrieval,0.8864329079664681,0.754320136028946,0.8336407977010967,281.23216527298507,0.005269693008824881
PF-P01,PF-D0091,PF-C00631,Simple,Clear,Review,False,Evidence retrieval,0.7860433705207064,0.7795474998185596,0.7019522050242955,268.1176082972694,0.006423752096979839
PF-P02,PF-D0092,PF-C00632,Moderate,Review,Review,True,Evidence retrieval,0.7127201977486023,0.85080055102308,0.5520630268876284,336.13158305793564,0.006797681111091935
PF-P03,PF-D0093,PF-C00633,Simple,Escalate,Escalate,True,Evidence retrieval,0.8200591757526474,0.6066067597615845,0.7179557994356366,338.2303711349938,0.0054545393754271585
PF-P04,PF-D0094,PF-C00634,Complex,Insufficient,Clear,False,Evidence retrieval,0.49469957721386315,0.5654516897395465,0.44616124727754186,391.6378553907053,0.0074105897472260505
PF-P05,PF-D0095,PF-C00635,Simple,Review,Review,True,Evidence retrieval,0.7739872681677245,0.70611978326738,0.44760475624864726,266.81375360446,0.004959251988497347
PF-P06,PF-D0096,PF-C00636,Simple,Review,Review,True,Evidence retrieval,0.6197422389451264,0.6498102949073628,0.6907772332992584,248.88036398626116,0.00506219204563464
PF-P01,PF-D0097,PF-C00637,Simple,Clear,Clear,True,Evidence retrieval,0.5961733534886882,0.8235230321134331,0.7843186645287322,270.5130653806543,0.005707520913493348
PF-P02,PF-D0098,PF-C00638,Moderate,Clear,Review,False,Evidence retrieval,0.4220514515051184,0.4140329546541834,0.8679102351813492,329.9095833988791,0.005172322841494635
PF-P03,PF-D0099,PF-C00639,Simple,Review,Review,True,Evidence retrieval,0.8734782241068842,0.8702484841039284,0.9738621127124042,289.5464561932953,0.0052654473741281715
PF-P04,PF-D0100,PF-C00640,Simple,Escalate,Clear,False,Evidence retrieval,0.7633436028972589,0.7564631893494911,0.8446094524149653,277.8997271313984,0.0049384028004436625
PF-P05,PF-D0101,PF-C00641,Moderate,Escalate,Escalate,True,Evidence retrieval,0.4934751560337964,0.2718111922867381,0.571675724769444,326.9118019031508,0.0059323751507517055
PF-P06,PF-D0102,PF-C00642,Simple,Clear,Clear,True,Evidence retrieval,0.857088521163805,0.7807275233605286,0.8391674544868848,223.35479546821216,0.004764893416527417
PF-P01,PF-D0103,PF-C00643,Simple,Escalate,Clear,False,Evidence retrieval,0.8665591658901386,0.6694299538086552,0.6517351129568176,209.21092914938706,0.006140632363799827
PF-P02,PF-D0104,PF-C00644,Simple,Insufficient,Clear,False,Evidence retrieval,0.8749930187190502,0.9044330453893489,0.9110530257657999,310.01031980411756,0.005125313011254939
PF-P03,PF-D0105,PF-C00645,Simple,Clear,Clear,True,Evidence retrieval,0.5600207029828784,0.7637641900915355,0.8160868687172551,332.4155438554645,0.006260103776398528
PF-P04,PF-D0106,PF-C00646,Moderate,Insufficient,Review,False,Evidence retrieval,0.28418631507091346,0.42606575711872474,0.6095111540422747,269.411945301372,0.005299184507173741
PF-P05,PF-D0107,PF-C00647,Simple,Review,Review,True,Evidence retrieval,0.5577054166058524,0.6834869793542873,0.898548880113548,248.9250645315238,0.005939178235621548
PF-P06,PF-D0108,PF-C00648,Simple,Review,Review,True,Evidence retrieval,0.8132926431318702,0.7587141471090874,0.9220896757337097,226.5786506398287,0.005552657737598578
PF-P01,PF-D0109,PF-C00649,Moderate,Review,Review,True,Evidence retrieval,0.40202794284819504,0.6019467437556038,0.6442210174236188,287.7491128206422,0.005929383187935504
PF-P02,PF-D0110,PF-C00650,Moderate,Insufficient,Clear,False,Evidence retrieval,0.7219530305129,0.6436630733483698,0.8901376922656363,247.520676372853,0.005467645590703282
PF-P03,PF-D0111,PF-C00651,Moderate,Escalate,Escalate,True,Evidence retrieval,0.4757737363577273,0.6023881756189089,0.7369895374073794,327.3537991566627,0.004772941240032328
PF-P04,PF-D0112,PF-C00652,Simple,Escalate,Escalate,True,Evidence retrieval,0.848913859010973,0.7898739052783249,0.7107879832358525,227.6731473459294,0.005082831448489249
PF-P05,PF-D0113,PF-C00653,Simple,Insufficient,Insufficient,True,Evidence retrieval,0.73900108902947,0.7487122555347037,0.8929139622074792,210.18376260568832,0.004957702399675767
PF-P06,PF-D0114,PF-C00654,Simple,Insufficient,Insufficient,True,Evidence retrieval,0.8424330968002657,0.6647229696657301,0.6846059140895504,281.72552057902186,0.005424166097888202
PF-P01,PF-D0115,PF-C00655,Moderate,Insufficient,Clear,False,Evidence retrieval,0.48982002152233683,0.7296769367453949,0.6573041918529219,366.31194122259245,0.005395024706513827
PF-P02,PF-D0116,PF-C00656,Moderate,Clear,Clear,True,Evidence retrieval,0.9034096091030043,0.8972790656353455,0.8552927767921932,282.8846984430586,0.004862083040933655
PF-P03,PF-D0117,PF-C00657,Simple,Insufficient,Insufficient,True,Evidence retrieval,0.6925706474986003,0.7289358904474817,0.8837000798204641,225.0567187107482,0.006138024802623304
PF-P04,PF-D0118,PF-C00658,Simple,Escalate,Clear,False,Evidence retrieval,0.8713310675902485,0.8438902517802145,0.7747737987446535,265.44551877778457,0.0056759028371739595
PF-P05,PF-D0119,PF-C00659,Simple,Escalate,Escalate,True,Evidence retrieval,0.7906379589130822,0.8093624409275599,0.923402709342255,200.6136563018693,0.004400844445467839
PF-P06,PF-D0120,PF-C00660,Simple,Escalate,Insufficient,False,Evidence retrieval,0.6587219402360641,0.6125231343782085,0.579839854762512,332.37839632098587,0.004323317731560101
PF-P01,PF-D0121,PF-C00661,Moderate,Clear,Insufficient,False,Evidence retrieval,0.445692668230583,0.5056514725322044,0.558972559088382,308.33510173953863,0.005374269051197329
PF-P02,PF-D0122,PF-C00662,Moderate,Clear,Clear,True,Evidence retrieval,0.7650468272297337,0.7488642097771715,0.8610347679445844,272.49439702223134,0.006341871622787194
PF-P03,PF-D0123,PF-C00663,Simple,Review,Review,True,Evidence retrieval,0.5548712430649978,0.8082310392615623,0.7834854282415807,131.92991048334787,0.005800090410198525
PF-P04,PF-D0124,PF-C00664,Simple,Escalate,Review,False,Evidence retrieval,0.8020759628482724,0.6831615460231696,0.6938009070620486,284.21205761932265,0.0058850185398411645
PF-P05,PF-D0125,PF-C00665,Simple,Clear,Clear,True,Evidence retrieval,0.6521892655858628,0.6936582559408535,0.5133391811652948,274.90994972422925,0.005178407129209254
PF-P06,PF-D0126,PF-C00666,Simple,Escalate,Escalate,True,Evidence retrieval,0.9100499565373992,0.7905589828200248,0.892611054626269,201.90061325031894,0.006353029273128964
PF-P01,PF-D0127,PF-C00667,Complex,Clear,Insufficient,False,Evidence retrieval,0.47632801647617334,0.6499439556527632,0.7181385495573978,355.1765648827927,0.006788468788365653
PF-P02,PF-D0128,PF-C00668,Complex,Escalate,Insufficient,False,Evidence retrieval,0.43183805212314036,0.2653141601002668,0.4618791887697474,279.8525684089525,0.006639769083350601
PF-P03,PF-D0129,PF-C00669,Simple,Clear,Clear,True,Evidence retrieval,0.815092877083671,0.8250390957656483,0.787129614430974,238.61697559609348,0.004559537274715112
PF-P04,PF-D0130,PF-C00670,Moderate,Clear,Clear,True,Evidence retrieval,0.7648508259617907,0.8301485986916378,0.7479594313613432,331.31734928062656,0.004839121394307723
PF-P05,PF-D0131,PF-C00671,Moderate,Escalate,Escalate,True,Evidence retrieval,0.5929248936354057,0.6221829005218402,0.6973054468353139,253.0110346118238,0.005141673869904908
PF-P06,PF-D0132,PF-C00672,Complex,Clear,Escalate,False,Evidence retrieval,0.4475363439216567,0.4040898435195994,0.524507030343847,290.22292604981055,0.005209387952124767
PF-P01,PF-D0133,PF-C00673,Complex,Escalate,Clear,False,Evidence retrieval,0.4523252352971796,0.44094058715784473,0.8310781337508181,295.31467205622926,0.006789139030488554
PF-P02,PF-D0134,PF-C00674,Simple,Escalate,Escalate,True,Evidence retrieval,0.761839601973793,0.7548023150223391,0.8671623288256742,246.79536551996145,0.005434033477597477
PF-P03,PF-D0135,PF-C00675,Simple,Review,Clear,False,Evidence retrieval,0.8718129658675207,0.8101161917455809,0.9440402477593156,276.5043651277912,0.004521082888302671
PF-P04,PF-D0136,PF-C00676,Complex,Clear,Review,False,Evidence retrieval,0.4582618570821068,0.2556105576561316,0.4065458598852398,365.0356478115036,0.006016491318564049
PF-P05,PF-D0137,PF-C00677,Simple,Clear,Clear,True,Evidence retrieval,0.7915554058730221,0.7866827509587174,0.769505113687776,288.001325716495,0.005770954226680063
PF-P06,PF-D0138,PF-C00678,Simple,Insufficient,Insufficient,True,Evidence retrieval,0.7683596312321616,0.8989127552818602,0.828737047632702,218.68544123462806,0.004849212195867718
PF-P01,PF-D0139,PF-C00679,Simple,Clear,Clear,True,Evidence retrieval,0.6496018520861444,0.8253840838602406,0.8509929019477394,269.3216331883972,0.005379558217657475
PF-P02,PF-D0140,PF-C00680,Complex,Escalate,Review,False,Evidence retrieval,0.7810151141469983,0.6128367488919961,0.44527565249487616,223.13963937397068,0.006265577856740355
PF-P03,PF-D0141,PF-C00681,Moderate,Insufficient,Insufficient,True,Evidence retrieval,0.5173125572013183,0.6074923335064123,0.7667925074335435,238.28403592887545,0.006044178772970037
PF-P04,PF-D0142,PF-C00682,Moderate,Clear,Clear,True,Evidence retrieval,0.8025681160084343,0.6482357288773508,0.9339211083758876,264.8482916163299,0.006047713210520168
PF-P05,PF-D0143,PF-C00683,Moderate,Escalate,Escalate,True,Evidence retrieval,0.7401414599702286,0.7580448373267508,0.7099657440642215,289.34812332750784,0.005860296876160285
PF-P06,PF-D0144,PF-C00684,Simple,Review,Clear,False,Evidence retrieval,0.792026940441458,0.7476764984112215,0.7641414524947207,180.48858617297577,0.005553118073872233
PF-P01,PF-D0145,PF-C00685,Complex,Insufficient,Insufficient,True,Evidence retrieval,0.3556530326854041,0.19277534163105728,0.36178821481042966,348.55362837477463,0.005997230891376928
PF-P02,PF-D0146,PF-C00686,Simple,Clear,Clear,True,Evidence retrieval,0.8501273242992324,0.8591838524496637,0.7209652242597722,278.55562655030866,0.005927163767361225
PF-P03,PF-D0147,PF-C00687,Moderate,Escalate,Review,False,Evidence retrieval,0.1878702446029442,0.5222001315576598,0.5279168152129733,297.0567929007077,0.005407642223717464
PF-P04,PF-D0148,PF-C00688,Complex,Clear,Clear,True,Evidence retrieval,0.2875465580987885,0.40758836232610834,0.2161274264749885,304.7368718549069,0.006978235847807001
PF-P05,PF-D0149,PF-C00689,Simple,Clear,Clear,True,Evidence retrieval,0.9006239940974033,0.9169504647745276,0.9432439829756715,319.0110090767256,0.005784673424272756
PF-P06,PF-D0150,PF-C00690,Complex,Review,Clear,False,Evidence retrieval,0.24538168278790917,0.31797575917388077,0.4126718620135392,356.30642516086596,0.008094478455394644
PF-P01,PF-D0151,PF-C00691,Simple,Escalate,Escalate,True,Evidence retrieval,0.8086989265561435,0.8278109533008383,0.9777627041657883,245.21198304047607,0.004685680573535118
PF-P02,PF-D0152,PF-C00692,Complex,Review,Insufficient,False,Evidence retrieval,0.3130022831511932,0.36618330414171135,0.6746342108019927,286.6762429284984,0.007801569804367938
PF-P03,PF-D0153,PF-C00693,Simple,Review,Review,True,Evidence retrieval,0.8581178433859198,0.8291664766721105,1.0,228.2007259986824,0.005675786039724019
PF-P04,PF-D0154,PF-C00694,Simple,Clear,Clear,True,Evidence retrieval,0.5847383090596321,0.7876481915080987,0.7194117762881512,312.3850225434033,0.004925205599623961
PF-P05,PF-D0155,PF-C00695,Simple,Clear,Clear,True,Evidence retrieval,0.7172939206973827,0.8282140741067157,0.7775137446850119,247.02367305789417,0.004061525280923467
PF-P06,PF-D0156,PF-C00696,Simple,Clear,Clear,True,Evidence retrieval,0.732707280043586,0.7563665068835487,0.7787465511706049,295.38915179991545,0.005463758643286101
PF-P01,PF-D0157,PF-C00697,Moderate,Review,Review,True,Evidence retrieval,0.7656967263738963,0.6945614491407529,0.8464260860834356,302.716881292471,0.005474987110533249
PF-P02,PF-D0158,PF-C00698,Moderate,Insufficient,Insufficient,True,Evidence retrieval,0.6965784135883407,0.6705569195652892,0.9969355911678072,247.42910319344386,0.00578061828556853
PF-P03,PF-D0159,PF-C00699,Simple,Clear,Clear,True,Evidence retrieval,0.6843963456461614,0.7741918925972608,0.6690128394672121,273.62779869062166,0.006055185489456526
PF-P04,PF-D0160,PF-C00700,Complex,Escalate,Insufficient,False,Evidence retrieval,0.4710840787109295,0.23879405700259307,0.5684389792471584,346.8384832990745,0.00642652940905547
PF-P05,PF-D0161,PF-C00701,Moderate,Clear,Clear,True,Evidence retrieval,0.6197290895288985,0.795421059326338,0.9323278601830803,305.518211872283,0.0053018148957726715
PF-P06,PF-D0162,PF-C00702,Moderate,Escalate,Escalate,True,Evidence retrieval,0.656653824650242,0.5816015997751683,0.7812698074761534,354.2582667666447,0.00457534478849093
PF-P01,PF-D0163,PF-C00703,Moderate,Insufficient,Clear,False,Evidence retrieval,0.6255777000219848,0.6446843546250072,0.5404986426316719,295.90285948352096,0.005706876656120596
PF-P02,PF-D0164,PF-C00704,Complex,Clear,Insufficient,False,Evidence retrieval,0.4482380169503891,0.48629086313624836,0.4368255571548091,353.4827417998903,0.008641893538332812
PF-P03,PF-D0165,PF-C00705,Simple,Clear,Review,False,Evidence retrieval,0.8723486426361314,0.9020921860992661,0.8273340295614469,249.20622559138366,0.005714760822804494
PF-P04,PF-D0166,PF-C00706,Simple,Review,Review,True,Evidence retrieval,0.8229421982662015,0.7314173413474304,0.4510603659664219,267.92122182179844,0.005626577459043891
PF-P05,PF-D0167,PF-C00707,Simple,Clear,Clear,True,Evidence retrieval,0.7170281943024945,0.7929006163596998,0.6565188749045617,267.88931543452713,0.005642952907513168
PF-P06,PF-D0168,PF-C00708,Simple,Clear,Clear,True,Evidence retrieval,0.8239335269292289,0.8445886295808922,0.5956883101814869,241.3170582765593,0.005697478957248091
PF-P01,PF-D0169,PF-C00709,Simple,Clear,Clear,True,Evidence retrieval,0.45232209328773537,0.6439683029362305,0.6340131390059052,290.2948871047344,0.005289083196189104
PF-P02,PF-D0170,PF-C00710,Simple,Review,Review,True,Evidence retrieval,0.7457527271139208,0.6199464759017339,0.5837100879030852,287.6148777932848,0.006409421944378854
PF-P03,PF-D0171,PF-C00711,Moderate,Escalate,Review,False,Evidence retrieval,0.7751836213667646,0.782900025061097,0.986519914481999,229.77678614827528,0.005303651245596654
PF-P04,PF-D0172,PF-C00712,Simple,Clear,Clear,True,Evidence retrieval,0.5364856175253333,0.7038378700807792,0.8604636847118535,245.73381601928932,0.005501611487149756
PF-P05,PF-D0173,PF-C00713,Moderate,Escalate,Escalate,True,Evidence retrieval,0.7677755482615086,0.7741220593158609,0.49433708505705987,330.07524801209263,0.005209221113637808
PF-P06,PF-D0174,PF-C00714,Moderate,Clear,Clear,True,Evidence retrieval,0.7676375512070215,0.7487094999524857,0.6965881595265626,249.10013054416373,0.00591882512086837
PF-P01,PF-D0175,PF-C00715,Complex,Clear,Insufficient,False,Evidence retrieval,0.3998911051186849,0.24088584795784868,0.48257403350393646,334.7222366691278,0.006594251746370631
PF-P02,PF-D0176,PF-C00716,Moderate,Clear,Review,False,Evidence retrieval,0.5167421757247278,0.45147187632278296,0.5794500070124748,255.45877509817194,0.00494855380350834
PF-P03,PF-D0177,PF-C00717,Simple,Review,Clear,False,Evidence retrieval,0.8471826181771591,0.9190949727488533,0.8012663722994124,283.80038359172977,0.006009063101825221
PF-P04,PF-D0178,PF-C00718,Complex,Clear,Clear,True,Evidence retrieval,0.5918756935633377,0.535500150879719,0.6259027224698138,361.89341134147446,0.007979346246306234
PF-P05,PF-D0179,PF-C00719,Simple,Escalate,Escalate,True,Evidence retrieval,0.7992635914003805,0.7669888305047068,1.0,291.24345520177513,0.005893799777603765
PF-P06,PF-D0180,PF-C00720,Simple,Clear,Clear,True,Evidence retrieval,0.7885392608273074,0.885103318084595,1.0,260.0583737432739,0.004469927087157722
PF-P01,PF-D0001,PF-C00721,Moderate,Clear,Clear,True,Evidence retrieval,0.43397421781708656,0.5181106021658497,0.9553781217079602,305.75116139493684,0.0049989584089406595
PF-P02,PF-D0002,PF-C00722,Simple,Clear,Clear,True,Evidence retrieval,0.8801069521416828,0.8614390029480459,0.6464171439134597,267.1719966430094,0.006106368798029062
PF-P03,PF-D0003,PF-C00723,Simple,Escalate,Clear,False,Evidence retrieval,0.730689618125964,0.8148117684471348,0.630700928254289,251.85535779373248,0.006213224232890174
PF-P04,PF-D0004,PF-C00724,Simple,Clear,Clear,True,Evidence retrieval,0.8459899940977723,0.8733543879236708,0.8218618531839623,209.63221501960388,0.0044689781947054846
PF-P05,PF-D0005,PF-C00725,Simple,Review,Review,True,Evidence retrieval,0.8490044660941691,0.7210906946038893,0.37458449798476134,253.34391450568197,0.00562596593736039
PF-P06,PF-D0006,PF-C00726,Moderate,Escalate,Review,False,Evidence retrieval,0.30612313350939524,0.43018647377361185,0.6609528969992178,204.30897013836972,0.0050018445218662656
PF-P01,PF-D0007,PF-C00727,Moderate,Clear,Clear,True,Evidence retrieval,0.5732767101776581,0.5916871863736962,0.6491095078166708,237.92294904417528,0.0035951144747193445
PF-P02,PF-D0008,PF-C00728,Simple,Review,Review,True,Evidence retrieval,0.6104006386196484,0.7554608742636216,0.763839586573889,316.7623815316334,0.00668734105113924
PF-P03,PF-D0009,PF-C00729,Moderate,Clear,Clear,True,Evidence retrieval,0.8335266423617941,0.7109146785514513,0.9582229346903272,322.7992659324783,0.005009890852677875
PF-P04,PF-D0010,PF-C00730,Simple,Review,Review,True,Evidence retrieval,0.6537487120543776,0.7946211338847802,0.7479940811612266,245.96981563710867,0.0065215446521000465
PF-P05,PF-D0011,PF-C00731,Simple,Insufficient,Insufficient,True,Evidence retrieval,0.8178554740429163,0.8352939941021571,0.9634558460846931,216.19737128747911,0.005831897636232241
PF-P06,PF-D0012,PF-C00732,Moderate,Review,Review,True,Evidence retrieval,0.7595561511291781,0.7055709969488898,0.8647686561722856,243.38673084655142,0.005994413959486671
PF-P01,PF-D0013,PF-C00733,Moderate,Review,Escalate,False,Evidence retrieval,0.28484677644866147,0.4494609338259202,0.5578909709142996,327.67295393511677,0.005122835922036128
PF-P02,PF-D0014,PF-C00734,Complex,Review,Review,True,Evidence retrieval,0.48393390702091926,0.4643357192431563,0.3366773297102484,290.77721569399097,0.007413296291808957
PF-P03,PF-D0015,PF-C00735,Simple,Review,Review,True,Evidence retrieval,0.8238318782034656,0.8260999664672738,1.0,213.37763520304208,0.006631394346133621
PF-P04,PF-D0016,PF-C00736,Complex,Review,Review,True,Evidence retrieval,0.24870235935354001,0.171544537805039,0.34588743763823493,288.3271301532157,0.006200845433226961
PF-P05,PF-D0017,PF-C00737,Simple,Escalate,Escalate,True,Evidence retrieval,0.6488000435696318,0.7799170170557786,0.7046819590358259,235.1080123209795,0.00451858178588609
PF-P06,PF-D0018,PF-C00738,Simple,Clear,Clear,True,Evidence retrieval,0.5481174069434882,0.6838623526919076,0.44488793075873856,182.31273495794892,0.005465835327788109
PF-P01,PF-D0019,PF-C00739,Simple,Review,Review,True,Evidence retrieval,0.9282859259133509,0.8912060821045658,0.7934853699202655,251.66534694055542,0.004876021192162059
PF-P02,PF-D0020,PF-C00740,Simple,Clear,Clear,True,Evidence retrieval,0.5653663253835391,0.7942240134634709,1.0,257.40665676633574,0.005492604921498969
PF-P03,PF-D0021,PF-C00741,Moderate,Insufficient,Insufficient,True,Evidence retrieval,0.5202347622269538,0.5867236376105521,0.7125788170870837,226.7417455732352,0.006513102069429339
PF-P04,PF-D0022,PF-C00742,Moderate,Review,Review,True,Evidence retrieval,0.6752096151591706,0.7841133461624628,0.9240311468452814,294.10958545495237,0.0054119525334459465
PF-P05,PF-D0023,PF-C00743,Complex,Insufficient,Clear,False,Evidence retrieval,0.3710253495510386,0.6087905120983662,0.7768652631410189,332.93897146127836,0.006650911522310768
PF-P06,PF-D0024,PF-C00744,Simple,Clear,Clear,True,Evidence retrieval,0.8365758419399073,0.8511194372950928,0.8396282843939298,243.72755576386587,0.0038033401033501467
PF-P01,PF-D0025,PF-C00745,Simple,Clear,Clear,True,Evidence retrieval,0.813525473609028,0.8039788937087453,0.689335186612955,225.6826407785576,0.005744204826186435
PF-P02,PF-D0026,PF-C00746,Simple,Clear,Insufficient,False,Evidence retrieval,0.707557545964793,0.5776636369110623,0.9220697856479662,252.47431098576732,0.005373523575215519
PF-P03,PF-D0027,PF-C00747,Simple,Review,Review,True,Evidence retrieval,0.39723714407467864,0.550109716074257,0.6387949266178656,113.09281804541033,0.005986422143811673
PF-P04,PF-D0028,PF-C00748,Simple,Insufficient,Clear,False,Evidence retrieval,0.7467739218253021,0.7826607316676834,0.8927513524587662,239.0755126582461,0.0060346952068449245
PF-P05,PF-D0029,PF-C00749,Simple,Review,Review,True,Evidence retrieval,0.7795741450599772,0.8685325305113759,0.6657158838235354,213.3759093955725,0.006375254483976538
PF-P06,PF-D0030,PF-C00750,Simple,Clear,Review,False,Evidence retrieval,0.5808389689562691,0.5205795178116205,0.6433026342714608,257.2356309368862,0.004404205491095499
PF-P01,PF-D0031,PF-C00751,Complex,Review,Clear,False,Evidence retrieval,0.3759828434732,0.39986553952424286,0.8985794836880865,307.46738892477316,0.0072831627667145574
PF-P02,PF-D0032,PF-C00752,Moderate,Escalate,Escalate,True,Evidence retrieval,0.6484584779817698,0.5862209885070802,0.7186753283171009,250.8013910291748,0.005074217471039604
PF-P03,PF-D0033,PF-C00753,Complex,Escalate,Clear,False,Evidence retrieval,0.2159672564652676,0.303288251384094,0.687279931563628,385.2568445360447,0.007257515819840228
PF-P04,PF-D0034,PF-C00754,Simple,Review,Review,True,Evidence retrieval,0.4948974984419294,0.757646271818295,0.5555177878682548,281.0522231724392,0.005710662932517202
PF-P05,PF-D0035,PF-C00755,Simple,Review,Review,True,Evidence retrieval,0.6381332012143003,0.7901482760427881,0.9008429402103321,265.8598457703897,0.005690506285260592
PF-P06,PF-D0036,PF-C00756,Simple,Clear,Clear,True,Evidence retrieval,0.7194054904717475,0.8007479256518506,0.7516072787365281,172.14496165773738,0.005406135488261661
PF-P01,PF-D0037,PF-C00757,Complex,Escalate,Review,False,Evidence retrieval,0.5895138652910936,0.6508324834192204,0.8243292170248814,396.49099462940694,0.006215671139329516
PF-P02,PF-D0038,PF-C00758,Moderate,Escalate,Escalate,True,Evidence retrieval,0.4349315580191369,0.46055655602247514,0.526894651528537,280.309917544556,0.006133843872130286
PF-P03,PF-D0039,PF-C00759,Simple,Review,Review,True,Evidence retrieval,0.6848951012156096,0.7127942901923849,0.7125060789852289,246.86695001365769,0.005427126815841113
PF-P04,PF-D0040,PF-C00760,Simple,Clear,Clear,True,Evidence retrieval,0.8801409028747184,0.7507008290765657,0.9110125208786013,280.86908233963345,0.005673637164992513
PF-P05,PF-D0041,PF-C00761,Simple,Clear,Clear,True,Evidence retrieval,0.9290084035217673,0.8815015579005184,0.9006224327399184,234.88741880783803,0.006368613560341876
PF-P06,PF-D0042,PF-C00762,Moderate,Review,Review,True,Evidence retrieval,0.6139030817416242,0.6164078358854889,0.8946541299297476,292.26087613453615,0.005152747343137345
PF-P01,PF-D0043,PF-C00763,Moderate,Clear,Clear,True,Evidence retrieval,0.6187415199722915,0.7288376964295881,0.6725821072617761,307.98746485265576,0.0069010484923756645
PF-P02,PF-D0044,PF-C00764,Simple,Clear,Clear,True,Evidence retrieval,0.8777968583325092,0.8800188205750208,0.994696699673813,178.99141372234845,0.006735115169152118
PF-P03,PF-D0045,PF-C00765,Simple,Clear,Clear,True,Evidence retrieval,0.6763119616148963,0.8260839277724276,0.5833082756303379,317.79115474222664,0.0059059068653813515
PF-P04,PF-D0046,PF-C00766,Complex,Review,Review,True,Evidence retrieval,0.6383544674374474,0.813177002548873,1.0,283.342589640389,0.006592702580371304
PF-P05,PF-D0047,PF-C00767,Moderate,Clear,Clear,True,Evidence retrieval,0.6103882656383717,0.7420920372966194,0.6666475241027152,232.91660944138556,0.005052512102893401
PF-P06,PF-D0048,PF-C00768,Complex,Review,Review,True,Evidence retrieval,0.31956558378438693,0.5756928129391942,0.6152627277229475,425.82439912163534,0.006272933688149853
PF-P01,PF-D0049,PF-C00769,Moderate,Clear,Review,False,Evidence retrieval,0.355094072678256,0.4001791685398011,0.6297221936379775,244.11802011045575,0.005196512550314058
PF-P02,PF-D0050,PF-C00770,Moderate,Insufficient,Insufficient,True,Evidence retrieval,0.8174189973297914,0.598098188227427,0.861009667892951,308.8914384367887,0.004806301862141212
PF-P03,PF-D0051,PF-C00771,Moderate,Review,Review,True,Evidence retrieval,0.5709988352239238,0.7386113210942514,0.8214713065386462,219.9195248214823,0.006209217870862493
PF-P04,PF-D0052,PF-C00772,Simple,Clear,Clear,True,Evidence retrieval,0.6662837354921411,0.7998235056004674,0.6287216938463157,262.3305886634546,0.005912722778069207
PF-P05,PF-D0053,PF-C00773,Complex,Clear,Insufficient,False,Evidence retrieval,0.3159008892961929,0.27340844960385635,0.62473058111113,348.2003997256985,0.007000086531402503
PF-P06,PF-D0054,PF-C00774,Moderate,Clear,Escalate,False,Evidence retrieval,0.554194026601471,0.33703431357985414,0.7277763815312988,290.4270924928207,0.004924956293558506
PF-P01,PF-D0055,PF-C00775,Simple,Insufficient,Escalate,False,Evidence retrieval,0.2554855874402947,0.460782781468458,0.7458923708844832,180.77069540783407,0.0049956668833705704
PF-P02,PF-D0056,PF-C00776,Simple,Clear,Clear,True,Evidence retrieval,0.7698072859973482,0.8752212669779227,1.0,148.54187819567875,0.005457380336493569
PF-P03,PF-D0057,PF-C00777,Complex,Insufficient,Review,False,Evidence retrieval,0.26228270988301516,0.34975771854964943,0.5639991181560361,319.1952557139044,0.005930630065099949
PF-P04,PF-D0058,PF-C00778,Simple,Review,Clear,False,Evidence retrieval,0.5139933079730357,0.6412259600026188,0.7759478427203725,223.94579464924612,0.00509549881340132
PF-P05,PF-D0059,PF-C00779,Moderate,Clear,Clear,True,Evidence retrieval,0.5623249890446035,0.7048741995984434,0.6411753329543276,215.2257248525197,0.004280204142867102
PF-P06,PF-D0060,PF-C00780,Simple,Review,Review,True,Evidence retrieval,0.8078874801341741,0.8045529972243999,0.7336910911774129,229.34402684684795,0.004613703339501806
PF-P01,PF-D0061,PF-C00781,Simple,Review,Review,True,Evidence retrieval,0.9552472932475927,0.8078825675748215,0.732419098840331,261.09838887261554,0.006760504238013014
PF-P02,PF-D0062,PF-C00782,Moderate,Clear,Escalate,False,Evidence retrieval,0.30837888256874557,0.34914889623541595,0.7180067402183808,248.90550741211223,0.005174276378526785
PF-P03,PF-D0063,PF-C00783,Simple,Clear,Clear,True,Evidence retrieval,0.695547756422122,0.7772687598470649,0.9465214909003137,295.81316005950754,0.00483214234558152
PF-P04,PF-D0064,PF-C00784,Complex,Clear,Clear,True,Evidence retrieval,0.3032459459484854,0.5044912555266169,0.596594250476465,342.3199853700351,0.006952852553806092
PF-P05,PF-D0065,PF-C00785,Moderate,Escalate,Review,False,Evidence retrieval,0.537890292974185,0.3254973728795369,0.6273062042165237,275.04417737235025,0.004090109404073736
PF-P06,PF-D0066,PF-C00786,Simple,Insufficient,Insufficient,True,Evidence retrieval,0.5768516495764496,0.7493067538038978,0.6984512958854607,271.8204365253511,0.00520962656154472
PF-P01,PF-D0067,PF-C00787,Simple,Review,Insufficient,False,Evidence retrieval,0.5001706544438876,0.49286406340909156,0.6774570636887366,268.7547178098811,0.0053815988351316475
PF-P02,PF-D0068,PF-C00788,Simple,Clear,Clear,True,Evidence retrieval,0.7856742290524145,0.7986041566595268,0.6203874513489974,234.63913731418802,0.006284146703691177
PF-P03,PF-D0069,PF-C00789,Simple,Clear,Review,False,Evidence retrieval,0.7694803554744922,0.6956277227190857,0.6310668668986418,282.26594587791953,0.00482375544691713
PF-P04,PF-D0070,PF-C00790,Simple,Clear,Clear,True,Evidence retrieval,0.6041477673961254,0.7845493202896358,0.7993598054504298,302.93121255237406,0.005201198515184436
PF-P05,PF-D0071,PF-C00791,Simple,Clear,Clear,True,Evidence retrieval,0.7451358763023425,0.8320187624187996,0.509583743598443,298.5765508585396,0.005566911305961876
PF-P06,PF-D0072,PF-C00792,Complex,Review,Clear,False,Evidence retrieval,0.2094735940131783,0.40030996557747456,0.6579955749467955,376.6624585124658,0.006948965861774523
PF-P01,PF-D0073,PF-C00793,Simple,Escalate,Review,False,Evidence retrieval,0.8751763518376633,0.7993354805926907,0.8903012763861653,235.81265036916201,0.006171183740903237
PF-P02,PF-D0074,PF-C00794,Complex,Insufficient,Clear,False,Evidence retrieval,0.402449385766265,0.359234920238374,0.8372154058360034,290.33128488073527,0.006135708260738875
PF-P03,PF-D0075,PF-C00795,Simple,Clear,Clear,True,Evidence retrieval,0.8147824513822035,0.8827762080718717,0.8649442427648556,219.95000910212883,0.005821873251619601
PF-P04,PF-D0076,PF-C00796,Simple,Review,Review,True,Evidence retrieval,0.4087758091574175,0.5459595195052789,0.6295737506724177,231.90540458551828,0.00667350068191465
PF-P05,PF-D0077,PF-C00797,Simple,Review,Review,True,Evidence retrieval,0.7223110954099305,0.7485911937114316,0.5459429060960639,160.98438871028952,0.006089218390250981
PF-P06,PF-D0078,PF-C00798,Moderate,Escalate,Review,False,Evidence retrieval,0.5015318489674083,0.6679724895392618,0.7040736854254683,362.04264136698254,0.006636867025578921
PF-P01,PF-D0079,PF-C00799,Moderate,Clear,Clear,True,Evidence retrieval,0.8068915181127319,0.7399594170597301,0.7054761554783079,269.3897386454605,0.005669691559588529
PF-P02,PF-D0080,PF-C00800,Complex,Clear,Clear,True,Evidence retrieval,0.34752330058917347,0.5714607796919452,0.505173385210282,233.47035091869537,0.0074987757075953825
PF-P03,PF-D0081,PF-C00801,Simple,Review,Review,True,Evidence retrieval,0.8260037109758104,0.8583913930171206,0.6531099045312688,238.66242527103887,0.004879338485986581
PF-P04,PF-D0082,PF-C00802,Simple,Escalate,Clear,False,Evidence retrieval,0.6028319805125456,0.5908502095853291,0.4215564526272047,283.39709131569555,0.005172550007123989
PF-P05,PF-D0083,PF-C00803,Simple,Clear,Clear,True,Evidence retrieval,0.9296651274971715,0.9150422026548705,0.9965593530621776,260.61013521244945,0.0053540723532962365
PF-P06,PF-D0084,PF-C00804,Simple,Escalate,Escalate,True,Evidence retrieval,0.7446028019134542,0.830653939852391,0.8739291542499013,294.8148719942035,0.006094873202434256
PF-P01,PF-D0085,PF-C00805,Moderate,Review,Insufficient,False,Evidence retrieval,0.25635894915130053,0.30630787273079424,0.47665140191572514,195.40640403319856,0.0060981238193365105
PF-P02,PF-D0086,PF-C00806,Simple,Clear,Clear,True,Evidence retrieval,0.7833290658636104,0.7764022400730735,0.9053011655085856,223.4437333794982,0.005959696541456761
PF-P03,PF-D0087,PF-C00807,Simple,Clear,Clear,True,Evidence retrieval,0.8587176514811351,0.8836236283867265,0.8593983155175005,260.8422469787909,0.007157881266898468
PF-P04,PF-D0088,PF-C00808,Simple,Clear,Clear,True,Evidence retrieval,0.7541917433229608,0.7876285831625564,0.9714431587588794,259.42206823806487,0.005419490655204499
PF-P05,PF-D0089,PF-C00809,Simple,Clear,Clear,True,Evidence retrieval,0.7342864623978282,0.8444999777249433,0.6784701112747986,249.015717688208,0.004881393945082043
PF-P06,PF-D0090,PF-C00810,Simple,Clear,Escalate,False,Evidence retrieval,0.7396315361883602,0.6760018133026887,0.6890777286972464,218.10462066560618,0.006510493983830023
PF-P01,PF-D0091,PF-C00811,Simple,Insufficient,Clear,False,Evidence retrieval,0.6460967802702104,0.7512764349862352,0.8820082811880832,313.6025092747677,0.005766644970762761
PF-P02,PF-D0092,PF-C00812,Moderate,Clear,Clear,True,Evidence retrieval,0.5146546286327222,0.6092640685033619,0.45885710825108195,285.3172676819399,0.0052443683721846894
PF-P03,PF-D0093,PF-C00813,Complex,Clear,Insufficient,False,Evidence retrieval,0.45716092740825887,0.4430586005544241,0.5848674109629872,386.98331196465233,0.007509997745825697
PF-P04,PF-D0094,PF-C00814,Moderate,Escalate,Escalate,True,Evidence retrieval,0.7076677695349352,0.6318222127204063,0.8486783038620763,264.08131447703437,0.00631116372295608
PF-P05,PF-D0095,PF-C00815,Complex,Clear,Escalate,False,Evidence retrieval,0.2668925126905388,0.42347119906650077,0.31501515819079834,369.0141380585337,0.007375377310795465
PF-P06,PF-D0096,PF-C00816,Simple,Clear,Clear,True,Evidence retrieval,0.8553611059065865,0.803352737768719,0.6703854166000316,182.4560912345719,0.005297749216365494
PF-P01,PF-D0097,PF-C00817,Moderate,Clear,Clear,True,Evidence retrieval,0.7477598832179931,0.8037852615311813,0.8174736425234091,298.1349673706628,0.004213036091107009
PF-P02,PF-D0098,PF-C00818,Simple,Clear,Clear,True,Evidence retrieval,0.6793598768888957,0.8401698115807228,0.7604827395161248,205.60475589397194,0.004102236315692892
PF-P03,PF-D0099,PF-C00819,Complex,Escalate,Insufficient,False,Evidence retrieval,0.5273287671860306,0.46304273434061505,0.5927887025082383,249.03869473480205,0.007212315315024021
PF-P04,PF-D0100,PF-C00820,Simple,Insufficient,Clear,False,Evidence retrieval,0.859082973684166,0.7905355082031081,0.9523066223209627,239.2120682618435,0.006016271102967529
PF-P05,PF-D0101,PF-C00821,Simple,Clear,Clear,True,Evidence retrieval,0.9597614106771682,0.8835017449435763,1.0,189.0975730420334,0.005180971497874931
PF-P06,PF-D0102,PF-C00822,Moderate,Clear,Clear,True,Evidence retrieval,0.5482513903649875,0.6786435089009403,0.6715983681403748,275.32306052126626,0.0056141686144957565
PF-P01,PF-D0103,PF-C00823,Moderate,Review,Review,True,Evidence retrieval,0.5544912299441138,0.7220806570301679,0.7038204194518269,299.30255453407597,0.006187212309191195
PF-P02,PF-D0104,PF-C00824,Moderate,Insufficient,Insufficient,True,Evidence retrieval,0.8187896562481165,0.754823275927282,0.745677727808246,294.0747998539113,0.0060121020576666484
PF-P03,PF-D0105,PF-C00825,Simple,Clear,Clear,True,Evidence retrieval,0.888521571621989,0.9581283622316922,0.9565577672763091,250.07550406213403,0.00607607959859057
PF-P04,PF-D0106,PF-C00826,Moderate,Insufficient,Clear,False,Evidence retrieval,0.599916834493623,0.6213597057987924,0.6883619573094677,200.0096821168462,0.004632029170101792
PF-P05,PF-D0107,PF-C00827,Complex,Escalate,Review,False,Evidence retrieval,0.47429404700470906,0.5294751266837648,0.784680452649893,262.7007631634325,0.006902513594995987
PF-P06,PF-D0108,PF-C00828,Complex,Clear,Clear,True,Evidence retrieval,0.795946181645837,0.7955454693794174,0.691868240600289,359.99428915501824,0.00683007799948865
PF-P01,PF-D0109,PF-C00829,Moderate,Review,Clear,False,Evidence retrieval,0.7383382904159643,0.726212696491972,0.8229202259786625,365.79244804818916,0.0054949886907862434
PF-P02,PF-D0110,PF-C00830,Simple,Clear,Clear,True,Evidence retrieval,0.8951211215168902,0.9603283625788348,1.0,248.28743028867197,0.005154686228749869
PF-P03,PF-D0111,PF-C00831,Simple,Escalate,Escalate,True,Evidence retrieval,0.8974790989303715,0.851839270309424,0.8796806793790831,233.21776853239,0.006033204325018998
PF-P04,PF-D0112,PF-C00832,Moderate,Insufficient,Insufficient,True,Evidence retrieval,0.7274365238698718,0.5939342239799213,0.573176541919343,252.3646108078013,0.005707237895049124
PF-P05,PF-D0113,PF-C00833,Complex,Insufficient,Review,False,Evidence retrieval,0.34006248445411935,0.2668762864989513,0.27962385970738557,340.2505559882619,0.007714917982652017
PF-P06,PF-D0114,PF-C00834,Moderate,Clear,Clear,True,Evidence retrieval,0.6138585703841133,0.8547088729723703,0.7316964988903991,320.45182091365723,0.006050732591882261
PF-P01,PF-D0115,PF-C00835,Simple,Review,Review,True,Evidence retrieval,0.9278183086878239,0.8669996617684402,0.9620715477646617,230.0993220719417,0.004658617205010604
PF-P02,PF-D0116,PF-C00836,Simple,Insufficient,Insufficient,True,Evidence retrieval,0.5399791188511993,0.6588375687403658,0.6347618794640659,334.64715835828247,0.005465667962585783
PF-P03,PF-D0117,PF-C00837,Moderate,Insufficient,Review,False,Evidence retrieval,0.31347805862883044,0.4576254094348647,0.36591900261215615,239.19315785740343,0.0049398640000715005
PF-P04,PF-D0118,PF-C00838,Moderate,Clear,Clear,True,Evidence retrieval,0.7534664954945649,0.8094897980272906,0.7347699705467323,281.15458786985363,0.006145349568192684
PF-P05,PF-D0119,PF-C00839,Moderate,Clear,Clear,True,Evidence retrieval,0.8083773155827743,0.6495884864659931,0.5220271268699757,271.7919194603203,0.005329594272544622
PF-P06,PF-D0120,PF-C00840,Complex,Clear,Clear,True,Evidence retrieval,0.27759029502725,0.445810706048617,0.7216020705791549,224.66912359044346,0.006591639473925716
PF-P01,PF-D0121,PF-C00841,Simple,Review,Review,True,Evidence retrieval,0.5532330716183217,0.7778640939762739,0.9703664519161197,188.21451861984968,0.0055011127191070125
PF-P02,PF-D0122,PF-C00842,Simple,Insufficient,Clear,False,Evidence retrieval,0.8308518273528451,0.8347050763990946,0.6648077289740296,298.827174336199,0.0057159815127519695
PF-P03,PF-D0123,PF-C00843,Complex,Clear,Clear,True,Evidence retrieval,0.7596403442643355,0.6995826072064528,0.6286315460039191,383.59166624746524,0.006569691692963784
PF-P04,PF-D0124,PF-C00844,Complex,Clear,Review,False,Evidence retrieval,0.6364015584101614,0.3613261051523833,0.34612169822442224,370.3060702023153,0.006453187096057718
PF-P05,PF-D0125,PF-C00845,Moderate,Review,Insufficient,False,Evidence retrieval,0.3706050686268165,0.5414281694183136,0.49880973453379596,272.68209304783124,0.005319880842788195
PF-P06,PF-D0126,PF-C00846,Simple,Review,Review,True,Evidence retrieval,0.862270379988981,0.8905935570388449,0.8274956254242997,231.26528444064363,0.005882740285678258
PF-P01,PF-D0127,PF-C00847,Complex,Clear,Clear,True,Evidence retrieval,0.3411439812560222,0.4534578991781231,0.7389350326452503,366.55878643595184,0.007481687735924131
PF-P02,PF-D0128,PF-C00848,Simple,Review,Review,True,Evidence retrieval,0.7963640046556465,0.7283107514072501,0.7777936114538795,237.1478345608744,0.006447268444511788
PF-P03,PF-D0129,PF-C00849,Complex,Insufficient,Review,False,Evidence retrieval,0.5732790886500009,0.6424481540743393,0.8763338910688737,305.79693350935037,0.006001700282517279
PF-P04,PF-D0130,PF-C00850,Complex,Clear,Clear,True,Evidence retrieval,0.2946834721794661,0.37162621410155916,0.46365522553737465,325.16314849019426,0.008123415701110873
PF-P05,PF-D0131,PF-C00851,Simple,Clear,Clear,True,Evidence retrieval,0.6628054446698016,0.6190330477749066,0.6236571331581865,244.6044282854255,0.006490392231142654
PF-P06,PF-D0132,PF-C00852,Simple,Clear,Clear,True,Evidence retrieval,0.8990665281830452,0.8885336612738093,0.8603057446873315,230.7631905188773,0.005146125750070513
PF-P01,PF-D0133,PF-C00853,Complex,Clear,Insufficient,False,Evidence retrieval,0.3773216486143294,0.38540491409719746,0.5604651771307955,276.7983598385716,0.007277172531755506
PF-P02,PF-D0134,PF-C00854,Simple,Clear,Clear,True,Evidence retrieval,0.8310377856229324,0.911561209480322,0.6845465842446153,315.85065790609144,0.005619673733878567
PF-P03,PF-D0135,PF-C00855,Complex,Insufficient,Insufficient,True,Evidence retrieval,0.5696755929510086,0.4642251125821336,0.7384167762776478,321.8724923952934,0.0073649317791026625
PF-P04,PF-D0136,PF-C00856,Moderate,Insufficient,Insufficient,True,Evidence retrieval,0.5855146105225041,0.5261683212493726,0.6209045694913621,266.1026835147885,0.0062439653470471364
PF-P05,PF-D0137,PF-C00857,Simple,Clear,Clear,True,Evidence retrieval,0.6272572512787401,0.6246667584581869,0.6847453103542451,235.4729280649242,0.004588125193541827
PF-P06,PF-D0138,PF-C00858,Moderate,Clear,Clear,True,Evidence retrieval,0.7086057298036008,0.7754959978318348,0.8487531482506753,345.18982415759587,0.005676841936314649
PF-P01,PF-D0139,PF-C00859,Moderate,Clear,Escalate,False,Evidence retrieval,0.5906452135049819,0.33004526286837943,0.42903271066485416,247.23622301751527,0.004681091047269851
PF-P02,PF-D0140,PF-C00860,Complex,Review,Review,True,Evidence retrieval,0.37516068785988893,0.44630518667837354,0.6197608368307516,354.69939593895776,0.005746460032965108
PF-P03,PF-D0141,PF-C00861,Simple,Insufficient,Review,False,Evidence retrieval,0.962410502587232,0.9446813589369994,1.0,228.95423600140802,0.006415408979813957
PF-P04,PF-D0142,PF-C00862,Simple,Insufficient,Insufficient,True,Evidence retrieval,0.8530523653663976,0.7878022703489356,0.7969548802512758,274.77860861092205,0.004998616084297358
PF-P05,PF-D0143,PF-C00863,Simple,Review,Escalate,False,Evidence retrieval,0.8162796590356821,0.7393142158952738,1.0,289.5814456999575,0.005876458955182778
PF-P06,PF-D0144,PF-C00864,Simple,Clear,Insufficient,False,Evidence retrieval,0.7425870534269956,0.906709237368303,0.9862237397228109,324.74790966243484,0.005052692854942325
PF-P01,PF-D0145,PF-C00865,Moderate,Escalate,Insufficient,False,Evidence retrieval,0.4758565910368596,0.3381238628526643,0.36992977683991646,315.3775638691219,0.0054599168218015
PF-P02,PF-D0146,PF-C00866,Moderate,Review,Review,True,Evidence retrieval,0.8128281312291601,0.7778146066577999,0.8177268792056022,397.8626918822386,0.005958772257674806
PF-P03,PF-D0147,PF-C00867,Simple,Clear,Clear,True,Evidence retrieval,0.46467598624139356,0.618282048890046,0.6949438546897105,321.8363818720759,0.005336775985160447
PF-P04,PF-D0148,PF-C00868,Simple,Clear,Clear,True,Evidence retrieval,0.956714804978636,0.9304537094502136,0.8015174821759408,282.96534122530414,0.006328359677405434
PF-P05,PF-D0149,PF-C00869,Simple,Review,Review,True,Evidence retrieval,0.7919456653668047,0.726240448729284,0.8041722746792964,242.60529913673258,0.006660107708270104
PF-P06,PF-D0150,PF-C00870,Complex,Insufficient,Review,False,Evidence retrieval,0.6782051207350454,0.40151618020495455,0.44048081052875976,253.58362706844926,0.007497275220502999
PF-P01,PF-D0151,PF-C00871,Complex,Clear,Review,False,Evidence retrieval,0.1337745771620103,0.4019490648073726,0.5533083672186367,324.4806426710499,0.007200234888225396
PF-P02,PF-D0152,PF-C00872,Simple,Review,Insufficient,False,Evidence retrieval,0.7861663732146107,0.8479945828206131,1.0,175.89364035003246,0.006167902100341147
PF-P03,PF-D0153,PF-C00873,Simple,Insufficient,Insufficient,True,Evidence retrieval,0.7196277777050931,0.59916534728895,0.7796111467380179,237.054046722791,0.005227850631975882
PF-P04,PF-D0154,PF-C00874,Simple,Insufficient,Insufficient,True,Evidence retrieval,0.7287005039924758,0.775189131009929,0.8352668782661081,303.9383249430009,0.004331627749965155
PF-P05,PF-D0155,PF-C00875,Complex,Escalate,Review,False,Evidence retrieval,0.351088894023788,0.37728187655504664,0.560857979431961,314.9209434743592,0.007000453197706641
PF-P06,PF-D0156,PF-C00876,Moderate,Escalate,Insufficient,False,Evidence retrieval,0.770657995381965,0.7512157808532003,0.8188982578003827,325.92837203304435,0.00608585167548617
PF-P01,PF-D0157,PF-C00877,Moderate,Review,Review,True,Evidence retrieval,0.5746385105820502,0.47918499657324226,0.5854571689358701,256.4919935598539,0.004754200805095917
PF-P02,PF-D0158,PF-C00878,Moderate,Clear,Clear,True,Evidence retrieval,0.7141796006244223,0.742672302137235,0.6445986704890688,332.82525434850606,0.006350985676196087
PF-P03,PF-D0159,PF-C00879,Moderate,Review,Review,True,Evidence retrieval,0.4695175510922485,0.556838691812927,0.5333806766892868,239.2139587361956,0.005823588080167685
PF-P04,PF-D0160,PF-C00880,Moderate,Clear,Clear,True,Evidence retrieval,0.3117856147932769,0.44640784574435044,0.7922502056225288,230.38844075327344,0.005320815212655247
PF-P05,PF-D0161,PF-C00881,Simple,Escalate,Escalate,True,Evidence retrieval,0.5228026064054708,0.7091291086673978,0.7433358931644395,275.2642612091699,0.0052637178603031866
PF-P06,PF-D0162,PF-C00882,Moderate,Review,Clear,False,Evidence retrieval,0.7595635606641893,0.7990060695238563,0.8368964576855472,297.61409664337276,0.004958561558027003
PF-P01,PF-D0163,PF-C00883,Complex,Review,Review,True,Evidence retrieval,0.14240816746927246,0.32892084378276365,0.3524240914787236,429.47496391592705,0.008177876176059334
PF-P02,PF-D0164,PF-C00884,Complex,Review,Clear,False,Evidence retrieval,0.6731222542139113,0.6871469038221418,0.7787763569919933,371.1843667215262,0.007299337154303949
PF-P03,PF-D0165,PF-C00885,Simple,Clear,Insufficient,False,Evidence retrieval,0.8303787465635263,0.5967177935066422,0.5920926063487414,228.7090685682939,0.005367243281918411
PF-P04,PF-D0166,PF-C00886,Simple,Review,Clear,False,Evidence retrieval,0.7317316289996897,0.7161973226649969,0.5705190123162427,191.76043498554242,0.005562099159231505
PF-P05,PF-D0167,PF-C00887,Moderate,Clear,Clear,True,Evidence retrieval,0.8456889101314197,0.7835939250252526,0.7683374800189758,310.8988020779953,0.003629688129458198
PF-P06,PF-D0168,PF-C00888,Simple,Clear,Clear,True,Evidence retrieval,0.7620430817054925,0.8151951824903569,0.6092289590899148,283.542619223381,0.004635413283876574
PF-P01,PF-D0169,PF-C00889,Simple,Review,Review,True,Evidence retrieval,0.8657875788560512,0.7546334447472516,0.692987221831447,244.74369893848194,0.006570212196873504
PF-P02,PF-D0170,PF-C00890,Simple,Clear,Clear,True,Evidence retrieval,0.7608385698450061,0.8588207391655676,0.7956479920705275,173.30825168034272,0.00630068338716273
PF-P03,PF-D0171,PF-C00891,Simple,Clear,Clear,True,Evidence retrieval,0.869222962512098,0.8118854962066171,0.8170184166103923,342.2018611195741,0.005312713156426271
PF-P04,PF-D0172,PF-C00892,Simple,Escalate,Insufficient,False,Evidence retrieval,0.6317077984125297,0.6546486389005398,0.5382502109552633,347.01036704825833,0.006738701141967439
PF-P05,PF-D0173,PF-C00893,Complex,Review,Clear,False,Evidence retrieval,0.18760657668178787,0.39582909346511463,0.603194320773607,281.18162115812163,0.00687226564158994
PF-P06,PF-D0174,PF-C00894,Simple,Clear,Clear,True,Evidence retrieval,0.7994484472883507,0.9044096087977691,0.8967885623255186,319.97613239967444,0.005359034566795891
PF-P01,PF-D0175,PF-C00895,Complex,Clear,Clear,True,Evidence retrieval,0.4840934877153733,0.7316130225197869,0.6445488757960971,289.0791029708987,0.00658197979078552
PF-P02,PF-D0176,PF-C00896,Moderate,Review,Insufficient,False,Evidence retrieval,0.4425377827974746,0.4317323920071595,0.5270733588946452,259.79789619795923,0.006346644119982849
PF-P03,PF-D0177,PF-C00897,Complex,Insufficient,Clear,False,Evidence retrieval,0.5537679893454754,0.6059980292412068,0.8221985952842182,375.3280471900066,0.007119003049300136
PF-P04,PF-D0178,PF-C00898,Moderate,Escalate,Escalate,True,Evidence retrieval,0.26543713566439536,0.3360031555652217,0.49729259218848176,305.59957686101313,0.005014153883839397
PF-P05,PF-D0179,PF-C00899,Simple,Review,Review,True,Evidence retrieval,0.891928952248078,0.8361629963119542,0.6985536392044256,237.85252407588632,0.006086241303383818
PF-P06,PF-D0180,PF-C00900,Simple,Insufficient,Clear,False,Evidence retrieval,0.7429251029314003,0.7954786176115616,0.7820676736583883,228.21394204513354,0.005093423149066332
PF-P01,PF-D0001,PF-C00001,Simple,Clear,Clear,True,Explanation generation,0.6256325709974602,0.7959045460052793,0.7303131762567012,432.82315000439365,0.010061361945997879
PF-P02,PF-D0002,PF-C00002,Simple,Clear,Insufficient,False,Explanation generation,0.7499307287740115,0.7817823144266027,1.0,372.5895114484156,0.007516752464000046
PF-P03,PF-D0003,PF-C00003,Moderate,Insufficient,Insufficient,True,Explanation generation,0.46296956397412437,0.5066143761351253,0.8972512792520564,532.457469974504,0.006924573660305935
PF-P04,PF-D0004,PF-C00004,Complex,Escalate,Clear,False,Explanation generation,0.4967599164353995,0.5788703048676986,0.7917568585557484,349.42514469619573,0.010047203621254597
PF-P05,PF-D0005,PF-C00005,Moderate,Clear,Clear,True,Explanation generation,0.8709331131722626,0.7939542282330055,0.789233428741193,481.03442297724786,0.007674835795304807
PF-P06,PF-D0006,PF-C00006,Moderate,Review,Review,True,Explanation generation,0.45208375728722305,0.4028836097224724,0.8080833143653499,476.3262258855641,0.008538491488838108
PF-P01,PF-D0007,PF-C00007,Moderate,Clear,Clear,True,Explanation generation,0.48784690826811383,0.6118973236952834,0.8102935069275747,321.4094111828025,0.009017406383639617
PF-P02,PF-D0008,PF-C00008,Simple,Clear,Clear,True,Explanation generation,0.756324523327405,0.7644701036091806,0.7653324051981787,511.9333899584775,0.008957292656692921
PF-P03,PF-D0009,PF-C00009,Simple,Clear,Insufficient,False,Explanation generation,0.7338872203330566,0.5367500521669007,0.545341484830453,227.57989750276397,0.009060901512108824
PF-P04,PF-D0010,PF-C00010,Simple,Clear,Review,False,Explanation generation,0.7870030307860018,0.7350350327578608,0.9279608776940629,236.1300194100707,0.009479840147649658
PF-P05,PF-D0011,PF-C00011,Moderate,Review,Escalate,False,Explanation generation,0.30337451908018914,0.40174772885104154,1.0,329.2462824493275,0.007744856348771887
PF-P06,PF-D0012,PF-C00012,Simple,Review,Review,True,Explanation generation,0.7663732720456101,0.7766726432427047,1.0,382.0958291889516,0.00760850532123324
PF-P01,PF-D0013,PF-C00013,Complex,Review,Insufficient,False,Explanation generation,0.45269403658829416,0.3332556244819879,0.7990575025599099,465.2740003266937,0.00981606614232567
PF-P02,PF-D0014,PF-C00014,Moderate,Clear,Clear,True,Explanation generation,0.7826953774726945,0.7680803159259203,0.6661676411408394,530.1842355095168,0.0107627155111404
PF-P03,PF-D0015,PF-C00015,Moderate,Escalate,Review,False,Explanation generation,0.5314922086352123,0.5679505463410548,0.5521911311873355,500.04936141214233,0.008861927880623763
PF-P04,PF-D0016,PF-C00016,Moderate,Insufficient,Review,False,Explanation generation,0.35949243768076283,0.6608232522460912,0.9077433161673574,397.42460061335703,0.008364256142717668
PF-P05,PF-D0017,PF-C00017,Simple,Clear,Clear,True,Explanation generation,0.539466210394585,0.748422728571497,0.894500503469707,512.799650448845,0.009092611271687185
PF-P06,PF-D0018,PF-C00018,Moderate,Insufficient,Clear,False,Explanation generation,0.7996955546582867,0.5870608861039127,0.6823219371325985,375.3503014909702,0.007873005562139481
PF-P01,PF-D0019,PF-C00019,Moderate,Review,Review,True,Explanation generation,0.8148835208388447,0.6830441787341567,0.991006558596407,510.34261970215243,0.009292811589201281
PF-P02,PF-D0020,PF-C00020,Simple,Escalate,Clear,False,Explanation generation,0.6703234844093837,0.6306544261165478,0.7968940453400901,462.7419225866727,0.00812188851451482
PF-P03,PF-D0021,PF-C00021,Moderate,Review,Clear,False,Explanation generation,0.20100164222134842,0.4008166638921365,0.7358544872466352,439.969422981028,0.008822908826349441
PF-P04,PF-D0022,PF-C00022,Moderate,Review,Review,True,Explanation generation,0.7676357474307836,0.710078444658457,0.7727890183711794,416.0354152140857,0.009570323326410378
PF-P05,PF-D0023,PF-C00023,Complex,Review,Review,True,Explanation generation,0.2503984778305116,0.22585936808851542,0.6663508607805368,541.7158084029936,0.009174641993360993
PF-P06,PF-D0024,PF-C00024,Moderate,Escalate,Clear,False,Explanation generation,0.3170821019600786,0.4942073272763669,0.8469001165284894,504.4262268633985,0.010017621312799154
PF-P01,PF-D0025,PF-C00025,Complex,Escalate,Insufficient,False,Explanation generation,0.5307841672824365,0.3768329771255444,0.6539860466973157,556.2444761807683,0.011321455772658896
PF-P02,PF-D0026,PF-C00026,Moderate,Review,Review,True,Explanation generation,0.7114208488383711,0.7437764659841827,0.7021424009221678,383.5460862651046,0.008135372897571564
PF-P03,PF-D0027,PF-C00027,Simple,Insufficient,Insufficient,True,Explanation generation,0.5279497018408102,0.7047750010316547,1.0,415.99030291434195,0.009845052340554484
PF-P04,PF-D0028,PF-C00028,Simple,Review,Escalate,False,Explanation generation,0.4470271057913144,0.33431493061542467,0.7811198670815325,316.77707089729546,0.006339634768173343
PF-P05,PF-D0029,PF-C00029,Simple,Escalate,Insufficient,False,Explanation generation,0.606279283820067,0.8226351061787962,0.7883599075127959,458.7332657223721,0.007995478715234138
PF-P06,PF-D0030,PF-C00030,Moderate,Escalate,Escalate,True,Explanation generation,0.7825048716801022,0.6816755962005582,0.892258770929557,378.8002376573637,0.007635731023852421
PF-P01,PF-D0031,PF-C00031,Moderate,Review,Clear,False,Explanation generation,0.4325631375691994,0.6774883660397357,0.8578983989205465,376.42559950032353,0.008362613745220899
PF-P02,PF-D0032,PF-C00032,Simple,Clear,Clear,True,Explanation generation,0.7548069401500119,0.8161641283379437,0.9190022493089691,390.1840854265693,0.0070712841048240485
PF-P03,PF-D0033,PF-C00033,Simple,Clear,Clear,True,Explanation generation,0.8500588316310367,0.8865871351896266,0.9568456673665247,321.2252460800321,0.00945692341911196
PF-P04,PF-D0034,PF-C00034,Simple,Clear,Clear,True,Explanation generation,0.7464418098914358,0.7557074425544453,0.8195267899048763,433.78843521043285,0.007893140852309449
PF-P05,PF-D0035,PF-C00035,Simple,Clear,Clear,True,Explanation generation,0.7339714055794709,0.8218915598048286,0.7536080659726176,443.0092673457893,0.00779832808961358
PF-P06,PF-D0036,PF-C00036,Simple,Clear,Clear,True,Explanation generation,0.6074298176623987,0.7336849049620577,0.6901217367113296,345.21155902689674,0.008659929788442764
PF-P01,PF-D0037,PF-C00037,Simple,Escalate,Escalate,True,Explanation generation,0.6034225096736958,0.5510219368344426,0.5803507976211335,281.78999714229155,0.009043721782111852
PF-P02,PF-D0038,PF-C00038,Simple,Review,Review,True,Explanation generation,0.813568349381644,0.7849432918344809,0.6759445260270504,535.378737532874,0.0073838441394042525
PF-P03,PF-D0039,PF-C00039,Complex,Review,Escalate,False,Explanation generation,0.2520778509017853,0.236508839771345,0.7055512109905904,507.1077028807199,0.011761516101715231
PF-P04,PF-D0040,PF-C00040,Simple,Escalate,Review,False,Explanation generation,0.7111176967360464,0.5834213447366855,0.8119102009843169,412.0064713367198,0.007481312441587588
PF-P05,PF-D0041,PF-C00041,Simple,Review,Review,True,Explanation generation,0.8737258152266563,0.9331340817711395,1.0,471.8905973801308,0.008089374327689438
PF-P06,PF-D0042,PF-C00042,Simple,Review,Review,True,Explanation generation,0.9159852487829343,0.9298445719906816,1.0,458.47188182559483,0.007659864390377031
PF-P01,PF-D0043,PF-C00043,Simple,Clear,Clear,True,Explanation generation,0.6479353671538742,0.7458269856301856,0.8970656136062499,463.7319545802827,0.008614390807524845
PF-P02,PF-D0044,PF-C00044,Moderate,Escalate,Escalate,True,Explanation generation,0.5930900166495026,0.7302553855279119,1.0,430.7394760309574,0.00895037393585225
PF-P03,PF-D0045,PF-C00045,Complex,Clear,Clear,True,Explanation generation,0.6976313317368346,0.40238671119675246,0.6180946842484168,485.69127462481566,0.011981512031553248
PF-P04,PF-D0046,PF-C00046,Complex,Escalate,Clear,False,Explanation generation,0.22062779543245917,0.1827725344125523,0.3570412776728955,456.6035866992717,0.011027316111704015
PF-P05,PF-D0047,PF-C00047,Simple,Clear,Clear,True,Explanation generation,0.5644287859835677,0.7154314978390756,0.9332463316331111,432.9480539677911,0.007944453278214938
PF-P06,PF-D0048,PF-C00048,Simple,Insufficient,Clear,False,Explanation generation,0.792356328502705,0.839972174692765,0.9467174889586131,487.08049932646355,0.008849572361353383
PF-P01,PF-D0049,PF-C00049,Simple,Review,Review,True,Explanation generation,0.7680556162820464,0.8715648287341142,0.9223528443077679,380.26390684654154,0.009992715301435993
PF-P02,PF-D0050,PF-C00050,Simple,Clear,Clear,True,Explanation generation,0.510477029582942,0.8367052916712486,0.8807095583131327,406.80548031681235,0.009012510099554122
PF-P03,PF-D0051,PF-C00051,Complex,Review,Review,True,Explanation generation,0.4079102571057319,0.29306374958747516,0.4466413317184954,395.8176582443381,0.01079463903531061
PF-P04,PF-D0052,PF-C00052,Moderate,Insufficient,Insufficient,True,Explanation generation,0.402906735101977,0.6660175867314797,0.6168288129182031,540.124052418121,0.008916799204229494
PF-P05,PF-D0053,PF-C00053,Moderate,Insufficient,Clear,False,Explanation generation,0.4066538984187865,0.343030077456951,0.4596301687173025,424.4352471971037,0.006836981266391762
PF-P06,PF-D0054,PF-C00054,Simple,Clear,Review,False,Explanation generation,0.4498505820133266,0.7284164432307895,1.0,282.43274521913287,0.008104769984139159
PF-P01,PF-D0055,PF-C00055,Simple,Escalate,Escalate,True,Explanation generation,0.7538945127062335,0.8223299953826242,0.9809475162585874,436.3832864590488,0.00943799610907512
PF-P02,PF-D0056,PF-C00056,Complex,Clear,Review,False,Explanation generation,0.6590815087260561,0.6762487635330844,0.9959972129601737,553.3325299501012,0.0091710267950497
PF-P03,PF-D0057,PF-C00057,Simple,Review,Review,True,Explanation generation,0.7786628210573897,0.6373785087659355,0.9373047288678863,493.4166996745423,0.009614847555412039
PF-P04,PF-D0058,PF-C00058,Simple,Clear,Clear,True,Explanation generation,0.877203956547962,0.9513709012944154,1.0,629.4253434796387,0.007973864754348017
PF-P05,PF-D0059,PF-C00059,Simple,Clear,Clear,True,Explanation generation,0.8336745378108834,0.9175498224241738,0.9530055408390278,326.97917717671015,0.008647693495657518
PF-P06,PF-D0060,PF-C00060,Simple,Review,Clear,False,Explanation generation,0.5301715589916078,0.6640426520798498,0.6019706222246692,507.0890756219728,0.009697434004869701
PF-P01,PF-D0061,PF-C00061,Simple,Clear,Clear,True,Explanation generation,0.6378270222432836,0.7805122368406658,0.7654443471444653,487.4861807782913,0.008975418759551075
PF-P02,PF-D0062,PF-C00062,Simple,Clear,Clear,True,Explanation generation,0.847224359383891,0.9808956507244374,1.0,330.0241929301775,0.009040137450888757
PF-P03,PF-D0063,PF-C00063,Complex,Review,Review,True,Explanation generation,0.5066255527304686,0.5609268833552413,0.6882180514491032,492.848037180988,0.00939759965686908
PF-P04,PF-D0064,PF-C00064,Simple,Clear,Clear,True,Explanation generation,0.7843637635442391,0.8463200544451865,1.0,391.940728269989,0.009038083578895099
PF-P05,PF-D0065,PF-C00065,Complex,Insufficient,Insufficient,True,Explanation generation,0.3125109137463954,0.2950563458544276,0.8990429996708585,582.1673752850061,0.011397792685830029
PF-P06,PF-D0066,PF-C00066,Simple,Review,Insufficient,False,Explanation generation,0.7212441789881507,0.7891951869407239,0.8273420003069489,362.1912419810064,0.009470983041993123
PF-P01,PF-D0067,PF-C00067,Moderate,Insufficient,Escalate,False,Explanation generation,0.4726852740053353,0.4270549200850701,0.7008507228998685,357.2997172048219,0.009734705163851375
PF-P02,PF-D0068,PF-C00068,Moderate,Review,Review,True,Explanation generation,0.5329705595536134,0.77761067242618,0.9248039799857102,505.2142533829753,0.00883495809972763
PF-P03,PF-D0069,PF-C00069,Moderate,Insufficient,Insufficient,True,Explanation generation,0.4518728847816279,0.5718322159052895,0.8607202979342152,405.63547238653535,0.009126185605618373
PF-P04,PF-D0070,PF-C00070,Simple,Clear,Clear,True,Explanation generation,0.7899679738194052,0.9080844124220973,0.9145655451365378,347.82414485737667,0.006647918729510682
PF-P05,PF-D0071,PF-C00071,Complex,Insufficient,Clear,False,Explanation generation,0.7153348141879825,0.34527928942141994,0.7408175886571301,493.1644354545782,0.010592642906143172
PF-P06,PF-D0072,PF-C00072,Simple,Review,Clear,False,Explanation generation,0.5518909099929716,0.6367240143905624,0.8363674726006778,486.6767173177498,0.00924324442159642
PF-P01,PF-D0073,PF-C00073,Simple,Clear,Clear,True,Explanation generation,0.4046849533699137,0.7912477333842358,0.8169400017670708,529.2958237748105,0.008011246785329216
PF-P02,PF-D0074,PF-C00074,Simple,Insufficient,Insufficient,True,Explanation generation,0.7005412226592824,0.7733408264419888,0.984846364869305,473.15597480954557,0.009785471522714285
PF-P03,PF-D0075,PF-C00075,Simple,Insufficient,Insufficient,True,Explanation generation,0.8072756698130715,0.8126275849076918,1.0,307.04196264876384,0.007717379371482485
PF-P04,PF-D0076,PF-C00076,Simple,Review,Review,True,Explanation generation,0.6732212606211615,0.8729998426229502,0.969657744478474,373.22949375383865,0.007652284516793623
PF-P05,PF-D0077,PF-C00077,Simple,Clear,Clear,True,Explanation generation,0.6991287068252233,0.7643561154597027,0.7417051296636101,310.2484228758256,0.009410853937492738
PF-P06,PF-D0078,PF-C00078,Simple,Review,Review,True,Explanation generation,0.710189136781743,0.7166364968344279,0.9086206829528796,407.35479540638346,0.008362994583402866
PF-P01,PF-D0079,PF-C00079,Moderate,Clear,Insufficient,False,Explanation generation,0.6422787236034075,0.6101074012016923,0.6629647045135858,466.08917091063927,0.008161623061447078
PF-P02,PF-D0080,PF-C00080,Simple,Insufficient,Insufficient,True,Explanation generation,0.7265808436927585,0.713872074745012,0.7763007178632212,275.8765348438833,0.00963384617638369
PF-P03,PF-D0081,PF-C00081,Complex,Review,Review,True,Explanation generation,0.7378985499573406,0.5631319954522312,0.9482902501576622,379.0832092122683,0.008999265942846828
PF-P04,PF-D0082,PF-C00082,Simple,Clear,Clear,True,Explanation generation,0.7730090087052738,0.8513186738644708,1.0,479.2815676489825,0.007321435593297735
PF-P05,PF-D0083,PF-C00083,Complex,Review,Review,True,Explanation generation,0.6526533726982939,0.3916660045608544,0.6093784190091338,459.01476787384115,0.012252081436320648
PF-P06,PF-D0084,PF-C00084,Simple,Clear,Clear,True,Explanation generation,0.8930841752674563,0.878055537515347,1.0,502.04802723885217,0.007863293598040375
PF-P01,PF-D0085,PF-C00085,Simple,Clear,Clear,True,Explanation generation,0.6406736835685705,0.8601711611230805,0.930023686090577,524.7345055121191,0.010135133478184849
PF-P02,PF-D0086,PF-C00086,Moderate,Insufficient,Clear,False,Explanation generation,0.48675253778724686,0.7038770747958968,0.8632828533694904,416.45944994030185,0.008888698964118763
PF-P03,PF-D0087,PF-C00087,Complex,Clear,Clear,True,Explanation generation,0.3002778556776439,0.4413258657649961,0.8973208780391747,523.8066519450665,0.009850172740774734
PF-P04,PF-D0088,PF-C00088,Simple,Insufficient,Clear,False,Explanation generation,0.3181750055140714,0.3165934755630815,0.831735073187601,525.2419304793624,0.009360686947006282
PF-P05,PF-D0089,PF-C00089,Moderate,Insufficient,Clear,False,Explanation generation,0.6801850291549736,0.5682571237811104,0.6064083730118633,341.99544775401273,0.008264260006917743
PF-P06,PF-D0090,PF-C00090,Simple,Clear,Clear,True,Explanation generation,0.6473109483015169,0.7876734772947934,0.8781982417459164,380.38742599037965,0.00870321175500904
PF-P01,PF-D0091,PF-C00091,Complex,Clear,Clear,True,Explanation generation,0.5702096086296007,0.4435093689869561,0.7902919267837342,443.511664913991,0.01191412549670474
PF-P02,PF-D0092,PF-C00092,Moderate,Review,Review,True,Explanation generation,0.5718366606399509,0.695714590018837,1.0,461.99859793577696,0.00811404288346904
PF-P03,PF-D0093,PF-C00093,Moderate,Clear,Clear,True,Explanation generation,0.7940240524626013,0.6922730004269744,0.5467389947286657,248.98368406025898,0.009686725284380124
PF-P04,PF-D0094,PF-C00094,Simple,Clear,Clear,True,Explanation generation,0.5259397602344572,0.7566571872749135,0.6497441492755351,514.3555995548584,0.008478500569762472
PF-P05,PF-D0095,PF-C00095,Moderate,Clear,Clear,True,Explanation generation,0.6507483931904552,0.6667458270245201,0.6809863564129371,406.2230029837035,0.009387040529014389
PF-P06,PF-D0096,PF-C00096,Simple,Insufficient,Insufficient,True,Explanation generation,0.7170243858091051,0.7732652025087425,0.9902318794686861,484.7787967134479,0.009232108856087563
PF-P01,PF-D0097,PF-C00097,Moderate,Review,Review,True,Explanation generation,0.3566977052608758,0.4843647624381357,0.9018719310659896,435.843197687964,0.007467165906132196
PF-P02,PF-D0098,PF-C00098,Moderate,Escalate,Insufficient,False,Explanation generation,0.6769459489309643,0.5528408035944219,0.9222653140405165,406.2224863111501,0.007343255768728434
PF-P03,PF-D0099,PF-C00099,Moderate,Clear,Clear,True,Explanation generation,0.6695931480646922,0.6571502243753055,0.8521576351457683,505.4899164355006,0.006236298340750795
PF-P04,PF-D0100,PF-C00100,Complex,Clear,Escalate,False,Explanation generation,0.31842268550781794,0.3497302711439366,0.5844112172731629,409.9133449018685,0.009313386195184237
PF-P05,PF-D0101,PF-C00101,Moderate,Insufficient,Clear,False,Explanation generation,0.6900282536009398,0.7977897360412398,0.8393323296488328,483.550651364872,0.008591976182299654
PF-P06,PF-D0102,PF-C00102,Simple,Escalate,Insufficient,False,Explanation generation,0.4606434844420334,0.6047608349827809,0.9267938774905546,414.3320554938604,0.008331366179602714
PF-P01,PF-D0103,PF-C00103,Simple,Escalate,Insufficient,False,Explanation generation,0.6320019895632131,0.6713044403345446,0.8118875991497078,345.5946725332493,0.009485871105959165
PF-P02,PF-D0104,PF-C00104,Simple,Review,Insufficient,False,Explanation generation,0.5669720405317891,0.5374034766679731,0.8076246670315192,498.2403267211307,0.00852954460353453
PF-P03,PF-D0105,PF-C00105,Simple,Review,Insufficient,False,Explanation generation,0.8228910847230952,0.7994280398949053,1.0,337.8134769543216,0.007105971255124055
PF-P04,PF-D0106,PF-C00106,Simple,Review,Review,True,Explanation generation,0.7457722705150298,0.8342527498383274,0.9102443910180962,351.51598027861286,0.00788044191216932
PF-P05,PF-D0107,PF-C00107,Simple,Review,Clear,False,Explanation generation,0.7131246890505578,0.7162022411130874,0.7082462713912916,459.82850402380205,0.0077632272847192145
PF-P06,PF-D0108,PF-C00108,Simple,Clear,Insufficient,False,Explanation generation,0.5444907388527424,0.4037473231889867,0.5957568386391479,382.37046334545613,0.00792945868279777
PF-P01,PF-D0109,PF-C00109,Moderate,Insufficient,Review,False,Explanation generation,0.4018866388188255,0.2923614433991294,0.8710045949206952,443.64544480174584,0.009167500531591535
PF-P02,PF-D0110,PF-C00110,Simple,Clear,Clear,True,Explanation generation,0.6865137512246523,0.8384007195062628,0.7530229831780166,251.21155176401143,0.008966542637524293
PF-P03,PF-D0111,PF-C00111,Simple,Clear,Clear,True,Explanation generation,0.7582266180316717,0.5831647406764199,0.8662059503171409,387.8415457663773,0.009270880885715534
PF-P04,PF-D0112,PF-C00112,Simple,Review,Review,True,Explanation generation,0.3883769496283645,0.661366296379395,1.0,453.63432003223386,0.007879809896815975
PF-P05,PF-D0113,PF-C00113,Simple,Clear,Clear,True,Explanation generation,0.452775365941705,0.8654692787524182,0.7791655548401915,250.60310542686645,0.010051123102552009
PF-P06,PF-D0114,PF-C00114,Simple,Review,Review,True,Explanation generation,0.8798528355018213,0.9329789844993465,0.8938946921161169,216.71500006023518,0.008903085486536816
PF-P01,PF-D0115,PF-C00115,Simple,Insufficient,Review,False,Explanation generation,0.8555246934375503,0.8706143588974612,1.0,430.5379481902671,0.0084910791589634
PF-P02,PF-D0116,PF-C00116,Simple,Escalate,Clear,False,Explanation generation,0.7050649244761568,0.8381545571790863,0.6755490236468006,264.21551430371517,0.006477584405618025
PF-P03,PF-D0117,PF-C00117,Moderate,Review,Escalate,False,Explanation generation,0.307173771473801,0.2711847244342089,0.6676192868557507,391.89770716628976,0.008684478267525135
PF-P04,PF-D0118,PF-C00118,Moderate,Review,Review,True,Explanation generation,0.88884303806076,0.8051877618036998,0.7895728149871195,444.9753348746065,0.007194881848279801
PF-P05,PF-D0119,PF-C00119,Moderate,Clear,Insufficient,False,Explanation generation,0.28116382310035887,0.3802647658162796,0.7784540199395331,353.28633663661674,0.007621878994780946
PF-P06,PF-D0120,PF-C00120,Moderate,Insufficient,Insufficient,True,Explanation generation,0.3141240789372441,0.3194504415500943,0.6916238528785791,352.3972554869382,0.009157236411935754
PF-P01,PF-D0121,PF-C00121,Moderate,Clear,Clear,True,Explanation generation,0.7421082568562715,0.8364029077031814,0.8941648014711193,428.3055355620427,0.009659591819391418
PF-P02,PF-D0122,PF-C00122,Moderate,Clear,Clear,True,Explanation generation,0.48471065500723987,0.6599466971392393,0.9076976229745474,414.39991934468605,0.008843784020169807
PF-P03,PF-D0123,PF-C00123,Simple,Clear,Clear,True,Explanation generation,0.546167857386514,0.8018609398395029,0.9807999077170416,461.66075964471605,0.009596364527300706
PF-P04,PF-D0124,PF-C00124,Moderate,Insufficient,Insufficient,True,Explanation generation,0.3184497433190815,0.5053955973062281,0.5302494883026572,502.04524204555423,0.007538477610450126
PF-P05,PF-D0125,PF-C00125,Complex,Clear,Insufficient,False,Explanation generation,0.5608492999116165,0.45922957550692467,0.8864486473208509,508.4423205577591,0.01345406812780519
PF-P06,PF-D0126,PF-C00126,Moderate,Clear,Clear,True,Explanation generation,0.874180219695872,0.8712412789754437,0.6998330090809193,468.50688380935577,0.007652958202114498
PF-P01,PF-D0127,PF-C00127,Moderate,Clear,Clear,True,Explanation generation,0.685277324346818,0.6970960097043122,1.0,473.179902040717,0.008732069760974721
PF-P02,PF-D0128,PF-C00128,Simple,Clear,Clear,True,Explanation generation,0.7902028000007959,0.9116538109156979,0.9426968528319833,332.10196113586784,0.008055194712472893
PF-P03,PF-D0129,PF-C00129,Complex,Clear,Clear,True,Explanation generation,0.5988048111590667,0.6266930932999919,0.4375330804618115,513.6908546459642,0.008848925050428013
PF-P04,PF-D0130,PF-C00130,Simple,Escalate,Escalate,True,Explanation generation,0.7363222112597837,0.8395693469148318,0.9324788586071672,554.6827227693776,0.009829062389825675
PF-P05,PF-D0131,PF-C00131,Moderate,Escalate,Clear,False,Explanation generation,0.2842403262243369,0.3677628896511615,0.6661625709881144,386.9081431116669,0.010993238741881269
PF-P06,PF-D0132,PF-C00132,Simple,Clear,Escalate,False,Explanation generation,0.5302563582310525,0.7460102769463417,0.9622301526816616,437.8193992065218,0.007376939179832314
PF-P01,PF-D0133,PF-C00133,Moderate,Insufficient,Review,False,Explanation generation,0.48237694323984837,0.5835501396315029,0.8383541188817076,450.30813193777703,0.008388550397026906
PF-P02,PF-D0134,PF-C00134,Moderate,Clear,Clear,True,Explanation generation,0.5083348585551962,0.5487689409729346,0.8322863706449832,408.0247732109261,0.01082964407822454
PF-P03,PF-D0135,PF-C00135,Complex,Review,Insufficient,False,Explanation generation,0.2518351564626023,0.2874565962114893,0.685083190118709,457.23130898652124,0.011399555230121617
PF-P04,PF-D0136,PF-C00136,Moderate,Review,Review,True,Explanation generation,0.6222209322608087,0.6972799810845188,1.0,377.8560630364256,0.009908391073529258
PF-P05,PF-D0137,PF-C00137,Moderate,Escalate,Escalate,True,Explanation generation,0.44424929978934646,0.34629569941038174,0.5753294695083847,515.7334675350594,0.009931167755676882
PF-P06,PF-D0138,PF-C00138,Complex,Escalate,Review,False,Explanation generation,0.35826593651893285,0.14682134496430196,0.528816569559508,418.97766047479837,0.010512156071191804
PF-P01,PF-D0139,PF-C00139,Simple,Clear,Clear,True,Explanation generation,0.5579742342791065,0.5284257402011221,0.8993946070164982,291.87242417914877,0.008858168509171028
PF-P02,PF-D0140,PF-C00140,Moderate,Clear,Clear,True,Explanation generation,0.6675291147861142,0.7753817664987291,1.0,397.54266334380276,0.008240539704278686
PF-P03,PF-D0141,PF-C00141,Simple,Escalate,Clear,False,Explanation generation,0.73385764777063,0.6702700687532759,0.656556604719517,370.0410953967567,0.007616535134851147
PF-P04,PF-D0142,PF-C00142,Complex,Escalate,Review,False,Explanation generation,0.5149584208902804,0.4559150344490622,0.765512653096732,507.72233844373955,0.011332601140485078
PF-P05,PF-D0143,PF-C00143,Moderate,Clear,Clear,True,Explanation generation,0.6621818045174857,0.6224200595690471,0.9043663499330867,510.9313820686644,0.008251911833872232
PF-P06,PF-D0144,PF-C00144,Simple,Insufficient,Review,False,Explanation generation,0.6750456302344781,0.672354399489899,1.0,416.5460483835684,0.012419758711635719
PF-P01,PF-D0145,PF-C00145,Simple,Review,Review,True,Explanation generation,0.4786826307238644,0.7543813455197521,0.6495885565150991,495.1933124512576,0.008335751260881031
PF-P02,PF-D0146,PF-C00146,Moderate,Clear,Clear,True,Explanation generation,0.647319119828356,0.7450347531568733,0.6480380525948934,580.2637646360398,0.00877545532708027
PF-P03,PF-D0147,PF-C00147,Simple,Clear,Clear,True,Explanation generation,0.7695460880497997,0.7213841835912674,0.8119652643390514,254.92243161835614,0.009061408940461833
PF-P04,PF-D0148,PF-C00148,Simple,Clear,Clear,True,Explanation generation,0.7758612109272846,0.863597609808207,0.8707352212510542,381.8979364373048,0.009984289331512991
PF-P05,PF-D0149,PF-C00149,Simple,Clear,Clear,True,Explanation generation,0.8711231024815903,0.8773693340411466,1.0,263.4563828415187,0.009519640806053662
PF-P06,PF-D0150,PF-C00150,Moderate,Review,Review,True,Explanation generation,0.27547481708641675,0.39326102576762506,0.670758336375079,331.33780168298154,0.008588827242384765
PF-P01,PF-D0151,PF-C00151,Complex,Escalate,Clear,False,Explanation generation,0.19282813584567254,0.24249350855983337,0.8141746885428462,580.4075028214943,0.01050633421924682
PF-P02,PF-D0152,PF-C00152,Simple,Clear,Clear,True,Explanation generation,0.7181685882586255,0.7506526676426342,1.0,392.82321377418344,0.008274780345940343
PF-P03,PF-D0153,PF-C00153,Simple,Clear,Clear,True,Explanation generation,0.7295384132628474,0.6361360386354828,1.0,301.9876377581908,0.00904259967487637
PF-P04,PF-D0154,PF-C00154,Simple,Review,Review,True,Explanation generation,0.6195334992232557,0.8073040787557357,1.0,476.64364020718244,0.008127322159446441
PF-P05,PF-D0155,PF-C00155,Moderate,Review,Review,True,Explanation generation,0.650852327395877,0.6257639804916372,0.857023343054679,573.463389265944,0.00819908109949026
PF-P06,PF-D0156,PF-C00156,Complex,Escalate,Review,False,Explanation generation,0.5106579265953797,0.387426659449623,0.7255845930248362,528.1614321662705,0.01035254378109658
PF-P01,PF-D0157,PF-C00157,Moderate,Review,Review,True,Explanation generation,0.5193703183101221,0.6622812640157191,0.6508088393690634,405.56580261041256,0.006745833300999336
PF-P02,PF-D0158,PF-C00158,Complex,Clear,Review,False,Explanation generation,0.4474325146459465,0.22953632499547313,0.5705223877774649,540.7532905307543,0.008234674088395384
PF-P03,PF-D0159,PF-C00159,Moderate,Escalate,Clear,False,Explanation generation,0.3462665053282306,0.5020663180451087,0.6504738409121826,463.3062563050191,0.009603227854138488
PF-P04,PF-D0160,PF-C00160,Simple,Review,Clear,False,Explanation generation,0.5898346104321308,0.52919372659921,0.7310672036740504,492.559103801522,0.006639744760195667
PF-P05,PF-D0161,PF-C00161,Simple,Review,Escalate,False,Explanation generation,0.7192474589934573,0.6797274614907842,1.0,353.3057860320144,0.00850550321205852
PF-P06,PF-D0162,PF-C00162,Complex,Clear,Review,False,Explanation generation,0.29865276011925046,0.344519820699072,0.595371023236402,495.6412403511477,0.011097765901009419
PF-P01,PF-D0163,PF-C00163,Moderate,Review,Insufficient,False,Explanation generation,0.5215702656054173,0.571041339659129,0.8072679721303796,432.94152449136527,0.007903710690790948
PF-P02,PF-D0164,PF-C00164,Simple,Escalate,Escalate,True,Explanation generation,0.6339540829749347,0.7447001099072103,0.9007975253756609,364.7118868748373,0.009186252224289109
PF-P03,PF-D0165,PF-C00165,Simple,Clear,Clear,True,Explanation generation,0.9038848396775798,0.8912142110211686,0.742296968609778,440.5689822298293,0.010463249266785504
PF-P04,PF-D0166,PF-C00166,Simple,Review,Clear,False,Explanation generation,0.7205821511312389,0.8703974057799222,0.7539938181551673,464.53083410031223,0.00909328417655417
PF-P05,PF-D0167,PF-C00167,Moderate,Review,Escalate,False,Explanation generation,0.3079524575468053,0.3315154112363936,0.854129782528952,466.68555121207515,0.010005881256885845
PF-P06,PF-D0168,PF-C00168,Simple,Escalate,Escalate,True,Explanation generation,0.6914303635032673,0.7346578279661939,0.9731232971904287,407.9925822222782,0.009196232161822202
PF-P01,PF-D0169,PF-C00169,Simple,Clear,Review,False,Explanation generation,0.6211689633452409,0.7182289621707603,0.6550879197455283,475.27189672401084,0.007848568816078682
PF-P02,PF-D0170,PF-C00170,Simple,Insufficient,Insufficient,True,Explanation generation,0.6117553195001492,0.5536349913356666,0.8960846369875064,382.61210255627344,0.006951967411589712
PF-P03,PF-D0171,PF-C00171,Simple,Escalate,Review,False,Explanation generation,0.6919422071481679,0.7747784058208645,0.7542253602845079,343.3757837558743,0.00785412412694198
PF-P04,PF-D0172,PF-C00172,Simple,Clear,Clear,True,Explanation generation,0.7252615186957786,0.7930601225228519,0.7850934013994433,373.0202363471684,0.009585597698456865
PF-P05,PF-D0173,PF-C00173,Simple,Insufficient,Insufficient,True,Explanation generation,0.6950381647399814,0.7594214357008463,1.0,369.3646212831316,0.00750204336722966
PF-P06,PF-D0174,PF-C00174,Simple,Insufficient,Clear,False,Explanation generation,0.766223959940709,0.7729774134132593,1.0,319.06500676480016,0.00963349657225003
PF-P01,PF-D0175,PF-C00175,Simple,Review,Clear,False,Explanation generation,0.7548978195117505,0.6789865249225854,0.5986810997999593,389.4724089905038,0.008726194518835963
PF-P02,PF-D0176,PF-C00176,Moderate,Clear,Insufficient,False,Explanation generation,0.7143677382530605,0.6872291374653967,0.9847998616597753,406.5499110901901,0.008609340574439019
PF-P03,PF-D0177,PF-C00177,Simple,Escalate,Insufficient,False,Explanation generation,0.6340705602202291,0.6558557413561542,1.0,428.97732903524616,0.00944306799811301
PF-P04,PF-D0178,PF-C00178,Moderate,Review,Escalate,False,Explanation generation,0.3769914858963294,0.33328013021870684,0.7739480491610629,467.68236177521794,0.009799376926122823
PF-P05,PF-D0179,PF-C00179,Complex,Review,Insufficient,False,Explanation generation,0.2978300899750416,0.2744782450737941,0.7181062814479625,500.8062236697931,0.011298118242099888
PF-P06,PF-D0180,PF-C00180,Complex,Review,Clear,False,Explanation generation,0.473164594293382,0.6423044812522473,0.8492198228557324,412.5081834527881,0.010304389149206575
PF-P01,PF-D0001,PF-C00181,Simple,Insufficient,Clear,False,Explanation generation,0.5315930843654549,0.615840435706791,0.8356550066534651,321.39498353992195,0.008425675262871954
PF-P02,PF-D0002,PF-C00182,Simple,Escalate,Insufficient,False,Explanation generation,0.22295792527778335,0.3657211892434098,0.6215762052459943,472.1912494575692,0.008533528404343065
PF-P03,PF-D0003,PF-C00183,Simple,Review,Review,True,Explanation generation,0.9168426405065884,0.9175353047190552,0.8499895102248625,450.053107476844,0.005695257985202159
PF-P04,PF-D0004,PF-C00184,Simple,Review,Review,True,Explanation generation,0.6478265193113996,0.8348406983839969,0.8975515940840219,438.38294731839767,0.008588707701309614
PF-P05,PF-D0005,PF-C00185,Simple,Review,Review,True,Explanation generation,0.3593574457264887,0.5798395090726683,0.7279767654203091,410.766601183903,0.010823528978724751
PF-P06,PF-D0006,PF-C00186,Simple,Escalate,Clear,False,Explanation generation,0.4779448580020348,0.6237257072072648,0.8006743085273802,543.9552126174112,0.008614472465648518
PF-P01,PF-D0007,PF-C00187,Simple,Clear,Clear,True,Explanation generation,0.8415437423551045,0.901461631749232,0.8612189384758009,278.3400914914763,0.009074201261249006
PF-P02,PF-D0008,PF-C00188,Moderate,Insufficient,Clear,False,Explanation generation,0.7125543635926755,0.5895812402545676,0.7828179044543008,381.975083750845,0.007007686543332916
PF-P03,PF-D0009,PF-C00189,Moderate,Review,Clear,False,Explanation generation,0.4131678108350889,0.47386525112785255,0.7357229787016404,461.73216823573273,0.00829215207008963
PF-P04,PF-D0010,PF-C00190,Simple,Review,Clear,False,Explanation generation,0.443311893285225,0.7577672347182344,0.8836809390914527,435.12835473511933,0.007217630581652874
PF-P05,PF-D0011,PF-C00191,Complex,Insufficient,Insufficient,True,Explanation generation,0.1612799967897333,0.2885534607886834,0.6241072227395145,502.3702632872728,0.01071882583921187
PF-P06,PF-D0012,PF-C00192,Simple,Clear,Escalate,False,Explanation generation,0.39708928965711704,0.6019826312705335,0.8733967365067502,257.9979528783525,0.009159588853701401
PF-P01,PF-D0013,PF-C00193,Moderate,Clear,Clear,True,Explanation generation,0.6564831332681844,0.6329453396424772,0.6416815343099681,381.2503749932409,0.011015455113528767
PF-P02,PF-D0014,PF-C00194,Moderate,Review,Review,True,Explanation generation,0.6965262778907592,0.6421246078780494,0.9459907783745202,404.49689271534396,0.009031786201726006
PF-P03,PF-D0015,PF-C00195,Complex,Escalate,Insufficient,False,Explanation generation,0.5736190582772311,0.2227187234996232,0.4608976603499484,397.423490495787,0.010668058792249224
PF-P04,PF-D0016,PF-C00196,Simple,Escalate,Review,False,Explanation generation,0.5024928100973738,0.689912714626355,0.9699862867788793,461.8705391590704,0.0067509484894102325
PF-P05,PF-D0017,PF-C00197,Simple,Clear,Clear,True,Explanation generation,0.8566956655753216,0.8903045108426205,0.970178008212352,358.7878574605807,0.008404471771279051
PF-P06,PF-D0018,PF-C00198,Simple,Clear,Clear,True,Explanation generation,0.7564192290876586,0.8278930404645366,0.7961525553607273,338.4780065895021,0.00984997487694661
PF-P01,PF-D0019,PF-C00199,Complex,Review,Review,True,Explanation generation,0.4516462050956859,0.4268659855832533,0.6535260646223564,453.3738809261318,0.010981863919245062
PF-P02,PF-D0020,PF-C00200,Simple,Clear,Clear,True,Explanation generation,0.7805410761870655,0.7630741865963127,1.0,271.03016063891005,0.008367289180269528
PF-P03,PF-D0021,PF-C00201,Moderate,Escalate,Review,False,Explanation generation,0.5220445759273498,0.430609842254625,0.6257206951534057,392.81426518375747,0.00958277632384241
PF-P04,PF-D0022,PF-C00202,Complex,Review,Review,True,Explanation generation,0.6124897928511158,0.44990417859726056,0.6951038055032253,519.3053552240943,0.01016137882037526
PF-P05,PF-D0023,PF-C00203,Moderate,Clear,Clear,True,Explanation generation,0.7192895942941043,0.7749420525902123,1.0,485.8454155870216,0.009863119772277804
PF-P06,PF-D0024,PF-C00204,Complex,Review,Review,True,Explanation generation,0.644744992786974,0.6230942433530541,0.9344369534582836,450.79385075818413,0.010568259484613577
PF-P01,PF-D0025,PF-C00205,Moderate,Review,Review,True,Explanation generation,0.8620779061469921,0.8215861032500841,0.5138951925128824,385.80115754299584,0.00858543726916393
PF-P02,PF-D0026,PF-C00206,Simple,Clear,Review,False,Explanation generation,0.4868235897345212,0.6588499611058873,0.5543256593984766,433.42132740187094,0.010323565395561524
PF-P03,PF-D0027,PF-C00207,Simple,Clear,Clear,True,Explanation generation,0.5742092661630606,0.7718606647709372,1.0,473.57615207295476,0.008695095436449227
PF-P04,PF-D0028,PF-C00208,Moderate,Review,Clear,False,Explanation generation,0.5120443244508163,0.2898652556672544,0.7438994786318399,520.5429012542977,0.008544955128669287
PF-P05,PF-D0029,PF-C00209,Simple,Review,Review,True,Explanation generation,0.6782645846587878,0.695117268544322,0.9057418178617271,371.5013637437927,0.008090478997180373
PF-P06,PF-D0030,PF-C00210,Simple,Review,Review,True,Explanation generation,0.8430402050576261,0.8973292648619319,0.8843388349464223,391.00546152944855,0.009371039250025338
PF-P01,PF-D0031,PF-C00211,Simple,Clear,Clear,True,Explanation generation,0.6788080351050652,0.7862894266454206,0.913473693161492,347.34917689005084,0.00879653835247282
PF-P02,PF-D0032,PF-C00212,Simple,Insufficient,Review,False,Explanation generation,0.5644921429717991,0.49485833201224133,0.6935237247556949,409.9078292950659,0.009081330060805828
PF-P03,PF-D0033,PF-C00213,Moderate,Review,Insufficient,False,Explanation generation,0.4038600405800447,0.2260103792076556,0.6520422353023894,266.24593651309954,0.008193024818232765
PF-P04,PF-D0034,PF-C00214,Moderate,Insufficient,Clear,False,Explanation generation,0.5330234337978009,0.47124952261310427,0.4531012694343028,433.9935213284009,0.008502778433291084
PF-P05,PF-D0035,PF-C00215,Simple,Clear,Escalate,False,Explanation generation,0.19014133019092466,0.41180500649062085,0.7050342394402666,431.5464933899524,0.008312534185519463
PF-P06,PF-D0036,PF-C00216,Moderate,Insufficient,Review,False,Explanation generation,0.44042745909934305,0.4069397949317348,0.7901255147043306,431.6608766295257,0.008953461993608823
PF-P01,PF-D0037,PF-C00217,Complex,Review,Clear,False,Explanation generation,0.2749065511566827,0.34872850957463436,0.7872970881458246,537.6956635418956,0.010622424937200978
PF-P02,PF-D0038,PF-C00218,Simple,Review,Insufficient,False,Explanation generation,0.6222436158358193,0.7813503575954506,1.0,320.01099121212525,0.00993547863930846
PF-P03,PF-D0039,PF-C00219,Simple,Review,Review,True,Explanation generation,0.5963832955791438,0.7110546673683715,0.7711493544270039,370.5498213404725,0.00918589970752998
PF-P04,PF-D0040,PF-C00220,Moderate,Clear,Clear,True,Explanation generation,0.6147604014574404,0.7124469113862195,0.727050187083445,380.91679530856726,0.008827287415319962
PF-P05,PF-D0041,PF-C00221,Simple,Insufficient,Insufficient,True,Explanation generation,0.48691527453740374,0.5611128041094167,1.0,344.9980089123295,0.008604735820726326
PF-P06,PF-D0042,PF-C00222,Moderate,Insufficient,Insufficient,True,Explanation generation,0.4752243851042187,0.5717679252376634,0.719870378802162,513.448743429815,0.008538817203596194
PF-P01,PF-D0043,PF-C00223,Moderate,Clear,Clear,True,Explanation generation,0.49558298281693736,0.535913062512378,0.5828029266575866,305.7525306724302,0.008961620299278885
PF-P02,PF-D0044,PF-C00224,Simple,Insufficient,Insufficient,True,Explanation generation,0.43549466884144983,0.8180723798912656,1.0,350.23160006119485,0.009872555081627007
PF-P03,PF-D0045,PF-C00225,Moderate,Escalate,Insufficient,False,Explanation generation,0.566990770385392,0.382042718303851,0.6286201718758917,545.1244230815512,0.008882988301953103
PF-P04,PF-D0046,PF-C00226,Moderate,Insufficient,Clear,False,Explanation generation,0.39914752169810347,0.5664264358583757,0.8904510291195359,461.0394036719504,0.00822611941301097
PF-P05,PF-D0047,PF-C00227,Moderate,Review,Review,True,Explanation generation,0.6862881667807488,0.7286816206081965,0.7771051343560965,442.00785000816495,0.007722498628114561
PF-P06,PF-D0048,PF-C00228,Moderate,Insufficient,Insufficient,True,Explanation generation,0.5472210849773167,0.4083492979085563,0.7526450333229843,531.9118086006398,0.009200871171946302
PF-P01,PF-D0049,PF-C00229,Simple,Insufficient,Insufficient,True,Explanation generation,0.7258092236877567,0.6278344544905484,0.8811687214330135,505.1777155994351,0.008676349925275582
PF-P02,PF-D0050,PF-C00230,Simple,Escalate,Escalate,True,Explanation generation,0.8494501900121455,0.6577402716488326,1.0,575.126656000924,0.009508134603533464
PF-P03,PF-D0051,PF-C00231,Complex,Insufficient,Insufficient,True,Explanation generation,0.29663342206124527,0.2836996654448872,0.4967227365865934,332.87297646482205,0.011006835652811296
PF-P04,PF-D0052,PF-C00232,Simple,Clear,Clear,True,Explanation generation,0.843276674329855,0.8685322120343182,0.9920197414312008,427.4954455272058,0.008105896160870986
PF-P05,PF-D0053,PF-C00233,Simple,Escalate,Clear,False,Explanation generation,0.30009331533741435,0.6490839368295452,0.7626678316231759,460.6686556639202,0.00930063551776793
PF-P06,PF-D0054,PF-C00234,Simple,Insufficient,Insufficient,True,Explanation generation,0.566466358729948,0.6155803853878412,0.7857481090901413,496.9468465830571,0.008409800529388688
PF-P01,PF-D0055,PF-C00235,Simple,Insufficient,Insufficient,True,Explanation generation,0.7316635591700843,0.8084142919504731,1.0,296.60081911184193,0.008349917050165884
PF-P02,PF-D0056,PF-C00236,Moderate,Insufficient,Review,False,Explanation generation,0.5542478973641433,0.5100645479043712,0.5813124797470612,449.53378045006326,0.008342399494047224
PF-P03,PF-D0057,PF-C00237,Complex,Escalate,Insufficient,False,Explanation generation,0.4853837931177708,0.41943263011860354,0.827222353687093,429.41179742027924,0.011128758033955797
PF-P04,PF-D0058,PF-C00238,Complex,Insufficient,Review,False,Explanation generation,0.5544750394790091,0.4430283407094596,0.7155343344245184,368.3273579816135,0.01021381387084006
PF-P05,PF-D0059,PF-C00239,Simple,Insufficient,Insufficient,True,Explanation generation,0.6067400285102115,0.5948695157254632,0.7927424408075356,306.97744571911045,0.007528599547857248
PF-P06,PF-D0060,PF-C00240,Moderate,Insufficient,Insufficient,True,Explanation generation,0.7997732926126999,0.8707211335251643,1.0,509.47946728028757,0.00942638645974837
PF-P01,PF-D0061,PF-C00241,Moderate,Clear,Clear,True,Explanation generation,0.5620946995861098,0.6497328104442813,0.8802057652995002,353.0485958150732,0.009872518234437156
PF-P02,PF-D0062,PF-C00242,Simple,Review,Review,True,Explanation generation,0.3855447960984224,0.7154239437281074,0.9931024664326787,505.52489903056784,0.00896665035110377
PF-P03,PF-D0063,PF-C00243,Simple,Insufficient,Insufficient,True,Explanation generation,0.71508690049061,0.5101917955990489,0.8500293831957485,378.82985909820104,0.008548694221772653
PF-P04,PF-D0064,PF-C00244,Complex,Insufficient,Review,False,Explanation generation,0.7262728181454149,0.5722327521758067,0.9953927371639977,600.9994619911366,0.012165144590585578
PF-P05,PF-D0065,PF-C00245,Moderate,Review,Review,True,Explanation generation,0.8366859496623594,0.8862951482348818,1.0,486.65913916360796,0.006511852538445719
PF-P06,PF-D0066,PF-C00246,Moderate,Insufficient,Clear,False,Explanation generation,0.7802699510946391,0.593070751317263,0.7664864301396266,489.91865592618024,0.009423444735545648
PF-P01,PF-D0067,PF-C00247,Moderate,Clear,Clear,True,Explanation generation,0.4205789139916066,0.4766918338071267,0.44527674156666125,429.09016717567556,0.007580754682412547
PF-P02,PF-D0068,PF-C00248,Moderate,Escalate,Escalate,True,Explanation generation,0.5660686617892274,0.5606838976486417,1.0,405.66463269946945,0.009381024544277278
PF-P03,PF-D0069,PF-C00249,Simple,Clear,Review,False,Explanation generation,0.7179161801922238,0.6984665296142467,0.8462455181258114,525.9306371221297,0.007142420054520013
PF-P04,PF-D0070,PF-C00250,Simple,Clear,Clear,True,Explanation generation,0.7215879950706503,0.8416859844357772,1.0,395.2615547635345,0.008770294193731976
PF-P05,PF-D0071,PF-C00251,Simple,Review,Review,True,Explanation generation,0.793351900768882,0.7272817306139271,1.0,536.324777120983,0.008346306395777721
PF-P06,PF-D0072,PF-C00252,Moderate,Clear,Clear,True,Explanation generation,0.4791971745646744,0.6017800185629346,0.8673992745428691,474.1382604246644,0.009238139810575306
PF-P01,PF-D0073,PF-C00253,Simple,Escalate,Review,False,Explanation generation,0.7665714861160703,0.7014941805843786,0.6770159813074009,264.4991612391201,0.008740291385863802
PF-P02,PF-D0074,PF-C00254,Complex,Review,Review,True,Explanation generation,0.6446365259667493,0.6599231292935499,0.9670696595187009,411.98834258499454,0.010374192256981543
PF-P03,PF-D0075,PF-C00255,Moderate,Clear,Clear,True,Explanation generation,0.4993655569916401,0.5779722901891534,1.0,365.05312511203886,0.007523146134654922
PF-P04,PF-D0076,PF-C00256,Simple,Escalate,Clear,False,Explanation generation,0.7753486468860813,0.6627680141780864,0.6094490766700914,247.86466214557257,0.00833114922224824
PF-P05,PF-D0077,PF-C00257,Simple,Clear,Clear,True,Explanation generation,0.8271476668740352,0.815888388691131,0.898835587846116,419.6514242248345,0.00917314283481266
PF-P06,PF-D0078,PF-C00258,Moderate,Clear,Clear,True,Explanation generation,0.749864635160082,0.6530299857857185,1.0,465.3176699199622,0.009151178083865851
PF-P01,PF-D0079,PF-C00259,Simple,Clear,Clear,True,Explanation generation,0.7456299154361833,0.7363316283573168,0.6322107232245626,361.48282372730995,0.007737869065498097
PF-P02,PF-D0080,PF-C00260,Simple,Clear,Clear,True,Explanation generation,0.9095064205160983,0.9287418988449782,0.7414511780474838,350.300402161144,0.00870728636656624
PF-P03,PF-D0081,PF-C00261,Simple,Insufficient,Insufficient,True,Explanation generation,0.7946656366167394,0.7372401177614771,0.8205983480352655,293.133648850775,0.009436843928051546
PF-P04,PF-D0082,PF-C00262,Simple,Escalate,Review,False,Explanation generation,0.567886185390258,0.6328048301464219,0.8139035383153531,549.7131487673549,0.009423953489330386
PF-P05,PF-D0083,PF-C00263,Moderate,Review,Escalate,False,Explanation generation,0.674879184974545,0.8068820996307952,1.0,365.8272962466872,0.008397019472788531
PF-P06,PF-D0084,PF-C00264,Complex,Review,Review,True,Explanation generation,0.22076271796665767,0.2569344833507723,0.4692416911599037,308.6712653914817,0.011174447448609882
PF-P01,PF-D0085,PF-C00265,Moderate,Clear,Clear,True,Explanation generation,0.6078775405389053,0.6329378846011741,0.8455206423631867,337.890042700917,0.006957455064901594
PF-P02,PF-D0086,PF-C00266,Simple,Insufficient,Insufficient,True,Explanation generation,0.641850887823247,0.6146782068139679,0.6578027970203806,408.02429286597993,0.009094730844829101
PF-P03,PF-D0087,PF-C00267,Simple,Review,Review,True,Explanation generation,0.7337172854502623,0.8580633204147957,1.0,406.2446305819294,0.009123180892937177
PF-P04,PF-D0088,PF-C00268,Simple,Escalate,Escalate,True,Explanation generation,0.6652237531195486,0.7802364026264452,1.0,461.57839960387867,0.008141703848155477
PF-P05,PF-D0089,PF-C00269,Simple,Review,Review,True,Explanation generation,0.7214382136043541,0.8729898781489229,1.0,428.01043996881833,0.009633171085410095
PF-P06,PF-D0090,PF-C00270,Moderate,Review,Review,True,Explanation generation,0.9240412401223432,0.9219064216724829,1.0,406.78194122380614,0.006326220408629134
PF-P01,PF-D0091,PF-C00271,Simple,Clear,Clear,True,Explanation generation,0.6110875325680594,0.9271265595493572,1.0,445.3422717246654,0.009158042512592035
PF-P02,PF-D0092,PF-C00272,Simple,Review,Review,True,Explanation generation,0.9024568526412763,0.8471231265287691,1.0,346.6369112363724,0.007329736861296
PF-P03,PF-D0093,PF-C00273,Simple,Clear,Clear,True,Explanation generation,0.610185112672977,0.7470188196711792,1.0,364.09309823738545,0.007452938907702459
PF-P04,PF-D0094,PF-C00274,Simple,Clear,Clear,True,Explanation generation,0.9202995466477184,0.9007446390648394,0.8746705415741147,509.874217890639,0.009471105631928291
PF-P05,PF-D0095,PF-C00275,Moderate,Review,Review,True,Explanation generation,0.6937614767442942,0.551623310167096,0.6436801915491693,475.73444659417817,0.009747024620185122
PF-P06,PF-D0096,PF-C00276,Simple,Escalate,Insufficient,False,Explanation generation,0.7802457421898628,0.8607124708789701,1.0,367.56503903656954,0.010121341603736858
PF-P01,PF-D0097,PF-C00277,Simple,Insufficient,Insufficient,True,Explanation generation,0.8046577907752848,0.8050837463965369,1.0,327.38159902854795,0.00911312679093823
PF-P02,PF-D0098,PF-C00278,Simple,Review,Review,True,Explanation generation,0.7393390060829783,0.765768936121362,1.0,335.4949737029797,0.009147313296655548
PF-P03,PF-D0099,PF-C00279,Simple,Escalate,Clear,False,Explanation generation,0.88238229116399,0.6957777952004879,0.7737200951284733,394.8405467136023,0.01000066962252107
PF-P04,PF-D0100,PF-C00280,Simple,Insufficient,Insufficient,True,Explanation generation,0.701320532503932,0.6911733221182591,0.7596131145060112,335.3597421246694,0.00869250429939304
PF-P05,PF-D0101,PF-C00281,Moderate,Clear,Clear,True,Explanation generation,0.4776435759499347,0.5944289100677966,0.7442117507920448,412.3857505755802,0.008169252865019414
PF-P06,PF-D0102,PF-C00282,Complex,Insufficient,Clear,False,Explanation generation,0.6199204720620292,0.2931509308516621,0.7375005929396147,582.3323448291075,0.008985226475020838
PF-P01,PF-D0103,PF-C00283,Simple,Review,Review,True,Explanation generation,0.5099252456980956,0.662674743575118,0.8967281450520614,356.2097442428087,0.007220581901120829
PF-P02,PF-D0104,PF-C00284,Moderate,Review,Review,True,Explanation generation,0.6577356994367438,0.7809279364278192,0.8108978128374527,389.6604413153526,0.009002849349602365
PF-P03,PF-D0105,PF-C00285,Simple,Escalate,Clear,False,Explanation generation,0.7981620067490257,0.8380712820629239,1.0,462.24733798236366,0.008924579559368054
PF-P04,PF-D0106,PF-C00286,Moderate,Insufficient,Insufficient,True,Explanation generation,0.8319171304605388,0.8632589456082356,0.9498314355301876,383.0359708914011,0.008827742098575024
PF-P05,PF-D0107,PF-C00287,Simple,Clear,Clear,True,Explanation generation,0.760904811446709,0.8248400688039119,1.0,364.4781901392515,0.0056770648971027895
PF-P06,PF-D0108,PF-C00288,Complex,Review,Clear,False,Explanation generation,0.16321750675066754,0.31957446430612313,0.49731052360513583,454.4379022087011,0.011560376227666098
PF-P01,PF-D0109,PF-C00289,Simple,Clear,Clear,True,Explanation generation,0.8281071927588396,0.793779873844199,0.8903005259216568,274.8666756925712,0.007288881911848611
PF-P02,PF-D0110,PF-C00290,Simple,Insufficient,Review,False,Explanation generation,0.7877115117166974,0.7890479328736824,0.8450917356403407,327.15857346682463,0.009518390237695148
PF-P03,PF-D0111,PF-C00291,Moderate,Clear,Clear,True,Explanation generation,0.383643320027682,0.3569602991678981,0.5837953642352334,267.54837082769086,0.008415308337157076
PF-P04,PF-D0112,PF-C00292,Simple,Review,Review,True,Explanation generation,0.5263897758489993,0.6303508145664923,0.5914979393166722,498.0872997727978,0.008306023006973792
PF-P05,PF-D0113,PF-C00293,Simple,Clear,Clear,True,Explanation generation,0.7099419051746266,0.8978449873033145,0.9683849878036006,394.64583877662,0.008629951082917234
PF-P06,PF-D0114,PF-C00294,Simple,Review,Clear,False,Explanation generation,0.6182456641266892,0.7095836740156725,0.9079937574852732,477.0967923310348,0.007558101162779866
PF-P01,PF-D0115,PF-C00295,Simple,Review,Review,True,Explanation generation,0.8907425421300744,0.8360468481716733,1.0,505.4663851162136,0.010039324512000264
PF-P02,PF-D0116,PF-C00296,Complex,Escalate,Insufficient,False,Explanation generation,0.23558530323020152,0.16638310842801654,0.5827372811591957,377.8923701520431,0.011328867490289433
PF-P03,PF-D0117,PF-C00297,Moderate,Clear,Clear,True,Explanation generation,0.7974088807307186,0.8503003807651957,0.872625608610586,485.52437430956485,0.008432252929643657
PF-P04,PF-D0118,PF-C00298,Moderate,Escalate,Clear,False,Explanation generation,0.4337488725744211,0.5614775874159854,0.4933578143242405,324.03854723908483,0.008872869319607044
PF-P05,PF-D0119,PF-C00299,Simple,Review,Review,True,Explanation generation,0.7168856888344768,0.6615014243918779,0.8873834688502773,339.29849534523464,0.007658028368706051
PF-P06,PF-D0120,PF-C00300,Simple,Escalate,Escalate,True,Explanation generation,0.866282202963584,0.8800099471146234,0.9438899034270145,416.0145150769019,0.00954705068732277
PF-P01,PF-D0121,PF-C00301,Moderate,Escalate,Clear,False,Explanation generation,0.4597224452857682,0.3992014049881606,0.680241251970974,422.8191541850758,0.00720950658810467
PF-P02,PF-D0122,PF-C00302,Simple,Insufficient,Review,False,Explanation generation,0.7360403975524985,0.7416904348604293,1.0,322.72262492460817,0.007992659363608833
PF-P03,PF-D0123,PF-C00303,Simple,Clear,Escalate,False,Explanation generation,0.6108729220277225,0.629457216816487,0.5841375268291844,453.56248089802386,0.007897782934432319
PF-P04,PF-D0124,PF-C00304,Moderate,Review,Clear,False,Explanation generation,0.527446610949928,0.5568020382230315,0.6742086764578252,283.455298908751,0.0103926846091902
PF-P05,PF-D0125,PF-C00305,Simple,Clear,Review,False,Explanation generation,0.5675620765621223,0.7798557599451886,0.7575869029580337,376.0645882217575,0.009526474268079867
PF-P06,PF-D0126,PF-C00306,Complex,Review,Review,True,Explanation generation,0.5195987057647549,0.35261859206952045,0.5658470840606026,419.4856739491062,0.009512190020531946
PF-P01,PF-D0127,PF-C00307,Simple,Clear,Clear,True,Explanation generation,0.6867597215676106,0.7064130838847315,0.7463029395988372,454.59825520442024,0.009261929557796615
PF-P02,PF-D0128,PF-C00308,Moderate,Escalate,Clear,False,Explanation generation,0.6243690636848821,0.5566478310973787,0.5342767378428621,434.26025549413015,0.009307972335402594
PF-P03,PF-D0129,PF-C00309,Moderate,Review,Review,True,Explanation generation,0.32677700776735036,0.5044815552309808,0.8318617468531244,285.6598081430294,0.007847572759335635
PF-P04,PF-D0130,PF-C00310,Simple,Escalate,Review,False,Explanation generation,0.6178102633669273,0.5758128013964083,0.6969450044115799,399.73811632954903,0.009389044495573285
PF-P05,PF-D0131,PF-C00311,Complex,Insufficient,Insufficient,True,Explanation generation,0.43831696759522876,0.38697388133281696,0.5941911880552239,560.7847060037492,0.010320274066634272
PF-P06,PF-D0132,PF-C00312,Simple,Clear,Clear,True,Explanation generation,0.7499755626743314,0.8157593796910211,0.848496686636435,392.23917022859666,0.008803341987878681
PF-P01,PF-D0133,PF-C00313,Complex,Insufficient,Insufficient,True,Explanation generation,0.4583466754643211,0.6188274756422686,0.7873912412930539,476.70527766137906,0.01047850830430948
PF-P02,PF-D0134,PF-C00314,Moderate,Review,Review,True,Explanation generation,0.8594981987534379,0.7626581847172209,0.958007223942587,486.0525701905467,0.00743468791919883
PF-P03,PF-D0135,PF-C00315,Simple,Clear,Clear,True,Explanation generation,0.8259818504703769,0.7664066577808885,0.8068752220814231,347.57940497554193,0.01002510440334449
PF-P04,PF-D0136,PF-C00316,Simple,Review,Review,True,Explanation generation,0.7848828864855123,0.8448642094261392,0.8594093121494364,358.6187145023093,0.008061632901113967
PF-P05,PF-D0137,PF-C00317,Simple,Escalate,Insufficient,False,Explanation generation,0.6569182626888099,0.6304039405362973,0.924710913258105,339.323764685132,0.008544451352644648
PF-P06,PF-D0138,PF-C00318,Moderate,Clear,Clear,True,Explanation generation,0.8324936852879731,0.7478809851600117,0.8114181616192547,545.2673593873835,0.006804407377992955
PF-P01,PF-D0139,PF-C00319,Simple,Insufficient,Insufficient,True,Explanation generation,0.7405728743344693,0.7162452457750431,0.8164763325004615,491.18197863051836,0.007193236293302114
PF-P02,PF-D0140,PF-C00320,Moderate,Clear,Clear,True,Explanation generation,0.7983399872915105,0.7779631616757315,1.0,401.95346702126267,0.008544208883633596
PF-P03,PF-D0141,PF-C00321,Simple,Escalate,Escalate,True,Explanation generation,0.3823425763790296,0.41518579438359937,0.87386839776524,453.64719401466425,0.00861736901252735
PF-P04,PF-D0142,PF-C00322,Complex,Clear,Clear,True,Explanation generation,0.5220597780090255,0.678749440431814,0.7050154110563664,495.1671297649132,0.009668290099111198
PF-P05,PF-D0143,PF-C00323,Simple,Clear,Clear,True,Explanation generation,0.7282086961332721,0.8258773875036102,1.0,343.2568180729581,0.009521261281009148
PF-P06,PF-D0144,PF-C00324,Moderate,Clear,Clear,True,Explanation generation,0.413762011766661,0.8088108233817894,0.7754909607094156,462.31487478935423,0.007665644426931564
PF-P01,PF-D0145,PF-C00325,Moderate,Insufficient,Insufficient,True,Explanation generation,0.4159204264365203,0.4518972499013099,1.0,446.80470189681614,0.008962297889517084
PF-P02,PF-D0146,PF-C00326,Moderate,Insufficient,Insufficient,True,Explanation generation,0.6580688827815809,0.7317638526578937,0.8587699344501954,513.1294433657885,0.00909367904209485
PF-P03,PF-D0147,PF-C00327,Complex,Review,Review,True,Explanation generation,0.4090466832448776,0.45792627568545297,0.5270262664306193,480.4210128583572,0.010502194421315069
PF-P04,PF-D0148,PF-C00328,Simple,Clear,Clear,True,Explanation generation,0.8348319397566903,0.8286444903780685,0.9587314821384498,605.5534465901537,0.010382662423962765
PF-P05,PF-D0149,PF-C00329,Moderate,Insufficient,Clear,False,Explanation generation,0.5401242037917893,0.38617394042986547,0.4980007803037985,546.5242251608184,0.00885111930634792
PF-P06,PF-D0150,PF-C00330,Simple,Insufficient,Insufficient,True,Explanation generation,0.5407491870968422,0.8199716962385284,0.7636654002139167,352.68911487435366,0.008207872102262264
PF-P01,PF-D0151,PF-C00331,Simple,Clear,Clear,True,Explanation generation,0.8430698279793887,0.9012376227932156,1.0,390.8666052740968,0.007786577582179804
PF-P02,PF-D0152,PF-C00332,Simple,Clear,Clear,True,Explanation generation,0.7561588144659612,0.9112685851616318,1.0,436.03699346243883,0.008314185081437908
PF-P03,PF-D0153,PF-C00333,Simple,Review,Review,True,Explanation generation,0.7789822816839497,0.8140387335804141,1.0,358.8959028149736,0.009256815935358622
PF-P04,PF-D0154,PF-C00334,Simple,Review,Review,True,Explanation generation,0.7463853543594325,0.8337204916848419,1.0,479.610426908437,0.009410826683597747
PF-P05,PF-D0155,PF-C00335,Simple,Escalate,Clear,False,Explanation generation,0.6751223266335793,0.8035746648442309,0.8738159587900065,360.8496670168235,0.009706126489375223
PF-P06,PF-D0156,PF-C00336,Moderate,Review,Review,True,Explanation generation,0.38020010288696643,0.4304873178484967,0.6761558106078047,483.4799560556535,0.008066852106177528
PF-P01,PF-D0157,PF-C00337,Simple,Clear,Clear,True,Explanation generation,0.4275463705643617,0.7602296907385087,0.678148090333481,247.79099512532676,0.007917619028619727
PF-P02,PF-D0158,PF-C00338,Simple,Review,Review,True,Explanation generation,0.9039492248917226,0.8379576198782561,0.9776041864751258,496.3173186815186,0.009038319900657307
PF-P03,PF-D0159,PF-C00339,Moderate,Clear,Clear,True,Explanation generation,0.6815769262072969,0.5651126757299786,0.5313582345945782,406.0505986858458,0.007453370415812859
PF-P04,PF-D0160,PF-C00340,Simple,Review,Review,True,Explanation generation,0.45682592446890413,0.5081233105356607,0.9530557346007836,469.9375134912058,0.008659715430264349
PF-P05,PF-D0161,PF-C00341,Simple,Review,Insufficient,False,Explanation generation,0.47033570418122156,0.6087302924148635,0.759864669244182,448.0281159946695,0.006553859269795464
PF-P06,PF-D0162,PF-C00342,Simple,Clear,Insufficient,False,Explanation generation,0.5929370186143764,0.4693941153530633,0.8433892473588789,379.2764135390202,0.008562702962567193
PF-P01,PF-D0163,PF-C00343,Simple,Clear,Review,False,Explanation generation,0.2479959240299457,0.5274634586980844,0.8171393639641591,458.92111222203243,0.008985763306603379
PF-P02,PF-D0164,PF-C00344,Simple,Clear,Clear,True,Explanation generation,0.8012183034267725,0.8823486644539383,1.0,442.23538327252186,0.006781564670452397
PF-P03,PF-D0165,PF-C00345,Moderate,Review,Review,True,Explanation generation,0.6397969250710471,0.8008808300358824,0.9371030085011035,470.83910505123856,0.009612173446983223
PF-P04,PF-D0166,PF-C00346,Simple,Review,Clear,False,Explanation generation,0.9012040989086778,0.8870462504317042,0.9363061784774487,493.58562941348964,0.009261317393382509
PF-P05,PF-D0167,PF-C00347,Moderate,Clear,Escalate,False,Explanation generation,0.4125850999415226,0.16354289400098743,0.47510101369991536,406.0239580414949,0.008628253207059542
PF-P06,PF-D0168,PF-C00348,Simple,Review,Review,True,Explanation generation,0.8088956393829608,0.8360971751913745,0.8135471306839778,562.5921246200116,0.008372324421022153
PF-P01,PF-D0169,PF-C00349,Simple,Review,Review,True,Explanation generation,0.9358462468487001,0.8670194714234792,1.0,362.6599597526172,0.008193066398973055
PF-P02,PF-D0170,PF-C00350,Moderate,Insufficient,Insufficient,True,Explanation generation,0.7345965638576194,0.5335615894963481,0.4963617599776845,512.2622182828707,0.007470643929809062
PF-P03,PF-D0171,PF-C00351,Moderate,Insufficient,Review,False,Explanation generation,0.26898865607276934,0.21778211065118117,0.5131695263942081,375.82393771715084,0.008887455891051475
PF-P04,PF-D0172,PF-C00352,Moderate,Clear,Insufficient,False,Explanation generation,0.5380417885760672,0.45737203680703675,0.6550386907780676,607.671861499495,0.0076102747302218285
PF-P05,PF-D0173,PF-C00353,Simple,Review,Review,True,Explanation generation,0.8618202194268165,0.863147156871446,1.0,319.4526686788849,0.008880213700880393
PF-P06,PF-D0174,PF-C00354,Simple,Review,Review,True,Explanation generation,0.782043365095846,0.8677817229731092,0.8360676998859573,454.9131846570618,0.010124354495029112
PF-P01,PF-D0175,PF-C00355,Simple,Escalate,Review,False,Explanation generation,0.5184175916693158,0.5291684025653348,1.0,518.0695318449543,0.00812257955277382
PF-P02,PF-D0176,PF-C00356,Moderate,Clear,Clear,True,Explanation generation,0.518085192284599,0.41294046969728976,0.894365587605945,438.411755649692,0.008185071902508572
PF-P03,PF-D0177,PF-C00357,Simple,Clear,Clear,True,Explanation generation,0.7986764284111263,0.8031335211774123,1.0,370.0613862380343,0.008735721635257232
PF-P04,PF-D0178,PF-C00358,Simple,Clear,Clear,True,Explanation generation,0.5125858077200885,0.6662332723661774,0.8011766212391135,449.52421880895014,0.007218184294665239
PF-P05,PF-D0179,PF-C00359,Moderate,Clear,Clear,True,Explanation generation,0.38631934044599375,0.49233389724474347,0.7273644747387716,396.2238956849148,0.007597554059589634
PF-P06,PF-D0180,PF-C00360,Complex,Review,Clear,False,Explanation generation,0.2833595360134744,0.2151151775662252,0.6634815831600602,529.8211169685933,0.008538335679463584
PF-P01,PF-D0001,PF-C00361,Moderate,Review,Review,True,Explanation generation,0.40432426455894693,0.6173495884573105,0.8788413037543095,407.75373339900386,0.007167657188350836
PF-P02,PF-D0002,PF-C00362,Complex,Escalate,Clear,False,Explanation generation,0.14563882616066814,0.2842992851686961,0.6975843646552072,415.0799868742598,0.009609969500451532
PF-P03,PF-D0003,PF-C00363,Simple,Clear,Clear,True,Explanation generation,0.6792520573585156,0.7030252792560289,0.6924763200945299,357.9330501113341,0.008312641272399016
PF-P04,PF-D0004,PF-C00364,Simple,Insufficient,Insufficient,True,Explanation generation,0.5343478930124586,0.6670543797957775,0.657988752558805,476.17565970623974,0.01001211633056351
PF-P05,PF-D0005,PF-C00365,Simple,Clear,Clear,True,Explanation generation,0.8553484544969397,0.8607967020852744,0.8202629027617796,429.4942057535995,0.009177304875695139
PF-P06,PF-D0006,PF-C00366,Simple,Review,Review,True,Explanation generation,0.873170098881321,0.9352069336887404,1.0,385.781735489846,0.007274908325305352
PF-P01,PF-D0007,PF-C00367,Simple,Clear,Clear,True,Explanation generation,0.7742038939014154,0.7268812621581415,0.9151462830442723,487.52831484990367,0.008403386560773449
PF-P02,PF-D0008,PF-C00368,Simple,Insufficient,Insufficient,True,Explanation generation,0.8169357213361357,0.8733007477688077,1.0,435.4418224200628,0.007191803987588423
PF-P03,PF-D0009,PF-C00369,Simple,Insufficient,Review,False,Explanation generation,0.20009625698789457,0.4553358415266473,0.6406392309322185,352.33622756377855,0.007743092180719013
PF-P04,PF-D0010,PF-C00370,Moderate,Clear,Clear,True,Explanation generation,0.8461546939298998,0.7182610497411617,0.9510407214102563,352.29493414758997,0.00895940489046225
PF-P05,PF-D0011,PF-C00371,Simple,Clear,Clear,True,Explanation generation,0.8929626715298685,0.826798937397874,0.9702635873531014,439.25770989146827,0.008704206123558322
PF-P06,PF-D0012,PF-C00372,Simple,Review,Clear,False,Explanation generation,0.8490905919009722,0.7940944153303824,0.8347071088065441,415.54213863731246,0.009564664278115677
PF-P01,PF-D0013,PF-C00373,Moderate,Insufficient,Escalate,False,Explanation generation,0.4823063158158101,0.42055257070965973,0.6633524349913942,561.1449423180039,0.009824489745702727
PF-P02,PF-D0014,PF-C00374,Simple,Review,Review,True,Explanation generation,0.6588311306187896,0.6601751418106301,1.0,476.2342823142234,0.007897106947254843
PF-P03,PF-D0015,PF-C00375,Simple,Review,Review,True,Explanation generation,0.7289459331614329,0.7197211786936204,0.8223471556386539,351.34692631280046,0.010013128287887835
PF-P04,PF-D0016,PF-C00376,Simple,Review,Review,True,Explanation generation,0.7921965930972916,0.8664758897559192,1.0,439.04045738144976,0.008435924025137537
PF-P05,PF-D0017,PF-C00377,Moderate,Review,Review,True,Explanation generation,0.5714100953360342,0.6223181865239212,0.7262458924806627,402.14867595741634,0.009438709134249323
PF-P06,PF-D0018,PF-C00378,Simple,Clear,Clear,True,Explanation generation,0.7990327354029996,0.875822159182691,0.8917916185932906,426.67270515670646,0.007666022012452875
PF-P01,PF-D0019,PF-C00379,Moderate,Insufficient,Insufficient,True,Explanation generation,0.6242096265017644,0.7849029016843263,1.0,538.0712212774307,0.008373603069358667
PF-P02,PF-D0020,PF-C00380,Moderate,Review,Clear,False,Explanation generation,0.5383434615246664,0.48273039115033034,0.7545993329329321,556.6169298385512,0.007689527410050662
PF-P03,PF-D0021,PF-C00381,Simple,Review,Clear,False,Explanation generation,0.46104117343913237,0.45386419332673145,0.505420244590962,320.42321957957233,0.006115926955389474
PF-P04,PF-D0022,PF-C00382,Moderate,Clear,Clear,True,Explanation generation,0.7456998074390251,0.7529491254012397,0.8351690382825767,447.0667876652339,0.009624278187144321
PF-P05,PF-D0023,PF-C00383,Moderate,Insufficient,Insufficient,True,Explanation generation,0.23517347592315774,0.19398846791262842,0.8860072407185866,436.3236785395081,0.007169805267549543
PF-P06,PF-D0024,PF-C00384,Simple,Escalate,Clear,False,Explanation generation,0.7642334467794922,0.7457188310080292,0.9081711591995647,491.73707266317876,0.008282289355429018
PF-P01,PF-D0025,PF-C00385,Moderate,Clear,Clear,True,Explanation generation,0.634786336883684,0.7074238248364204,0.9822810967272897,341.12968361667697,0.007889903595750428
PF-P02,PF-D0026,PF-C00386,Simple,Review,Review,True,Explanation generation,0.739101094770524,0.8573659659626174,0.8514846298677513,369.19009895011817,0.00795120085767857
PF-P03,PF-D0027,PF-C00387,Simple,Insufficient,Insufficient,True,Explanation generation,0.7331483143770271,0.692250223055244,0.9714016299947984,452.67345465431254,0.0092387328148995
PF-P04,PF-D0028,PF-C00388,Simple,Insufficient,Insufficient,True,Explanation generation,0.5567935474760001,0.525077817317253,0.743932791488582,520.344418050932,0.009721405146310013
PF-P05,PF-D0029,PF-C00389,Simple,Clear,Insufficient,False,Explanation generation,0.4531908030477331,0.7932984340591352,0.8850053859120364,433.0340690423578,0.010318768545208565
PF-P06,PF-D0030,PF-C00390,Simple,Clear,Clear,True,Explanation generation,0.7136602624710021,0.7975054052254172,1.0,424.9748664728737,0.008041790536855161
PF-P01,PF-D0031,PF-C00391,Moderate,Clear,Clear,True,Explanation generation,0.8270492424909964,0.8950767739105371,0.7984238612196057,383.8161720807214,0.008996242439857093
PF-P02,PF-D0032,PF-C00392,Complex,Escalate,Clear,False,Explanation generation,0.46031947400415785,0.3944502764153564,0.592162899757921,478.4727209779063,0.013379287098754262
PF-P03,PF-D0033,PF-C00393,Simple,Review,Clear,False,Explanation generation,0.45305162211031463,0.49389625427666023,0.538427066441947,348.94430040015004,0.007802623739403713
PF-P04,PF-D0034,PF-C00394,Moderate,Clear,Clear,True,Explanation generation,0.6725434245943457,0.6963475934572655,0.8808839802924875,586.200076370277,0.008585157003900078
PF-P05,PF-D0035,PF-C00395,Simple,Clear,Clear,True,Explanation generation,0.5290638734647681,0.7543657438130736,1.0,506.8393180049764,0.009392598568062016
PF-P06,PF-D0036,PF-C00396,Moderate,Escalate,Escalate,True,Explanation generation,0.7431006580106686,0.7751503234725987,0.9637777269551138,386.69759193121956,0.008929300324946276
PF-P01,PF-D0037,PF-C00397,Simple,Insufficient,Review,False,Explanation generation,0.5657047534636978,0.7780286955977312,0.8928758376391652,372.2646723881554,0.009500826358448549
PF-P02,PF-D0038,PF-C00398,Simple,Clear,Clear,True,Explanation generation,0.808218130018708,0.7746859273537924,1.0,343.1480767693818,0.0092813110122076
PF-P03,PF-D0039,PF-C00399,Simple,Clear,Clear,True,Explanation generation,0.7624670046598069,0.7604285224954578,0.7903108217792696,366.87784453526785,0.008460893933231474
PF-P04,PF-D0040,PF-C00400,Moderate,Review,Review,True,Explanation generation,0.6168003931893882,0.6923219761587805,0.6010157269799622,470.9471574257069,0.007703634252403239
PF-P05,PF-D0041,PF-C00401,Moderate,Review,Insufficient,False,Explanation generation,0.6656741427264634,0.5541014135331245,0.9990966512852927,377.05263827316026,0.009405007157248626
PF-P06,PF-D0042,PF-C00402,Complex,Clear,Clear,True,Explanation generation,0.4311379833714585,0.377004007189747,0.7439288774508682,665.9825028644249,0.011255298301989182
PF-P01,PF-D0043,PF-C00403,Simple,Review,Review,True,Explanation generation,0.8631411883970547,0.8739951459504696,1.0,422.55443947314296,0.008271678829164233
PF-P02,PF-D0044,PF-C00404,Moderate,Review,Review,True,Explanation generation,0.6805407426209305,0.7047536301056206,0.9575837066009851,473.12466472566524,0.006520966711006446
PF-P03,PF-D0045,PF-C00405,Moderate,Escalate,Review,False,Explanation generation,0.43829011908636195,0.5168479556545147,0.6120483898886179,487.60964618310527,0.009283649468694543
PF-P04,PF-D0046,PF-C00406,Complex,Insufficient,Clear,False,Explanation generation,0.21659453083165828,0.27403305719133736,0.4641897434854455,573.8429407662318,0.009036739925330198
PF-P05,PF-D0047,PF-C00407,Simple,Clear,Clear,True,Explanation generation,0.7384161314802274,0.9056269604209591,1.0,376.70985697592255,0.008634266818309397
PF-P06,PF-D0048,PF-C00408,Simple,Insufficient,Insufficient,True,Explanation generation,0.9014211059181426,0.9324812465161388,1.0,347.2284807754104,0.009758699578617934
PF-P01,PF-D0049,PF-C00409,Simple,Escalate,Insufficient,False,Explanation generation,0.5327224924048531,0.5657347185514057,0.6925143355908507,354.1237232153594,0.01125830770416203
PF-P02,PF-D0050,PF-C00410,Moderate,Clear,Review,False,Explanation generation,0.4963404862077097,0.6288260566911864,0.5240167393289585,527.8541801832548,0.008024412223454245
PF-P03,PF-D0051,PF-C00411,Simple,Escalate,Escalate,True,Explanation generation,0.6945436023401754,0.7349356942283152,1.0,475.745006609873,0.008815634048130155
PF-P04,PF-D0052,PF-C00412,Complex,Escalate,Clear,False,Explanation generation,0.16300150742678138,0.43234205360623473,0.6933219044778366,661.8865540429117,0.012169030630997392
PF-P05,PF-D0053,PF-C00413,Complex,Clear,Clear,True,Explanation generation,0.5734344042061652,0.5252731769837291,1.0,459.8641265248926,0.012301240458060738
PF-P06,PF-D0054,PF-C00414,Simple,Clear,Clear,True,Explanation generation,0.7398456100058338,0.863667239471288,1.0,420.28119430986175,0.00894054776458042
PF-P01,PF-D0055,PF-C00415,Simple,Insufficient,Insufficient,True,Explanation generation,0.7582631993309082,0.8398363728473789,1.0,426.1471441245549,0.009463738769735122
PF-P02,PF-D0056,PF-C00416,Complex,Escalate,Clear,False,Explanation generation,0.2658714782931787,0.3761702585252219,0.6933548440098536,530.6749252365114,0.008801858161722145
PF-P03,PF-D0057,PF-C00417,Complex,Review,Review,True,Explanation generation,0.38138969124317407,0.46314398074388896,0.8515632931023822,529.1423954238298,0.009585333588985662
PF-P04,PF-D0058,PF-C00418,Moderate,Review,Review,True,Explanation generation,0.621918348755943,0.6445491779842917,0.699769059149988,371.2540751434633,0.009214646007032047
PF-P05,PF-D0059,PF-C00419,Simple,Clear,Clear,True,Explanation generation,0.8225716317906737,0.9019359690619806,1.0,390.21869605903447,0.008385755292455919
PF-P06,PF-D0060,PF-C00420,Moderate,Clear,Clear,True,Explanation generation,0.6086108363494882,0.7054594603359986,0.8145837716228348,436.5968792161443,0.009552788347203104
PF-P01,PF-D0061,PF-C00421,Moderate,Insufficient,Insufficient,True,Explanation generation,0.47740976982957223,0.4766038649761592,0.7354810132672817,431.34424426904457,0.009342857615879427
PF-P02,PF-D0062,PF-C00422,Simple,Review,Review,True,Explanation generation,0.8056554301490113,0.9178344538709168,0.9800875105477315,417.50185024879465,0.009331801339545595
PF-P03,PF-D0063,PF-C00423,Moderate,Insufficient,Insufficient,True,Explanation generation,0.45420357647156673,0.5428556772805613,0.7452251632288934,543.4935928718198,0.009643863133883795
PF-P04,PF-D0064,PF-C00424,Moderate,Review,Clear,False,Explanation generation,0.8219196130422451,0.7397577048799939,0.845971339401799,368.10855938042357,0.008715043662734505
PF-P05,PF-D0065,PF-C00425,Moderate,Insufficient,Clear,False,Explanation generation,0.6849134571409651,0.5281083714375518,0.7969727919675973,351.0964171504919,0.008632705832593146
PF-P06,PF-D0066,PF-C00426,Simple,Clear,Clear,True,Explanation generation,0.7824540033244385,0.818062715610311,1.0,366.0920939778485,0.009227847150519582
PF-P01,PF-D0067,PF-C00427,Complex,Clear,Review,False,Explanation generation,0.45542308299427964,0.39775714497996517,0.49335374734628884,466.65900703823974,0.010800353704904378
PF-P02,PF-D0068,PF-C00428,Simple,Clear,Clear,True,Explanation generation,0.5334407095301146,0.7119980462811712,0.7823723579016294,257.27112241880917,0.010363339415476893
PF-P03,PF-D0069,PF-C00429,Complex,Insufficient,Insufficient,True,Explanation generation,0.5856467321189639,0.3756870646422574,0.717739882518834,398.618986440043,0.011257091656731352
PF-P04,PF-D0070,PF-C00430,Complex,Escalate,Insufficient,False,Explanation generation,0.5592934875669687,0.35882265523335094,0.5606449938560423,463.9630883400992,0.011741846891973306
PF-P05,PF-D0071,PF-C00431,Moderate,Escalate,Review,False,Explanation generation,0.4282599823306994,0.339876082898408,0.5604454028855917,545.7600416231912,0.008911259997502993
PF-P06,PF-D0072,PF-C00432,Moderate,Escalate,Clear,False,Explanation generation,0.5604887801460574,0.405212300745523,0.6508089988344522,583.8435944778499,0.007686146977308914
PF-P01,PF-D0073,PF-C00433,Simple,Insufficient,Insufficient,True,Explanation generation,0.616940111782789,0.4865015047335217,0.7382864956440919,444.20351737646433,0.009434471456360496
PF-P02,PF-D0074,PF-C00434,Simple,Clear,Clear,True,Explanation generation,0.4979481430057945,0.9131275356160804,1.0,249.77910175744628,0.008242003011541946
PF-P03,PF-D0075,PF-C00435,Moderate,Insufficient,Insufficient,True,Explanation generation,0.8233886359617235,0.8607988698608581,1.0,524.5102690409144,0.009054034421799024
PF-P04,PF-D0076,PF-C00436,Complex,Review,Escalate,False,Explanation generation,0.20258531851411868,0.22593853166523617,0.6537467230455596,468.37864999216276,0.011303222028863864
PF-P05,PF-D0077,PF-C00437,Simple,Review,Review,True,Explanation generation,0.6673579204731847,0.7030162025532287,0.748323099296078,331.22987113662936,0.008424999669365257
PF-P06,PF-D0078,PF-C00438,Simple,Clear,Clear,True,Explanation generation,0.6872001840949681,0.8870608414259309,0.8447946953755928,444.15351158022133,0.006952211529481619
PF-P01,PF-D0079,PF-C00439,Simple,Insufficient,Insufficient,True,Explanation generation,0.8842218022582912,0.8800876737881049,1.0,522.4311270100734,0.008719625634430067
PF-P02,PF-D0080,PF-C00440,Simple,Clear,Clear,True,Explanation generation,0.6806330324273351,0.794776765659413,0.661780382795771,299.0128326356334,0.0077662767959852585
PF-P03,PF-D0081,PF-C00441,Simple,Review,Review,True,Explanation generation,0.7591741067381631,0.871037597873951,1.0,472.09289297605756,0.008412644395315885
PF-P04,PF-D0082,PF-C00442,Simple,Escalate,Clear,False,Explanation generation,0.9630689063210611,0.8829578399936054,0.9711050690359393,332.73346369183844,0.007205592626012802
PF-P05,PF-D0083,PF-C00443,Moderate,Clear,Clear,True,Explanation generation,0.43964299954597486,0.4078795463243,0.6926722899130425,550.8888655103142,0.01022844486399098
PF-P06,PF-D0084,PF-C00444,Moderate,Review,Clear,False,Explanation generation,0.8171164244876267,0.8650104601240678,0.8990982958910414,279.84894281975966,0.0072118628040651256
PF-P01,PF-D0085,PF-C00445,Complex,Clear,Clear,True,Explanation generation,0.5817767868901181,0.5071241302359311,0.7383910025328756,472.4290075413319,0.010076686233081831
PF-P02,PF-D0086,PF-C00446,Moderate,Review,Review,True,Explanation generation,0.5370445322693896,0.6979634868275744,0.7713774847559308,504.09460481346105,0.009481214648122785
PF-P03,PF-D0087,PF-C00447,Simple,Escalate,Escalate,True,Explanation generation,0.7329032179467085,0.64450777982296,0.8445616995739409,464.88090866635423,0.009847600836950675
PF-P04,PF-D0088,PF-C00448,Complex,Insufficient,Escalate,False,Explanation generation,0.16618442161450442,0.2848209049904488,0.7292446772970065,478.2494117381631,0.010937356419112348
PF-P05,PF-D0089,PF-C00449,Simple,Review,Insufficient,False,Explanation generation,0.6105825894713314,0.6045937235033514,0.8280039861213624,316.71150750242697,0.00942817731830948
PF-P06,PF-D0090,PF-C00450,Simple,Clear,Clear,True,Explanation generation,0.7872040507841865,0.84150039604927,0.8694829983091095,362.65838998174945,0.007908523734172326
PF-P01,PF-D0091,PF-C00451,Complex,Escalate,Clear,False,Explanation generation,0.41493072869816316,0.40967886174542517,0.6040143488590651,364.97099691146667,0.011426168978965484
PF-P02,PF-D0092,PF-C00452,Simple,Review,Review,True,Explanation generation,0.6290929242083425,0.7806774268843603,0.6624822550428577,340.3865437932172,0.007368469339766018
PF-P03,PF-D0093,PF-C00453,Simple,Clear,Clear,True,Explanation generation,0.39253790599708743,0.5660225561451371,0.6862445118575488,420.9079340062276,0.0098415827171138
PF-P04,PF-D0094,PF-C00454,Simple,Clear,Clear,True,Explanation generation,0.5521684571415008,0.5739107849313443,0.8449285022514598,300.0015305922493,0.007432696422134449
PF-P05,PF-D0095,PF-C00455,Simple,Clear,Clear,True,Explanation generation,0.8121011198240526,0.8005351815809929,1.0,409.57311073659065,0.007677354713666734
PF-P06,PF-D0096,PF-C00456,Simple,Clear,Clear,True,Explanation generation,0.573659800590455,0.7140762901351735,0.9902994600802302,320.2846861134603,0.00904488046199104
PF-P01,PF-D0097,PF-C00457,Moderate,Clear,Clear,True,Explanation generation,0.6170655754745967,0.7710673472666564,0.8705383020383901,377.68177964858126,0.007626448569625072
PF-P02,PF-D0098,PF-C00458,Simple,Clear,Review,False,Explanation generation,0.8371689526785663,0.8131360628482043,1.0,441.6127882458651,0.00866807479797651
PF-P03,PF-D0099,PF-C00459,Complex,Clear,Insufficient,False,Explanation generation,0.35126394056711646,0.38654475074332734,0.7533976404792488,482.13013224947485,0.007636586246072066
PF-P04,PF-D0100,PF-C00460,Moderate,Escalate,Insufficient,False,Explanation generation,0.5029072961208265,0.43574393449857873,0.703864079115523,421.3218381328102,0.009158705860524526
PF-P05,PF-D0101,PF-C00461,Simple,Insufficient,Insufficient,True,Explanation generation,0.2873703829937373,0.47529755703159393,0.8408020862314506,351.07150224750217,0.009343122318093599
PF-P06,PF-D0102,PF-C00462,Simple,Clear,Clear,True,Explanation generation,0.643139376639655,0.6756671070979957,0.8681255633545648,565.1654502451493,0.008040906347010835
PF-P01,PF-D0103,PF-C00463,Complex,Escalate,Review,False,Explanation generation,0.34937444696953024,0.4094563854514343,0.6788867854375954,463.2611873524203,0.010111272808266571
PF-P02,PF-D0104,PF-C00464,Simple,Escalate,Clear,False,Explanation generation,0.6229827314397511,0.6090168237863679,0.5075879246902422,465.6924003380163,0.008828537332145043
PF-P03,PF-D0105,PF-C00465,Simple,Clear,Clear,True,Explanation generation,0.7716632006565555,0.8487661732592785,0.9239235568905717,368.5368257929382,0.00685774475174685
PF-P04,PF-D0106,PF-C00466,Simple,Clear,Clear,True,Explanation generation,0.8348258168668927,0.7399355190373857,0.7064799770762842,367.6318828513169,0.008267420900767593
PF-P05,PF-D0107,PF-C00467,Complex,Insufficient,Review,False,Explanation generation,0.7270625471573092,0.5465977715215465,0.9242318134813362,463.0622455679631,0.010482443924916473
PF-P06,PF-D0108,PF-C00468,Simple,Clear,Clear,True,Explanation generation,0.8599809320828693,0.8820422882466478,0.9896939156528789,286.92515121803444,0.0075160012554129
PF-P01,PF-D0109,PF-C00469,Moderate,Clear,Clear,True,Explanation generation,0.9328010269893874,0.8211431928942761,0.6172922974946297,461.2623919460552,0.008089308855735654
PF-P02,PF-D0110,PF-C00470,Moderate,Escalate,Clear,False,Explanation generation,0.3903378276488546,0.4007145741104649,0.5204640226839317,492.9671192701384,0.007524805251123367
PF-P03,PF-D0111,PF-C00471,Simple,Review,Review,True,Explanation generation,0.35883302921784765,0.3589549469971156,0.7515294392482341,495.52478428383176,0.00799188132181562
PF-P04,PF-D0112,PF-C00472,Simple,Review,Review,True,Explanation generation,0.6233167327926437,0.5872486684096448,0.7564404193035934,362.01656544383223,0.007221846010170495
PF-P05,PF-D0113,PF-C00473,Simple,Clear,Clear,True,Explanation generation,0.7010065348139192,0.8551959328291103,0.9837180483793269,455.0549767896304,0.008665771485946943
PF-P06,PF-D0114,PF-C00474,Simple,Clear,Clear,True,Explanation generation,0.825941524890375,0.7836389758489624,0.9965937148523396,375.4024196328073,0.008401457973788195
PF-P01,PF-D0115,PF-C00475,Simple,Clear,Clear,True,Explanation generation,0.46729979222200757,0.5519512628418581,0.7494611159793525,377.89557974782286,0.009908638351277331
PF-P02,PF-D0116,PF-C00476,Simple,Review,Review,True,Explanation generation,0.5929090481137995,0.766158313180889,0.7005376176986975,494.5501433708658,0.008111286935437579
PF-P03,PF-D0117,PF-C00477,Complex,Review,Review,True,Explanation generation,0.6427947566045019,0.5985200936252693,0.9081690603152203,671.9766557673886,0.010701528282126265
PF-P04,PF-D0118,PF-C00478,Simple,Clear,Clear,True,Explanation generation,0.6812506813506378,0.7007092076797713,1.0,396.1245456687689,0.007712341331479925
PF-P05,PF-D0119,PF-C00479,Moderate,Insufficient,Escalate,False,Explanation generation,0.2918757916661221,0.346212739160109,0.7309873128890821,439.87626321441894,0.006801039260980087
PF-P06,PF-D0120,PF-C00480,Moderate,Review,Clear,False,Explanation generation,0.568266308545215,0.5281897134450687,0.7345228406814562,401.17693157631936,0.009075005337681054
PF-P01,PF-D0121,PF-C00481,Complex,Insufficient,Insufficient,True,Explanation generation,0.3423037683887173,0.3828444184534169,0.7978110916577626,597.8032247287388,0.01059574038543822
PF-P02,PF-D0122,PF-C00482,Moderate,Clear,Clear,True,Explanation generation,0.6992222081811299,0.7483157435033663,0.8914782983807368,413.59562367804796,0.00899923362295936
PF-P03,PF-D0123,PF-C00483,Simple,Clear,Clear,True,Explanation generation,0.5250697952993335,0.6264098750576034,1.0,507.3222526208102,0.009521830677214089
PF-P04,PF-D0124,PF-C00484,Complex,Insufficient,Review,False,Explanation generation,0.2738348804521243,0.19216750095112992,0.6032797378862053,372.35310077434974,0.011140128936433803
PF-P05,PF-D0125,PF-C00485,Simple,Clear,Clear,True,Explanation generation,0.6635204014075778,0.6470791413261117,0.7596889652892604,375.7426975581348,0.008042971776094292
PF-P06,PF-D0126,PF-C00486,Moderate,Clear,Clear,True,Explanation generation,0.3104620299326517,0.4263210493217267,0.8584108620643005,423.49779807399443,0.008506922738475073
PF-P01,PF-D0127,PF-C00487,Simple,Escalate,Clear,False,Explanation generation,0.5940040222751303,0.6691054331457422,0.9955728419071875,541.9263129981899,0.00927257556832431
PF-P02,PF-D0128,PF-C00488,Moderate,Escalate,Escalate,True,Explanation generation,0.5902323808566103,0.47471535050187885,0.6678770952688009,505.7067227979442,0.008570501501552086
PF-P03,PF-D0129,PF-C00489,Simple,Review,Insufficient,False,Explanation generation,0.5006010832423687,0.6147432633230671,1.0,161.4778741866635,0.007808018288885646
PF-P04,PF-D0130,PF-C00490,Moderate,Escalate,Clear,False,Explanation generation,0.5848507499024772,0.47476745525126607,0.7204934830854364,526.3193601995326,0.007831721358569495
PF-P05,PF-D0131,PF-C00491,Simple,Clear,Clear,True,Explanation generation,0.9214934832689843,0.9296499255850474,1.0,330.6759213793469,0.009678916868497655
PF-P06,PF-D0132,PF-C00492,Simple,Clear,Clear,True,Explanation generation,0.4318530609137532,0.7453699861324264,0.7524201884355202,445.355959509952,0.007457672370041845
PF-P01,PF-D0133,PF-C00493,Simple,Escalate,Escalate,True,Explanation generation,0.789229948619765,0.7464831309231924,0.819776301909612,482.4211783861713,0.00909258401320886
PF-P02,PF-D0134,PF-C00494,Moderate,Clear,Escalate,False,Explanation generation,0.5220622305008251,0.5412155023767573,0.7501317990136519,421.3928570932447,0.0069950225264887745
PF-P03,PF-D0135,PF-C00495,Moderate,Review,Review,True,Explanation generation,0.3600658669467085,0.5076776032254868,0.6967506408406586,529.1889686951318,0.008921508778697011
PF-P04,PF-D0136,PF-C00496,Moderate,Insufficient,Review,False,Explanation generation,0.6052468055016481,0.7337244127021845,0.9091326090717359,483.9951804585861,0.009171996055404712
PF-P05,PF-D0137,PF-C00497,Simple,Insufficient,Insufficient,True,Explanation generation,0.7763493862719066,0.8430807086722419,0.8760778718239366,454.1014521839782,0.010356767848579501
PF-P06,PF-D0138,PF-C00498,Simple,Review,Review,True,Explanation generation,0.735366845484429,0.8386870597714299,0.7279155044973321,484.181435735057,0.006677689658085149
PF-P01,PF-D0139,PF-C00499,Simple,Clear,Clear,True,Explanation generation,0.5514012141047648,0.5763421364269761,0.708485982859484,501.4781640537862,0.008943001585943387
PF-P02,PF-D0140,PF-C00500,Moderate,Insufficient,Insufficient,True,Explanation generation,0.5440895989988773,0.4843258562246543,0.8399410065668028,374.2051838407357,0.009715170674015564
PF-P03,PF-D0141,PF-C00501,Simple,Clear,Clear,True,Explanation generation,0.6240233909024716,0.6951597419321716,0.9245853218230431,560.8175814121058,0.009937178866411664
PF-P04,PF-D0142,PF-C00502,Simple,Clear,Clear,True,Explanation generation,0.8011379140931174,0.9040464625104286,1.0,341.75824200787775,0.009625005794163748
PF-P05,PF-D0143,PF-C00503,Simple,Review,Review,True,Explanation generation,0.8794848997573751,0.916892217788774,0.919417904911157,378.2829796295291,0.00833806767655765
PF-P06,PF-D0144,PF-C00504,Moderate,Clear,Clear,True,Explanation generation,0.5813295012563137,0.539833744109985,0.7788477456264147,486.97940346364317,0.00900260850477723
PF-P01,PF-D0145,PF-C00505,Simple,Clear,Clear,True,Explanation generation,0.7597338857403263,0.6933699485959648,0.800079291737475,509.0373909686526,0.009696384223254518
PF-P02,PF-D0146,PF-C00506,Simple,Review,Review,True,Explanation generation,0.44543968600784717,0.7231151320023873,0.7681368173813367,398.52876258150246,0.007917832970470946
PF-P03,PF-D0147,PF-C00507,Simple,Clear,Clear,True,Explanation generation,0.687151972513091,0.8293440677821694,0.9601524144383143,407.83201260816475,0.0072260383877328594
PF-P04,PF-D0148,PF-C00508,Simple,Clear,Clear,True,Explanation generation,0.8761481046688614,0.9070900350041672,1.0,518.3666907923644,0.009881383110088196
PF-P05,PF-D0149,PF-C00509,Simple,Review,Review,True,Explanation generation,0.8106288148428287,0.8239686467073288,0.8691540152942568,321.03892138304457,0.006905686217518926
PF-P06,PF-D0150,PF-C00510,Simple,Clear,Review,False,Explanation generation,0.6388787912582028,0.6514614689595168,0.8647632134724035,424.79465828925925,0.008055042524418684
PF-P01,PF-D0151,PF-C00511,Simple,Insufficient,Insufficient,True,Explanation generation,0.8042493372290758,0.8526628545041502,0.9185375486568379,446.8671702593258,0.007238658795862609
PF-P02,PF-D0152,PF-C00512,Simple,Clear,Clear,True,Explanation generation,0.5688120824730482,0.8260885941264282,0.7878318823364023,380.7003025660767,0.007979164136799508
PF-P03,PF-D0153,PF-C00513,Moderate,Insufficient,Insufficient,True,Explanation generation,0.6166660784829952,0.7157099146444017,0.8218908547119742,407.4631285446331,0.00829187364449779
PF-P04,PF-D0154,PF-C00514,Moderate,Escalate,Clear,False,Explanation generation,0.4062045127079295,0.5645144694706847,0.9644190352664008,522.8034246649306,0.007962854280022469
PF-P05,PF-D0155,PF-C00515,Moderate,Clear,Insufficient,False,Explanation generation,0.2528983944370928,0.4351798200806887,0.8208159803994194,510.72407700027986,0.007939850740739725
PF-P06,PF-D0156,PF-C00516,Simple,Escalate,Escalate,True,Explanation generation,0.7718377044938374,0.8437204760796099,0.8843014598207308,430.5116344577806,0.00894932628822186
PF-P01,PF-D0157,PF-C00517,Moderate,Clear,Clear,True,Explanation generation,0.6359795062979029,0.7405007670855175,0.6781367388812796,511.74288428994873,0.0076959778635137255
PF-P02,PF-D0158,PF-C00518,Simple,Clear,Clear,True,Explanation generation,0.8123023284790412,0.82404562606016,1.0,402.51568735700215,0.00977900510843236
PF-P03,PF-D0159,PF-C00519,Complex,Escalate,Insufficient,False,Explanation generation,0.39868965519006866,0.40600596730408595,0.6219999192831958,400.25596000898054,0.01093917512725581
PF-P04,PF-D0160,PF-C00520,Complex,Insufficient,Clear,False,Explanation generation,0.18545119858713519,0.2141911628863665,0.7609575441217996,569.2844574339626,0.010596399500360334
PF-P05,PF-D0161,PF-C00521,Moderate,Insufficient,Review,False,Explanation generation,0.26355193868358834,0.34965715170100803,0.8000802110008682,434.053947416975,0.007365760915955877
PF-P06,PF-D0162,PF-C00522,Simple,Clear,Review,False,Explanation generation,0.4851911775127173,0.6114203616996985,0.6913025006096373,517.6409833976722,0.007402267423564185
PF-P01,PF-D0163,PF-C00523,Moderate,Review,Clear,False,Explanation generation,0.6830753146881899,0.5562191574555865,1.0,467.3542047572382,0.007348841194327263
PF-P02,PF-D0164,PF-C00524,Simple,Insufficient,Insufficient,True,Explanation generation,0.8914447891214972,0.9043937093245719,1.0,416.722967423527,0.007487331927152851
PF-P03,PF-D0165,PF-C00525,Complex,Insufficient,Clear,False,Explanation generation,0.4498498170560919,0.4027221379894421,0.7195609931835573,350.6679496919754,0.008672366325613214
PF-P04,PF-D0166,PF-C00526,Simple,Escalate,Insufficient,False,Explanation generation,0.7132018095187762,0.6263780263519371,0.8383821666036689,454.5560863906223,0.008355795669549224
PF-P05,PF-D0167,PF-C00527,Complex,Escalate,Clear,False,Explanation generation,0.3300249966354725,0.24302393299277616,0.6001120841059546,560.2877431934467,0.010686631253865713
PF-P06,PF-D0168,PF-C00528,Moderate,Review,Review,True,Explanation generation,0.577738671739041,0.6154645955274719,0.9127921344519832,553.3530339815267,0.009126657932090018
PF-P01,PF-D0169,PF-C00529,Simple,Clear,Clear,True,Explanation generation,0.4605306552324192,0.7519923938087302,0.7916700217727927,509.0755957173325,0.00859311017350748
PF-P02,PF-D0170,PF-C00530,Moderate,Clear,Clear,True,Explanation generation,0.41085363413174547,0.5872567950160569,0.596098594321937,417.7854663845,0.008373780752795023
PF-P03,PF-D0171,PF-C00531,Moderate,Review,Review,True,Explanation generation,0.5194757207645637,0.7381385311724599,0.991134566067975,351.5860718064003,0.00758304208873818
PF-P04,PF-D0172,PF-C00532,Simple,Clear,Clear,True,Explanation generation,0.8265019792433347,0.817515221278631,0.758939559024212,442.38350863700947,0.01005519906391536
PF-P05,PF-D0173,PF-C00533,Complex,Review,Review,True,Explanation generation,0.48547481215503424,0.3400621398348333,0.8596191342337413,381.3326587406593,0.011062918903987189
PF-P06,PF-D0174,PF-C00534,Moderate,Escalate,Escalate,True,Explanation generation,0.6123008368651093,0.49888909782931073,0.9368319242448649,478.44916944148974,0.0103269187531943
PF-P01,PF-D0175,PF-C00535,Simple,Insufficient,Insufficient,True,Explanation generation,0.515719756925576,0.6896871019583393,1.0,305.97361229841636,0.00881822233108771
PF-P02,PF-D0176,PF-C00536,Simple,Clear,Clear,True,Explanation generation,0.65248539549258,0.7149293256595534,0.7552019231226907,550.1626656890302,0.009753922565983723
PF-P03,PF-D0177,PF-C00537,Simple,Escalate,Escalate,True,Explanation generation,0.8704384076780876,0.8183118698663583,1.0,432.54120861533295,0.007941465710660574
PF-P04,PF-D0178,PF-C00538,Simple,Escalate,Escalate,True,Explanation generation,0.7228300765901127,0.7878053675369681,0.9290335911121526,444.89689293484594,0.00972176047460198
PF-P05,PF-D0179,PF-C00539,Simple,Clear,Clear,True,Explanation generation,0.681955908754897,0.6633394337349944,0.6506845371939214,508.58704539625114,0.008644076595010845
PF-P06,PF-D0180,PF-C00540,Simple,Clear,Clear,True,Explanation generation,0.6985533330062673,0.7675887625628292,0.9213182611303206,406.81412139551213,0.008393513661020417
PF-P01,PF-D0001,PF-C00541,Moderate,Insufficient,Insufficient,True,Explanation generation,0.45875966624923603,0.4153006103334604,0.598455894164971,355.6542883030146,0.008331575985019088
PF-P02,PF-D0002,PF-C00542,Moderate,Review,Review,True,Explanation generation,0.7287187639144445,0.7032219277994457,1.0,423.3818111383426,0.007158244493899478
PF-P03,PF-D0003,PF-C00543,Simple,Review,Insufficient,False,Explanation generation,0.7721278120857623,0.7458376518393284,1.0,354.81250239533955,0.008494620720708662
PF-P04,PF-D0004,PF-C00544,Simple,Insufficient,Review,False,Explanation generation,0.6264272973315035,0.7699034923145144,0.9219677336894975,310.3718843922236,0.0083179564244662
PF-P05,PF-D0005,PF-C00545,Complex,Escalate,Escalate,True,Explanation generation,0.13930033838488762,0.15096853414481431,0.8575352416417193,428.07469604979696,0.010888301830963499
PF-P06,PF-D0006,PF-C00546,Simple,Clear,Clear,True,Explanation generation,0.619708146000888,0.6871149009285475,0.6536358678371296,498.7817800364307,0.008174898924519131
PF-P01,PF-D0007,PF-C00547,Moderate,Clear,Clear,True,Explanation generation,0.5695694350736289,0.5522121407788786,0.5607095241958522,482.90365790987846,0.0087040186793951
PF-P02,PF-D0008,PF-C00548,Moderate,Review,Review,True,Explanation generation,0.6405303954745031,0.8045263969997647,0.8292473809881277,451.6702739293,0.007821139311764792
PF-P03,PF-D0009,PF-C00549,Moderate,Review,Review,True,Explanation generation,0.8358320946502172,0.837067716108857,0.7114893001362196,381.00267104307267,0.008416448058077182
PF-P04,PF-D0010,PF-C00550,Moderate,Clear,Clear,True,Explanation generation,0.39615452889100256,0.6475416536562069,0.7044174461870722,408.29994001341265,0.0063167446157834746
PF-P05,PF-D0011,PF-C00551,Moderate,Review,Insufficient,False,Explanation generation,0.7053059664572415,0.5312744562019385,0.8425885141682317,355.5496336394933,0.008511155701208691
PF-P06,PF-D0012,PF-C00552,Moderate,Clear,Clear,True,Explanation generation,0.7734911531388998,0.7907237492340291,0.8468596689475824,561.6989145343598,0.007968392103870263
PF-P01,PF-D0013,PF-C00553,Simple,Insufficient,Review,False,Explanation generation,0.6996473470654291,0.6652485237959903,0.9594526490406744,366.92291313315263,0.009801017084928436
PF-P02,PF-D0014,PF-C00554,Simple,Escalate,Clear,False,Explanation generation,0.6989773783812698,0.7806675373879626,1.0,396.73970404505724,0.008157539197215173
PF-P03,PF-D0015,PF-C00555,Simple,Clear,Review,False,Explanation generation,0.833498577650975,0.8850853278986923,0.6361204279727273,419.9586213182253,0.010574643217248977
PF-P04,PF-D0016,PF-C00556,Simple,Clear,Clear,True,Explanation generation,0.705148216860313,0.816186968313987,0.5868768894363218,424.2427448136215,0.009324169350780077
PF-P05,PF-D0017,PF-C00557,Simple,Clear,Clear,True,Explanation generation,0.672547904928686,0.708092004412956,0.5399634999798346,517.5077451521262,0.009344551345499167
PF-P06,PF-D0018,PF-C00558,Moderate,Review,Clear,False,Explanation generation,0.7001116120121111,0.7153839914091664,0.9647890927954256,477.1145575068197,0.007950309140270966
PF-P01,PF-D0019,PF-C00559,Complex,Insufficient,Clear,False,Explanation generation,0.7370775707625071,0.3965451561352882,0.4753284386258204,542.548847299741,0.010867091276631253
PF-P02,PF-D0020,PF-C00560,Simple,Insufficient,Insufficient,True,Explanation generation,0.5105314281078458,0.7039468084526814,1.0,365.4852598346407,0.007058064843493808
PF-P03,PF-D0021,PF-C00561,Simple,Review,Review,True,Explanation generation,0.8325300416954541,0.7824268080464251,0.8723059575371763,436.10379750642545,0.008107145934181914
PF-P04,PF-D0022,PF-C00562,Simple,Clear,Clear,True,Explanation generation,0.36797129051723937,0.5957057283025061,0.7455117061384311,333.89001633028374,0.008128543769273501
PF-P05,PF-D0023,PF-C00563,Complex,Clear,Clear,True,Explanation generation,0.6708900502872414,0.5258298362949785,0.6234800692682585,514.6084805522414,0.010189234955334322
PF-P06,PF-D0024,PF-C00564,Simple,Insufficient,Insufficient,True,Explanation generation,0.7410509188210764,0.739774968964839,0.8183349728330813,534.2097361274849,0.008995904543303897
PF-P01,PF-D0025,PF-C00565,Moderate,Escalate,Review,False,Explanation generation,0.8684911996038571,0.7952840728768179,1.0,372.86380626396067,0.007105648308429122
PF-P02,PF-D0026,PF-C00566,Simple,Insufficient,Insufficient,True,Explanation generation,0.5865058915877707,0.7067750066689676,0.6130220891528315,345.97937456484624,0.007257583640412585
PF-P03,PF-D0027,PF-C00567,Complex,Clear,Insufficient,False,Explanation generation,0.5767538506597142,0.3660023004681874,0.9520404762523804,520.7396091668769,0.011033562439890923
PF-P04,PF-D0028,PF-C00568,Simple,Review,Review,True,Explanation generation,0.6302352886303758,0.8243245847281927,0.8193411025323929,446.30611512929437,0.009120157024108299
PF-P05,PF-D0029,PF-C00569,Moderate,Clear,Clear,True,Explanation generation,0.8449079087684448,0.8729057593728052,1.0,407.96868578448715,0.008890478735578296
PF-P06,PF-D0030,PF-C00570,Simple,Clear,Clear,True,Explanation generation,0.7402897342215613,0.9380794339702523,1.0,307.08312274688046,0.01011907165832072
PF-P01,PF-D0031,PF-C00571,Complex,Escalate,Escalate,True,Explanation generation,0.6669340916226447,0.33325281748893687,0.6683478815618149,460.05589118223793,0.010191392716617346
PF-P02,PF-D0032,PF-C00572,Simple,Review,Clear,False,Explanation generation,0.7798439095776533,0.7273786435456576,0.9662412025599021,391.8667614367999,0.008155045664533681
PF-P03,PF-D0033,PF-C00573,Moderate,Clear,Clear,True,Explanation generation,0.49955513855002676,0.34944374190325367,0.5687475029043543,465.3654558286105,0.007977795992597313
PF-P04,PF-D0034,PF-C00574,Simple,Review,Review,True,Explanation generation,0.7660977843937479,0.5871299675981668,0.6992947754567879,366.45853310152165,0.009450896604242314
PF-P05,PF-D0035,PF-C00575,Moderate,Insufficient,Insufficient,True,Explanation generation,0.385128236365915,0.41135393047538843,0.708947829608399,457.54827511707634,0.010157661214126095
PF-P06,PF-D0036,PF-C00576,Complex,Review,Review,True,Explanation generation,0.5737100036477911,0.4030355569996946,0.8115540939615187,322.5494243262415,0.009002479130231555
PF-P01,PF-D0037,PF-C00577,Simple,Clear,Clear,True,Explanation generation,0.7830508658867706,0.7984131410069053,0.8712757958799529,380.53131845171316,0.007202058407394294
PF-P02,PF-D0038,PF-C00578,Complex,Clear,Review,False,Explanation generation,0.33038844575228826,0.40506462105313423,0.6136467389468035,480.4299663337068,0.010116048015829479
PF-P03,PF-D0039,PF-C00579,Simple,Clear,Clear,True,Explanation generation,0.7236814346484106,0.8416121339662983,1.0,407.5002596427922,0.007991052050313968
PF-P04,PF-D0040,PF-C00580,Simple,Clear,Insufficient,False,Explanation generation,0.43590773722784193,0.3796827565841465,0.8631597109588647,455.97886363143016,0.008306514027962779
PF-P05,PF-D0041,PF-C00581,Simple,Insufficient,Clear,False,Explanation generation,0.9047722468227619,0.9314487067841308,0.759448781648656,491.92831138148733,0.009337834108768338
PF-P06,PF-D0042,PF-C00582,Simple,Insufficient,Clear,False,Explanation generation,0.6570764020864923,0.7280699391978473,0.970736624081342,336.2595187324156,0.006457975469837169
PF-P01,PF-D0043,PF-C00583,Moderate,Insufficient,Escalate,False,Explanation generation,0.31453649643060516,0.31001662138467506,0.5275140982359973,442.52532727234467,0.007315020452595365
PF-P02,PF-D0044,PF-C00584,Moderate,Escalate,Insufficient,False,Explanation generation,0.6046204292460873,0.7017748968352977,0.917949838468768,338.6000342042454,0.007590380713376682
PF-P03,PF-D0045,PF-C00585,Moderate,Escalate,Insufficient,False,Explanation generation,0.6050918313833955,0.41545273298410634,0.6432029782127516,505.11018930897745,0.008506445240640705
PF-P04,PF-D0046,PF-C00586,Simple,Insufficient,Insufficient,True,Explanation generation,0.551023815502558,0.4441325410595314,0.7643650317485298,361.83998751201705,0.010450854812966457
PF-P05,PF-D0047,PF-C00587,Complex,Review,Insufficient,False,Explanation generation,0.46670592718341286,0.3193014130383682,0.5427080230410493,514.6229110141744,0.010219672848701638
PF-P06,PF-D0048,PF-C00588,Simple,Insufficient,Insufficient,True,Explanation generation,0.5902880716597985,0.6226470227755259,0.82996762262409,455.886124144102,0.00943919120337825
PF-P01,PF-D0049,PF-C00589,Simple,Clear,Clear,True,Explanation generation,0.8852069597367094,0.8972201303244846,1.0,520.7952737210265,0.007345362883539234
PF-P02,PF-D0050,PF-C00590,Simple,Clear,Clear,True,Explanation generation,0.7044667435598473,0.7407290827604918,0.963113536971924,304.49922453114704,0.009458060828103803
PF-P03,PF-D0051,PF-C00591,Simple,Review,Review,True,Explanation generation,0.8209535470784332,0.8504270893021492,0.9571536373149506,389.3237521707343,0.008688053237235115
PF-P04,PF-D0052,PF-C00592,Simple,Insufficient,Review,False,Explanation generation,0.7422936215131377,0.8735228092816076,1.0,482.27669551331155,0.008384106805268942
PF-P05,PF-D0053,PF-C00593,Simple,Clear,Clear,True,Explanation generation,0.7500637925903983,0.9150339692012416,0.8728294765897834,480.1711467250328,0.006786356077878515
PF-P06,PF-D0054,PF-C00594,Simple,Clear,Clear,True,Explanation generation,0.7842842099234485,0.8712704585317107,0.9905692277617634,271.3935184703138,0.007720334289398847
PF-P01,PF-D0055,PF-C00595,Simple,Clear,Clear,True,Explanation generation,0.6404375520843755,0.8931833914043864,1.0,438.3918027020093,0.008423101173078974
PF-P02,PF-D0056,PF-C00596,Moderate,Insufficient,Insufficient,True,Explanation generation,0.44698342414847064,0.5264873063728706,0.6815436235395158,342.03559282099974,0.008488329178427454
PF-P03,PF-D0057,PF-C00597,Simple,Review,Clear,False,Explanation generation,0.8551952249640608,0.8624843645603587,0.9481728125980605,440.3310122171343,0.008720674036302431
PF-P04,PF-D0058,PF-C00598,Moderate,Clear,Review,False,Explanation generation,0.8300619154339932,0.7439500115565476,0.9522996106915088,336.7275438171227,0.007878697647958458
PF-P05,PF-D0059,PF-C00599,Simple,Review,Review,True,Explanation generation,0.7608928973382538,0.7627257457832476,1.0,392.5257592029481,0.0081755618330652
PF-P06,PF-D0060,PF-C00600,Simple,Review,Review,True,Explanation generation,0.6074198570353482,0.661037485988659,1.0,483.3067538335816,0.00853657881300788
PF-P01,PF-D0061,PF-C00601,Simple,Review,Review,True,Explanation generation,0.696049778229899,0.8028240388100136,0.8795675222526366,382.41326985240374,0.007624619055506488
PF-P02,PF-D0062,PF-C00602,Simple,Clear,Clear,True,Explanation generation,0.8670347718801179,0.8981568552987054,1.0,274.8687082345974,0.006465145484547394
PF-P03,PF-D0063,PF-C00603,Complex,Insufficient,Escalate,False,Explanation generation,0.512928263968767,0.26417639643070256,0.8211120787627217,413.8611710227775,0.012444909463491638
PF-P04,PF-D0064,PF-C00604,Simple,Insufficient,Insufficient,True,Explanation generation,0.8651960661617627,0.8758238960915555,0.9960397998021965,469.0842674026687,0.008088491418817286
PF-P05,PF-D0065,PF-C00605,Complex,Escalate,Insufficient,False,Explanation generation,0.35249470788223486,0.2824545831885716,0.6550766155939866,502.1371886671521,0.011388271425963535
PF-P06,PF-D0066,PF-C00606,Complex,Review,Review,True,Explanation generation,0.6173713289213061,0.40043080366812384,0.575937616774133,538.581840133954,0.010931606062591087
PF-P01,PF-D0067,PF-C00607,Moderate,Review,Review,True,Explanation generation,0.853873055084669,0.6992128612778207,1.0,505.37865587701447,0.010129022709823741
PF-P02,PF-D0068,PF-C00608,Simple,Escalate,Clear,False,Explanation generation,0.7525240949653373,0.6294225241561353,0.9177478531649707,390.98298642336255,0.010450214306226098
PF-P03,PF-D0069,PF-C00609,Moderate,Escalate,Clear,False,Explanation generation,0.6412871025839717,0.5912422213567214,0.6099013820537142,505.8223079487311,0.008576994134812362
PF-P04,PF-D0070,PF-C00610,Simple,Clear,Clear,True,Explanation generation,0.7136137088476356,0.9616114780389804,1.0,356.295592681126,0.008777283213928105
PF-P05,PF-D0071,PF-C00611,Simple,Review,Review,True,Explanation generation,0.5412991711475863,0.7350154227123742,1.0,534.1330117239747,0.008015408858952654
PF-P06,PF-D0072,PF-C00612,Moderate,Review,Clear,False,Explanation generation,0.5840236735596295,0.6034946812370358,1.0,385.660163461108,0.008852289066056855
PF-P01,PF-D0073,PF-C00613,Simple,Insufficient,Insufficient,True,Explanation generation,0.7267210560735496,0.7753089475962073,0.9051329479217628,515.8528503273966,0.006114099153831867
PF-P02,PF-D0074,PF-C00614,Simple,Review,Clear,False,Explanation generation,0.49338460907983894,0.5699565272087872,0.8531190742112083,506.5107382321,0.006681599882526408
PF-P03,PF-D0075,PF-C00615,Simple,Review,Clear,False,Explanation generation,0.7629625492796578,0.5863974810414183,0.8844981445375935,402.9702862077671,0.007666009084986393
PF-P04,PF-D0076,PF-C00616,Complex,Clear,Clear,True,Explanation generation,0.5680931655678354,0.6420855452178361,0.7235843647068941,574.9359539203688,0.008757582253130277
PF-P05,PF-D0077,PF-C00617,Simple,Escalate,Review,False,Explanation generation,0.5250131114290119,0.7497690332782256,0.8308663097342707,373.91009651850743,0.009070687007452366
PF-P06,PF-D0078,PF-C00618,Moderate,Clear,Clear,True,Explanation generation,0.24104428747445372,0.5018096597046275,0.7491308422825664,416.8373045579627,0.008737735207531475
PF-P01,PF-D0079,PF-C00619,Simple,Clear,Clear,True,Explanation generation,0.9077042360577058,0.9054952931223786,0.9721075224692901,459.59260656921634,0.009230884525831618
PF-P02,PF-D0080,PF-C00620,Simple,Escalate,Escalate,True,Explanation generation,0.7769579901847877,0.8293120830465928,1.0,316.3630604004128,0.007564994033504639
PF-P03,PF-D0081,PF-C00621,Simple,Clear,Clear,True,Explanation generation,0.716719518835443,0.7381984042554097,0.8091183316011907,431.2673092577396,0.009366319507294852
PF-P04,PF-D0082,PF-C00622,Simple,Clear,Clear,True,Explanation generation,0.8629634225990551,0.8868820616141531,0.8968303771349608,452.10373063517227,0.00990960685198426
PF-P05,PF-D0083,PF-C00623,Simple,Clear,Clear,True,Explanation generation,0.6358805252990308,0.4510617568484943,0.769756254300974,523.5631772958628,0.008165422592865231
PF-P06,PF-D0084,PF-C00624,Simple,Clear,Clear,True,Explanation generation,0.8848833033373965,0.8726445480468339,0.9261631106890853,504.85091165752317,0.008421707695377029
PF-P01,PF-D0085,PF-C00625,Simple,Review,Review,True,Explanation generation,0.8284334832234325,0.8169394136977164,0.8974172534415459,401.44296268184326,0.010917426741194888
PF-P02,PF-D0086,PF-C00626,Simple,Insufficient,Insufficient,True,Explanation generation,0.7818476048130178,0.8012280741326794,1.0,518.6848721143531,0.008924260354481761
PF-P03,PF-D0087,PF-C00627,Simple,Escalate,Escalate,True,Explanation generation,0.3574301056492221,0.7245817324636451,0.851305157696322,446.1105949597544,0.011079660538168543
PF-P04,PF-D0088,PF-C00628,Simple,Clear,Clear,True,Explanation generation,0.4957313470720255,0.6030412036396213,0.8545989963281783,533.188055417775,0.009647245624124515
PF-P05,PF-D0089,PF-C00629,Moderate,Escalate,Clear,False,Explanation generation,0.5473333115433475,0.603641398458551,0.8440761041739244,488.071504247586,0.009290856484673184
PF-P06,PF-D0090,PF-C00630,Simple,Review,Review,True,Explanation generation,0.538032380108426,0.4939912876939857,0.9636193224969658,268.0919148841699,0.007526365066888886
PF-P01,PF-D0091,PF-C00631,Simple,Review,Review,True,Explanation generation,0.5931689178804308,0.6393720569959648,0.592747287272156,289.8895376043607,0.008571257041175201
PF-P02,PF-D0092,PF-C00632,Moderate,Review,Review,True,Explanation generation,0.7024484234658562,0.7092080207116492,0.8365628236453642,408.9736367190865,0.009280528037641624
PF-P03,PF-D0093,PF-C00633,Simple,Escalate,Escalate,True,Explanation generation,0.8090128064516805,0.6317739614159619,1.0,360.8204420949576,0.007254289329936971
PF-P04,PF-D0094,PF-C00634,Complex,Insufficient,Clear,False,Explanation generation,0.48005550381341144,0.4215386925780366,0.5978474695356202,489.53105905791193,0.011313756030016092
PF-P05,PF-D0095,PF-C00635,Simple,Escalate,Review,False,Explanation generation,0.5205653711508121,0.5947893347521753,0.5926520478514494,304.67905020637875,0.007439832287325581
PF-P06,PF-D0096,PF-C00636,Simple,Review,Review,True,Explanation generation,0.4943147585803404,0.4251664453762537,0.7309359473215242,277.084917604671,0.0073986942841287266
PF-P01,PF-D0097,PF-C00637,Simple,Clear,Clear,True,Explanation generation,0.4376070929974065,0.8028096147270469,0.9275724853755211,363.5367644255763,0.008873547148277506
PF-P02,PF-D0098,PF-C00638,Moderate,Review,Review,True,Explanation generation,0.7305690938869986,0.7116329417585849,0.9079780511460885,421.6017809062022,0.009203623125371072
PF-P03,PF-D0099,PF-C00639,Simple,Escalate,Review,False,Explanation generation,0.708715956097136,0.7924069858410099,1.0,433.6164283013957,0.008948155342640807
PF-P04,PF-D0100,PF-C00640,Simple,Clear,Clear,True,Explanation generation,0.5160861472620709,0.4402266783520667,0.872565759175386,470.1116567168213,0.009011712880248293
PF-P05,PF-D0101,PF-C00641,Moderate,Review,Escalate,False,Explanation generation,0.37835693364599743,0.37193509318666185,0.6826189943810216,542.0431181798457,0.009508710999956017
PF-P06,PF-D0102,PF-C00642,Simple,Clear,Clear,True,Explanation generation,0.9023220522365811,0.8042399618182234,0.8406578435619099,414.2042779558922,0.008215568578602922
PF-P01,PF-D0103,PF-C00643,Simple,Clear,Clear,True,Explanation generation,0.7561303749861855,0.8078912701616922,0.8815386315718011,394.1846020561607,0.008165479681199298
PF-P02,PF-D0104,PF-C00644,Simple,Clear,Clear,True,Explanation generation,0.7424627802416229,0.8385615701042586,0.956743317814664,404.075961688721,0.00789304745357529
PF-P03,PF-D0105,PF-C00645,Simple,Clear,Clear,True,Explanation generation,0.5077065774762417,0.8263927708064664,0.9655724569202747,378.4043698325908,0.008447086788575454
PF-P04,PF-D0106,PF-C00646,Moderate,Review,Review,True,Explanation generation,0.5647404038594476,0.5159741119283883,0.6610646866388058,327.31820900002754,0.007799038132531758
PF-P05,PF-D0107,PF-C00647,Simple,Escalate,Review,False,Explanation generation,0.783793012304879,0.6354375556876473,0.928635351325896,287.1393521298819,0.008170470604241913
PF-P06,PF-D0108,PF-C00648,Simple,Review,Review,True,Explanation generation,0.6852700460019342,0.8400885915931672,0.9212242468376206,474.1657728405636,0.009146838217304597
PF-P01,PF-D0109,PF-C00649,Moderate,Insufficient,Review,False,Explanation generation,0.7042213956004902,0.700786930288418,0.7078798052337832,444.7883750591281,0.007783825538821687
PF-P02,PF-D0110,PF-C00650,Moderate,Clear,Clear,True,Explanation generation,0.5997220172649068,0.6718335129375578,0.8954794193057992,457.5138277125533,0.008827595461358884
PF-P03,PF-D0111,PF-C00651,Moderate,Escalate,Escalate,True,Explanation generation,0.3455351645893509,0.5076288450046825,0.7554151089401938,400.3634688029315,0.010706722212974876
PF-P04,PF-D0112,PF-C00652,Simple,Clear,Escalate,False,Explanation generation,0.6556562302645573,0.6714280711530038,0.62163219742231,410.04459782369617,0.010053052818095619
PF-P05,PF-D0113,PF-C00653,Simple,Insufficient,Insufficient,True,Explanation generation,0.811843820454045,0.6544148500230174,1.0,486.39614037011535,0.008975196851807131
PF-P06,PF-D0114,PF-C00654,Simple,Insufficient,Insufficient,True,Explanation generation,0.5518861972079803,0.46706495727023944,0.7914633030885566,348.74910457905645,0.007928792624159376
PF-P01,PF-D0115,PF-C00655,Moderate,Review,Clear,False,Explanation generation,0.625137439248383,0.6989792127461294,0.8143523274179505,552.9561639398564,0.00969160824679157
PF-P02,PF-D0116,PF-C00656,Moderate,Clear,Clear,True,Explanation generation,0.8026894287743436,0.8880101510767149,0.9013421293515855,350.33696737234106,0.010241121076697465
PF-P03,PF-D0117,PF-C00657,Simple,Insufficient,Insufficient,True,Explanation generation,0.851508511825556,0.7173164072733333,0.931204428336629,385.83164730945765,0.01065389743187481
PF-P04,PF-D0118,PF-C00658,Simple,Clear,Clear,True,Explanation generation,0.7976551913428496,0.8482692883183047,0.9656156263300896,274.5190489100347,0.008698675273644381
PF-P05,PF-D0119,PF-C00659,Simple,Escalate,Escalate,True,Explanation generation,0.8085662501735219,0.7424721190907347,0.9874215436015098,413.38756845609294,0.007017014546796443
PF-P06,PF-D0120,PF-C00660,Simple,Insufficient,Insufficient,True,Explanation generation,0.5643574291238306,0.5272008405284098,0.8390961775474542,358.4524412224111,0.009739768467581223
PF-P01,PF-D0121,PF-C00661,Moderate,Clear,Insufficient,False,Explanation generation,0.3041664429230751,0.2330215225827198,0.7275996168085668,473.5655139863663,0.008461259230798365
PF-P02,PF-D0122,PF-C00662,Moderate,Clear,Clear,True,Explanation generation,0.654867241027783,0.7880047746297861,0.867125398597066,415.824337824561,0.006631841248692204
PF-P03,PF-D0123,PF-C00663,Simple,Insufficient,Review,False,Explanation generation,0.7184598474777488,0.8009780952465584,0.8945829042842869,331.13535272558556,0.009111194082971907
PF-P04,PF-D0124,PF-C00664,Simple,Review,Review,True,Explanation generation,0.8462736044017839,0.8553958209369855,0.8540380141295495,428.5476637166349,0.008879118957818458
PF-P05,PF-D0125,PF-C00665,Simple,Clear,Clear,True,Explanation generation,0.6768616178590672,0.6826517309548906,0.47246726889766,442.9033198158966,0.007375080178752944
PF-P06,PF-D0126,PF-C00666,Simple,Escalate,Escalate,True,Explanation generation,0.8084011124858899,0.7686661681470712,0.9062937583959947,401.0994417789118,0.008484694076450217
PF-P01,PF-D0127,PF-C00667,Complex,Insufficient,Insufficient,True,Explanation generation,0.27912756793051297,0.41979990112685983,0.7323196096020287,546.9006171028892,0.0102296780965008
PF-P02,PF-D0128,PF-C00668,Complex,Insufficient,Insufficient,True,Explanation generation,0.8343865826269432,0.43364927473602227,0.539435003155863,504.66232555375393,0.010575628617982669
PF-P03,PF-D0129,PF-C00669,Simple,Review,Clear,False,Explanation generation,0.5973025302228417,0.7241025109666188,0.8975287163442881,389.16294338606974,0.0059896394567286685
PF-P04,PF-D0130,PF-C00670,Moderate,Clear,Clear,True,Explanation generation,0.6884498997177161,0.793364956257326,0.8482075299690509,424.9225882575428,0.007798978518926025
PF-P05,PF-D0131,PF-C00671,Moderate,Escalate,Escalate,True,Explanation generation,0.7519807520808136,0.3707630750881999,0.8805361565540835,462.84734017798706,0.006821539972144634
PF-P06,PF-D0132,PF-C00672,Complex,Review,Escalate,False,Explanation generation,0.3919492013083654,0.19455020207383988,0.6423634310168097,533.8377483846581,0.009242928410667376
PF-P01,PF-D0133,PF-C00673,Complex,Insufficient,Clear,False,Explanation generation,0.6181593139834635,0.5007747255906103,0.826579067279726,483.4627303552697,0.010514066811966564
PF-P02,PF-D0134,PF-C00674,Simple,Escalate,Escalate,True,Explanation generation,0.7762017800504757,0.7822903443622126,0.9535837509307423,470.65318800983437,0.008005571722872779
PF-P03,PF-D0135,PF-C00675,Simple,Clear,Clear,True,Explanation generation,0.5216262320199379,0.7097417185738801,0.7617697597908384,297.55854437947016,0.008010469090641516
PF-P04,PF-D0136,PF-C00676,Complex,Clear,Review,False,Explanation generation,0.164555939344292,0.2990675403040382,0.5480022807660112,506.5345009217341,0.010328561727943693
PF-P05,PF-D0137,PF-C00677,Simple,Clear,Clear,True,Explanation generation,0.6909860792971793,0.8213799024236689,0.8395524443608637,361.8408316815314,0.009183130863235998
PF-P06,PF-D0138,PF-C00678,Simple,Insufficient,Insufficient,True,Explanation generation,0.5345571900825166,0.619607057766508,0.8229509597781512,332.5406285562681,0.0086485004402734
PF-P01,PF-D0139,PF-C00679,Simple,Escalate,Clear,False,Explanation generation,0.8150965908463608,0.7989534646564761,0.8906960703835558,453.0833490791422,0.008826087060295374
PF-P02,PF-D0140,PF-C00680,Complex,Review,Review,True,Explanation generation,0.38604590045136433,0.40585547341532663,0.5583173927243257,490.40625227156795,0.011224713945580488
PF-P03,PF-D0141,PF-C00681,Moderate,Escalate,Insufficient,False,Explanation generation,0.2706450274581408,0.3267415346759164,0.7668525172540261,395.50842073554435,0.007610698347166935
PF-P04,PF-D0142,PF-C00682,Moderate,Clear,Clear,True,Explanation generation,0.6392084221090624,0.6834937006668564,1.0,434.0210275955958,0.008296652641503194
PF-P05,PF-D0143,PF-C00683,Moderate,Clear,Escalate,False,Explanation generation,0.4653327318011883,0.3831919938019422,0.9496092667372575,449.23137400981255,0.00853134866852988
PF-P06,PF-D0144,PF-C00684,Simple,Review,Clear,False,Explanation generation,0.3997560951482522,0.3739306243146241,0.7607701193655619,403.20664783798,0.007530197094892009
PF-P01,PF-D0145,PF-C00685,Complex,Review,Insufficient,False,Explanation generation,0.4785218015253243,0.16851164531191049,0.490735096168496,441.765489613587,0.008870782681081893
PF-P02,PF-D0146,PF-C00686,Simple,Clear,Clear,True,Explanation generation,0.5845635179028222,0.6329063738054482,0.8524847092532523,424.78257147552716,0.00807953699754587
PF-P03,PF-D0147,PF-C00687,Moderate,Clear,Review,False,Explanation generation,0.6487344784393755,0.47981448054789194,0.6295229846156327,496.98985986752587,0.006998630111976422
PF-P04,PF-D0148,PF-C00688,Complex,Insufficient,Clear,False,Explanation generation,0.2049571748239165,0.13873458533650496,0.2748452238517905,516.8077943590365,0.011840229148838713
PF-P05,PF-D0149,PF-C00689,Simple,Clear,Clear,True,Explanation generation,0.7655532292377357,0.881485411665188,0.9827703064308609,492.19724034952264,0.007396931275434814
PF-P06,PF-D0150,PF-C00690,Complex,Clear,Clear,True,Explanation generation,0.5613485738613625,0.4216561349877864,0.386705965067621,403.53722614613616,0.009285613994063429
PF-P01,PF-D0151,PF-C00691,Simple,Clear,Escalate,False,Explanation generation,0.6884954054462217,0.6061774977994595,1.0,360.99514084126497,0.007250984883540061
PF-P02,PF-D0152,PF-C00692,Complex,Clear,Insufficient,False,Explanation generation,0.37083020563647584,0.23771143996281652,0.725115846128836,596.1777344104655,0.011907765389149123
PF-P03,PF-D0153,PF-C00693,Simple,Review,Review,True,Explanation generation,0.8850795860415901,0.8147218570733663,1.0,280.29928213572884,0.009924141298387562
PF-P04,PF-D0154,PF-C00694,Simple,Review,Clear,False,Explanation generation,0.7007883611693497,0.6851542281643014,0.7594824760384503,459.33446309002096,0.008576485771370951
PF-P05,PF-D0155,PF-C00695,Simple,Clear,Clear,True,Explanation generation,0.6507747423978992,0.8291320411391944,0.7317893177610496,344.2800757320893,0.009421828945827784
PF-P06,PF-D0156,PF-C00696,Simple,Insufficient,Clear,False,Explanation generation,0.6222613088918434,0.5212331374649845,0.8642118279063082,446.9939469012297,0.00893419911972007
PF-P01,PF-D0157,PF-C00697,Moderate,Review,Review,True,Explanation generation,0.7679140847829153,0.6852675014358267,0.8408887472814198,479.1631305869889,0.006376126108024243
PF-P02,PF-D0158,PF-C00698,Moderate,Insufficient,Insufficient,True,Explanation generation,0.4993436714803663,0.6204941816962958,1.0,528.098188859007,0.010470537076861155
PF-P03,PF-D0159,PF-C00699,Simple,Clear,Clear,True,Explanation generation,0.3872497821595088,0.6067784772211031,0.9352889718972793,311.2624050876527,0.007594009912252991
PF-P04,PF-D0160,PF-C00700,Complex,Escalate,Insufficient,False,Explanation generation,0.3572901564028774,0.2986593586240239,0.6195993446709283,479.94949511195534,0.009641993939813524
PF-P05,PF-D0161,PF-C00701,Moderate,Clear,Clear,True,Explanation generation,0.4990925293587128,0.6082013097139108,1.0,360.06657498041966,0.010484331843040456
PF-P06,PF-D0162,PF-C00702,Moderate,Escalate,Escalate,True,Explanation generation,0.35492252575204686,0.435475886223677,0.6567429523827122,396.2263850799808,0.008879609219918174
PF-P01,PF-D0163,PF-C00703,Moderate,Insufficient,Clear,False,Explanation generation,0.703939461754704,0.6738388800899702,0.6354783505904238,492.7646082893801,0.009186184971116665
PF-P02,PF-D0164,PF-C00704,Complex,Clear,Insufficient,False,Explanation generation,0.09243152509912028,0.2063713560766992,0.6492927913723915,431.5282583223334,0.010906726244999878
PF-P03,PF-D0165,PF-C00705,Simple,Review,Review,True,Explanation generation,0.6849456103703025,0.7079946542079776,0.9693871300664331,291.65685875116463,0.00845767697935064
PF-P04,PF-D0166,PF-C00706,Simple,Clear,Review,False,Explanation generation,0.2881580370702507,0.4331776912576277,0.42683487247986407,425.32248384785794,0.008391967272709196
PF-P05,PF-D0167,PF-C00707,Simple,Clear,Clear,True,Explanation generation,0.4845284969012282,0.43465755718001575,0.728016286215538,384.829526700154,0.009552550981926625
PF-P06,PF-D0168,PF-C00708,Simple,Clear,Clear,True,Explanation generation,0.8347333876079492,0.7893043213370052,0.7594883285384593,512.2932539509,0.008771164624394472
PF-P01,PF-D0169,PF-C00709,Simple,Clear,Clear,True,Explanation generation,0.36974126861154627,0.6908153078642001,0.8808285381458616,271.91479239225214,0.008843211529420053
PF-P02,PF-D0170,PF-C00710,Simple,Review,Review,True,Explanation generation,0.4189894609610136,0.5294992536167044,0.7744743760233287,366.18787893944284,0.006106619106961375
PF-P03,PF-D0171,PF-C00711,Moderate,Review,Review,True,Explanation generation,0.6218403987274043,0.8761097382689108,0.9960340734843741,490.5962818563869,0.008612727386146452
PF-P04,PF-D0172,PF-C00712,Simple,Clear,Clear,True,Explanation generation,0.8235650315021872,0.8573489478852576,1.0,390.61570841843024,0.007604674724143748
PF-P05,PF-D0173,PF-C00713,Moderate,Escalate,Escalate,True,Explanation generation,0.7432117515918292,0.7949616197972806,0.6135519340443814,402.33185816389164,0.008060159711440243
PF-P06,PF-D0174,PF-C00714,Moderate,Escalate,Clear,False,Explanation generation,0.5774783153540798,0.5945679559050561,0.8885228847422025,549.6033334678141,0.008814120629138002
PF-P01,PF-D0175,PF-C00715,Complex,Clear,Insufficient,False,Explanation generation,0.33086000761577256,0.18155897507518384,0.7634267701525358,490.5944494481554,0.01162485445945203
PF-P02,PF-D0176,PF-C00716,Moderate,Escalate,Review,False,Explanation generation,0.1929434281988582,0.3868924337103378,0.7027720469000632,507.69658035550833,0.008615027549215613
PF-P03,PF-D0177,PF-C00717,Simple,Clear,Clear,True,Explanation generation,0.8694629037802003,0.9311381697213924,1.0,472.93540194106515,0.008329202987970158
PF-P04,PF-D0178,PF-C00718,Complex,Clear,Clear,True,Explanation generation,0.3562575746105138,0.2996152482658107,0.6831503503491879,436.3903283279148,0.009529827345174758
PF-P05,PF-D0179,PF-C00719,Simple,Escalate,Escalate,True,Explanation generation,0.47178629321913157,0.5220265834211147,1.0,494.52085542237944,0.007743003277025099
PF-P06,PF-D0180,PF-C00720,Simple,Clear,Clear,True,Explanation generation,0.7370874325557805,0.8175470945791714,1.0,362.6239297341805,0.007563410489181141
PF-P01,PF-D0001,PF-C00721,Moderate,Clear,Clear,True,Explanation generation,0.5206736646656583,0.5259350430874508,0.9449441299367642,392.11915632984284,0.009238784480888652
PF-P02,PF-D0002,PF-C00722,Simple,Escalate,Clear,False,Explanation generation,0.5336744687807292,0.7373454448126,0.712233020874753,433.3338197804944,0.008865886423927606
PF-P03,PF-D0003,PF-C00723,Simple,Clear,Clear,True,Explanation generation,0.7536890118860954,0.773801361832837,0.688237394157679,383.8098973918754,0.008829170802848495
PF-P04,PF-D0004,PF-C00724,Simple,Escalate,Clear,False,Explanation generation,0.5179070154208458,0.8575784709041708,0.6997579490242551,323.61592950433976,0.008229111803243795
PF-P05,PF-D0005,PF-C00725,Simple,Review,Review,True,Explanation generation,0.6037580098636853,0.5015960731834564,0.5412204690203275,405.0041926751456,0.008757463446056477
PF-P06,PF-D0006,PF-C00726,Moderate,Review,Review,True,Explanation generation,0.4078044017183309,0.5294057088218677,0.6620101127521616,528.2828198781833,0.00818104203070105
PF-P01,PF-D0007,PF-C00727,Moderate,Clear,Clear,True,Explanation generation,0.5924548608988264,0.6624507270369836,0.7515127864533017,222.8319685146584,0.007697551565574132
PF-P02,PF-D0008,PF-C00728,Simple,Review,Review,True,Explanation generation,0.5365436415269611,0.7046320733477007,0.7444470060040518,452.0867801772115,0.00659351606255572
PF-P03,PF-D0009,PF-C00729,Moderate,Clear,Clear,True,Explanation generation,0.7253711818217086,0.8242404014406652,1.0,411.8729702695517,0.008375857362161414
PF-P04,PF-D0010,PF-C00730,Simple,Review,Review,True,Explanation generation,0.6900570405895236,0.8697699149649978,0.8808385448368274,511.97882512839084,0.006615901257148175
PF-P05,PF-D0011,PF-C00731,Simple,Insufficient,Insufficient,True,Explanation generation,0.6872248652410579,0.7090200321314757,1.0,467.03419289790344,0.008886628837815998
PF-P06,PF-D0012,PF-C00732,Moderate,Review,Review,True,Explanation generation,0.5357376784405614,0.6738740404702578,0.9460120230503674,611.2399676149796,0.008095037345610498
PF-P01,PF-D0013,PF-C00733,Moderate,Clear,Escalate,False,Explanation generation,0.19576905160148808,0.21851970413043406,0.7232598119832077,473.57599675169735,0.008745692043198609
PF-P02,PF-D0014,PF-C00734,Complex,Clear,Review,False,Explanation generation,0.28735064965506063,0.2711445634864114,0.54261439618213,609.4621762258995,0.0112168434259887
PF-P03,PF-D0015,PF-C00735,Simple,Review,Review,True,Explanation generation,0.7125994205714219,0.8371141884109116,1.0,282.29559724910314,0.008026928490274015
PF-P04,PF-D0016,PF-C00736,Complex,Insufficient,Review,False,Explanation generation,0.23731628352250306,0.08644585220229373,0.4952593148694507,419.1503758235102,0.009991977950239721
PF-P05,PF-D0017,PF-C00737,Simple,Escalate,Escalate,True,Explanation generation,0.2705012047728366,0.6673408895988536,0.7552598948589099,431.4422706470014,0.0071580079019299536
PF-P06,PF-D0018,PF-C00738,Simple,Clear,Clear,True,Explanation generation,0.4605044746169026,0.6015012884145386,0.5632353448595757,379.01184045137796,0.009322469701431196
PF-P01,PF-D0019,PF-C00739,Simple,Review,Review,True,Explanation generation,0.8527206486278797,0.9035566293721685,0.8990303774041817,331.80894134036146,0.009436085933697786
PF-P02,PF-D0020,PF-C00740,Simple,Clear,Clear,True,Explanation generation,0.7242880183687361,0.8261839776532174,1.0,425.9224540766016,0.008262814215257933
PF-P03,PF-D0021,PF-C00741,Moderate,Insufficient,Insufficient,True,Explanation generation,0.49838097748522747,0.4819163492604802,0.8444756114991121,396.30020705836495,0.007553744312137753
PF-P04,PF-D0022,PF-C00742,Moderate,Insufficient,Review,False,Explanation generation,0.8730790716030918,0.7951374827085164,1.0,395.9329646148256,0.009133483170336503
PF-P05,PF-D0023,PF-C00743,Complex,Clear,Clear,True,Explanation generation,0.30720058163557323,0.4547875353094829,1.0,441.71484534959893,0.01087840622379628
PF-P06,PF-D0024,PF-C00744,Simple,Clear,Clear,True,Explanation generation,0.7892939875008907,0.73447637511987,1.0,311.4079630588067,0.008400998348308323
PF-P01,PF-D0025,PF-C00745,Simple,Clear,Clear,True,Explanation generation,0.6136087252339743,0.685260275527404,0.5978145132675216,323.6996737245021,0.008306453619275534
PF-P02,PF-D0026,PF-C00746,Simple,Insufficient,Insufficient,True,Explanation generation,0.542530708587233,0.4470133900821278,0.979022515126966,312.22597367184136,0.008558718925417414
PF-P03,PF-D0027,PF-C00747,Simple,Review,Review,True,Explanation generation,0.41075390678243473,0.5361629722346638,0.7046632382768151,361.6353572185771,0.008172925109221036
PF-P04,PF-D0028,PF-C00748,Simple,Clear,Clear,True,Explanation generation,0.8924049774414816,0.9326811133583249,1.0,205.730347578999,0.008926927986800039
PF-P05,PF-D0029,PF-C00749,Simple,Review,Review,True,Explanation generation,0.7558336530581787,0.8269298105295927,0.7068513392823894,373.5568490723496,0.009957373116623858
PF-P06,PF-D0030,PF-C00750,Simple,Review,Review,True,Explanation generation,0.8226841609414912,0.6638206444846994,0.8534555458457205,438.14200432739466,0.009333602793503938
PF-P01,PF-D0031,PF-C00751,Complex,Clear,Clear,True,Explanation generation,0.5252053601367414,0.5525697817687849,1.0,588.6915462318592,0.008157294188122584
PF-P02,PF-D0032,PF-C00752,Moderate,Escalate,Escalate,True,Explanation generation,0.4348946303214491,0.34423911220108,0.7832992936218368,354.0748672114489,0.011375340318049272
PF-P03,PF-D0033,PF-C00753,Complex,Clear,Clear,True,Explanation generation,0.7449227250833645,0.5712509205260419,0.8191869153206119,485.0277216724235,0.010748859742156355
PF-P04,PF-D0034,PF-C00754,Simple,Review,Review,True,Explanation generation,0.40847104739065776,0.6671283263919121,0.8226092409740737,324.50366224034445,0.007393208076846316
PF-P05,PF-D0035,PF-C00755,Simple,Review,Review,True,Explanation generation,0.7947828010176243,0.8934462683778001,1.0,347.79965007118767,0.009794477110050544
PF-P06,PF-D0036,PF-C00756,Simple,Clear,Clear,True,Explanation generation,0.908209769833847,0.9029793678249335,0.8235867748506778,543.0374086825672,0.00986499053342112
PF-P01,PF-D0037,PF-C00757,Complex,Review,Review,True,Explanation generation,0.6264779878529112,0.6485999533087,0.9182151697641907,409.3244039730673,0.010142801627946866
PF-P02,PF-D0038,PF-C00758,Moderate,Clear,Escalate,False,Explanation generation,0.4621648248638727,0.27268109327057255,0.6104717379493385,471.0589133276243,0.009651909324134372
PF-P03,PF-D0039,PF-C00759,Simple,Review,Review,True,Explanation generation,0.8350952092687914,0.7946910950809644,0.8985059434434428,364.6856540895216,0.007331137875289943
PF-P04,PF-D0040,PF-C00760,Simple,Clear,Clear,True,Explanation generation,0.7416969412294456,0.8076272767338177,0.9826901874228553,430.0355220010514,0.00864645118073645
PF-P05,PF-D0041,PF-C00761,Simple,Clear,Clear,True,Explanation generation,0.7421390326373489,0.8321507099746163,1.0,407.5788701252121,0.009021854766350135
PF-P06,PF-D0042,PF-C00762,Moderate,Review,Review,True,Explanation generation,0.6441096542929027,0.5694790300583161,0.9223308629389236,533.9944652756235,0.009307254879252463
PF-P01,PF-D0043,PF-C00763,Moderate,Clear,Clear,True,Explanation generation,0.7207226666026594,0.7016738274063598,0.7198292745604202,437.70067667799196,0.008543469588083835
PF-P02,PF-D0044,PF-C00764,Simple,Clear,Clear,True,Explanation generation,0.8576530189438577,0.8550191289925619,1.0,390.0122738904678,0.006390370456023394
PF-P03,PF-D0045,PF-C00765,Simple,Clear,Clear,True,Explanation generation,0.4558427738756914,0.574785054202865,0.7772084343985528,489.28048527479183,0.00797790471326641
PF-P04,PF-D0046,PF-C00766,Complex,Insufficient,Review,False,Explanation generation,0.8026180077527183,0.6522713674271752,1.0,511.5978475180079,0.010179582699545397
PF-P05,PF-D0047,PF-C00767,Moderate,Clear,Clear,True,Explanation generation,0.4759670491024768,0.6796431208377243,0.8644302957107179,481.73314570427846,0.007822899065442713
PF-P06,PF-D0048,PF-C00768,Complex,Clear,Review,False,Explanation generation,0.7382142421105631,0.5739569566768994,0.7259552090537401,465.48073415878264,0.009677917370670471
PF-P01,PF-D0049,PF-C00769,Moderate,Review,Review,True,Explanation generation,0.5422294077450556,0.6276082658570806,0.7150490086619575,432.5674964589507,0.007712432905776012
PF-P02,PF-D0050,PF-C00770,Moderate,Clear,Insufficient,False,Explanation generation,0.5412936347421917,0.5489784117547525,0.8838309791697615,424.92702586018015,0.008089422361090576
PF-P03,PF-D0051,PF-C00771,Moderate,Review,Review,True,Explanation generation,0.785298309481148,0.7380922765188982,0.9713375459184936,443.0639541676712,0.0074672638902081884
PF-P04,PF-D0052,PF-C00772,Simple,Clear,Clear,True,Explanation generation,0.5831676566001213,0.6211805513794731,0.6674362711941618,368.00925825694424,0.008380231041011372
PF-P05,PF-D0053,PF-C00773,Complex,Clear,Insufficient,False,Explanation generation,0.19411578768079915,0.2884306779296247,0.7243380578106804,542.7090672955655,0.010421641320016897
PF-P06,PF-D0054,PF-C00774,Moderate,Review,Escalate,False,Explanation generation,0.5374861675003658,0.5152650785846961,0.8669764853371973,492.9837600439671,0.009399004378959857
PF-P01,PF-D0055,PF-C00775,Simple,Escalate,Escalate,True,Explanation generation,0.6242827343826365,0.7875381862638703,0.8239740488976728,448.4499180321843,0.009064562070540657
PF-P02,PF-D0056,PF-C00776,Simple,Clear,Clear,True,Explanation generation,0.728566577003726,0.87081690585057,0.8764580956666992,336.95582276065215,0.009371507649687586
PF-P03,PF-D0057,PF-C00777,Complex,Review,Review,True,Explanation generation,0.4085300761535624,0.35153645312283915,0.6728275789491407,407.2351664857128,0.008458686090379195
PF-P04,PF-D0058,PF-C00778,Simple,Clear,Clear,True,Explanation generation,0.7206541635740545,0.73863953979573,0.8357750980756666,293.2453001078536,0.009147169807972665
PF-P05,PF-D0059,PF-C00779,Moderate,Escalate,Clear,False,Explanation generation,0.43828177789515294,0.6826013150822876,0.8354559570216797,382.92594068052966,0.009226781638466013
PF-P06,PF-D0060,PF-C00780,Simple,Review,Review,True,Explanation generation,0.7401167096397042,0.7493396963595529,0.7844590481802254,391.2773891980107,0.009342669215081006
PF-P01,PF-D0061,PF-C00781,Simple,Review,Review,True,Explanation generation,0.8869545731779648,0.7811767267840778,0.915734065942816,388.22927765202104,0.007471885229040963
PF-P02,PF-D0062,PF-C00782,Moderate,Clear,Escalate,False,Explanation generation,0.2412216416747898,0.2595745036806745,0.7033505878339676,482.2544971519311,0.008820884534403054
PF-P03,PF-D0063,PF-C00783,Simple,Clear,Clear,True,Explanation generation,0.7570554829568147,0.8413933025472881,0.911089402434001,336.10601270756473,0.007539520030147048
PF-P04,PF-D0064,PF-C00784,Complex,Clear,Clear,True,Explanation generation,0.6926840706069172,0.4652880673454627,0.6528136709091417,422.5416399574701,0.010777114846194445
PF-P05,PF-D0065,PF-C00785,Moderate,Insufficient,Review,False,Explanation generation,0.5252853680608072,0.40230705904992514,0.6916320377241223,573.5369091856497,0.0073360804688024535
PF-P06,PF-D0066,PF-C00786,Simple,Insufficient,Insufficient,True,Explanation generation,0.6203255114441513,0.6135440158797898,0.8390551567978665,395.7028882267034,0.008541183939677168
PF-P01,PF-D0067,PF-C00787,Simple,Clear,Insufficient,False,Explanation generation,0.7225898843342571,0.546211094220778,0.9016803583391431,480.43752579014557,0.008488348360362672
PF-P02,PF-D0068,PF-C00788,Simple,Clear,Clear,True,Explanation generation,0.7562683491071474,0.7745183051015239,0.7341378898059971,322.1694166295989,0.008551038903494916
PF-P03,PF-D0069,PF-C00789,Simple,Review,Review,True,Explanation generation,0.6035333665253466,0.6556859655507379,0.7563973476236028,413.1305093856959,0.010150256755960412
PF-P04,PF-D0070,PF-C00790,Simple,Clear,Clear,True,Explanation generation,0.8339280808834916,0.820862144158772,0.8876310387009727,447.15155136708177,0.008403739833957632
PF-P05,PF-D0071,PF-C00791,Simple,Clear,Clear,True,Explanation generation,0.882347324982035,0.926782250653734,0.6743279976521039,314.16764444958727,0.008109999847094873
PF-P06,PF-D0072,PF-C00792,Complex,Insufficient,Clear,False,Explanation generation,0.5495316176722858,0.5601096016211404,0.8506372352904956,495.9434244437969,0.010103086921088736
PF-P01,PF-D0073,PF-C00793,Simple,Clear,Review,False,Explanation generation,0.8122955158247271,0.8325081394607567,1.0,372.666680490855,0.010056069144974747
PF-P02,PF-D0074,PF-C00794,Complex,Review,Clear,False,Explanation generation,0.3265067824599296,0.4752805767434203,0.7766597663496876,580.8532834428191,0.011963889393175024
PF-P03,PF-D0075,PF-C00795,Simple,Clear,Clear,True,Explanation generation,0.8212126738430319,0.9204314373637681,1.0,404.74842713030665,0.009113959662254372
PF-P04,PF-D0076,PF-C00796,Simple,Clear,Review,False,Explanation generation,0.837196385405183,0.7638470121569593,0.622150223820103,301.42104308524256,0.006357330816633477
PF-P05,PF-D0077,PF-C00797,Simple,Clear,Review,False,Explanation generation,0.5971405424097478,0.7734101181356513,0.6990703849424011,376.68166710121614,0.007787947762511712
PF-P06,PF-D0078,PF-C00798,Moderate,Insufficient,Review,False,Explanation generation,0.7456905072728703,0.7036563550046813,0.7136590468867834,505.711711090127,0.007307371772676071
PF-P01,PF-D0079,PF-C00799,Moderate,Insufficient,Clear,False,Explanation generation,0.8465331502859549,0.7438522545312051,0.8002211870187099,400.2663158217838,0.006106045545053564
PF-P02,PF-D0080,PF-C00800,Complex,Insufficient,Clear,False,Explanation generation,0.39809915336198365,0.5059919287009852,0.7946080138866142,449.36313775894166,0.010775317453027006
PF-P03,PF-D0081,PF-C00801,Simple,Review,Review,True,Explanation generation,0.7579763593907355,0.757048882321188,0.7334423773112106,528.9948902511356,0.007920392838555109
PF-P04,PF-D0082,PF-C00802,Simple,Review,Clear,False,Explanation generation,0.42750113560528313,0.6326978068811983,0.5386192775540735,504.3350548697762,0.008645632452086926
PF-P05,PF-D0083,PF-C00803,Simple,Clear,Clear,True,Explanation generation,0.9068753708630265,0.9394164355158332,1.0,381.6157392536318,0.00787005684418634
PF-P06,PF-D0084,PF-C00804,Simple,Escalate,Escalate,True,Explanation generation,0.6942683092164698,0.720231482256782,0.9751217767417523,424.15419616663286,0.009842753980934852
PF-P01,PF-D0085,PF-C00805,Moderate,Escalate,Insufficient,False,Explanation generation,0.353977657780843,0.3573866395408556,0.6360654491681801,282.66162493230524,0.009534034327709764
PF-P02,PF-D0086,PF-C00806,Simple,Clear,Clear,True,Explanation generation,0.5866802261316528,0.6737174777818842,0.8764948294978652,488.74383652014984,0.008539250852723567
PF-P03,PF-D0087,PF-C00807,Simple,Clear,Clear,True,Explanation generation,0.7642751754948489,0.88717387166443,0.9921477798391047,304.3507546681309,0.007763060882369512
PF-P04,PF-D0088,PF-C00808,Simple,Clear,Clear,True,Explanation generation,0.8752709759708805,0.8877160340392217,1.0,494.7450069422708,0.008685743823524305
PF-P05,PF-D0089,PF-C00809,Simple,Clear,Clear,True,Explanation generation,0.880807001485084,0.904724942751659,0.8166730942736816,404.0344109450928,0.007965246782438441
PF-P06,PF-D0090,PF-C00810,Simple,Escalate,Escalate,True,Explanation generation,0.4845242683169134,0.5626627432933916,0.8835797952219325,315.97867363099624,0.009280240036140476
PF-P01,PF-D0091,PF-C00811,Simple,Clear,Clear,True,Explanation generation,0.7118722096347058,0.7616845540640541,0.8893974686032937,431.4014444084931,0.00756655804643688
PF-P02,PF-D0092,PF-C00812,Moderate,Clear,Clear,True,Explanation generation,0.6421366705686128,0.6640596863651267,0.5513244617457042,463.5251042806715,0.008622936961131653
PF-P03,PF-D0093,PF-C00813,Complex,Clear,Insufficient,False,Explanation generation,0.23227692811548675,0.22900169945470153,0.7329669090171362,510.75898360172664,0.011819387611300568
PF-P04,PF-D0094,PF-C00814,Moderate,Escalate,Escalate,True,Explanation generation,0.568800425805143,0.3430370591221451,0.9942647011048962,441.39792838511585,0.008299308693203212
PF-P05,PF-D0095,PF-C00815,Complex,Insufficient,Escalate,False,Explanation generation,0.5261617919404366,0.27877417793317527,0.6149909723094549,494.3744660429048,0.011962277351832055
PF-P06,PF-D0096,PF-C00816,Simple,Clear,Clear,True,Explanation generation,0.6876527073512632,0.7787878909363042,0.9419823481381255,299.80240901156975,0.008206046299629401
PF-P01,PF-D0097,PF-C00817,Moderate,Escalate,Clear,False,Explanation generation,0.5176130450013012,0.6215980736688849,0.8753360601869067,529.3523349111389,0.008240941805068033
PF-P02,PF-D0098,PF-C00818,Simple,Clear,Clear,True,Explanation generation,0.8432856062436227,0.8389622230352263,0.7309491989222393,392.8927223019627,0.006480462047057009
PF-P03,PF-D0099,PF-C00819,Complex,Insufficient,Insufficient,True,Explanation generation,0.6934392721798823,0.4623166309631442,0.7052160669926326,529.809160148479,0.010591328603938828
PF-P04,PF-D0100,PF-C00820,Simple,Clear,Clear,True,Explanation generation,0.8678838323655923,0.871218625906451,1.0,391.54353403834256,0.008671963527723313
PF-P05,PF-D0101,PF-C00821,Simple,Clear,Clear,True,Explanation generation,0.6416888836191643,0.8111427743098834,1.0,464.12855673584886,0.0076057848708053055
PF-P06,PF-D0102,PF-C00822,Moderate,Clear,Clear,True,Explanation generation,0.6001027784648374,0.6943845567787946,0.6906730920624026,557.5280038876216,0.007351819857609676
PF-P01,PF-D0103,PF-C00823,Moderate,Review,Review,True,Explanation generation,0.5191511370128781,0.7410634808586282,0.7605974599541513,339.6161593682315,0.008386227540977117
PF-P02,PF-D0104,PF-C00824,Moderate,Review,Insufficient,False,Explanation generation,0.725838938984794,0.6184659720469013,0.9007484293087681,410.41634648692434,0.008878122686121103
PF-P03,PF-D0105,PF-C00825,Simple,Review,Clear,False,Explanation generation,0.7085938627295522,0.9048857461520364,1.0,237.73402716009298,0.007799500321591912
PF-P04,PF-D0106,PF-C00826,Moderate,Clear,Clear,True,Explanation generation,0.30836774103910913,0.4877228659611601,0.7634244509764233,455.1600330544968,0.008895772539125414
PF-P05,PF-D0107,PF-C00827,Complex,Clear,Review,False,Explanation generation,0.3377885128378897,0.304041121628544,0.7667430918330485,468.3333496467015,0.010713636192656525
PF-P06,PF-D0108,PF-C00828,Complex,Escalate,Clear,False,Explanation generation,0.4365766915906549,0.4462709863987895,0.864915908466291,413.0492766760807,0.01074262210945828
PF-P01,PF-D0109,PF-C00829,Moderate,Escalate,Clear,False,Explanation generation,0.5276827905623246,0.5268791075945256,0.9528263958393405,466.5458338789605,0.008460607383676301
PF-P02,PF-D0110,PF-C00830,Simple,Clear,Clear,True,Explanation generation,0.8332904717377219,0.8909969365972439,1.0,345.7272956062451,0.007921669921011416
PF-P03,PF-D0111,PF-C00831,Simple,Escalate,Escalate,True,Explanation generation,0.7608031984444862,0.9261125114557432,1.0,386.8802505482492,0.006732385629879512
PF-P04,PF-D0112,PF-C00832,Moderate,Insufficient,Insufficient,True,Explanation generation,0.5241137041659375,0.4763985729273817,0.6424482661453775,416.26574745258836,0.009181131781598443
PF-P05,PF-D0113,PF-C00833,Complex,Clear,Review,False,Explanation generation,0.3995636534504471,0.23680521771638635,0.3751188576066781,458.3486253050664,0.011059983785748212
PF-P06,PF-D0114,PF-C00834,Moderate,Clear,Clear,True,Explanation generation,0.6675513461219703,0.736474395793056,0.9194379095663878,382.2350599412934,0.009095214466092592
PF-P01,PF-D0115,PF-C00835,Simple,Review,Review,True,Explanation generation,0.8149374396607468,0.8736835970397671,1.0,533.9053444002207,0.009218424067210513
PF-P02,PF-D0116,PF-C00836,Simple,Clear,Insufficient,False,Explanation generation,0.5296737446064723,0.5893764138236139,0.8682002511969537,400.7126531323517,0.00892309082393864
PF-P03,PF-D0117,PF-C00837,Moderate,Escalate,Review,False,Explanation generation,0.28416042458995194,0.2566536796493132,0.2672754921734226,375.25239453633765,0.008027565805210994
PF-P04,PF-D0118,PF-C00838,Moderate,Clear,Clear,True,Explanation generation,0.7621320031216651,0.778766431433816,0.9862117280435269,491.99682759597573,0.009262726152712536
PF-P05,PF-D0119,PF-C00839,Moderate,Escalate,Clear,False,Explanation generation,0.5475420737833739,0.5052142916372832,0.6305534972912451,466.01144396790073,0.009110914121387018
PF-P06,PF-D0120,PF-C00840,Complex,Insufficient,Clear,False,Explanation generation,0.46160647373420105,0.542526597184319,0.8720959641641258,366.3705379868062,0.012022677800033608
PF-P01,PF-D0121,PF-C00841,Simple,Review,Review,True,Explanation generation,0.611133297690365,0.8037079272668912,1.0,421.67839756733156,0.009931519232667711
PF-P02,PF-D0122,PF-C00842,Simple,Clear,Clear,True,Explanation generation,0.6996246881327652,0.7063466318885223,0.9215012981954392,508.04137899313025,0.009135657387181684
PF-P03,PF-D0123,PF-C00843,Complex,Clear,Clear,True,Explanation generation,0.6910411588773032,0.6321018473751687,0.8257088421714206,530.1488036591202,0.01070068800456351
PF-P04,PF-D0124,PF-C00844,Complex,Escalate,Review,False,Explanation generation,0.39941579136053684,0.37873125627526527,0.5124905669968975,557.0916382067284,0.010073558175579696
PF-P05,PF-D0125,PF-C00845,Moderate,Review,Insufficient,False,Explanation generation,0.431234876403808,0.31222860620657295,0.6187655547909003,257.47298375168947,0.008748912153039402
PF-P06,PF-D0126,PF-C00846,Simple,Review,Review,True,Explanation generation,0.8083054706772399,0.8393493720886455,0.932686331864841,441.94042281954455,0.008240783791556202
PF-P01,PF-D0127,PF-C00847,Complex,Escalate,Clear,False,Explanation generation,0.6386404684029352,0.5613417109915912,0.8283867030414738,561.6087119802783,0.009773840199673235
PF-P02,PF-D0128,PF-C00848,Simple,Escalate,Review,False,Explanation generation,0.5287189200887599,0.6528953614654593,0.957152330104912,499.3305772286783,0.008603029581181022
PF-P03,PF-D0129,PF-C00849,Complex,Review,Review,True,Explanation generation,0.6896438302481658,0.6595885182136827,0.8909157170675556,471.0780552720854,0.009817291959155242
PF-P04,PF-D0130,PF-C00850,Complex,Clear,Clear,True,Explanation generation,0.39763853026613544,0.4492619525455885,0.5281064071412007,388.39045582729426,0.010432774195066183
PF-P05,PF-D0131,PF-C00851,Simple,Clear,Clear,True,Explanation generation,0.8348929189638942,0.9337565137292362,0.7451108089337382,336.8985313996305,0.008374367362538479
PF-P06,PF-D0132,PF-C00852,Simple,Clear,Clear,True,Explanation generation,0.7434459793619216,0.8434046812354138,0.9286715807226965,394.03538469511625,0.007467282263445053
PF-P01,PF-D0133,PF-C00853,Complex,Escalate,Insufficient,False,Explanation generation,0.25283046097450845,0.23159661795633774,0.6944153199569146,420.2376371027042,0.010468261822509779
PF-P02,PF-D0134,PF-C00854,Simple,Clear,Clear,True,Explanation generation,0.8852825402402398,0.9122251884696984,0.8820379996811336,360.98687933836675,0.007997264106778942
PF-P03,PF-D0135,PF-C00855,Complex,Clear,Insufficient,False,Explanation generation,0.5240097104274286,0.4394964252114331,0.9153716317747763,557.9912417584658,0.010231310832385319
PF-P04,PF-D0136,PF-C00856,Moderate,Escalate,Insufficient,False,Explanation generation,0.5291954004018693,0.5923376917002127,0.8002956336712957,424.19034969169815,0.010493349481704082
PF-P05,PF-D0137,PF-C00857,Simple,Clear,Clear,True,Explanation generation,0.8288856556731232,0.8192365792756433,0.6277993534983307,391.15365982141486,0.006817944008383356
PF-P06,PF-D0138,PF-C00858,Moderate,Clear,Clear,True,Explanation generation,0.6021981733522535,0.5898826138150842,1.0,336.60990640798246,0.007686113645619771
PF-P01,PF-D0139,PF-C00859,Moderate,Clear,Escalate,False,Explanation generation,0.2846169003240281,0.11039021264438864,0.4817935419967857,360.38539214017294,0.009100150519171724
PF-P02,PF-D0140,PF-C00860,Complex,Insufficient,Review,False,Explanation generation,0.5864755137867427,0.367675016517821,0.7448974639728916,489.1475091297401,0.010375027397387222
PF-P03,PF-D0141,PF-C00861,Simple,Review,Review,True,Explanation generation,0.9601689222104344,0.957713528484658,1.0,479.6519301820345,0.006306181519754648
PF-P04,PF-D0142,PF-C00862,Simple,Escalate,Insufficient,False,Explanation generation,0.5908411822867513,0.63328837175227,0.7991081681118779,502.28899123366284,0.008855224051617032
PF-P05,PF-D0143,PF-C00863,Simple,Insufficient,Escalate,False,Explanation generation,0.714854085804871,0.7133690855632916,1.0,419.27275971346853,0.009217125575569841
PF-P06,PF-D0144,PF-C00864,Simple,Insufficient,Insufficient,True,Explanation generation,0.739909329962584,0.9111663981201868,0.99380286950497,519.7029519917442,0.008434104055692157
PF-P01,PF-D0145,PF-C00865,Moderate,Escalate,Insufficient,False,Explanation generation,0.21014350814106653,0.28419862401414897,0.5930850972934701,472.910874707161,0.009653384664963457
PF-P02,PF-D0146,PF-C00866,Moderate,Review,Review,True,Explanation generation,0.6460459841627854,0.7797756758508597,0.8696693753949409,498.6924626893248,0.007758310325952865
PF-P03,PF-D0147,PF-C00867,Simple,Review,Clear,False,Explanation generation,0.7112755647311652,0.720509383837128,0.8224864548822346,365.70614541456507,0.008244252008505225
PF-P04,PF-D0148,PF-C00868,Simple,Clear,Clear,True,Explanation generation,0.7924245560139328,0.8410249073731724,0.8063829278559265,429.4041381753602,0.007043050222071192
PF-P05,PF-D0149,PF-C00869,Simple,Review,Review,True,Explanation generation,0.8404330983648308,0.8522904302181978,1.0,534.4268880696657,0.008339511267549057
PF-P06,PF-D0150,PF-C00870,Complex,Escalate,Review,False,Explanation generation,0.32795058488998424,0.3809464808069008,0.7703654849815932,555.8817049685603,0.010131764250407018
PF-P01,PF-D0151,PF-C00871,Complex,Clear,Review,False,Explanation generation,0.17958506707497762,0.2131151162853532,0.5461035031468139,505.2711389113211,0.010957052742031891
PF-P02,PF-D0152,PF-C00872,Simple,Insufficient,Insufficient,True,Explanation generation,0.590428898789538,0.7593371366715254,1.0,355.33503229548813,0.009131840827594037
PF-P03,PF-D0153,PF-C00873,Simple,Insufficient,Insufficient,True,Explanation generation,0.7074680767779726,0.7508602081979657,0.795520430146279,350.9716519529752,0.009371875240980017
PF-P04,PF-D0154,PF-C00874,Simple,Insufficient,Insufficient,True,Explanation generation,0.7187012433586496,0.7017254351317272,0.8756207359068601,456.778847588224,0.009431095230014612
PF-P05,PF-D0155,PF-C00875,Complex,Escalate,Review,False,Explanation generation,0.3511600624446833,0.21728236605202478,0.5358137795006299,490.0250869894606,0.012001033462698506
PF-P06,PF-D0156,PF-C00876,Moderate,Insufficient,Insufficient,True,Explanation generation,0.7202419528263874,0.6976737904223891,0.9014248839613466,426.95767932077996,0.009042027555265352
PF-P01,PF-D0157,PF-C00877,Moderate,Review,Review,True,Explanation generation,0.46500397614272576,0.5800767038913024,0.6941373246145126,414.5154119607354,0.008932489954886796
PF-P02,PF-D0158,PF-C00878,Moderate,Clear,Clear,True,Explanation generation,0.832094794697604,0.6167393590127345,0.7538013565236216,429.4674145210482,0.008711520297707805
PF-P03,PF-D0159,PF-C00879,Moderate,Review,Review,True,Explanation generation,0.4563735066198713,0.36999170635215234,0.6081390849154875,390.8018351223104,0.009798140670023865
PF-P04,PF-D0160,PF-C00880,Moderate,Review,Clear,False,Explanation generation,0.39835551223273696,0.4095688730208789,0.7804947297193501,431.9588925363959,0.008495268898432015
PF-P05,PF-D0161,PF-C00881,Simple,Clear,Escalate,False,Explanation generation,0.3831566687094087,0.6107038709451321,0.8276083878422712,446.2222091453911,0.008893641708127398
PF-P06,PF-D0162,PF-C00882,Moderate,Clear,Clear,True,Explanation generation,0.9019623672898757,0.91839086359292,0.9681200071604201,506.4374373527124,0.007371120326367087
PF-P01,PF-D0163,PF-C00883,Complex,Escalate,Review,False,Explanation generation,0.25242884848757097,0.2635611809798747,0.4635176332049096,563.8936199242162,0.010901315571948776
PF-P02,PF-D0164,PF-C00884,Complex,Clear,Clear,True,Explanation generation,0.4922371155245777,0.42549837075141544,0.8425934098919972,594.5759497867773,0.01037265803364948
PF-P03,PF-D0165,PF-C00885,Simple,Insufficient,Insufficient,True,Explanation generation,0.604013767626137,0.5517171473704953,0.6318723984649631,448.36993784209625,0.009033735268552652
PF-P04,PF-D0166,PF-C00886,Simple,Insufficient,Clear,False,Explanation generation,0.8435589064097355,0.7332972037258074,0.5087152392710799,333.5960917236378,0.008505415297940832
PF-P05,PF-D0167,PF-C00887,Moderate,Clear,Clear,True,Explanation generation,0.6838059365265851,0.8005769443290007,0.8340038060796406,529.7404087098857,0.006492310814491176
PF-P06,PF-D0168,PF-C00888,Simple,Clear,Clear,True,Explanation generation,0.6800711300251429,0.6502595098198422,0.6845202925443352,297.51649881614276,0.007064671388877112
PF-P01,PF-D0169,PF-C00889,Simple,Review,Review,True,Explanation generation,0.8104607274083135,0.6857412802732916,0.8690693985009614,363.92123647219324,0.007452397415387739
PF-P02,PF-D0170,PF-C00890,Simple,Clear,Clear,True,Explanation generation,0.6937512849403106,0.7633869511744754,0.9550298233749652,317.49038780958153,0.0077872347962247256
PF-P03,PF-D0171,PF-C00891,Simple,Insufficient,Clear,False,Explanation generation,0.3785101275818481,0.7306064472475405,0.9205673560425,458.2152406111503,0.00814924429379846
PF-P04,PF-D0172,PF-C00892,Simple,Review,Insufficient,False,Explanation generation,0.6887525574966582,0.7711714512413911,0.49939521810045806,326.072283122947,0.008354257673811004
PF-P05,PF-D0173,PF-C00893,Complex,Escalate,Clear,False,Explanation generation,0.34024705446319903,0.2482382735239069,0.7538819485799604,611.6712548360567,0.010556046017368138
PF-P06,PF-D0174,PF-C00894,Simple,Escalate,Clear,False,Explanation generation,0.8965891486818314,0.916447408888258,0.9534788579968928,308.6404525958203,0.005712629948944937
PF-P01,PF-D0175,PF-C00895,Complex,Clear,Clear,True,Explanation generation,0.513887024528561,0.507929778387804,0.7264976568320725,476.6842919516512,0.013069334765443759
PF-P02,PF-D0176,PF-C00896,Moderate,Insufficient,Insufficient,True,Explanation generation,0.5598534825450784,0.5229907759170331,0.7043136707314401,378.7527150225916,0.009341928091701271
PF-P03,PF-D0177,PF-C00897,Complex,Review,Clear,False,Explanation generation,0.5064130231358684,0.6325759603632558,0.9170689672686281,560.9984834603681,0.010569005158672923
PF-P04,PF-D0178,PF-C00898,Moderate,Review,Escalate,False,Explanation generation,0.4426700616356048,0.5566446373641056,0.5564857922761316,452.12888413288397,0.006344372304462659
PF-P05,PF-D0179,PF-C00899,Simple,Review,Review,True,Explanation generation,0.8648130410144766,0.8184792877714642,0.828621443510722,483.78686379043046,0.009425110170604652
PF-P06,PF-D0180,PF-C00900,Simple,Clear,Clear,True,Explanation generation,0.7728891611574382,0.8319594060660617,0.9776224508685822,509.5407764340007,0.00975091764776691
