case_id,split,difficulty,source_type,cohort,document_extraction_score,classification_score,evidence_retrieval_score,explanation_generation_score,document_extraction_probability,classification_probability,evidence_retrieval_probability,explanation_generation_probability,end_to_end_correct
1,evaluation,Simple,scan,pond_b,0.780922,0.964666,0.471977,0.919181,0.672131,0.88172,0.581673,0.987179,1
2,evaluation,Moderate,scan,pond_a,0.907738,0.968347,0.574692,0.814668,0.843284,0.88172,0.753623,0.772487,0
3,evaluation,Complex,scan,pond_a,0.487446,0.526031,0.625376,0.605104,0.235294,0.485714,0.778571,0.307692,0
4,development,Moderate,scan,pond_b,0.729386,0.705217,0.58513,0.88974,0.552632,0.567568,0.753623,0.911111,0
5,development,Simple,scan,pond_b,0.898382,0.988808,0.829057,0.900488,0.843284,0.957792,0.891117,0.937931,1
6,evaluation,Moderate,native_pdf,pond_b,0.896772,0.983635,0.852244,0.885448,0.843284,0.957792,0.951456,0.902174,0
7,development,Simple,native_pdf,pond_a,0.944027,0.98556,0.818971,0.825413,0.945946,0.957792,0.891117,0.791444,0
8,evaluation,Complex,native_pdf,pond_a,0.785092,0.74928,0.505681,0.800925,0.672131,0.727723,0.581673,0.772487,0
9,evaluation,Simple,native_pdf,pond_a,0.947636,0.865982,0.595408,0.74022,0.945946,0.809353,0.753623,0.591837,0
10,development,Moderate,native_pdf,pond_a,0.913066,0.993665,0.831665,0.749509,0.857143,0.989848,0.891117,0.687861,1
11,development,Simple,native_pdf,pond_b,0.904513,0.981576,0.797575,0.869075,0.843284,0.957792,0.891117,0.897233,1
12,development,Complex,native_pdf,pond_b,0.672498,0.194545,0.369417,0.797533,0.552632,0.415385,0.435484,0.772487,0
13,development,Simple,native_pdf,pond_b,0.959018,0.986372,0.954959,0.896309,0.966942,0.957792,1.0,0.937931,1
14,development,Simple,native_pdf,pond_b,0.931288,0.991632,0.807893,0.900144,0.887701,0.957792,0.891117,0.937931,1
15,development,Moderate,native_pdf,pond_a,0.871451,0.963774,0.519576,0.835765,0.768421,0.88172,0.581673,0.80137,0
16,development,Simple,scan,pond_a,0.859292,0.913945,0.631367,0.781149,0.768421,0.809353,0.778571,0.727273,0
17,evaluation,Simple,native_pdf,pond_b,0.885408,0.545925,0.760714,0.875724,0.789474,0.485714,0.8725,0.897233,0
18,evaluation,Moderate,native_pdf,pond_b,0.612291,0.935721,0.552152,0.867684,0.421053,0.867188,0.681818,0.897233,0
19,evaluation,Simple,native_pdf,pond_b,0.949406,0.989895,0.852039,0.901596,0.945946,0.957792,0.951456,0.937931,1
20,evaluation,Simple,scan,pond_a,0.88764,0.924075,0.674983,0.761779,0.789474,0.862069,0.863158,0.687861,1
21,development,Moderate,native_pdf,pond_a,0.963678,0.984164,0.816325,0.744072,0.966942,0.957792,0.891117,0.687861,1
22,development,Simple,native_pdf,pond_b,0.911733,0.98797,0.790312,0.860059,0.857143,0.957792,0.891117,0.894737,0
23,evaluation,Simple,scan,pond_a,0.784765,0.593897,0.706985,0.874589,0.672131,0.485714,0.8725,0.897233,0
24,development,Simple,native_pdf,pond_a,0.977089,0.996853,0.872799,0.656051,0.977778,0.989848,0.979798,0.527397,1
25,development,Moderate,scan,pond_b,0.738096,0.761681,0.58319,0.810784,0.591398,0.727723,0.753623,0.772487,0
26,development,Simple,native_pdf,pond_b,0.973045,0.996979,0.96091,0.881376,0.977778,0.989848,1.0,0.902174,1
27,development,Complex,native_pdf,pond_b,0.52843,0.138366,0.263844,0.820027,0.338028,0.16,0.192308,0.791444,0
28,evaluation,Simple,scan,pond_b,0.861033,0.972182,0.921779,0.856796,0.768421,0.88172,1.0,0.894737,1
29,evaluation,Moderate,native_pdf,pond_a,0.879401,0.932665,0.87047,0.794049,0.777778,0.865854,0.979798,0.772487,1
30,development,Simple,scan,pond_a,0.847886,0.996586,0.799078,0.805482,0.744681,0.989848,0.891117,0.772487,1
31,development,Simple,native_pdf,pond_b,0.943261,0.860501,0.728917,0.864708,0.945946,0.809353,0.8725,0.897233,0
32,development,Complex,scan,pond_b,0.764509,0.95651,0.478463,0.846811,0.591398,0.88172,0.581673,0.868132,0
33,development,Simple,scan,pond_a,0.915725,0.89403,0.894316,0.776465,0.857143,0.809353,0.982759,0.727273,1
34,development,Simple,scan,pond_b,0.901173,0.956736,0.8903,0.874459,0.843284,0.88172,0.982759,0.897233,1
35,evaluation,Moderate,native_pdf,pond_b,0.814508,0.894588,0.561854,0.897262,0.738397,0.809353,0.681818,0.937931,0
36,development,Simple,scan,pond_a,0.896693,0.953626,0.849222,0.787874,0.843284,0.88172,0.951456,0.772487,0
37,development,Moderate,native_pdf,pond_b,0.695494,0.809525,0.453625,0.811114,0.552632,0.727723,0.581673,0.772487,1
38,development,Simple,native_pdf,pond_a,0.968006,0.938944,0.825031,0.751489,0.966942,0.867188,0.891117,0.687861,1
39,evaluation,Complex,native_pdf,pond_b,0.861601,0.798606,0.616732,0.758002,0.768421,0.727723,0.753623,0.687861,0
40,development,Moderate,native_pdf,pond_a,0.85956,0.82998,0.544749,0.768198,0.768421,0.727723,0.681818,0.727273,1
41,development,Moderate,scan,pond_b,0.783413,0.92644,0.698804,0.870973,0.672131,0.865854,0.8725,0.897233,0
42,evaluation,Complex,scan,pond_a,0.525896,0.510268,0.43922,0.736027,0.338028,0.485714,0.581673,0.591837,0
43,development,Moderate,native_pdf,pond_b,0.784074,0.291392,0.369716,0.751078,0.672131,0.415385,0.435484,0.687861,0
44,evaluation,Simple,scan,pond_a,0.824092,0.919337,0.87847,0.804554,0.738397,0.862069,0.979798,0.772487,0
45,evaluation,Complex,scan,pond_a,0.5721,0.66693,0.357148,0.766182,0.338028,0.54386,0.435484,0.727273,0
46,evaluation,Complex,native_pdf,pond_b,0.706741,0.152693,0.158802,0.760384,0.552632,0.16,0.144165,0.687861,0
47,development,Moderate,native_pdf,pond_a,0.916784,0.895784,0.592076,0.784326,0.857143,0.809353,0.753623,0.772487,0
48,development,Complex,scan,pond_b,0.727321,0.858186,0.66095,0.901384,0.552632,0.809353,0.778571,0.937931,0
49,development,Simple,native_pdf,pond_b,0.890872,0.964087,0.837285,0.81264,0.793103,0.88172,0.891117,0.772487,0
50,evaluation,Moderate,scan,pond_b,0.80712,0.763621,0.743501,0.851331,0.672727,0.727723,0.8725,0.868132,0
51,development,Complex,native_pdf,pond_b,0.778989,0.293121,0.50258,0.858839,0.6,0.415385,0.581673,0.894737,0
52,development,Moderate,native_pdf,pond_a,0.760531,0.798897,0.556269,0.852133,0.591398,0.727723,0.681818,0.894737,1
53,development,Simple,native_pdf,pond_b,0.93189,0.96254,0.905615,0.754589,0.887701,0.88172,0.982759,0.687861,1
54,development,Simple,scan,pond_b,0.892025,0.81662,0.794042,0.836559,0.793103,0.727723,0.891117,0.80137,0
55,development,Simple,native_pdf,pond_b,0.942257,0.960716,0.841503,0.877781,0.934783,0.88172,0.9375,0.897233,1
56,development,Simple,scan,pond_b,0.777491,0.973466,0.767423,0.858527,0.6,0.916667,0.8725,0.894737,1
57,evaluation,Complex,scan,pond_a,0.548033,0.301347,0.200164,0.720862,0.338028,0.415385,0.153846,0.591837,0
58,development,Moderate,native_pdf,pond_a,0.888657,0.325682,0.344313,0.79659,0.789474,0.415385,0.375,0.772487,0
59,evaluation,Moderate,scan,pond_b,0.801237,0.894203,0.620992,0.795442,0.672727,0.809353,0.753623,0.772487,1
60,development,Moderate,native_pdf,pond_a,0.977069,0.986545,0.67626,0.655355,0.977778,0.957792,0.863158,0.527397,1
61,evaluation,Simple,native_pdf,pond_b,0.811531,0.686772,0.489364,0.91416,0.738397,0.567568,0.581673,0.987179,0
62,evaluation,Simple,native_pdf,pond_a,0.967096,0.976594,0.756311,0.763849,0.966942,0.923077,0.8725,0.687861,1
63,evaluation,Simple,scan,pond_a,0.872342,0.967865,0.821129,0.668802,0.768421,0.88172,0.891117,0.527397,1
64,development,Simple,scan,pond_a,0.64527,0.758532,0.444612,0.791972,0.421053,0.727723,0.581673,0.772487,0
65,development,Complex,scan,pond_b,0.744373,0.215782,0.386098,0.779343,0.591398,0.415385,0.435484,0.727273,0
66,development,Moderate,scan,pond_b,0.912899,0.977124,0.855868,0.849031,0.857143,0.923077,0.951456,0.868132,0
67,development,Simple,native_pdf,pond_b,0.787302,0.67696,0.385521,0.881483,0.672131,0.54386,0.435484,0.902174,0
68,development,Simple,scan,pond_b,0.847496,0.969845,0.785878,0.845773,0.744681,0.88172,0.891117,0.868132,1
69,evaluation,Moderate,native_pdf,pond_b,0.876678,0.944868,0.594172,0.916298,0.777778,0.867188,0.753623,0.987179,0
70,development,Simple,scan,pond_a,0.889634,0.992306,0.737072,0.769651,0.789474,0.989848,0.8725,0.727273,1
71,evaluation,Moderate,native_pdf,pond_a,0.720069,0.420356,0.197385,0.69094,0.552632,0.419355,0.153846,0.527397,0
72,development,Complex,native_pdf,pond_b,0.665169,0.361607,0.422107,0.719261,0.5,0.415385,0.527778,0.591837,1
73,evaluation,Moderate,native_pdf,pond_a,0.883595,0.834769,0.747146,0.82311,0.789474,0.77027,0.8725,0.791444,0
74,evaluation,Simple,native_pdf,pond_a,0.869632,0.941193,0.621676,0.791424,0.768421,0.867188,0.753623,0.772487,1
75,development,Moderate,native_pdf,pond_a,0.937694,0.904846,0.718681,0.80883,0.934783,0.809353,0.8725,0.772487,1
76,evaluation,Simple,native_pdf,pond_b,0.854282,0.957462,0.88815,0.89644,0.768421,0.88172,0.982759,0.937931,1
77,evaluation,Moderate,native_pdf,pond_b,0.911494,0.913552,0.318307,0.77653,0.857143,0.809353,0.294118,0.727273,0
78,evaluation,Moderate,scan,pond_a,0.669505,0.561563,0.427707,0.709693,0.552632,0.485714,0.527778,0.590909,0
79,development,Simple,native_pdf,pond_b,0.972453,0.992082,0.769438,0.835622,0.977778,0.989848,0.8725,0.80137,1
80,development,Moderate,scan,pond_b,0.695065,0.828401,0.619223,0.795736,0.552632,0.727723,0.753623,0.772487,0
81,development,Moderate,native_pdf,pond_b,0.807039,0.908711,0.301074,0.829639,0.672727,0.809353,0.25,0.791444,1
82,evaluation,Moderate,native_pdf,pond_b,0.874641,0.949698,0.565231,0.854085,0.777778,0.868421,0.681818,0.894737,0
83,development,Moderate,native_pdf,pond_b,0.935989,0.983054,0.7161,0.881889,0.887701,0.957792,0.8725,0.902174,1
84,development,Simple,scan,pond_b,0.820981,0.83985,0.822175,0.753272,0.738397,0.77027,0.891117,0.687861,0
85,evaluation,Simple,scan,pond_a,0.818575,0.982332,0.875825,0.824482,0.738397,0.957792,0.979798,0.791444,0
86,evaluation,Simple,scan,pond_b,0.851086,0.979006,0.827883,0.901165,0.744681,0.933333,0.891117,0.937931,1
87,development,Simple,native_pdf,pond_b,0.933313,0.987312,0.890634,0.827122,0.887701,0.957792,0.982759,0.791444,1
88,development,Simple,scan,pond_a,0.71119,0.699899,0.659617,0.764364,0.552632,0.567568,0.778571,0.687861,0
89,development,Moderate,native_pdf,pond_a,0.927431,0.977963,0.807695,0.815759,0.887701,0.933333,0.891117,0.772487,0
90,development,Simple,scan,pond_b,0.818667,0.986806,0.850412,0.917746,0.738397,0.957792,0.951456,0.987179,1
91,development,Simple,native_pdf,pond_a,0.902463,0.97335,0.723738,0.890312,0.843284,0.916667,0.8725,0.911111,1
92,evaluation,Complex,scan,pond_b,0.833315,0.503642,0.447599,0.680976,0.738397,0.485714,0.581673,0.527397,0
93,development,Moderate,scan,pond_b,0.749739,0.954726,0.791255,0.812432,0.591398,0.88172,0.891117,0.772487,0
94,development,Simple,scan,pond_a,0.681501,0.367566,0.67431,0.813977,0.552632,0.415385,0.863158,0.772487,0
95,development,Complex,native_pdf,pond_a,0.809852,0.923771,0.56959,0.598605,0.738397,0.862069,0.681818,0.307692,0
96,evaluation,Complex,native_pdf,pond_b,0.52428,0.361355,0.169638,0.839316,0.338028,0.415385,0.153846,0.80137,0
97,development,Simple,native_pdf,pond_a,0.934379,0.997684,0.797515,0.829834,0.887701,1.0,0.891117,0.791444,0
98,development,Simple,native_pdf,pond_b,0.95032,0.990911,0.876592,0.912368,0.945946,0.957792,0.979798,0.987179,1
99,development,Simple,scan,pond_a,0.798062,0.98642,0.910582,0.817779,0.672727,0.957792,0.982759,0.791444,1
100,development,Simple,native_pdf,pond_b,0.620255,0.821033,0.630122,0.706081,0.421053,0.727723,0.778571,0.571429,0
101,evaluation,Simple,native_pdf,pond_a,0.9703,0.998876,0.881688,0.801217,0.972252,1.0,0.979798,0.772487,1
102,evaluation,Complex,native_pdf,pond_b,0.716502,0.430491,0.44991,0.784916,0.552632,0.419355,0.581673,0.772487,0
103,development,Simple,native_pdf,pond_a,0.701966,0.879788,0.451191,0.768534,0.552632,0.809353,0.581673,0.727273,0
104,development,Simple,native_pdf,pond_a,0.90364,0.925668,0.894379,0.92647,0.843284,0.865854,0.982759,1.0,1
105,evaluation,Simple,native_pdf,pond_a,0.828483,0.965215,0.586202,0.735714,0.738397,0.88172,0.753623,0.591837,1
106,development,Moderate,scan,pond_b,0.768851,0.576555,0.437294,0.802526,0.591398,0.485714,0.581673,0.772487,0
107,development,Simple,scan,pond_a,0.938862,0.99906,0.944107,0.822132,0.934783,1.0,1.0,0.791444,1
108,evaluation,Simple,scan,pond_b,0.794659,0.819945,0.699346,0.881808,0.672727,0.727723,0.8725,0.902174,1
109,development,Moderate,native_pdf,pond_a,0.87067,0.888556,0.801661,0.794374,0.768421,0.809353,0.891117,0.772487,1
110,development,Simple,scan,pond_b,0.801623,0.990049,0.659705,0.868901,0.672727,0.957792,0.778571,0.897233,0
111,evaluation,Moderate,scan,pond_b,0.893911,0.993814,0.773117,0.857616,0.83871,0.989848,0.8725,0.894737,1
112,evaluation,Complex,scan,pond_b,0.478984,0.538782,0.395143,0.744305,0.235294,0.485714,0.435484,0.687861,0
113,development,Simple,scan,pond_b,0.955349,0.980228,0.875955,0.846198,0.966942,0.933333,0.979798,0.868132,1
114,evaluation,Moderate,scan,pond_a,0.822185,0.910804,0.665092,0.725593,0.738397,0.809353,0.863158,0.591837,0
115,development,Complex,scan,pond_b,0.338511,0.423524,0.217782,0.773969,0.181818,0.419355,0.192308,0.727273,0
116,evaluation,Moderate,native_pdf,pond_b,0.775595,0.963198,0.404041,0.707715,0.592147,0.88172,0.435484,0.571429,0
117,evaluation,Complex,scan,pond_b,0.600418,0.465665,0.379508,0.820856,0.421053,0.485714,0.435484,0.791444,0
118,development,Complex,scan,pond_b,0.755778,0.53663,0.34885,0.757193,0.591398,0.485714,0.435484,0.687861,0
119,development,Moderate,scan,pond_a,0.775077,0.897202,0.734043,0.744963,0.591398,0.809353,0.8725,0.687861,0
120,evaluation,Moderate,native_pdf,pond_a,0.54779,0.088124,0.247535,0.711334,0.338028,0.0,0.192308,0.590909,0
121,development,Complex,native_pdf,pond_b,0.665483,0.777415,0.295547,0.818472,0.5,0.727723,0.192308,0.791444,0
122,evaluation,Simple,native_pdf,pond_b,0.939046,0.986355,0.647912,0.879633,0.934783,0.957792,0.778571,0.897233,0
123,evaluation,Moderate,scan,pond_a,0.832426,0.953801,0.455146,0.755415,0.738397,0.88172,0.581673,0.687861,0
124,development,Simple,native_pdf,pond_b,0.940884,0.938181,0.887165,0.878411,0.934783,0.867188,0.982759,0.897233,1
125,evaluation,Moderate,scan,pond_b,0.673474,0.559071,0.25251,0.832222,0.552632,0.485714,0.192308,0.791444,0
126,development,Simple,native_pdf,pond_a,0.897508,0.973638,0.739825,0.867072,0.843284,0.923077,0.8725,0.897233,0
127,development,Simple,scan,pond_a,0.912589,0.940805,0.881238,0.750889,0.857143,0.867188,0.979798,0.687861,1
128,development,Simple,native_pdf,pond_a,0.959118,0.989007,0.911625,0.814627,0.966942,0.957792,1.0,0.772487,1
129,development,Moderate,native_pdf,pond_b,0.866597,0.931026,0.897038,0.77229,0.768421,0.865854,0.982759,0.727273,0
130,development,Simple,native_pdf,pond_a,0.91609,0.828368,0.588328,0.82995,0.857143,0.727723,0.753623,0.791444,0
131,evaluation,Simple,native_pdf,pond_b,0.950566,0.985022,0.757159,0.94895,0.945946,0.957792,0.8725,1.0,1
132,development,Simple,native_pdf,pond_a,0.910458,0.99135,0.796217,0.700305,0.857143,0.957792,0.891117,0.527397,1
133,development,Moderate,native_pdf,pond_b,0.907809,0.982461,0.773103,0.899294,0.843284,0.957792,0.8725,0.937931,1
134,development,Simple,native_pdf,pond_b,0.904839,0.943003,0.42508,0.898869,0.843284,0.867188,0.527778,0.937931,1
135,evaluation,Simple,scan,pond_a,0.782662,0.993867,0.649566,0.813449,0.672131,0.989848,0.778571,0.772487,0
136,development,Complex,native_pdf,pond_a,0.884165,0.931435,0.336359,0.538994,0.789474,0.865854,0.363636,0.133333,0
137,evaluation,Complex,scan,pond_b,0.665732,0.681319,0.390442,0.831872,0.5,0.567568,0.435484,0.791444,0
138,development,Simple,scan,pond_b,0.781611,0.98383,0.765709,0.909971,0.672131,0.957792,0.8725,0.987179,1
139,development,Simple,native_pdf,pond_b,0.94644,0.997575,0.636645,0.868654,0.945946,1.0,0.778571,0.897233,1
140,evaluation,Complex,scan,pond_b,0.681774,0.870917,0.470567,0.858071,0.552632,0.809353,0.581673,0.894737,1
141,evaluation,Complex,native_pdf,pond_b,0.584977,0.413566,0.409526,0.703968,0.421053,0.416795,0.435484,0.571429,0
142,development,Simple,native_pdf,pond_a,0.873118,0.646843,0.782845,0.840707,0.768421,0.54386,0.891117,0.80137,0
143,development,Simple,native_pdf,pond_b,0.907387,0.505353,0.223376,0.921875,0.843284,0.485714,0.192308,1.0,0
144,evaluation,Moderate,native_pdf,pond_b,0.929513,0.570581,0.547254,0.787376,0.887701,0.485714,0.681818,0.772487,0
145,development,Moderate,native_pdf,pond_b,0.952548,0.980414,0.810479,0.859247,0.945946,0.933333,0.891117,0.894737,0
146,evaluation,Moderate,scan,pond_b,0.720868,0.982746,0.685923,0.89157,0.552632,0.957792,0.872439,0.911111,1
147,development,Simple,scan,pond_a,0.707545,0.779953,0.657293,0.7357,0.552632,0.727723,0.778571,0.591837,0
148,development,Simple,native_pdf,pond_a,0.977651,0.987725,0.761005,0.768013,0.977778,0.957792,0.8725,0.727273,1
149,development,Moderate,scan,pond_b,0.745554,0.976361,0.860228,0.75038,0.591398,0.923077,0.951456,0.687861,1
150,evaluation,Complex,scan,pond_b,0.497325,0.195867,0.298231,0.67741,0.333333,0.415385,0.224389,0.527397,0
151,development,Moderate,scan,pond_b,0.814128,0.295491,0.764388,0.821435,0.738397,0.415385,0.8725,0.791444,0
152,evaluation,Complex,scan,pond_a,0.71164,0.445905,0.601885,0.728941,0.552632,0.419355,0.753623,0.591837,0
153,evaluation,Moderate,native_pdf,pond_b,0.814232,0.733561,0.441489,0.774967,0.738397,0.666667,0.581673,0.727273,0
154,evaluation,Complex,native_pdf,pond_a,0.641398,0.777479,0.165733,0.712428,0.421053,0.727723,0.153846,0.590909,0
155,evaluation,Moderate,scan,pond_a,0.758995,0.973526,0.697546,0.756396,0.591398,0.917716,0.8725,0.687861,1
156,evaluation,Simple,scan,pond_b,0.881346,0.439082,0.56498,0.868283,0.789474,0.419355,0.681818,0.897233,0
157,development,Simple,native_pdf,pond_b,0.959634,0.99476,0.711516,0.89192,0.966942,0.989848,0.8725,0.937931,0
158,development,Simple,native_pdf,pond_a,0.910438,0.985943,0.798757,0.857194,0.857143,0.957792,0.891117,0.894737,1
159,development,Simple,native_pdf,pond_a,0.909296,0.905962,0.506412,0.810257,0.857143,0.809353,0.581673,0.772487,0
160,development,Simple,scan,pond_a,0.935244,0.991153,0.888623,0.8368,0.887701,0.957792,0.982759,0.80137,1
161,development,Simple,native_pdf,pond_b,0.911842,0.990684,0.631462,0.867347,0.857143,0.957792,0.778571,0.897233,0
162,evaluation,Moderate,scan,pond_b,0.819794,0.906725,0.676856,0.813569,0.738397,0.809353,0.863158,0.772487,1
163,evaluation,Simple,native_pdf,pond_b,0.881479,0.549016,0.776367,0.899259,0.789474,0.485714,0.891117,0.937931,0
164,development,Simple,scan,pond_a,0.816839,0.989576,0.797561,0.842712,0.738397,0.957792,0.891117,0.80137,1
165,evaluation,Moderate,scan,pond_b,0.780239,0.412452,0.667723,0.695514,0.672131,0.415385,0.863158,0.527397,0
166,development,Complex,scan,pond_a,0.517772,0.121003,0.240338,0.713276,0.338028,0.0,0.192308,0.590909,0
167,development,Simple,native_pdf,pond_a,0.861181,0.769401,0.790277,0.851187,0.768421,0.727723,0.891117,0.868132,1
168,evaluation,Moderate,native_pdf,pond_b,0.871127,0.756813,0.593857,0.828642,0.768421,0.727723,0.753623,0.791444,1
169,development,Moderate,native_pdf,pond_a,0.889807,0.942866,0.881864,0.669629,0.789474,0.867188,0.979798,0.527397,1
170,evaluation,Complex,native_pdf,pond_b,0.585024,0.388566,0.441914,0.738159,0.421053,0.415385,0.581673,0.591837,0
171,development,Moderate,native_pdf,pond_b,0.91335,0.936591,0.835879,0.669285,0.857143,0.867188,0.891117,0.527397,1
172,evaluation,Simple,native_pdf,pond_b,0.685584,0.111648,0.63643,0.88948,0.552632,0.0,0.778571,0.911111,0
173,evaluation,Moderate,scan,pond_b,0.537397,0.836058,0.606358,0.839081,0.338028,0.77027,0.753623,0.80137,0
174,development,Simple,scan,pond_b,0.825708,0.859591,0.852362,0.91148,0.738397,0.809353,0.951456,0.987179,0
175,development,Simple,native_pdf,pond_b,0.941609,0.990662,0.892165,0.8981,0.934783,0.957792,0.982759,0.937931,1
176,development,Simple,native_pdf,pond_b,0.8221,0.593105,0.838695,0.901307,0.738397,0.485714,0.9375,0.937931,0
177,evaluation,Moderate,native_pdf,pond_a,0.771501,0.749921,0.516235,0.820767,0.591398,0.727723,0.581673,0.791444,0
178,evaluation,Moderate,native_pdf,pond_a,0.958564,0.991958,0.883034,0.753392,0.966942,0.989848,0.979798,0.687861,1
179,evaluation,Moderate,scan,pond_a,0.814346,0.890142,0.841287,0.764164,0.738397,0.809353,0.9375,0.687861,0
180,development,Simple,scan,pond_b,0.871432,0.963207,0.807465,0.819849,0.768421,0.88172,0.891117,0.791444,0
181,evaluation,Moderate,scan,pond_a,0.730905,0.979017,0.730795,0.832286,0.552632,0.933333,0.8725,0.791444,0
182,evaluation,Moderate,scan,pond_b,0.546187,0.456295,0.501933,0.817754,0.338028,0.485714,0.581673,0.791444,0
183,evaluation,Moderate,scan,pond_a,0.483945,0.294105,0.268313,0.715032,0.235294,0.415385,0.192308,0.591837,0
184,development,Simple,scan,pond_b,0.937051,0.974264,0.860809,0.81964,0.934783,0.923077,0.951456,0.791444,1
185,evaluation,Complex,native_pdf,pond_a,0.723803,0.165649,0.145885,0.635823,0.552632,0.16,0.12,0.388889,0
186,development,Complex,scan,pond_a,0.723336,0.963704,0.690154,0.687674,0.552632,0.88172,0.8725,0.527397,1
187,development,Simple,native_pdf,pond_b,0.829854,0.97815,0.724426,0.876741,0.738397,0.933333,0.8725,0.897233,0
188,development,Simple,scan,pond_b,0.944331,0.998896,0.898779,0.912607,0.945946,1.0,0.982759,0.987179,1
189,development,Moderate,native_pdf,pond_a,0.8514,0.802638,0.46626,0.744225,0.744681,0.727723,0.581673,0.687861,0
190,development,Simple,scan,pond_b,0.769056,0.9013,0.779781,0.775113,0.591398,0.809353,0.891117,0.727273,1
191,development,Simple,native_pdf,pond_b,0.920836,0.981466,0.842882,0.87188,0.887701,0.957792,0.9375,0.897233,1
192,development,Simple,scan,pond_a,0.73357,0.709366,0.690335,0.69599,0.552632,0.567568,0.8725,0.527397,0
193,development,Simple,native_pdf,pond_b,0.952083,0.99582,0.823344,0.920495,0.945946,0.989848,0.891117,0.987179,1
194,development,Moderate,scan,pond_a,0.649473,0.752874,0.675653,0.603303,0.421053,0.727723,0.863158,0.307692,0
195,development,Simple,native_pdf,pond_b,0.895757,0.98115,0.892154,0.870955,0.843284,0.933333,0.982759,0.897233,0
196,evaluation,Simple,scan,pond_b,0.835316,0.846838,0.890162,0.88058,0.738397,0.77027,0.982759,0.902174,1
197,development,Simple,scan,pond_a,0.911249,0.985302,0.834997,0.770457,0.857143,0.957792,0.891117,0.727273,1
198,development,Moderate,scan,pond_b,0.797924,0.728442,0.356054,0.705974,0.672727,0.666667,0.435484,0.571429,0
199,evaluation,Complex,scan,pond_a,0.521729,0.412853,0.161872,0.638163,0.338028,0.415849,0.153846,0.388889,0
200,development,Simple,native_pdf,pond_b,0.914799,0.54324,0.608087,0.798783,0.857143,0.485714,0.753623,0.772487,0
201,evaluation,Complex,scan,pond_a,0.677162,0.532998,0.657259,0.820989,0.552632,0.485714,0.778571,0.791444,0
202,evaluation,Simple,native_pdf,pond_b,0.550467,0.875891,0.252818,0.849271,0.338028,0.809353,0.192308,0.868132,0
203,evaluation,Complex,scan,pond_b,0.709795,0.966749,0.564029,0.568525,0.552632,0.88172,0.681818,0.133333,0
204,development,Complex,scan,pond_a,0.661364,0.584408,0.400236,0.556146,0.5,0.485714,0.435484,0.133333,0
205,development,Simple,native_pdf,pond_a,0.895775,0.938992,0.674237,0.857481,0.843284,0.867188,0.863158,0.894737,1
206,development,Simple,native_pdf,pond_a,0.950857,0.996023,0.905557,0.795648,0.945946,0.989848,0.982759,0.772487,1
207,evaluation,Moderate,scan,pond_a,0.697895,0.891795,0.849322,0.716301,0.552632,0.809353,0.951456,0.591837,0
208,evaluation,Moderate,native_pdf,pond_a,0.929824,0.943769,0.654594,0.799641,0.887701,0.867188,0.778571,0.772487,0
209,evaluation,Moderate,scan,pond_a,0.81784,0.980281,0.683816,0.815096,0.738397,0.933333,0.863158,0.772487,1
210,development,Simple,native_pdf,pond_b,0.916694,0.976608,0.657181,0.755306,0.857143,0.923077,0.778571,0.687861,0
211,development,Simple,scan,pond_b,0.904518,0.980066,0.880078,0.907866,0.843284,0.933333,0.979798,0.987179,1
212,development,Moderate,scan,pond_a,0.83022,0.533073,0.609474,0.793472,0.738397,0.485714,0.753623,0.772487,0
213,development,Simple,native_pdf,pond_b,0.857053,0.884557,0.660418,0.842436,0.768421,0.809353,0.778571,0.80137,0
214,evaluation,Complex,native_pdf,pond_b,0.827027,0.73163,0.382345,0.736636,0.738397,0.666667,0.435484,0.591837,0
215,evaluation,Moderate,scan,pond_a,0.745149,0.340896,0.484462,0.634235,0.591398,0.415385,0.581673,0.388889,0
216,development,Simple,scan,pond_a,0.754126,0.643343,0.585785,0.642552,0.591398,0.54386,0.753623,0.388889,0
217,evaluation,Moderate,native_pdf,pond_a,0.788436,0.678978,0.611522,0.802358,0.672131,0.567568,0.753623,0.772487,0
218,evaluation,Simple,native_pdf,pond_b,0.899573,0.946694,0.600668,0.878437,0.843284,0.867188,0.753623,0.897233,0
219,development,Moderate,scan,pond_a,0.726753,0.85815,0.724492,0.79895,0.552632,0.809353,0.8725,0.772487,1
220,evaluation,Simple,scan,pond_b,0.968906,0.998722,0.934681,0.925998,0.966942,1.0,1.0,1.0,1
221,evaluation,Moderate,scan,pond_a,0.715002,0.471216,0.741638,0.615557,0.552632,0.485714,0.8725,0.333333,0
222,development,Simple,scan,pond_b,0.790161,0.841276,0.82509,0.883594,0.672131,0.77027,0.891117,0.902174,0
223,development,Simple,native_pdf,pond_b,0.972487,0.984466,0.850141,0.87269,0.977778,0.957792,0.951456,0.897233,1
224,evaluation,Complex,scan,pond_a,0.663547,0.791022,0.768857,0.722172,0.5,0.727723,0.8725,0.591837,0
225,evaluation,Simple,native_pdf,pond_a,0.901362,0.825277,0.826823,0.81381,0.843284,0.727723,0.891117,0.772487,0
226,development,Simple,native_pdf,pond_a,0.979375,0.990726,0.653336,0.743385,0.977778,0.957792,0.778571,0.687861,0
227,evaluation,Complex,native_pdf,pond_a,0.750991,0.837326,0.427158,0.542362,0.591398,0.77027,0.527778,0.133333,0
228,evaluation,Moderate,scan,pond_b,0.825229,0.930446,0.705401,0.850884,0.738397,0.865854,0.8725,0.868132,1
229,evaluation,Moderate,scan,pond_a,0.901346,0.996008,0.706082,0.798469,0.843284,0.989848,0.8725,0.772487,0
230,evaluation,Simple,native_pdf,pond_b,0.73526,0.920826,0.880083,0.716232,0.591398,0.862069,0.979798,0.591837,0
231,development,Simple,native_pdf,pond_b,0.917423,0.894358,0.801266,0.868086,0.857143,0.809353,0.891117,0.897233,0
232,evaluation,Moderate,scan,pond_a,0.775622,0.620991,0.592377,0.847365,0.592522,0.521739,0.753623,0.868132,0
233,evaluation,Moderate,scan,pond_a,0.877339,0.978348,0.715313,0.860906,0.777778,0.933333,0.8725,0.894737,0
234,evaluation,Complex,native_pdf,pond_a,0.728208,0.69348,0.271841,0.557765,0.552632,0.567568,0.192308,0.133333,0
235,development,Simple,scan,pond_a,0.860395,0.822196,0.43674,0.84173,0.768421,0.727723,0.581673,0.80137,0
236,development,Moderate,scan,pond_a,0.884824,0.997465,0.717899,0.751932,0.789474,1.0,0.8725,0.687861,1
237,evaluation,Simple,scan,pond_b,0.718026,0.939327,0.722331,0.803877,0.552632,0.867188,0.8725,0.772487,0
238,development,Moderate,native_pdf,pond_b,0.937691,0.992728,0.482212,0.871358,0.934783,0.989848,0.581673,0.897233,1
239,development,Complex,scan,pond_a,0.552074,0.564298,0.449037,0.57272,0.338028,0.485714,0.581673,0.133333,0
240,evaluation,Simple,native_pdf,pond_b,0.96332,0.992972,0.910401,0.924069,0.966942,0.989848,0.982759,1.0,1
241,development,Moderate,scan,pond_b,0.807336,0.953859,0.775016,0.894928,0.672727,0.88172,0.888889,0.937931,1
242,development,Complex,scan,pond_b,0.807501,0.528738,0.532635,0.596668,0.672727,0.485714,0.581673,0.307692,0
243,development,Moderate,scan,pond_b,0.634635,0.845456,0.631608,0.863327,0.421053,0.77027,0.778571,0.897233,0
244,evaluation,Moderate,scan,pond_b,0.716486,0.931696,0.688786,0.906665,0.552632,0.865854,0.8725,0.937931,1
245,development,Simple,native_pdf,pond_b,0.950928,0.98046,0.932332,0.888392,0.945946,0.933333,1.0,0.911111,1
246,development,Simple,native_pdf,pond_b,0.950854,0.968919,0.899416,0.78481,0.945946,0.88172,0.982759,0.772487,1
247,development,Simple,scan,pond_b,0.934422,0.993496,0.809788,0.832196,0.887701,0.989848,0.891117,0.791444,1
248,evaluation,Simple,native_pdf,pond_b,0.962708,0.961733,0.632943,0.821309,0.966942,0.88172,0.778571,0.791444,0
249,evaluation,Complex,scan,pond_a,0.717847,0.937386,0.64517,0.622035,0.552632,0.867188,0.778571,0.333333,0
250,development,Simple,scan,pond_b,0.884792,0.971282,0.872995,0.909751,0.789474,0.88172,0.979798,0.987179,1
251,development,Simple,native_pdf,pond_b,0.945409,0.975623,0.754586,0.885649,0.945946,0.923077,0.8725,0.902174,1
252,development,Moderate,scan,pond_b,0.941229,0.997211,0.93606,0.893158,0.934783,0.989848,1.0,0.937931,1
253,development,Moderate,native_pdf,pond_a,0.870887,0.994434,0.818443,0.745494,0.768421,0.989848,0.891117,0.687861,0
254,development,Moderate,scan,pond_b,0.554663,0.457318,0.706359,0.874118,0.338028,0.485714,0.8725,0.897233,1
255,development,Simple,scan,pond_a,0.916841,0.974999,0.942163,0.902659,0.857143,0.923077,1.0,0.937931,1
256,development,Simple,native_pdf,pond_a,0.95981,0.979854,0.967271,0.792292,0.966942,0.933333,1.0,0.772487,1
257,development,Simple,scan,pond_b,0.907948,0.795869,0.879078,0.764465,0.843284,0.727723,0.979798,0.687861,0
258,evaluation,Moderate,native_pdf,pond_b,0.91099,0.863934,0.645182,0.882126,0.857143,0.809353,0.778571,0.902174,0
259,development,Complex,native_pdf,pond_a,0.66395,0.83626,0.508805,0.734374,0.5,0.77027,0.581673,0.591837,1
260,development,Simple,scan,pond_b,0.952186,0.993042,0.738327,0.813651,0.945946,0.989848,0.8725,0.772487,1
261,development,Simple,scan,pond_a,0.880382,0.731469,0.95022,0.697606,0.789474,0.666667,1.0,0.527397,0
262,evaluation,Complex,native_pdf,pond_b,0.874513,0.548929,0.714464,0.759603,0.777778,0.485714,0.8725,0.687861,0
263,development,Moderate,scan,pond_a,0.766992,0.702302,0.309323,0.714569,0.591398,0.567568,0.25,0.591837,0
264,development,Simple,native_pdf,pond_b,0.961697,0.99652,0.919841,0.868675,0.966942,0.989848,1.0,0.897233,1
265,development,Complex,scan,pond_a,0.526,0.421972,0.474104,0.628093,0.338028,0.419355,0.581673,0.388889,0
266,development,Simple,native_pdf,pond_a,0.875097,0.827538,0.476495,0.660509,0.777778,0.727723,0.581673,0.527397,0
267,evaluation,Simple,scan,pond_b,0.948944,0.988082,0.87561,0.837045,0.945946,0.957792,0.979798,0.80137,1
268,development,Simple,native_pdf,pond_b,0.942704,0.98845,0.662739,0.924029,0.934783,0.957792,0.863158,1.0,1
269,development,Simple,native_pdf,pond_b,0.941804,0.976067,0.878943,0.817909,0.934783,0.923077,0.979798,0.791444,1
270,evaluation,Complex,native_pdf,pond_b,0.575926,0.186738,0.131706,0.688535,0.421053,0.16,0.12,0.527397,0
271,evaluation,Simple,native_pdf,pond_b,0.949076,0.990198,0.854487,0.889514,0.945946,0.957792,0.951456,0.911111,1
272,development,Simple,scan,pond_b,0.851251,0.876821,0.825963,0.843189,0.744681,0.809353,0.891117,0.80137,0
273,development,Moderate,scan,pond_a,0.729889,0.924808,0.769766,0.694442,0.552632,0.862069,0.8725,0.527397,0
274,evaluation,Simple,scan,pond_a,0.677455,0.893737,0.705008,0.722474,0.552632,0.809353,0.8725,0.591837,0
275,development,Simple,native_pdf,pond_b,0.967861,0.996914,0.940321,0.915374,0.966942,0.989848,1.0,0.987179,1
276,evaluation,Moderate,native_pdf,pond_a,0.667767,0.664933,0.448498,0.773047,0.5,0.54386,0.581673,0.727273,0
277,development,Simple,scan,pond_a,0.857617,0.697985,0.472896,0.697877,0.768421,0.567568,0.581673,0.527397,0
278,evaluation,Moderate,native_pdf,pond_a,0.870722,0.963147,0.541025,0.564626,0.768421,0.88172,0.581673,0.133333,0
279,evaluation,Moderate,scan,pond_a,0.840475,0.890626,0.790081,0.794314,0.738397,0.809353,0.891117,0.772487,0
280,evaluation,Moderate,native_pdf,pond_a,0.712845,0.403473,0.381942,0.735594,0.552632,0.415385,0.435484,0.591837,0
281,evaluation,Simple,scan,pond_a,0.775889,0.899671,0.656809,0.861149,0.596268,0.809353,0.778571,0.894737,0
282,development,Moderate,scan,pond_b,0.44732,0.763039,0.275924,0.828699,0.235294,0.727723,0.192308,0.791444,0
283,development,Simple,scan,pond_a,0.892315,0.964722,0.947215,0.802252,0.793103,0.88172,1.0,0.772487,0
284,development,Moderate,native_pdf,pond_a,0.942351,0.98837,0.912161,0.814296,0.934783,0.957792,1.0,0.772487,1
285,evaluation,Moderate,scan,pond_b,0.853247,0.985194,0.819115,0.874737,0.744681,0.957792,0.891117,0.897233,1
286,development,Moderate,native_pdf,pond_a,0.888958,0.897541,0.384828,0.657234,0.789474,0.809353,0.435484,0.527397,0
287,development,Moderate,native_pdf,pond_a,0.905782,0.946206,0.815246,0.754851,0.843284,0.867188,0.891117,0.687861,1
288,development,Complex,native_pdf,pond_a,0.571939,0.511006,0.279267,0.656269,0.338028,0.485714,0.192308,0.527397,0
289,evaluation,Simple,scan,pond_b,0.613715,0.847074,0.598736,0.863737,0.421053,0.77027,0.753623,0.897233,0
290,evaluation,Simple,scan,pond_a,0.787528,0.984232,0.573584,0.764872,0.672131,0.957792,0.75,0.687861,1
291,development,Moderate,scan,pond_b,0.871389,0.99651,0.750165,0.846513,0.768421,0.989848,0.8725,0.868132,1
292,development,Simple,native_pdf,pond_a,0.830305,0.903412,0.86725,0.816651,0.738397,0.809353,0.979798,0.772487,1
293,evaluation,Complex,native_pdf,pond_a,0.802656,0.814264,0.734801,0.72831,0.672727,0.727723,0.8725,0.591837,1
294,evaluation,Moderate,native_pdf,pond_b,0.852983,0.955522,0.59665,0.805592,0.744681,0.88172,0.753623,0.772487,0
295,evaluation,Complex,scan,pond_b,0.373117,0.238776,0.171751,0.73637,0.2,0.415385,0.153846,0.591837,0
296,evaluation,Complex,scan,pond_b,0.604224,0.737275,0.284909,0.832244,0.421053,0.727723,0.192308,0.791444,1
297,evaluation,Complex,native_pdf,pond_a,0.759741,0.78612,0.57976,0.644848,0.591398,0.727723,0.753623,0.388889,0
298,evaluation,Simple,native_pdf,pond_b,0.907776,0.931773,0.85949,0.818951,0.843284,0.865854,0.951456,0.791444,1
299,evaluation,Complex,native_pdf,pond_a,0.792513,0.514934,0.255216,0.610343,0.672727,0.485714,0.192308,0.333333,0
300,development,Moderate,scan,pond_b,0.873021,0.652061,0.575328,0.89095,0.768421,0.54386,0.753623,0.911111,1
301,evaluation,Moderate,native_pdf,pond_b,0.506147,0.271849,0.12445,0.743127,0.338028,0.415385,0.12,0.687861,0
302,development,Simple,scan,pond_a,0.962576,0.99743,0.927903,0.837835,0.966942,1.0,1.0,0.80137,1
303,evaluation,Moderate,native_pdf,pond_b,0.900598,0.99708,0.860807,0.862111,0.843284,0.989848,0.951456,0.897233,1
304,evaluation,Simple,native_pdf,pond_a,0.923903,0.985424,0.960951,0.829732,0.887701,0.957792,1.0,0.791444,1
305,evaluation,Moderate,native_pdf,pond_b,0.818414,0.576446,0.563092,0.815913,0.738397,0.485714,0.681818,0.772487,0
306,development,Simple,scan,pond_a,0.837615,0.980962,0.810888,0.807857,0.738397,0.933333,0.891117,0.772487,0
307,development,Simple,native_pdf,pond_b,0.892388,0.950368,0.871531,0.807664,0.793103,0.868421,0.979798,0.772487,0
308,development,Simple,native_pdf,pond_b,0.969537,0.996257,0.914708,0.932073,0.966942,0.989848,1.0,1.0,1
309,development,Simple,scan,pond_b,0.899122,0.994844,0.736057,0.855192,0.843284,0.989848,0.8725,0.894737,1
310,evaluation,Moderate,scan,pond_b,0.721232,0.829554,0.428708,0.856488,0.552632,0.727723,0.527778,0.894737,1
311,development,Simple,native_pdf,pond_b,0.931468,0.801277,0.928771,0.877214,0.887701,0.727723,1.0,0.897233,1
312,development,Moderate,native_pdf,pond_b,0.874052,0.758634,0.63806,0.651011,0.777778,0.727723,0.778571,0.388889,0
313,development,Simple,native_pdf,pond_b,0.921068,0.977997,0.761355,0.744062,0.887701,0.933333,0.8725,0.687861,1
314,evaluation,Simple,native_pdf,pond_b,0.867144,0.9048,0.722919,0.871905,0.768421,0.809353,0.8725,0.897233,0
315,development,Simple,scan,pond_b,0.947605,0.996325,0.808027,0.852281,0.945946,0.989848,0.891117,0.894737,1
316,evaluation,Complex,native_pdf,pond_b,0.593698,0.343154,0.241445,0.805514,0.421053,0.415385,0.192308,0.772487,0
317,evaluation,Simple,scan,pond_b,0.846784,0.930813,0.320936,0.835809,0.744681,0.865854,0.294118,0.80137,0
318,development,Simple,scan,pond_b,0.915268,0.97903,0.782679,0.867471,0.857143,0.933333,0.891117,0.897233,0
319,development,Simple,scan,pond_a,0.718566,0.946817,0.781269,0.785724,0.552632,0.867188,0.891117,0.772487,1
320,evaluation,Moderate,native_pdf,pond_a,0.865219,0.967183,0.743065,0.750946,0.768421,0.88172,0.8725,0.687861,0
321,evaluation,Complex,native_pdf,pond_a,0.654846,0.479133,0.208313,0.642629,0.5,0.485714,0.192308,0.388889,0
322,development,Moderate,native_pdf,pond_b,0.861429,0.918838,0.550251,0.883605,0.768421,0.862069,0.681818,0.902174,1
323,evaluation,Moderate,scan,pond_a,0.653618,0.408845,0.37758,0.693245,0.5,0.415385,0.435484,0.527397,0
324,evaluation,Simple,scan,pond_a,0.914996,0.988585,0.85295,0.834689,0.857143,0.957792,0.951456,0.80137,1
325,evaluation,Moderate,scan,pond_a,0.596302,0.658713,0.625001,0.691201,0.421053,0.54386,0.778571,0.527397,1
326,development,Simple,native_pdf,pond_b,0.942165,0.938349,0.716064,0.838409,0.934783,0.867188,0.8725,0.80137,0
327,development,Moderate,scan,pond_b,0.793115,0.834235,0.567605,0.856945,0.672727,0.77027,0.681818,0.894737,0
328,evaluation,Moderate,native_pdf,pond_b,0.875037,0.646894,0.521818,0.910362,0.777778,0.54386,0.581673,0.987179,0
329,development,Simple,scan,pond_a,0.886567,0.966605,0.788877,0.760781,0.789474,0.88172,0.891117,0.687861,0
330,development,Simple,native_pdf,pond_b,0.878852,0.969463,0.687886,0.888549,0.777778,0.88172,0.8725,0.911111,0
331,development,Complex,scan,pond_a,0.623597,0.5733,0.252336,0.593153,0.421053,0.485714,0.192308,0.307692,0
332,development,Simple,scan,pond_a,0.891423,0.98995,0.915734,0.779761,0.793103,0.957792,1.0,0.727273,1
333,evaluation,Complex,native_pdf,pond_a,0.777832,0.882216,0.522552,0.704041,0.6,0.809353,0.581673,0.571429,0
334,development,Simple,native_pdf,pond_b,0.9388,0.985839,0.812907,0.830496,0.934783,0.957792,0.891117,0.791444,0
335,evaluation,Complex,native_pdf,pond_a,0.904218,0.735227,0.544206,0.678674,0.843284,0.671506,0.681818,0.527397,1
336,development,Simple,native_pdf,pond_b,0.8114,0.945915,0.665514,0.813361,0.738397,0.867188,0.863158,0.772487,0
337,evaluation,Moderate,scan,pond_a,0.762458,0.929014,0.725215,0.73918,0.591398,0.865854,0.8725,0.591837,1
338,development,Simple,scan,pond_b,0.867319,0.846806,0.719521,0.919758,0.768421,0.77027,0.8725,0.987179,1
339,development,Simple,scan,pond_a,0.928845,0.997275,0.762486,0.810107,0.887701,0.989848,0.8725,0.772487,1
340,development,Moderate,native_pdf,pond_a,0.895716,0.779321,0.819878,0.681223,0.843284,0.727723,0.891117,0.527397,1
341,development,Simple,scan,pond_a,0.920782,0.994257,0.857564,0.821972,0.887701,0.989848,0.951456,0.791444,1
342,development,Moderate,scan,pond_a,0.909888,0.988316,0.868679,0.74579,0.857143,0.957792,0.979798,0.687861,1
343,evaluation,Complex,native_pdf,pond_a,0.836072,0.922749,0.417941,0.801608,0.738397,0.862069,0.527778,0.772487,1
344,development,Simple,scan,pond_b,0.831576,0.965951,0.867497,0.851076,0.738397,0.88172,0.979798,0.868132,1
345,development,Moderate,scan,pond_b,0.642317,0.936288,0.344744,0.812743,0.421053,0.867188,0.435484,0.772487,0
346,evaluation,Simple,scan,pond_a,0.709826,0.922098,0.714421,0.753055,0.552632,0.862069,0.8725,0.687861,1
347,evaluation,Complex,scan,pond_a,0.592657,0.619262,0.170578,0.807503,0.421053,0.521739,0.153846,0.772487,0
348,evaluation,Complex,native_pdf,pond_b,0.880189,0.953909,0.370472,0.738885,0.789474,0.88172,0.435484,0.591837,0
349,development,Simple,native_pdf,pond_b,0.856897,0.915679,0.798678,0.857564,0.768421,0.857143,0.891117,0.894737,1
350,development,Simple,native_pdf,pond_b,0.962611,0.979122,0.784311,0.888235,0.966942,0.933333,0.891117,0.911111,1
351,development,Simple,scan,pond_a,0.799234,0.940429,0.720087,0.850904,0.672727,0.867188,0.8725,0.868132,0
352,development,Moderate,native_pdf,pond_b,0.92936,0.953285,0.831953,0.88639,0.887701,0.88172,0.891117,0.902174,0
353,development,Simple,native_pdf,pond_b,0.848093,0.613604,0.616575,0.877133,0.744681,0.521739,0.753623,0.897233,0
354,development,Simple,native_pdf,pond_b,0.91816,0.98081,0.401457,0.806674,0.857143,0.933333,0.435484,0.772487,0
355,development,Simple,native_pdf,pond_a,0.938504,0.756064,0.624387,0.837455,0.934783,0.727723,0.778571,0.80137,0
356,development,Moderate,native_pdf,pond_a,0.960244,0.979112,0.77941,0.822517,0.966942,0.933333,0.891117,0.791444,1
357,evaluation,Complex,native_pdf,pond_a,0.718517,0.682627,0.721023,0.450311,0.552632,0.567568,0.8725,0.00545,0
358,development,Simple,native_pdf,pond_a,0.950239,0.843602,0.754142,0.857306,0.945946,0.77027,0.8725,0.894737,1
359,development,Simple,native_pdf,pond_a,0.939066,0.915435,0.937213,0.787639,0.934783,0.857143,1.0,0.772487,0
360,evaluation,Complex,scan,pond_a,0.803032,0.900594,0.447205,0.621088,0.672727,0.809353,0.581673,0.333333,1
361,development,Moderate,native_pdf,pond_b,0.836653,0.984407,0.601808,0.716507,0.738397,0.957792,0.753623,0.591837,0
362,development,Moderate,scan,pond_a,0.798055,0.86447,0.767237,0.766741,0.672727,0.809353,0.8725,0.727273,1
363,development,Simple,scan,pond_b,0.800134,0.880027,0.324656,0.857061,0.672727,0.809353,0.363636,0.894737,0
364,development,Simple,native_pdf,pond_b,0.971049,0.983141,0.877208,0.877467,0.977778,0.957792,0.979798,0.897233,1
365,evaluation,Moderate,native_pdf,pond_a,0.857895,0.980837,0.45899,0.822693,0.768421,0.933333,0.581673,0.791444,1
366,development,Simple,native_pdf,pond_a,0.839592,0.920757,0.824423,0.743287,0.738397,0.862069,0.891117,0.687861,1
367,development,Simple,native_pdf,pond_a,0.932972,0.988055,0.904601,0.852197,0.887701,0.957792,0.982759,0.894737,1
368,evaluation,Complex,scan,pond_b,0.717113,0.900863,0.664867,0.807333,0.552632,0.809353,0.863158,0.772487,0
369,evaluation,Moderate,native_pdf,pond_b,0.521523,0.473363,0.157938,0.714486,0.338028,0.485714,0.141308,0.591837,0
370,development,Simple,native_pdf,pond_a,0.947639,0.978901,0.888518,0.760589,0.945946,0.933333,0.982759,0.687861,1
371,development,Complex,scan,pond_b,0.564624,0.479747,0.200277,0.826885,0.338028,0.485714,0.153846,0.791444,0
372,development,Simple,native_pdf,pond_a,0.940393,0.991593,0.916512,0.752761,0.934783,0.957792,1.0,0.687861,0
373,evaluation,Simple,scan,pond_a,0.910216,0.95732,0.556375,0.802953,0.857143,0.88172,0.681818,0.772487,1
374,evaluation,Moderate,native_pdf,pond_a,0.928126,0.987795,0.903329,0.845301,0.887701,0.957792,0.982759,0.868132,1
375,development,Complex,native_pdf,pond_a,0.660069,0.371806,0.348981,0.656978,0.5,0.415385,0.435484,0.527397,0
376,evaluation,Complex,scan,pond_a,0.603045,0.855063,0.678414,0.71866,0.421053,0.809353,0.863158,0.591837,1
377,development,Simple,native_pdf,pond_a,0.965176,0.98836,0.822805,0.808156,0.966942,0.957792,0.891117,0.772487,1
378,development,Simple,scan,pond_a,0.803761,0.959621,0.568523,0.771044,0.672727,0.88172,0.681818,0.727273,1
379,development,Simple,scan,pond_a,0.926014,0.932895,0.653731,0.754156,0.887701,0.865854,0.778571,0.687861,0
380,evaluation,Moderate,scan,pond_a,0.810001,0.990504,0.751464,0.806779,0.738397,0.957792,0.8725,0.772487,1
381,development,Simple,scan,pond_a,0.956524,0.992038,0.865668,0.756805,0.966942,0.989848,0.951456,0.687861,1
382,development,Complex,native_pdf,pond_a,0.681937,0.49089,0.398293,0.678453,0.552632,0.485714,0.435484,0.527397,1
383,development,Moderate,native_pdf,pond_b,0.937392,0.925732,0.769463,0.87997,0.934783,0.865854,0.8725,0.897233,1
384,development,Complex,native_pdf,pond_a,0.736651,0.686889,0.803002,0.500633,0.591398,0.567568,0.891117,0.133333,0
385,development,Simple,native_pdf,pond_b,0.949194,0.983415,0.867655,0.919981,0.945946,0.957792,0.979798,0.987179,1
386,development,Simple,native_pdf,pond_a,0.95105,0.998496,0.92636,0.765161,0.945946,1.0,1.0,0.687861,1
387,evaluation,Complex,scan,pond_b,0.550712,0.342901,0.635424,0.800052,0.338028,0.415385,0.778571,0.772487,0
388,evaluation,Simple,scan,pond_a,0.755433,0.986814,0.783847,0.674849,0.591398,0.957792,0.891117,0.527397,0
389,evaluation,Complex,scan,pond_a,0.847091,0.835204,0.698448,0.758728,0.744681,0.77027,0.8725,0.687861,0
390,evaluation,Complex,scan,pond_b,0.564802,0.944198,0.629085,0.763508,0.338028,0.867188,0.778571,0.687861,0
391,evaluation,Moderate,scan,pond_b,0.690599,0.883097,0.373016,0.883156,0.552632,0.809353,0.435484,0.902174,0
392,evaluation,Complex,scan,pond_a,0.302898,0.037046,0.077862,0.48166,0.181818,0.0,0.0,0.107256,0
393,evaluation,Simple,native_pdf,pond_a,0.92194,0.982105,0.637581,0.842328,0.887701,0.957792,0.778571,0.80137,1
394,evaluation,Moderate,native_pdf,pond_b,0.956638,0.993022,0.864572,0.844108,0.966942,0.989848,0.951456,0.868132,1
395,development,Moderate,native_pdf,pond_b,0.783317,0.845645,0.553666,0.887202,0.672131,0.77027,0.681818,0.902174,0
396,development,Complex,scan,pond_a,0.645455,0.342199,0.167179,0.668803,0.421053,0.415385,0.153846,0.527397,0
397,evaluation,Simple,native_pdf,pond_a,0.969742,0.988704,0.90482,0.798793,0.966942,0.957792,0.982759,0.772487,1
398,development,Simple,native_pdf,pond_b,0.861109,0.888556,0.653105,0.881673,0.768421,0.809353,0.778571,0.902174,1
399,evaluation,Moderate,native_pdf,pond_a,0.913978,0.917354,0.73977,0.79543,0.857143,0.862069,0.8725,0.772487,1
400,development,Moderate,native_pdf,pond_a,0.872789,0.914255,0.63202,0.674018,0.768421,0.857143,0.778571,0.527397,1
401,development,Simple,scan,pond_b,0.937224,0.965089,0.865407,0.839552,0.934783,0.88172,0.951456,0.80137,1
402,evaluation,Complex,native_pdf,pond_b,0.760638,0.734687,0.498228,0.720609,0.591398,0.666667,0.581673,0.591837,0
403,development,Moderate,scan,pond_a,0.759103,0.416284,0.37219,0.802908,0.591398,0.419355,0.435484,0.772487,0
404,development,Simple,scan,pond_a,0.919846,0.989022,0.962522,0.846924,0.887701,0.957792,1.0,0.868132,1
405,development,Complex,scan,pond_a,0.458555,0.288147,0.344936,0.708641,0.235294,0.415385,0.435484,0.571429,0
406,evaluation,Complex,scan,pond_b,0.755436,0.940064,0.830258,0.766781,0.591398,0.867188,0.891117,0.727273,0
407,development,Complex,native_pdf,pond_a,0.60596,0.670766,0.093963,0.612731,0.421053,0.54386,0.12,0.333333,0
408,evaluation,Simple,native_pdf,pond_a,0.905954,0.965629,0.58018,0.679044,0.843284,0.88172,0.753623,0.527397,1
409,development,Simple,native_pdf,pond_b,0.961116,0.986529,0.853006,0.864964,0.966942,0.957792,0.951456,0.897233,1
410,evaluation,Complex,native_pdf,pond_a,0.752776,0.733788,0.485461,0.620392,0.591398,0.666667,0.581673,0.333333,0
411,evaluation,Moderate,scan,pond_b,0.740029,0.957854,0.701381,0.847132,0.591398,0.88172,0.8725,0.868132,1
412,evaluation,Simple,native_pdf,pond_a,0.948906,0.98211,0.788616,0.743467,0.945946,0.957792,0.891117,0.687861,0
413,evaluation,Complex,scan,pond_b,0.477013,0.573356,0.574084,0.762688,0.235294,0.485714,0.75,0.687861,0
414,development,Simple,native_pdf,pond_a,0.904909,0.990846,0.926144,0.797889,0.843284,0.957792,1.0,0.772487,1
415,development,Simple,native_pdf,pond_b,0.932261,0.938987,0.519443,0.816638,0.887701,0.867188,0.581673,0.772487,0
416,evaluation,Moderate,native_pdf,pond_a,0.915538,0.960158,0.749294,0.787088,0.857143,0.88172,0.8725,0.772487,1
417,evaluation,Simple,scan,pond_b,0.87005,0.992406,0.877556,0.824972,0.768421,0.989848,0.979798,0.791444,1
418,development,Simple,native_pdf,pond_b,0.861982,0.921621,0.855348,0.890773,0.768421,0.862069,0.951456,0.911111,0
419,evaluation,Moderate,native_pdf,pond_a,0.920786,0.996668,0.790089,0.746521,0.887701,0.989848,0.891117,0.687861,1
420,development,Simple,native_pdf,pond_b,0.909131,0.958226,0.921054,0.89952,0.857143,0.88172,1.0,0.937931,1
421,development,Simple,native_pdf,pond_a,0.978757,0.997932,0.847197,0.823104,0.977778,1.0,0.9375,0.791444,1
422,evaluation,Moderate,scan,pond_b,0.908295,0.953051,0.840062,0.741326,0.843284,0.88172,0.9375,0.591837,0
423,development,Simple,scan,pond_b,0.910153,0.994703,0.624803,0.870654,0.857143,0.989848,0.778571,0.897233,1
424,evaluation,Complex,native_pdf,pond_b,0.717339,0.130744,0.354088,0.852629,0.552632,0.16,0.435484,0.894737,0
425,development,Simple,scan,pond_a,0.799707,0.860639,0.710254,0.807338,0.672727,0.809353,0.8725,0.772487,0
426,evaluation,Simple,scan,pond_a,0.876757,0.990527,0.926401,0.818278,0.777778,0.957792,1.0,0.791444,1
427,development,Simple,native_pdf,pond_a,0.915286,0.974047,0.838027,0.811903,0.857143,0.923077,0.9375,0.772487,1
428,development,Complex,native_pdf,pond_b,0.8122,0.681242,0.464903,0.835681,0.738397,0.567568,0.581673,0.80137,1
429,evaluation,Moderate,scan,pond_a,0.900235,0.947381,0.821865,0.69378,0.843284,0.867188,0.891117,0.527397,0
430,development,Simple,native_pdf,pond_a,0.884159,0.990363,0.518922,0.764802,0.789474,0.957792,0.581673,0.687861,0
431,evaluation,Simple,scan,pond_b,0.73943,0.813431,0.747226,0.881719,0.591398,0.727723,0.8725,0.902174,0
432,development,Complex,native_pdf,pond_b,0.751595,0.208538,0.299083,0.751996,0.591398,0.415385,0.25,0.687861,0
433,development,Simple,scan,pond_b,0.913959,0.965155,0.621543,0.92431,0.857143,0.88172,0.753623,1.0,0
434,development,Simple,native_pdf,pond_a,0.94787,0.980705,0.880614,0.788643,0.945946,0.933333,0.979798,0.772487,1
435,evaluation,Complex,native_pdf,pond_a,0.90548,0.952762,0.587995,0.764795,0.843284,0.88172,0.753623,0.687861,1
436,development,Complex,scan,pond_b,0.707038,0.515431,0.599037,0.862058,0.552632,0.485714,0.753623,0.897233,0
437,development,Simple,native_pdf,pond_a,0.902738,0.98453,0.890109,0.853007,0.843284,0.957792,0.982759,0.894737,1
438,evaluation,Simple,native_pdf,pond_a,0.889022,0.949604,0.638324,0.786079,0.789474,0.868421,0.778571,0.772487,1
439,development,Simple,scan,pond_a,0.840885,0.702605,0.713199,0.845305,0.738397,0.567568,0.8725,0.868132,0
440,development,Simple,scan,pond_b,0.928801,0.9911,0.927798,0.865293,0.887701,0.957792,1.0,0.897233,1
441,development,Complex,scan,pond_a,0.503808,0.563194,0.294727,0.652408,0.338028,0.485714,0.192308,0.4,0
442,development,Simple,scan,pond_b,0.773418,0.447923,0.664738,0.866558,0.591398,0.419355,0.863158,0.897233,0
443,development,Simple,scan,pond_a,0.894691,0.921548,0.924787,0.844108,0.83871,0.862069,1.0,0.868132,1
444,evaluation,Complex,native_pdf,pond_b,0.759513,0.96191,0.735754,0.808105,0.591398,0.88172,0.8725,0.772487,1
445,development,Simple,scan,pond_a,0.823483,0.988943,0.780807,0.793222,0.738397,0.957792,0.891117,0.772487,0
446,development,Simple,scan,pond_a,0.900196,0.999115,0.936138,0.835493,0.843284,1.0,1.0,0.80137,1
447,evaluation,Moderate,scan,pond_a,0.786198,0.52727,0.585136,0.725391,0.672131,0.485714,0.753623,0.591837,0
448,evaluation,Complex,scan,pond_a,0.54788,0.293402,0.188066,0.742864,0.338028,0.415385,0.153846,0.687861,0
449,development,Moderate,scan,pond_b,0.502031,0.799284,0.373191,0.875283,0.338028,0.727723,0.435484,0.897233,1
450,evaluation,Moderate,native_pdf,pond_b,0.873657,0.935443,0.682583,0.883268,0.777778,0.867188,0.863158,0.902174,1
451,development,Simple,native_pdf,pond_b,0.94244,0.991668,0.91035,0.842742,0.934783,0.957792,0.982759,0.80137,1
452,evaluation,Moderate,scan,pond_a,0.62012,0.891391,0.564012,0.775036,0.421053,0.809353,0.681818,0.727273,0
453,evaluation,Moderate,native_pdf,pond_a,0.804851,0.885951,0.560201,0.804673,0.672727,0.809353,0.681818,0.772487,0
454,evaluation,Simple,native_pdf,pond_b,0.797384,0.835702,0.520818,0.890847,0.672727,0.77027,0.581673,0.911111,0
455,evaluation,Simple,native_pdf,pond_a,0.972381,0.978163,0.878062,0.833285,0.977778,0.933333,0.979798,0.80137,1
456,development,Moderate,native_pdf,pond_a,0.799282,0.726392,0.544123,0.816278,0.672727,0.666667,0.681818,0.772487,0
457,development,Complex,native_pdf,pond_b,0.790795,0.240373,0.337771,0.853921,0.672131,0.415385,0.375,0.894737,0
458,development,Simple,scan,pond_a,0.935829,0.995524,0.974846,0.866756,0.887701,0.989848,1.0,0.897233,1
459,evaluation,Simple,scan,pond_b,0.70262,0.909946,0.63876,0.820627,0.552632,0.809353,0.778571,0.791444,0
460,development,Simple,scan,pond_b,0.827792,0.92142,0.866786,0.935131,0.738397,0.862069,0.951456,1.0,0
461,development,Simple,native_pdf,pond_b,0.793308,0.819325,0.752723,0.800587,0.672727,0.727723,0.8725,0.772487,0
462,evaluation,Simple,native_pdf,pond_b,0.952243,0.968934,0.525629,0.85224,0.945946,0.88172,0.581673,0.894737,0
463,development,Simple,native_pdf,pond_b,0.886995,0.951825,0.774083,0.91759,0.789474,0.868421,0.8725,0.987179,1
464,development,Simple,native_pdf,pond_a,0.916805,0.996696,0.684094,0.860294,0.857143,0.989848,0.863158,0.894737,1
465,evaluation,Moderate,native_pdf,pond_b,0.820921,0.883489,0.642862,0.840974,0.738397,0.809353,0.778571,0.80137,0
466,development,Simple,native_pdf,pond_a,0.878669,0.933543,0.638068,0.786747,0.777778,0.865854,0.778571,0.772487,1
467,evaluation,Moderate,native_pdf,pond_b,0.919523,0.974386,0.59247,0.774608,0.872155,0.923077,0.753623,0.727273,0
468,evaluation,Moderate,scan,pond_b,0.763057,0.966289,0.657937,0.788866,0.591398,0.88172,0.778571,0.772487,1
469,development,Simple,native_pdf,pond_a,0.948529,0.936759,0.86698,0.8376,0.945946,0.867188,0.979798,0.80137,1
470,evaluation,Moderate,scan,pond_a,0.814533,0.930206,0.779049,0.7433,0.738397,0.865854,0.891117,0.687861,1
471,development,Moderate,native_pdf,pond_a,0.820883,0.740529,0.28133,0.754948,0.738397,0.727723,0.192308,0.687861,0
472,development,Simple,native_pdf,pond_b,0.951261,0.967156,0.784191,0.8722,0.945946,0.88172,0.891117,0.897233,0
473,evaluation,Complex,native_pdf,pond_a,0.532589,0.181545,0.303028,0.6347,0.338028,0.16,0.25,0.388889,0
474,development,Complex,scan,pond_b,0.712324,0.507779,0.214583,0.789699,0.552632,0.485714,0.192308,0.772487,0
475,development,Simple,native_pdf,pond_b,0.929991,0.98354,0.71633,0.828577,0.887701,0.957792,0.8725,0.791444,1
476,evaluation,Complex,scan,pond_a,0.4281,0.100416,0.18773,0.616175,0.235294,0.0,0.153846,0.333333,0
477,evaluation,Simple,scan,pond_a,0.87621,0.960207,0.529632,0.841999,0.777778,0.88172,0.581673,0.80137,1
478,development,Simple,native_pdf,pond_b,0.925511,0.983526,0.923966,0.935216,0.887701,0.957792,1.0,1.0,1
479,development,Simple,native_pdf,pond_b,0.902631,0.788725,0.728283,0.92016,0.843284,0.727723,0.8725,0.987179,1
480,development,Simple,native_pdf,pond_a,0.894052,0.969376,0.766444,0.764841,0.83871,0.88172,0.8725,0.687861,1
481,development,Simple,native_pdf,pond_b,0.949599,0.996969,0.719548,0.889123,0.945946,0.989848,0.8725,0.911111,1
482,development,Moderate,scan,pond_b,0.398097,0.241232,0.13605,0.75086,0.2,0.415385,0.12,0.687861,0
483,development,Complex,native_pdf,pond_b,0.556958,0.805939,0.448777,0.781546,0.338028,0.727723,0.581673,0.727273,0
484,evaluation,Moderate,scan,pond_b,0.817852,0.908729,0.796478,0.873401,0.738397,0.809353,0.891117,0.897233,0
485,development,Simple,native_pdf,pond_b,0.933337,0.975598,0.7297,0.826965,0.887701,0.923077,0.8725,0.791444,1
486,development,Moderate,scan,pond_a,0.666525,0.581375,0.352932,0.74443,0.5,0.485714,0.435484,0.687861,0
487,development,Simple,native_pdf,pond_b,0.892388,0.945806,0.771997,0.836755,0.793103,0.867188,0.8725,0.80137,0
488,development,Simple,scan,pond_b,0.863926,0.977478,0.343445,0.832416,0.768421,0.923077,0.375,0.791444,0
489,evaluation,Complex,native_pdf,pond_b,0.565797,0.509558,0.051102,0.672,0.338028,0.485714,0.0,0.527397,0
490,evaluation,Simple,scan,pond_a,0.738443,0.501212,0.728964,0.689071,0.591398,0.485714,0.8725,0.527397,0
491,development,Simple,native_pdf,pond_b,0.840004,0.610049,0.577685,0.698554,0.738397,0.485714,0.753623,0.527397,0
492,development,Complex,native_pdf,pond_b,0.607518,0.576661,0.263681,0.740949,0.421053,0.485714,0.192308,0.591837,0
493,evaluation,Complex,native_pdf,pond_a,0.851897,0.946142,0.692855,0.685824,0.744681,0.867188,0.8725,0.527397,1
494,development,Simple,native_pdf,pond_a,0.831735,0.835991,0.564726,0.834386,0.738397,0.77027,0.681818,0.80137,0
495,evaluation,Moderate,native_pdf,pond_b,0.836748,0.975004,0.708567,0.84848,0.738397,0.923077,0.8725,0.868132,1
496,development,Moderate,scan,pond_a,0.738728,0.525107,0.492392,0.741745,0.591398,0.485714,0.581673,0.591837,0
497,evaluation,Moderate,scan,pond_b,0.542165,0.895011,0.526691,0.868417,0.338028,0.809353,0.581673,0.897233,0
498,development,Simple,native_pdf,pond_a,0.956072,0.983592,0.843305,0.779238,0.966942,0.957792,0.9375,0.727273,1
499,development,Moderate,scan,pond_b,0.817569,0.927591,0.66047,0.868028,0.738397,0.865854,0.778571,0.897233,0
500,development,Simple,native_pdf,pond_b,0.949101,0.954754,0.86347,0.861747,0.945946,0.88172,0.951456,0.897233,1
501,development,Simple,native_pdf,pond_a,0.929669,0.952474,0.792411,0.849346,0.887701,0.88172,0.891117,0.868132,1
502,evaluation,Moderate,scan,pond_a,0.62004,0.727934,0.643957,0.7353,0.421053,0.666667,0.778571,0.591837,0
503,evaluation,Complex,native_pdf,pond_a,0.527714,0.530268,0.216673,0.700155,0.338028,0.485714,0.192308,0.527397,0
504,development,Moderate,scan,pond_a,0.423593,0.748052,0.464958,0.767592,0.235294,0.727723,0.581673,0.727273,0
505,evaluation,Moderate,scan,pond_a,0.824519,0.510569,0.53548,0.730415,0.738397,0.485714,0.581673,0.591837,0
506,development,Simple,native_pdf,pond_b,0.956592,0.972957,0.695405,0.80667,0.966942,0.88172,0.8725,0.772487,0
507,development,Simple,scan,pond_b,0.85871,0.994831,0.866077,0.896971,0.768421,0.989848,0.951456,0.937931,1
508,development,Moderate,scan,pond_b,0.819406,0.664719,0.252652,0.830755,0.738397,0.54386,0.192308,0.791444,0
509,development,Simple,scan,pond_a,0.926278,0.981073,0.821731,0.757501,0.887701,0.933333,0.891117,0.687861,0
510,development,Simple,scan,pond_a,0.856834,0.925418,0.800277,0.746308,0.768421,0.865854,0.891117,0.687861,0
511,evaluation,Complex,native_pdf,pond_b,0.720978,0.569685,0.222395,0.769966,0.552632,0.485714,0.192308,0.727273,0
512,evaluation,Moderate,scan,pond_b,0.788905,0.465633,0.675666,0.881956,0.672131,0.485714,0.863158,0.902174,0
513,development,Simple,native_pdf,pond_b,0.930873,0.909218,0.898536,0.897301,0.887701,0.809353,0.982759,0.937931,1
514,evaluation,Simple,scan,pond_b,0.868499,0.970481,0.869604,0.872016,0.768421,0.88172,0.979798,0.897233,1
515,evaluation,Moderate,scan,pond_a,0.849805,0.979017,0.883959,0.780104,0.744681,0.933333,0.979798,0.727273,1
516,development,Simple,native_pdf,pond_b,0.93985,0.977976,0.859811,0.915026,0.934783,0.933333,0.951456,0.987179,0
517,development,Simple,native_pdf,pond_b,0.976959,0.989915,0.781091,0.917561,0.977778,0.957792,0.891117,0.987179,0
518,evaluation,Moderate,native_pdf,pond_b,0.876837,0.939691,0.643355,0.744397,0.777778,0.867188,0.778571,0.687861,0
519,development,Simple,scan,pond_b,0.716688,0.967194,0.546845,0.854674,0.552632,0.88172,0.681818,0.894737,0
520,evaluation,Complex,native_pdf,pond_a,0.834348,0.75526,0.258568,0.692059,0.738397,0.727723,0.192308,0.527397,0
521,development,Moderate,native_pdf,pond_a,0.898263,0.703001,0.420157,0.597299,0.843284,0.567568,0.527778,0.307692,0
522,evaluation,Moderate,scan,pond_a,0.661097,0.337283,0.403366,0.620162,0.5,0.415385,0.435484,0.333333,0
523,development,Complex,native_pdf,pond_a,0.873177,0.317776,0.428373,0.715187,0.768421,0.415385,0.527778,0.591837,0
524,development,Moderate,scan,pond_b,0.668305,0.902431,0.7522,0.820211,0.552632,0.809353,0.8725,0.791444,1
525,development,Simple,native_pdf,pond_a,0.903123,0.966775,0.785632,0.81854,0.843284,0.88172,0.891117,0.791444,0
526,evaluation,Moderate,native_pdf,pond_a,0.943119,0.988583,0.732798,0.696983,0.934783,0.957792,0.8725,0.527397,0
527,development,Simple,native_pdf,pond_b,0.850546,0.905055,0.675738,0.917118,0.744681,0.809353,0.863158,0.987179,1
528,evaluation,Moderate,native_pdf,pond_b,0.808723,0.862741,0.607948,0.869278,0.672727,0.809353,0.753623,0.897233,0
529,development,Moderate,native_pdf,pond_b,0.74074,0.964087,0.574143,0.879899,0.591398,0.88172,0.75,0.897233,0
530,development,Moderate,native_pdf,pond_a,0.907596,0.9824,0.782256,0.710766,0.843284,0.957792,0.891117,0.590909,1
531,development,Moderate,native_pdf,pond_b,0.772426,0.057261,0.284605,0.73021,0.591398,0.0,0.192308,0.591837,0
532,development,Simple,scan,pond_b,0.689378,0.420338,0.461931,0.925622,0.552632,0.419355,0.581673,1.0,0
533,development,Simple,scan,pond_b,0.867242,0.982849,0.949624,0.8896,0.768421,0.957792,1.0,0.911111,1
534,evaluation,Moderate,scan,pond_a,0.780973,0.915995,0.765117,0.649168,0.672131,0.862069,0.8725,0.388889,0
535,evaluation,Simple,scan,pond_b,0.901838,0.977235,0.902947,0.776909,0.843284,0.923077,0.982759,0.727273,1
536,development,Complex,scan,pond_b,0.500909,0.635932,0.54826,0.882439,0.333333,0.54386,0.681818,0.902174,0
537,development,Simple,scan,pond_b,0.920106,0.989974,0.918054,0.849493,0.887701,0.957792,1.0,0.868132,1
538,development,Simple,native_pdf,pond_a,0.86185,0.887636,0.684122,0.824329,0.768421,0.809353,0.863158,0.791444,1
539,evaluation,Moderate,scan,pond_b,0.720126,0.86766,0.37581,0.863573,0.552632,0.809353,0.435484,0.897233,0
540,development,Complex,native_pdf,pond_b,0.733052,0.80679,0.348078,0.780702,0.552632,0.727723,0.435484,0.727273,0
541,evaluation,Complex,native_pdf,pond_a,0.912845,0.964817,0.787741,0.770743,0.857143,0.88172,0.891117,0.727273,1
542,evaluation,Moderate,scan,pond_a,0.81521,0.773576,0.661638,0.698841,0.738397,0.727723,0.863158,0.527397,0
543,evaluation,Simple,native_pdf,pond_a,0.928185,0.993004,0.846685,0.73696,0.887701,0.989848,0.9375,0.591837,0
544,evaluation,Simple,scan,pond_b,0.818856,0.981093,0.631382,0.796704,0.738397,0.933333,0.778571,0.772487,1
545,evaluation,Complex,scan,pond_b,0.707856,0.72264,0.528712,0.813993,0.552632,0.567568,0.581673,0.772487,0
546,development,Simple,native_pdf,pond_a,0.965297,0.993049,0.896939,0.77088,0.966942,0.989848,0.982759,0.727273,1
547,development,Complex,scan,pond_b,0.631716,0.132527,0.69525,0.812323,0.421053,0.16,0.8725,0.772487,0
548,development,Simple,scan,pond_b,0.874805,0.979809,0.869837,0.860476,0.777778,0.933333,0.979798,0.894737,1
549,development,Simple,native_pdf,pond_a,0.950486,0.889124,0.552641,0.885456,0.945946,0.809353,0.681818,0.902174,0
550,development,Simple,native_pdf,pond_a,0.904834,0.95901,0.874846,0.796372,0.843284,0.88172,0.979798,0.772487,0
551,development,Moderate,scan,pond_b,0.725915,0.220083,0.575704,0.863679,0.552632,0.415385,0.753623,0.897233,0
552,evaluation,Simple,scan,pond_b,0.770837,0.908788,0.805472,0.879133,0.591398,0.809353,0.891117,0.897233,0
553,development,Simple,scan,pond_b,0.927068,0.992016,0.818355,0.694726,0.887701,0.989848,0.891117,0.527397,1
554,development,Moderate,scan,pond_b,0.687595,0.845403,0.366983,0.810911,0.552632,0.77027,0.435484,0.772487,0
555,development,Simple,scan,pond_a,0.821466,0.925549,0.575143,0.795662,0.738397,0.865854,0.753623,0.772487,0
556,development,Moderate,native_pdf,pond_b,0.831251,0.912254,0.785448,0.85819,0.738397,0.809353,0.891117,0.894737,1
557,evaluation,Moderate,native_pdf,pond_a,0.700512,0.50759,0.351638,0.781238,0.552632,0.485714,0.435484,0.727273,0
558,development,Simple,native_pdf,pond_a,0.932963,0.991842,0.837948,0.781368,0.887701,0.957792,0.9375,0.727273,0
559,development,Simple,native_pdf,pond_a,0.883995,0.950055,0.925219,0.79844,0.789474,0.868421,1.0,0.772487,1
560,development,Simple,native_pdf,pond_a,0.979191,0.996417,0.961873,0.85572,0.977778,0.989848,1.0,0.894737,1
561,development,Moderate,scan,pond_a,0.754428,0.784123,0.384964,0.725394,0.591398,0.727723,0.435484,0.591837,0
562,development,Simple,native_pdf,pond_a,0.933805,0.979393,0.854963,0.899974,0.887701,0.933333,0.951456,0.937931,1
563,development,Moderate,scan,pond_b,0.846109,0.976023,0.852971,0.840667,0.744681,0.923077,0.951456,0.80137,1
564,development,Simple,native_pdf,pond_b,0.948399,0.990638,0.936741,0.810368,0.945946,0.957792,1.0,0.772487,1
565,development,Moderate,scan,pond_a,0.668067,0.621681,0.572288,0.736512,0.5,0.521739,0.75,0.591837,0
566,evaluation,Complex,native_pdf,pond_b,0.727633,0.248117,0.51156,0.592889,0.552632,0.415385,0.581673,0.307692,0
567,development,Complex,native_pdf,pond_a,0.853114,0.694253,0.238721,0.609268,0.744681,0.567568,0.192308,0.333333,0
568,evaluation,Complex,native_pdf,pond_b,0.850157,0.83892,0.75241,0.761572,0.744681,0.77027,0.8725,0.687861,0
569,development,Simple,native_pdf,pond_a,0.940159,0.963936,0.880604,0.850831,0.934783,0.88172,0.979798,0.868132,1
570,development,Simple,native_pdf,pond_a,0.913885,0.985766,0.713369,0.708882,0.857143,0.957792,0.8725,0.571429,1
571,evaluation,Moderate,native_pdf,pond_b,0.872086,0.920757,0.780877,0.891735,0.768421,0.862069,0.891117,0.92426,0
572,development,Complex,native_pdf,pond_b,0.526373,0.791743,0.745863,0.814654,0.338028,0.727723,0.8725,0.772487,1
573,evaluation,Complex,native_pdf,pond_b,0.89377,0.904636,0.659356,0.785708,0.83871,0.809353,0.778571,0.772487,1
574,evaluation,Moderate,scan,pond_a,0.841891,0.833242,0.810662,0.766545,0.738397,0.763492,0.891117,0.727273,0
575,evaluation,Complex,native_pdf,pond_a,0.663963,0.745365,0.402166,0.640661,0.5,0.727723,0.435484,0.388889,0
576,development,Complex,native_pdf,pond_b,0.742134,0.341131,0.471171,0.82317,0.591398,0.415385,0.581673,0.791444,0
577,evaluation,Moderate,scan,pond_b,0.789363,0.951959,0.600341,0.881534,0.672131,0.868421,0.753623,0.902174,0
578,evaluation,Simple,native_pdf,pond_a,0.893853,0.995165,0.4258,0.787225,0.83871,0.989848,0.527778,0.772487,1
579,evaluation,Complex,scan,pond_a,0.863568,0.957481,0.488096,0.644813,0.768421,0.88172,0.581673,0.388889,0
580,development,Complex,native_pdf,pond_a,0.726401,0.195923,0.275805,0.716408,0.552632,0.415385,0.192308,0.591837,0
581,evaluation,Simple,native_pdf,pond_a,0.909511,0.878762,0.956847,0.888501,0.857143,0.809353,1.0,0.911111,0
582,evaluation,Complex,scan,pond_a,0.643091,0.725135,0.301617,0.703857,0.421053,0.567568,0.25,0.571429,1
583,development,Simple,native_pdf,pond_a,0.958857,0.924379,0.709543,0.80257,0.966942,0.862069,0.8725,0.772487,0
584,development,Moderate,scan,pond_b,0.731111,0.803038,0.818645,0.874814,0.552632,0.727723,0.891117,0.897233,1
585,development,Simple,native_pdf,pond_a,0.943245,0.977278,0.583574,0.851246,0.934783,0.923077,0.753623,0.868132,0
586,evaluation,Simple,native_pdf,pond_a,0.888843,0.956517,0.882785,0.798709,0.789474,0.88172,0.979798,0.772487,1
587,evaluation,Complex,native_pdf,pond_a,0.909292,0.565186,0.813144,0.496458,0.857143,0.485714,0.891117,0.133333,0
588,evaluation,Simple,native_pdf,pond_b,0.868573,0.914559,0.631375,0.870934,0.768421,0.857143,0.778571,0.897233,1
589,evaluation,Moderate,native_pdf,pond_b,0.918683,0.875643,0.851083,0.839722,0.857143,0.809353,0.951456,0.80137,1
590,evaluation,Moderate,native_pdf,pond_a,0.932343,0.876198,0.586087,0.848564,0.887701,0.809353,0.753623,0.868132,0
591,evaluation,Complex,native_pdf,pond_b,0.810563,0.936388,0.339714,0.831514,0.738397,0.867188,0.375,0.791444,0
592,development,Simple,scan,pond_a,0.789883,0.933888,0.665886,0.687281,0.672131,0.865854,0.863158,0.527397,0
593,evaluation,Simple,native_pdf,pond_a,0.894038,0.947304,0.576611,0.877286,0.83871,0.867188,0.753623,0.897233,1
594,evaluation,Complex,scan,pond_b,0.478682,0.790778,0.201492,0.861998,0.235294,0.727723,0.153846,0.897233,0
595,development,Moderate,native_pdf,pond_a,0.932927,0.980199,0.749714,0.789945,0.887701,0.933333,0.8725,0.772487,0
596,development,Simple,native_pdf,pond_a,0.932348,0.647317,0.468164,0.882649,0.887701,0.54386,0.581673,0.902174,0
597,development,Simple,scan,pond_a,0.84021,0.981436,0.666101,0.853095,0.738397,0.957792,0.863158,0.894737,1
598,evaluation,Complex,scan,pond_a,0.522012,0.628889,0.544504,0.726994,0.338028,0.521739,0.681818,0.591837,0
599,evaluation,Simple,scan,pond_b,0.82285,0.976416,0.44653,0.894572,0.738397,0.923077,0.581673,0.937931,1
600,development,Simple,native_pdf,pond_b,0.934068,0.986022,0.621911,0.909315,0.887701,0.957792,0.753623,0.987179,0
601,evaluation,Complex,native_pdf,pond_b,0.695037,0.796314,0.350048,0.821756,0.552632,0.727723,0.435484,0.791444,0
602,evaluation,Simple,scan,pond_b,0.912093,0.991399,0.739692,0.905806,0.857143,0.957792,0.8725,0.937931,1
603,development,Simple,scan,pond_a,0.599556,0.499596,0.352735,0.696973,0.421053,0.485714,0.435484,0.527397,0
604,development,Simple,native_pdf,pond_b,0.900017,0.994511,0.775762,0.864852,0.843284,0.989848,0.888889,0.897233,1
605,development,Moderate,native_pdf,pond_b,0.841453,0.925508,0.828309,0.900993,0.738397,0.865854,0.891117,0.937931,0
606,development,Simple,scan,pond_b,0.769526,0.940065,0.832046,0.853572,0.591398,0.867188,0.891117,0.894737,0
607,development,Complex,scan,pond_b,0.538194,0.303329,0.254333,0.811304,0.338028,0.415385,0.192308,0.772487,0
608,development,Complex,scan,pond_a,0.299953,0.371319,0.215777,0.651485,0.181818,0.415385,0.192308,0.388889,0
609,evaluation,Complex,native_pdf,pond_b,0.608255,0.583331,0.330179,0.813281,0.421053,0.485714,0.363636,0.772487,0
610,development,Complex,scan,pond_a,0.575349,0.798493,0.391271,0.742105,0.421053,0.727723,0.435484,0.591837,0
611,evaluation,Complex,native_pdf,pond_a,0.805328,0.62603,0.426965,0.665034,0.672727,0.521739,0.527778,0.527397,0
612,evaluation,Simple,native_pdf,pond_b,0.928349,0.916253,0.576624,0.921075,0.887701,0.862069,0.753623,0.987179,1
613,evaluation,Complex,native_pdf,pond_b,0.76867,0.870691,0.810164,0.724312,0.591398,0.809353,0.891117,0.591837,0
614,development,Moderate,native_pdf,pond_b,0.93636,0.974155,0.757545,0.849903,0.887701,0.923077,0.8725,0.868132,1
615,development,Simple,native_pdf,pond_a,0.834519,0.81246,0.52683,0.761422,0.738397,0.727723,0.581673,0.687861,1
616,evaluation,Moderate,scan,pond_a,0.411767,0.80977,0.570042,0.76533,0.223854,0.727723,0.681818,0.687861,1
617,development,Simple,scan,pond_b,0.83898,0.593359,0.553461,0.893034,0.738397,0.485714,0.681818,0.937931,0
618,development,Simple,native_pdf,pond_b,0.930539,0.987933,0.652018,0.802126,0.887701,0.957792,0.778571,0.772487,0
619,evaluation,Simple,scan,pond_b,0.915131,0.922432,0.779671,0.927714,0.857143,0.862069,0.891117,1.0,1
620,evaluation,Complex,scan,pond_b,0.816737,0.872684,0.604567,0.887653,0.738397,0.809353,0.753623,0.902174,0
621,development,Simple,native_pdf,pond_a,0.948579,0.981562,0.837318,0.907695,0.945946,0.957792,0.891117,0.937931,1
622,development,Simple,native_pdf,pond_a,0.911405,0.929644,0.921465,0.720006,0.857143,0.865854,1.0,0.591837,1
623,evaluation,Moderate,native_pdf,pond_b,0.846916,0.678154,0.600747,0.842788,0.744681,0.567568,0.753623,0.80137,0
624,development,Complex,native_pdf,pond_a,0.873336,0.6673,0.449811,0.738863,0.768421,0.54386,0.581673,0.591837,0
625,evaluation,Simple,native_pdf,pond_b,0.947355,0.996392,0.911249,0.90778,0.945946,0.989848,0.99684,0.941352,1
626,development,Complex,scan,pond_b,0.589833,0.837326,0.215881,0.697156,0.421053,0.77027,0.192308,0.527397,0
627,evaluation,Simple,native_pdf,pond_b,0.845002,0.938942,0.626344,0.854261,0.744681,0.867188,0.778571,0.894737,0
628,development,Moderate,native_pdf,pond_b,0.943246,0.985331,0.608783,0.914004,0.945946,0.957792,0.753623,0.987179,0
629,development,Simple,scan,pond_b,0.879273,0.986238,0.793746,0.886709,0.777778,0.957792,0.891117,0.902174,0
630,development,Complex,native_pdf,pond_a,0.731799,0.067269,0.299457,0.69076,0.552632,0.0,0.25,0.527397,0
631,development,Moderate,native_pdf,pond_b,0.939864,0.94289,0.536721,0.885977,0.934783,0.867188,0.581673,0.902174,0
632,evaluation,Complex,scan,pond_b,0.83955,0.958027,0.44487,0.874102,0.738397,0.88172,0.581673,0.897233,0
633,development,Simple,native_pdf,pond_a,0.898525,0.894624,0.705954,0.827326,0.843284,0.809353,0.8725,0.791444,1
634,development,Simple,scan,pond_b,0.84884,0.881141,0.840543,0.81791,0.744681,0.809353,0.9375,0.791444,1
635,evaluation,Complex,native_pdf,pond_b,0.765136,0.731809,0.587467,0.811141,0.591398,0.666667,0.753623,0.772487,0
636,evaluation,Moderate,native_pdf,pond_b,0.557287,0.965429,0.360085,0.876282,0.338028,0.88172,0.435484,0.897233,0
637,development,Simple,native_pdf,pond_b,0.863725,0.935517,0.598643,0.810495,0.768421,0.867188,0.753623,0.772487,0
638,evaluation,Moderate,scan,pond_a,0.701664,0.790826,0.470052,0.748966,0.552632,0.727723,0.581673,0.687861,0
639,development,Simple,native_pdf,pond_a,0.881596,0.989053,0.856963,0.872334,0.789474,0.957792,0.951456,0.897233,1
640,evaluation,Moderate,scan,pond_b,0.822137,0.587098,0.763867,0.878416,0.738397,0.485714,0.8725,0.897233,0
641,development,Moderate,native_pdf,pond_a,0.815721,0.868586,0.514949,0.735673,0.738397,0.809353,0.581673,0.591837,0
642,evaluation,Complex,scan,pond_b,0.617333,0.512251,0.360372,0.839942,0.421053,0.485714,0.435484,0.80137,0
643,evaluation,Simple,native_pdf,pond_b,0.589412,0.676054,0.708326,0.878797,0.421053,0.54386,0.8725,0.897233,0
644,evaluation,Complex,scan,pond_b,0.426688,0.200214,0.22668,0.798175,0.235294,0.415385,0.192308,0.772487,0
645,development,Simple,scan,pond_b,0.872823,0.997615,0.887717,0.866821,0.768421,1.0,0.982759,0.897233,1
646,evaluation,Complex,scan,pond_a,0.588422,0.710967,0.209458,0.603905,0.421053,0.567568,0.192308,0.307692,0
647,evaluation,Moderate,native_pdf,pond_b,0.708873,0.634605,0.471772,0.820094,0.552632,0.54386,0.581673,0.791444,0
648,development,Simple,scan,pond_b,0.757818,0.629108,0.538027,0.839003,0.591398,0.521739,0.581673,0.80137,0
649,development,Simple,scan,pond_a,0.923789,0.99241,0.659019,0.817434,0.887701,0.989848,0.778571,0.791444,0
650,evaluation,Moderate,native_pdf,pond_b,0.903842,0.910174,0.516747,0.826108,0.843284,0.809353,0.581673,0.791444,1
651,evaluation,Complex,scan,pond_a,0.752166,0.325132,0.50623,0.511835,0.591398,0.415385,0.581673,0.133333,0
652,development,Complex,native_pdf,pond_a,0.803951,0.771571,0.310695,0.855929,0.672727,0.727723,0.25,0.894737,0
653,evaluation,Moderate,native_pdf,pond_a,0.778785,0.912849,0.607036,0.625414,0.6,0.809353,0.753623,0.388889,0
654,development,Simple,native_pdf,pond_b,0.927233,0.981019,0.869202,0.897755,0.887701,0.933333,0.979798,0.937931,1
655,development,Moderate,scan,pond_b,0.688715,0.521978,0.266896,0.735179,0.552632,0.485714,0.192308,0.591837,0
656,evaluation,Moderate,native_pdf,pond_a,0.625728,0.31546,0.667438,0.59825,0.421053,0.415385,0.863158,0.307692,0
657,development,Simple,native_pdf,pond_b,0.918928,0.994144,0.843556,0.864801,0.857143,0.989848,0.9375,0.897233,1
658,development,Moderate,native_pdf,pond_b,0.906802,0.991453,0.657866,0.838933,0.843284,0.957792,0.778571,0.80137,0
659,development,Moderate,scan,pond_a,0.737255,0.828715,0.411444,0.758798,0.591398,0.727723,0.435484,0.687861,0
660,development,Moderate,native_pdf,pond_a,0.802527,0.609818,0.645487,0.519824,0.672727,0.485714,0.778571,0.133333,0
661,development,Moderate,scan,pond_b,0.774935,0.68802,0.643462,0.847983,0.591398,0.567568,0.778571,0.868132,1
662,development,Simple,native_pdf,pond_a,0.95224,0.938413,0.874486,0.711073,0.945946,0.867188,0.979798,0.590909,1
663,development,Simple,native_pdf,pond_b,0.936164,0.995338,0.444653,0.829189,0.887701,0.989848,0.581673,0.791444,1
664,development,Simple,native_pdf,pond_a,0.948104,0.983218,0.931169,0.727881,0.945946,0.957792,1.0,0.591837,0
665,development,Simple,native_pdf,pond_b,0.884555,0.897728,0.46628,0.898163,0.789474,0.809353,0.581673,0.937931,1
666,development,Simple,native_pdf,pond_a,0.751978,0.839345,0.555295,0.750224,0.591398,0.77027,0.681818,0.687861,1
667,evaluation,Complex,scan,pond_a,0.674822,0.794788,0.535599,0.622528,0.552632,0.727723,0.581673,0.333333,1
668,evaluation,Moderate,native_pdf,pond_b,0.966361,0.973628,0.777361,0.880225,0.966942,0.922574,0.891117,0.897233,0
669,development,Moderate,scan,pond_b,0.8013,0.869458,0.45046,0.760847,0.672727,0.809353,0.581673,0.687861,0
670,development,Simple,native_pdf,pond_b,0.950378,0.983521,0.8952,0.740321,0.945946,0.957792,0.982759,0.591837,0
671,development,Simple,scan,pond_a,0.855533,0.937409,0.628017,0.864856,0.768421,0.867188,0.778571,0.897233,1
672,development,Moderate,native_pdf,pond_a,0.867823,0.888738,0.731965,0.717686,0.768421,0.809353,0.8725,0.591837,1
673,development,Moderate,native_pdf,pond_b,0.672589,0.818341,0.820304,0.802174,0.552632,0.727723,0.891117,0.772487,0
674,evaluation,Moderate,scan,pond_b,0.531384,0.039198,0.196247,0.791134,0.338028,0.0,0.153846,0.772487,0
675,development,Complex,native_pdf,pond_a,0.765321,0.620001,0.567254,0.622607,0.591398,0.521739,0.681818,0.333333,0
676,evaluation,Simple,native_pdf,pond_b,0.951359,0.983456,0.765466,0.888006,0.945946,0.957792,0.8725,0.902174,1
677,development,Simple,native_pdf,pond_a,0.859249,0.863705,0.749935,0.845936,0.768421,0.809353,0.8725,0.868132,1
678,development,Simple,scan,pond_b,0.953759,0.997676,0.945232,0.91982,0.966942,1.0,1.0,0.987179,1
679,evaluation,Moderate,scan,pond_a,0.724541,0.494513,0.455046,0.605121,0.552632,0.485714,0.581673,0.307692,0
680,evaluation,Moderate,native_pdf,pond_a,0.87792,0.98384,0.747638,0.664857,0.777778,0.957792,0.8725,0.527397,0
681,development,Moderate,scan,pond_a,0.849547,0.989303,0.737468,0.841089,0.744681,0.957792,0.8725,0.80137,1
682,development,Simple,native_pdf,pond_b,0.919934,0.994166,0.706014,0.920354,0.887701,0.989848,0.8725,0.987179,1
683,development,Moderate,scan,pond_a,0.650228,0.907934,0.712253,0.711666,0.5,0.809353,0.8725,0.590909,0
684,evaluation,Complex,scan,pond_b,0.476916,0.292277,0.250269,0.763045,0.235294,0.415385,0.192308,0.687861,0
685,development,Simple,scan,pond_b,0.676387,0.935222,0.790052,0.920676,0.552632,0.867188,0.891117,0.987179,1
686,development,Simple,native_pdf,pond_b,0.851585,0.947375,0.882021,0.852405,0.744681,0.867188,0.979798,0.894737,1
687,evaluation,Moderate,native_pdf,pond_a,0.79957,0.949582,0.695967,0.799351,0.672727,0.868421,0.8725,0.772487,1
688,development,Moderate,scan,pond_a,0.63716,0.954396,0.422686,0.802851,0.421053,0.88172,0.527778,0.772487,1
689,development,Moderate,native_pdf,pond_b,0.861484,0.93271,0.525792,0.886107,0.768421,0.865854,0.581673,0.902174,1
690,evaluation,Complex,scan,pond_a,0.42028,0.09589,0.118099,0.691291,0.235294,0.0,0.12,0.527397,0
691,development,Moderate,scan,pond_b,0.867275,0.994862,0.564391,0.842061,0.768421,0.989848,0.681818,0.80137,1
692,development,Simple,scan,pond_b,0.572938,0.913734,0.525888,0.871915,0.338028,0.809353,0.581673,0.897233,0
693,development,Moderate,native_pdf,pond_b,0.78517,0.954505,0.510376,0.779579,0.672131,0.88172,0.581673,0.727273,0
694,development,Simple,scan,pond_b,0.808132,0.984433,0.835931,0.879491,0.672727,0.957792,0.891117,0.897233,0
695,development,Simple,scan,pond_a,0.905123,0.844605,0.592742,0.843221,0.843284,0.77027,0.753623,0.80137,0
696,development,Simple,native_pdf,pond_a,0.955213,0.993064,0.811434,0.851517,0.966942,0.989848,0.891117,0.868132,0
697,evaluation,Moderate,native_pdf,pond_a,0.916188,0.974964,0.823127,0.631393,0.857143,0.923077,0.891117,0.388889,0
698,development,Simple,scan,pond_a,0.935292,0.997981,0.934906,0.864328,0.887701,1.0,1.0,0.897233,1
699,evaluation,Complex,native_pdf,pond_a,0.496767,0.320982,0.16211,0.641388,0.333333,0.415385,0.153846,0.388889,0
700,development,Simple,native_pdf,pond_b,0.889,0.973039,0.686614,0.867653,0.789474,0.916667,0.8725,0.897233,1
701,development,Simple,native_pdf,pond_a,0.920756,0.984496,0.83942,0.820207,0.887701,0.957792,0.9375,0.791444,1
702,evaluation,Moderate,scan,pond_b,0.483888,0.305006,0.552926,0.88927,0.235294,0.415385,0.681818,0.911111,0
703,development,Simple,native_pdf,pond_b,0.965433,0.997915,0.927554,0.855556,0.966942,1.0,1.0,0.894737,1
704,evaluation,Moderate,native_pdf,pond_b,0.901016,0.937174,0.604249,0.868708,0.843284,0.867188,0.753623,0.897233,1
705,development,Simple,scan,pond_b,0.770467,0.967523,0.704368,0.934614,0.591398,0.88172,0.8725,1.0,1
706,development,Simple,scan,pond_b,0.614198,0.903146,0.802729,0.858574,0.421053,0.809353,0.891117,0.894737,0
707,development,Complex,scan,pond_b,0.768829,0.857267,0.706405,0.755643,0.591398,0.809353,0.8725,0.687861,0
708,development,Complex,scan,pond_b,0.470284,0.308743,0.24267,0.774961,0.235294,0.415385,0.192308,0.727273,0
709,development,Simple,native_pdf,pond_a,0.90749,0.963256,0.876292,0.813544,0.843284,0.88172,0.979798,0.772487,1
710,evaluation,Simple,native_pdf,pond_b,0.921791,0.983373,0.815358,0.918015,0.887701,0.957792,0.891117,0.987179,1
711,evaluation,Moderate,native_pdf,pond_b,0.934469,0.733077,0.519438,0.836491,0.887701,0.666667,0.581673,0.80137,0
712,development,Simple,native_pdf,pond_a,0.850696,0.993092,0.727378,0.837021,0.744681,0.989848,0.8725,0.80137,0
713,development,Simple,native_pdf,pond_b,0.931924,0.94903,0.764921,0.881679,0.887701,0.868421,0.8725,0.902174,0
714,evaluation,Moderate,scan,pond_a,0.889073,0.983861,0.913296,0.841599,0.789474,0.957792,1.0,0.80137,1
715,development,Simple,native_pdf,pond_a,0.803823,0.7247,0.269436,0.883251,0.672727,0.567568,0.192308,0.902174,0
716,development,Simple,native_pdf,pond_a,0.783425,0.91398,0.6646,0.646159,0.672131,0.809353,0.863158,0.388889,0
717,development,Simple,native_pdf,pond_b,0.936803,0.923829,0.861435,0.852716,0.934783,0.862069,0.951456,0.894737,1
718,development,Simple,scan,pond_b,0.721024,0.835477,0.749137,0.797695,0.552632,0.77027,0.8725,0.772487,1
719,evaluation,Simple,native_pdf,pond_a,0.974882,0.995422,0.661823,0.768781,0.977778,0.989848,0.863158,0.727273,0
720,development,Simple,scan,pond_b,0.891849,0.973057,0.723773,0.865751,0.793103,0.916667,0.8725,0.897233,1
721,development,Moderate,native_pdf,pond_b,0.703216,0.43464,0.118183,0.799486,0.552632,0.419355,0.12,0.772487,0
722,evaluation,Moderate,scan,pond_a,0.790502,0.765728,0.64761,0.724837,0.672131,0.727723,0.778571,0.591837,0
723,evaluation,Complex,native_pdf,pond_b,0.40185,0.073667,0.158299,0.706716,0.2,0.0,0.142502,0.571429,0
724,development,Simple,native_pdf,pond_b,0.939003,0.992052,0.676787,0.859768,0.934783,0.989848,0.863158,0.894737,0
725,development,Complex,native_pdf,pond_a,0.664972,0.149911,0.266586,0.64297,0.5,0.16,0.192308,0.388889,0
726,development,Moderate,native_pdf,pond_b,0.868105,0.836593,0.430041,0.853283,0.768421,0.77027,0.527778,0.894737,0
727,evaluation,Simple,native_pdf,pond_a,0.784217,0.272974,0.692196,0.758549,0.672131,0.415385,0.8725,0.687861,0
728,evaluation,Moderate,native_pdf,pond_b,0.741829,0.238887,0.345881,0.896663,0.591398,0.415385,0.435484,0.937931,0
729,development,Simple,native_pdf,pond_a,0.861746,0.905223,0.874415,0.768028,0.768421,0.809353,0.979798,0.727273,0
730,development,Moderate,scan,pond_b,0.749312,0.984791,0.731676,0.889597,0.591398,0.957792,0.8725,0.911111,1
731,development,Complex,native_pdf,pond_b,0.688309,0.532676,0.448756,0.671244,0.552632,0.485714,0.581673,0.527397,0
732,development,Simple,scan,pond_a,0.932646,0.966998,0.612278,0.781223,0.887701,0.88172,0.753623,0.727273,0
733,evaluation,Complex,scan,pond_a,0.452315,0.272116,0.354531,0.790173,0.235294,0.415385,0.435484,0.772487,0
734,development,Moderate,native_pdf,pond_b,0.781317,0.770833,0.506637,0.822214,0.672131,0.727723,0.581673,0.791444,0
735,development,Simple,native_pdf,pond_b,0.947613,0.997728,0.723667,0.904972,0.945946,1.0,0.8725,0.937931,1
736,development,Simple,native_pdf,pond_a,0.886447,0.613604,0.702914,0.837179,0.789474,0.521739,0.8725,0.80137,0
737,development,Simple,scan,pond_a,0.92667,0.994609,0.84055,0.841807,0.887701,0.989848,0.9375,0.80137,1
738,evaluation,Moderate,native_pdf,pond_b,0.627424,0.668953,0.600048,0.844524,0.421053,0.54386,0.753623,0.868132,0
739,development,Simple,native_pdf,pond_b,0.814712,0.817466,0.790896,0.931767,0.738397,0.727723,0.891117,1.0,0
740,development,Moderate,native_pdf,pond_a,0.669981,0.868634,0.486012,0.642966,0.552632,0.809353,0.581673,0.388889,0
741,development,Simple,native_pdf,pond_b,0.921293,0.975078,0.845958,0.829646,0.887701,0.923077,0.9375,0.791444,1
742,evaluation,Simple,scan,pond_a,0.875298,0.972827,0.937236,0.792346,0.777778,0.88172,1.0,0.772487,0
743,evaluation,Moderate,scan,pond_b,0.845356,0.986836,0.937836,0.844647,0.744681,0.957792,1.0,0.868132,1
744,development,Simple,scan,pond_a,0.807098,0.688157,0.737633,0.682495,0.672727,0.567568,0.8725,0.527397,0
745,evaluation,Moderate,scan,pond_b,0.879,0.991622,0.833026,0.868793,0.777778,0.957792,0.891117,0.897233,1
746,development,Complex,native_pdf,pond_a,0.634156,0.777152,0.197402,0.550179,0.421053,0.727723,0.153846,0.133333,0
747,evaluation,Complex,native_pdf,pond_b,0.571396,0.786569,0.300779,0.715055,0.338028,0.727723,0.25,0.591837,0
748,development,Simple,native_pdf,pond_a,0.779493,0.878241,0.840958,0.797655,0.672131,0.809353,0.9375,0.772487,1
749,evaluation,Moderate,native_pdf,pond_a,0.943655,0.976264,0.826861,0.692398,0.945946,0.923077,0.891117,0.527397,0
750,development,Simple,scan,pond_a,0.815141,0.954985,0.898956,0.7925,0.738397,0.88172,0.982759,0.772487,1
751,development,Complex,scan,pond_b,0.645801,0.882304,0.727571,0.734896,0.421053,0.809353,0.8725,0.591837,0
752,evaluation,Complex,native_pdf,pond_a,0.588491,0.771771,0.459934,0.702187,0.421053,0.727723,0.581673,0.527397,0
753,development,Moderate,native_pdf,pond_b,0.910806,0.981878,0.643911,0.763412,0.857143,0.957792,0.778571,0.687861,1
754,development,Moderate,native_pdf,pond_b,0.917577,0.709754,0.252317,0.917225,0.857143,0.567568,0.192308,0.987179,0
755,development,Simple,scan,pond_b,0.911471,0.894085,0.934549,0.890114,0.857143,0.809353,1.0,0.911111,0
756,development,Moderate,scan,pond_a,0.605726,0.75582,0.587842,0.844158,0.421053,0.727723,0.753623,0.868132,0
757,development,Simple,native_pdf,pond_a,0.959482,0.986084,0.812987,0.815313,0.966942,0.957792,0.891117,0.772487,1
758,development,Simple,native_pdf,pond_a,0.9149,0.902003,0.683391,0.828286,0.857143,0.809353,0.863158,0.791444,1
759,development,Simple,native_pdf,pond_a,0.867783,0.905731,0.463023,0.805389,0.768421,0.809353,0.581673,0.772487,1
760,development,Simple,native_pdf,pond_b,0.868382,0.91155,0.733237,0.930165,0.768421,0.809353,0.8725,1.0,0
761,development,Complex,scan,pond_a,0.736475,0.96916,0.399993,0.628954,0.591398,0.88172,0.435484,0.388889,0
762,development,Moderate,native_pdf,pond_b,0.782768,0.385819,0.819347,0.91306,0.672131,0.415385,0.891117,0.987179,1
763,development,Complex,scan,pond_a,0.825424,0.760805,0.489055,0.770939,0.738397,0.727723,0.581673,0.727273,0
764,development,Simple,scan,pond_a,0.876721,0.886314,0.529423,0.868216,0.777778,0.809353,0.581673,0.897233,0
765,development,Simple,scan,pond_a,0.939605,0.97782,0.786473,0.720615,0.934783,0.933333,0.891117,0.591837,1
766,evaluation,Moderate,native_pdf,pond_b,0.847583,0.922801,0.781004,0.764667,0.744681,0.862069,0.891117,0.687861,1
767,development,Simple,scan,pond_b,0.887296,0.913348,0.854576,0.829989,0.789474,0.809353,0.951456,0.791444,0
768,development,Simple,native_pdf,pond_a,0.890806,0.973242,0.887858,0.787745,0.793103,0.916667,0.982759,0.772487,1
769,evaluation,Complex,scan,pond_a,0.505539,0.770127,0.510701,0.679577,0.338028,0.727723,0.581673,0.527397,0
770,development,Simple,native_pdf,pond_a,0.936547,0.988321,0.928862,0.757667,0.887701,0.957792,1.0,0.687861,1
771,evaluation,Complex,scan,pond_a,0.78431,0.917659,0.633838,0.744799,0.672131,0.862069,0.778571,0.687861,0
772,evaluation,Simple,native_pdf,pond_b,0.86499,0.934532,0.804632,0.822728,0.768421,0.865854,0.891117,0.791444,0
773,development,Simple,scan,pond_b,0.671882,0.892606,0.435121,0.774154,0.552632,0.809353,0.581673,0.727273,0
774,evaluation,Moderate,native_pdf,pond_b,0.925832,0.906888,0.612374,0.815614,0.887701,0.809353,0.753623,0.772487,1
775,development,Simple,native_pdf,pond_b,0.968493,0.990311,0.856837,0.870335,0.966942,0.957792,0.951456,0.897233,1
776,development,Simple,scan,pond_a,0.774426,0.917004,0.510027,0.860564,0.591398,0.862069,0.581673,0.894737,1
777,development,Complex,native_pdf,pond_a,0.831843,0.349454,0.287381,0.867586,0.738397,0.415385,0.192308,0.897233,0
778,evaluation,Complex,scan,pond_a,0.561801,0.376791,0.566584,0.526776,0.338028,0.415385,0.681818,0.133333,0
779,evaluation,Moderate,native_pdf,pond_a,0.900446,0.983542,0.432452,0.792494,0.843284,0.957792,0.581673,0.772487,1
780,development,Simple,native_pdf,pond_b,0.846112,0.826144,0.426435,0.902902,0.744681,0.727723,0.527778,0.937931,0
781,evaluation,Complex,native_pdf,pond_b,0.699898,0.572745,0.197049,0.675729,0.552632,0.485714,0.153846,0.527397,0
782,development,Moderate,native_pdf,pond_b,0.908101,0.867997,0.508483,0.864284,0.843284,0.809353,0.581673,0.897233,0
783,development,Simple,native_pdf,pond_b,0.894497,0.981379,0.858531,0.83233,0.83871,0.933333,0.951456,0.791444,0
784,evaluation,Simple,scan,pond_a,0.825435,0.943735,0.840221,0.81245,0.738397,0.867188,0.9375,0.772487,0
785,evaluation,Moderate,scan,pond_b,0.662482,0.936918,0.809231,0.818209,0.5,0.867188,0.891117,0.791444,1
786,development,Simple,scan,pond_b,0.902957,0.959752,0.900176,0.795022,0.843284,0.88172,0.982759,0.772487,0
787,evaluation,Moderate,scan,pond_b,0.568246,0.601147,0.775731,0.744177,0.338028,0.485714,0.888889,0.687861,0
788,development,Complex,native_pdf,pond_a,0.895538,0.874904,0.341421,0.646274,0.843284,0.809353,0.375,0.388889,0
789,development,Simple,scan,pond_a,0.793329,0.991892,0.760354,0.857755,0.672727,0.989848,0.8725,0.894737,0
790,development,Simple,scan,pond_a,0.916095,0.992888,0.804361,0.678315,0.857143,0.989848,0.891117,0.527397,1
791,evaluation,Simple,native_pdf,pond_b,0.843692,0.626014,0.455785,0.831891,0.744681,0.521739,0.581673,0.791444,0
792,development,Simple,scan,pond_b,0.954568,0.99392,0.955374,0.884863,0.966942,0.989848,1.0,0.902174,1
793,evaluation,Complex,native_pdf,pond_a,0.560857,0.309443,0.228202,0.488966,0.338028,0.415385,0.192308,0.130983,0
794,evaluation,Moderate,native_pdf,pond_b,0.525762,0.266122,0.282078,0.742134,0.338028,0.415385,0.192308,0.591837,0
795,development,Simple,scan,pond_a,0.82462,0.863442,0.827456,0.799957,0.738397,0.809353,0.891117,0.772487,1
796,development,Simple,native_pdf,pond_b,0.947559,0.938803,0.912879,0.921328,0.945946,0.867188,1.0,0.987179,0
797,development,Moderate,native_pdf,pond_b,0.822094,0.923747,0.720915,0.759879,0.738397,0.862069,0.8725,0.687861,0
798,development,Moderate,scan,pond_a,0.715258,0.960621,0.395985,0.675581,0.552632,0.88172,0.435484,0.527397,0
799,evaluation,Moderate,native_pdf,pond_b,0.784675,0.822871,0.291252,0.843885,0.672131,0.727723,0.192308,0.866515,0
800,evaluation,Complex,scan,pond_a,0.691814,0.719556,0.589282,0.699784,0.552632,0.567568,0.753623,0.527397,0
801,evaluation,Complex,native_pdf,pond_a,0.698136,0.829221,0.515676,0.521477,0.552632,0.727723,0.581673,0.133333,0
802,development,Simple,scan,pond_a,0.687402,0.958656,0.315332,0.798501,0.552632,0.88172,0.25,0.772487,0
803,evaluation,Simple,scan,pond_b,0.802725,0.980543,0.272326,0.923153,0.672727,0.933333,0.192308,1.0,0
804,development,Simple,scan,pond_b,0.892789,0.981733,0.552436,0.887233,0.83871,0.957792,0.681818,0.902174,1
805,evaluation,Simple,scan,pond_a,0.764482,0.996001,0.742556,0.786458,0.591398,0.989848,0.8725,0.772487,0
806,evaluation,Complex,scan,pond_b,0.799362,0.544108,0.449876,0.855018,0.672727,0.485714,0.581673,0.894737,0
807,evaluation,Moderate,scan,pond_a,0.762506,0.834544,0.559865,0.702212,0.591398,0.77027,0.681818,0.527397,0
808,development,Simple,scan,pond_b,0.849945,0.985606,0.827326,0.922466,0.744681,0.957792,0.891117,1.0,1
809,development,Moderate,scan,pond_b,0.713366,0.695501,0.623026,0.807444,0.552632,0.567568,0.753623,0.772487,0
810,evaluation,Simple,native_pdf,pond_b,0.904057,0.989256,0.724173,0.927655,0.843284,0.957792,0.8725,1.0,1
811,evaluation,Simple,scan,pond_a,0.793393,0.942893,0.400579,0.735244,0.672727,0.867188,0.435484,0.591837,1
812,development,Simple,native_pdf,pond_b,0.86297,0.93794,0.77328,0.888564,0.768421,0.867188,0.8725,0.911111,1
813,evaluation,Moderate,native_pdf,pond_a,0.854559,0.916129,0.611008,0.659419,0.768421,0.862069,0.753623,0.527397,0
814,development,Simple,native_pdf,pond_b,0.957462,0.996782,0.910622,0.926694,0.966942,0.989848,0.982759,1.0,0
815,development,Moderate,scan,pond_b,0.602395,0.395071,0.570518,0.872417,0.421053,0.415385,0.681818,0.897233,0
816,evaluation,Simple,scan,pond_b,0.848084,0.975903,0.677222,0.865751,0.744681,0.923077,0.863158,0.897233,1
817,development,Simple,scan,pond_b,0.868419,0.977147,0.926311,0.889889,0.768421,0.923077,1.0,0.911111,1
818,development,Moderate,scan,pond_a,0.828135,0.92954,0.613561,0.728055,0.738397,0.865854,0.753623,0.591837,0
819,development,Complex,native_pdf,pond_a,0.803454,0.862332,0.485319,0.78419,0.672727,0.809353,0.581673,0.772487,0
820,development,Simple,native_pdf,pond_b,0.948767,0.976713,0.579681,0.881188,0.945946,0.923077,0.753623,0.902174,0
821,development,Moderate,native_pdf,pond_b,0.865556,0.745887,0.878094,0.795371,0.768421,0.727723,0.979798,0.772487,0
822,development,Simple,scan,pond_b,0.858817,0.96691,0.846291,0.856561,0.768421,0.88172,0.9375,0.894737,1
823,evaluation,Complex,native_pdf,pond_a,0.70395,0.943155,0.430435,0.865795,0.552632,0.867188,0.527778,0.897233,1
824,development,Complex,scan,pond_b,0.4934,0.227886,0.255918,0.786668,0.235294,0.415385,0.192308,0.772487,0
825,evaluation,Simple,native_pdf,pond_b,0.943141,0.966966,0.668825,0.880293,0.934783,0.88172,0.863158,0.897233,0
826,evaluation,Complex,scan,pond_b,0.416577,0.104998,0.251327,0.737877,0.235294,0.0,0.192308,0.591837,0
827,development,Simple,scan,pond_b,0.848992,0.979826,0.660815,0.846345,0.744681,0.933333,0.778571,0.868132,0
828,development,Simple,scan,pond_b,0.884355,0.965756,0.45715,0.920209,0.789474,0.88172,0.581673,0.987179,1
829,development,Simple,scan,pond_b,0.739831,0.986906,0.509897,0.886488,0.591398,0.957792,0.581673,0.902174,1
830,development,Simple,scan,pond_a,0.860457,0.887904,0.83746,0.818444,0.768421,0.809353,0.9375,0.791444,0
831,evaluation,Complex,native_pdf,pond_b,0.753326,0.764409,0.31978,0.82122,0.591398,0.727723,0.294118,0.791444,0
832,development,Simple,scan,pond_a,0.635785,0.916233,0.810969,0.792155,0.421053,0.862069,0.891117,0.772487,0
833,development,Complex,scan,pond_a,0.592043,0.517214,0.419894,0.723301,0.421053,0.485714,0.527778,0.591837,0
834,evaluation,Moderate,scan,pond_b,0.813581,0.974843,0.540896,0.879034,0.738397,0.923077,0.581673,0.897233,1
835,development,Moderate,scan,pond_b,0.656923,0.897731,0.787089,0.876208,0.5,0.809353,0.891117,0.897233,0
836,development,Moderate,native_pdf,pond_a,0.938446,0.972556,0.449575,0.846793,0.934783,0.88172,0.581673,0.868132,1
837,evaluation,Moderate,native_pdf,pond_b,0.95139,0.231839,0.227934,0.861311,0.945946,0.415385,0.192308,0.897233,0
838,evaluation,Moderate,scan,pond_b,0.649559,0.818872,0.708433,0.889707,0.430073,0.727723,0.8725,0.911111,0
839,development,Moderate,native_pdf,pond_a,0.841309,0.815718,0.714813,0.564134,0.738397,0.727723,0.8725,0.133333,0
840,evaluation,Simple,native_pdf,pond_a,0.949143,0.995787,0.839956,0.745502,0.945946,0.989848,0.9375,0.687861,1
841,development,Simple,scan,pond_a,0.879356,0.966209,0.8776,0.840449,0.777778,0.88172,0.979798,0.80137,1
842,development,Complex,scan,pond_a,0.730551,0.966013,0.767896,0.635822,0.552632,0.88172,0.8725,0.388889,1
843,development,Moderate,native_pdf,pond_a,0.895129,0.907679,0.590816,0.802036,0.83871,0.809353,0.753623,0.772487,0
844,development,Simple,native_pdf,pond_b,0.872254,0.988702,0.857249,0.813368,0.768421,0.957792,0.951456,0.772487,0
845,development,Simple,scan,pond_b,0.859796,0.977239,0.874519,0.877122,0.768421,0.923077,0.979798,0.897233,1
846,evaluation,Moderate,scan,pond_a,0.776502,0.964833,0.472251,0.789735,0.6,0.88172,0.581673,0.772487,0
847,development,Simple,scan,pond_a,0.73487,0.780486,0.750853,0.747581,0.591398,0.727723,0.8725,0.687861,1
848,development,Simple,scan,pond_b,0.826481,0.989585,0.731093,0.879287,0.738397,0.957792,0.8725,0.897233,0
849,evaluation,Simple,scan,pond_a,0.942671,0.991432,0.825946,0.877001,0.934783,0.957792,0.891117,0.897233,1
850,development,Simple,native_pdf,pond_a,0.968436,0.982438,0.816988,0.739076,0.966942,0.957792,0.891117,0.591837,1
851,evaluation,Simple,scan,pond_a,0.85586,0.991317,0.762108,0.799519,0.768421,0.957792,0.8725,0.772487,0
852,development,Simple,scan,pond_b,0.672547,0.989968,0.81944,0.798808,0.552632,0.957792,0.891117,0.772487,0
853,development,Complex,scan,pond_b,0.544526,0.502955,0.324622,0.794061,0.338028,0.485714,0.363636,0.772487,0
854,development,Simple,scan,pond_b,0.731466,0.974153,0.852607,0.881041,0.552632,0.923077,0.951456,0.902174,0
855,evaluation,Complex,native_pdf,pond_b,0.894559,0.936839,0.388196,0.824145,0.83871,0.867188,0.435484,0.791444,0
856,development,Simple,scan,pond_a,0.830367,0.997501,0.677802,0.882071,0.738397,1.0,0.863158,0.902174,0
857,evaluation,Complex,native_pdf,pond_a,0.925579,0.956158,0.353446,0.808727,0.887701,0.88172,0.435484,0.772487,1
858,evaluation,Complex,scan,pond_a,0.705453,0.699269,0.466529,0.672372,0.552632,0.567568,0.581673,0.527397,0
859,evaluation,Simple,scan,pond_b,0.869383,0.914016,0.813777,0.840174,0.768421,0.809353,0.891117,0.80137,1
860,development,Simple,native_pdf,pond_b,0.961366,0.951979,0.926993,0.913059,0.966942,0.868421,1.0,0.987179,1
861,development,Moderate,scan,pond_b,0.579541,0.953644,0.699338,0.864289,0.421053,0.88172,0.8725,0.897233,1
862,evaluation,Moderate,native_pdf,pond_b,0.908266,0.507984,0.646499,0.735964,0.843284,0.485714,0.778571,0.591837,0
863,evaluation,Complex,scan,pond_a,0.771733,0.906554,0.409561,0.664766,0.591398,0.809353,0.435484,0.527397,0
864,development,Moderate,scan,pond_a,0.61093,0.634952,0.56491,0.822795,0.421053,0.54386,0.681818,0.791444,0
865,development,Simple,native_pdf,pond_a,0.895554,0.984197,0.944526,0.743549,0.843284,0.957792,1.0,0.687861,1
866,development,Complex,native_pdf,pond_a,0.467371,0.202147,0.100226,0.744668,0.235294,0.415385,0.12,0.687861,0
867,development,Simple,native_pdf,pond_a,0.857064,0.987517,0.560429,0.814758,0.768421,0.957792,0.681818,0.772487,0
868,development,Simple,native_pdf,pond_b,0.911724,0.994808,0.854271,0.877105,0.857143,0.989848,0.951456,0.897233,0
869,development,Moderate,native_pdf,pond_b,0.777693,0.915796,0.271515,0.811519,0.6,0.857143,0.192308,0.772487,0
870,development,Simple,native_pdf,pond_a,0.967911,0.990816,0.924847,0.80109,0.966942,0.957792,1.0,0.772487,1
871,development,Complex,native_pdf,pond_a,0.47845,0.02544,0.138003,0.731172,0.235294,0.0,0.12,0.591837,0
872,development,Simple,native_pdf,pond_a,0.859351,0.94931,0.801841,0.736626,0.768421,0.868421,0.891117,0.591837,0
873,development,Simple,native_pdf,pond_a,0.968601,0.956971,0.846527,0.824721,0.966942,0.88172,0.9375,0.791444,1
874,evaluation,Moderate,native_pdf,pond_b,0.949598,0.996591,0.768385,0.87943,0.945946,0.989848,0.8725,0.897233,1
875,development,Moderate,native_pdf,pond_a,0.865427,0.947858,0.772242,0.67203,0.768421,0.867188,0.8725,0.527397,0
876,development,Complex,native_pdf,pond_b,0.880536,0.845454,0.418459,0.638443,0.789474,0.77027,0.527778,0.388889,0
877,evaluation,Moderate,native_pdf,pond_a,0.653849,0.395754,0.426177,0.789457,0.5,0.415385,0.527778,0.772487,0
878,development,Complex,native_pdf,pond_b,0.86129,0.796099,0.671381,0.871875,0.768421,0.727723,0.863158,0.897233,1
879,development,Simple,scan,pond_b,0.87916,0.93675,0.64142,0.820764,0.777778,0.867188,0.778571,0.791444,0
880,evaluation,Complex,scan,pond_a,0.671169,0.517445,0.315326,0.474267,0.552632,0.485714,0.25,0.083248,0
881,evaluation,Simple,scan,pond_a,0.870756,0.98955,0.775671,0.882364,0.768421,0.957792,0.888889,0.902174,1
882,evaluation,Moderate,native_pdf,pond_a,0.748431,0.736542,0.473333,0.644379,0.591398,0.727723,0.581673,0.388889,0
883,development,Simple,scan,pond_a,0.902774,0.953909,0.634,0.834358,0.843284,0.88172,0.778571,0.80137,1
884,development,Simple,scan,pond_b,0.733612,0.768857,0.521763,0.899352,0.552632,0.727723,0.581673,0.937931,0
885,development,Moderate,scan,pond_a,0.824008,0.995484,0.818406,0.759421,0.738397,0.989848,0.891117,0.687861,1
886,development,Simple,scan,pond_a,0.851945,0.738995,0.605364,0.686802,0.744681,0.727723,0.753623,0.527397,0
887,development,Moderate,native_pdf,pond_a,0.939722,0.927277,0.851701,0.716525,0.934783,0.865854,0.951456,0.591837,1
888,development,Moderate,native_pdf,pond_b,0.81308,0.931962,0.592431,0.808783,0.738397,0.865854,0.753623,0.772487,0
889,evaluation,Simple,native_pdf,pond_b,0.926052,0.991462,0.90656,0.892993,0.887701,0.957792,0.982759,0.937931,1
890,development,Simple,native_pdf,pond_b,0.94906,0.972038,0.779711,0.835494,0.945946,0.88172,0.891117,0.80137,0
891,development,Simple,native_pdf,pond_a,0.894839,0.919334,0.916724,0.813369,0.83871,0.862069,1.0,0.772487,0
892,evaluation,Moderate,native_pdf,pond_a,0.772433,0.423804,0.388081,0.677411,0.591398,0.419355,0.435484,0.527397,0
893,development,Simple,scan,pond_a,0.948013,0.992853,0.863448,0.766939,0.945946,0.989848,0.951456,0.727273,1
894,development,Complex,scan,pond_a,0.714601,0.696288,0.465546,0.557838,0.552632,0.567568,0.581673,0.133333,0
895,development,Simple,scan,pond_a,0.948048,0.987938,0.94846,0.789751,0.945946,0.957792,1.0,0.772487,1
896,evaluation,Moderate,native_pdf,pond_b,0.760454,0.692607,0.589529,0.702286,0.591398,0.567568,0.753623,0.527397,0
897,evaluation,Moderate,scan,pond_b,0.87964,0.725324,0.852018,0.781289,0.78656,0.567568,0.951456,0.727273,0
898,development,Moderate,scan,pond_b,0.729311,0.593058,0.218532,0.797965,0.552632,0.485714,0.192308,0.772487,0
899,evaluation,Complex,native_pdf,pond_a,0.769456,0.744979,0.809654,0.792879,0.591398,0.727723,0.891117,0.772487,0
900,development,Complex,native_pdf,pond_a,0.888758,0.9198,0.786543,0.676848,0.789474,0.862069,0.891117,0.527397,0
901,development,Simple,native_pdf,pond_b,0.908521,0.965906,0.731956,0.840501,0.843284,0.88172,0.8725,0.80137,1
902,development,Complex,scan,pond_a,0.743694,0.718806,0.425033,0.652744,0.591398,0.567568,0.527778,0.4,0
903,evaluation,Complex,native_pdf,pond_a,0.729799,0.744454,0.245328,0.703142,0.552632,0.727723,0.192308,0.527397,0
904,evaluation,Complex,native_pdf,pond_b,0.672788,0.515164,0.109138,0.754691,0.552632,0.485714,0.12,0.687861,0
905,evaluation,Complex,scan,pond_a,0.36047,0.131587,0.349841,0.697431,0.185029,0.16,0.435484,0.527397,0
906,development,Simple,scan,pond_b,0.941907,0.894546,0.892782,0.847917,0.934783,0.809353,0.982759,0.868132,0
907,development,Simple,native_pdf,pond_a,0.814641,0.858946,0.720263,0.838193,0.738397,0.809353,0.8725,0.80137,1
908,evaluation,Moderate,scan,pond_b,0.755516,0.358647,0.443485,0.677526,0.591398,0.415385,0.581673,0.527397,0
909,development,Simple,native_pdf,pond_b,0.972218,0.993955,0.835216,0.94787,0.977778,0.989848,0.891117,1.0,1
910,development,Moderate,scan,pond_a,0.550185,0.33543,0.306374,0.60198,0.338028,0.415385,0.25,0.307692,0
911,evaluation,Simple,native_pdf,pond_a,0.820153,0.817753,0.614891,0.782285,0.738397,0.727723,0.753623,0.727273,0
912,evaluation,Complex,native_pdf,pond_b,0.784937,0.748349,0.803803,0.807759,0.672131,0.727723,0.891117,0.772487,1
913,evaluation,Simple,native_pdf,pond_a,0.903735,0.955519,0.897566,0.858152,0.843284,0.88172,0.982759,0.894737,1
914,development,Simple,native_pdf,pond_a,0.959443,0.97485,0.952617,0.778915,0.966942,0.923077,1.0,0.727273,0
915,development,Moderate,native_pdf,pond_b,0.856622,0.966583,0.678446,0.706267,0.768421,0.88172,0.863158,0.571429,1
916,development,Simple,scan,pond_a,0.725366,0.887344,0.835877,0.807799,0.552632,0.809353,0.891117,0.772487,0
917,evaluation,Moderate,native_pdf,pond_a,0.829131,0.881773,0.258256,0.727436,0.738397,0.809353,0.192308,0.591837,0
918,evaluation,Moderate,scan,pond_b,0.804047,0.983019,0.629193,0.742978,0.672727,0.957792,0.778571,0.687861,0
919,development,Moderate,native_pdf,pond_b,0.834782,0.902175,0.243332,0.79429,0.738397,0.809353,0.192308,0.772487,0
920,evaluation,Simple,scan,pond_b,0.925881,0.993579,0.900187,0.895409,0.887701,0.989848,0.982759,0.937931,1
921,development,Simple,native_pdf,pond_a,0.926949,0.931111,0.651257,0.758438,0.887701,0.865854,0.778571,0.687861,1
922,development,Moderate,scan,pond_b,0.608575,0.964198,0.382056,0.786081,0.421053,0.88172,0.435484,0.772487,0
923,development,Moderate,native_pdf,pond_b,0.814578,0.929337,0.704405,0.893689,0.738397,0.865854,0.8725,0.937931,1
924,development,Simple,native_pdf,pond_a,0.881158,0.653536,0.632532,0.776872,0.789474,0.54386,0.778571,0.727273,0
925,development,Simple,native_pdf,pond_a,0.90445,0.881555,0.655028,0.704887,0.843284,0.809353,0.778571,0.571429,0
926,development,Moderate,native_pdf,pond_b,0.858866,0.856089,0.853034,0.871721,0.768421,0.809353,0.951456,0.897233,1
927,evaluation,Simple,native_pdf,pond_b,0.853126,0.716585,0.758042,0.843065,0.744681,0.567568,0.8725,0.80137,1
928,development,Complex,scan,pond_b,0.853642,0.91624,0.884151,0.720116,0.768421,0.862069,0.979798,0.591837,1
929,evaluation,Moderate,native_pdf,pond_a,0.866489,0.888857,0.533661,0.824386,0.768421,0.809353,0.581673,0.791444,0
930,evaluation,Complex,scan,pond_a,0.787256,0.746101,0.856465,0.689642,0.672131,0.727723,0.951456,0.527397,0
931,development,Simple,native_pdf,pond_b,0.889202,0.975944,0.866031,0.914789,0.789474,0.923077,0.951456,0.987179,1
932,development,Simple,scan,pond_a,0.906818,0.957815,0.90326,0.770607,0.843284,0.88172,0.982759,0.727273,1
933,evaluation,Moderate,native_pdf,pond_a,0.769488,0.379117,0.764458,0.65955,0.591398,0.415385,0.8725,0.527397,1
934,development,Moderate,native_pdf,pond_a,0.901648,0.983199,0.681126,0.708858,0.843284,0.957792,0.863158,0.571429,0
935,development,Simple,native_pdf,pond_b,0.957206,0.993779,0.83161,0.872883,0.966942,0.989848,0.891117,0.897233,1
936,development,Complex,native_pdf,pond_a,0.752564,0.466896,0.167613,0.66267,0.591398,0.485714,0.153846,0.527397,0
937,evaluation,Moderate,native_pdf,pond_a,0.901557,0.963227,0.791659,0.860666,0.843284,0.88172,0.891117,0.894737,1
938,development,Moderate,scan,pond_b,0.77455,0.781239,0.656265,0.867101,0.591398,0.727723,0.778571,0.897233,0
939,development,Simple,native_pdf,pond_a,0.948829,0.989655,0.80931,0.696665,0.945946,0.957792,0.891117,0.527397,0
940,development,Complex,native_pdf,pond_a,0.839264,0.966635,0.447695,0.691524,0.738397,0.88172,0.581673,0.527397,0
941,development,Simple,native_pdf,pond_a,0.943009,0.989068,0.860169,0.886912,0.934783,0.957792,0.951456,0.902174,1
942,development,Moderate,scan,pond_b,0.526326,0.760117,0.556569,0.824046,0.338028,0.727723,0.681818,0.791444,0
943,evaluation,Complex,native_pdf,pond_b,0.821433,0.967454,0.499061,0.804367,0.738397,0.88172,0.581673,0.772487,0
944,evaluation,Moderate,native_pdf,pond_b,0.87054,0.95684,0.680269,0.800547,0.768421,0.88172,0.863158,0.772487,1
945,development,Complex,scan,pond_a,0.786026,0.879625,0.31127,0.726222,0.672131,0.809353,0.25,0.591837,0
946,development,Moderate,native_pdf,pond_b,0.805871,0.641813,0.747623,0.901086,0.672727,0.54386,0.8725,0.937931,1
947,development,Complex,native_pdf,pond_b,0.796757,0.909658,0.412741,0.833727,0.672727,0.809353,0.435484,0.80137,0
948,evaluation,Moderate,native_pdf,pond_b,0.813422,0.562096,0.622404,0.726452,0.738397,0.485714,0.753623,0.591837,0
949,evaluation,Moderate,scan,pond_a,0.810688,0.841189,0.526282,0.770168,0.738397,0.77027,0.581673,0.727273,0
950,evaluation,Complex,native_pdf,pond_a,0.845521,0.301822,0.403837,0.674993,0.744681,0.415385,0.435484,0.527397,0
951,development,Simple,scan,pond_b,0.775263,0.898126,0.653627,0.87469,0.591398,0.809353,0.778571,0.897233,0
952,development,Simple,native_pdf,pond_a,0.887316,0.942514,0.849766,0.663865,0.789474,0.867188,0.951456,0.527397,1
953,evaluation,Complex,native_pdf,pond_b,0.818276,0.984275,0.409945,0.723043,0.738397,0.957792,0.435484,0.591837,0
954,development,Moderate,scan,pond_b,0.821352,0.910281,0.585694,0.848758,0.738397,0.809353,0.753623,0.868132,1
955,evaluation,Moderate,scan,pond_b,0.794463,0.861966,0.841416,0.856627,0.672727,0.809353,0.9375,0.894737,0
956,development,Simple,native_pdf,pond_b,0.973541,0.992544,0.890047,0.893231,0.977778,0.989848,0.982759,0.937931,1
957,development,Moderate,scan,pond_a,0.71445,0.919439,0.836171,0.762309,0.552632,0.862069,0.891117,0.687861,1
958,evaluation,Moderate,native_pdf,pond_a,0.893318,0.876117,0.561584,0.702533,0.83871,0.809353,0.681818,0.527397,0
959,development,Simple,scan,pond_a,0.873471,0.858652,0.7729,0.795314,0.768421,0.809353,0.8725,0.772487,0
960,development,Moderate,scan,pond_a,0.855938,0.992138,0.74176,0.674611,0.768421,0.989848,0.8725,0.527397,0
961,development,Moderate,scan,pond_b,0.664231,0.736774,0.701057,0.846693,0.5,0.727723,0.8725,0.868132,0
962,evaluation,Simple,scan,pond_a,0.799882,0.907621,0.917396,0.785355,0.672727,0.809353,1.0,0.772487,0
963,development,Moderate,scan,pond_b,0.615003,0.826205,0.565102,0.827457,0.421053,0.727723,0.681818,0.791444,0
964,development,Complex,scan,pond_a,0.767864,0.64231,0.266179,0.697459,0.591398,0.54386,0.192308,0.527397,0
965,development,Moderate,scan,pond_b,0.594802,0.807321,0.699169,0.70643,0.421053,0.727723,0.8725,0.571429,0
966,development,Complex,native_pdf,pond_b,0.443924,0.148948,0.122488,0.842391,0.235294,0.16,0.12,0.80137,0
967,development,Simple,scan,pond_a,0.893353,0.968578,0.851957,0.782321,0.83871,0.88172,0.951456,0.727273,0
968,development,Simple,native_pdf,pond_a,0.920818,0.977211,0.444567,0.854953,0.887701,0.923077,0.581673,0.894737,1
969,development,Moderate,scan,pond_a,0.768854,0.93577,0.623771,0.793442,0.591398,0.867188,0.753623,0.772487,1
970,evaluation,Simple,scan,pond_b,0.911004,0.997091,0.78097,0.93064,0.857143,0.989848,0.891117,1.0,1
971,development,Simple,scan,pond_b,0.922017,0.987636,0.624799,0.923273,0.887701,0.957792,0.778571,1.0,0
972,evaluation,Complex,scan,pond_b,0.415147,0.030211,0.134413,0.821875,0.235294,0.0,0.12,0.791444,0
973,evaluation,Simple,native_pdf,pond_a,0.935601,0.991605,0.824123,0.814905,0.887701,0.957792,0.891117,0.772487,1
974,development,Complex,native_pdf,pond_b,0.819892,0.670722,0.649952,0.737727,0.738397,0.54386,0.778571,0.591837,0
975,development,Simple,native_pdf,pond_b,0.87586,0.77368,0.788117,0.88593,0.777778,0.727723,0.891117,0.902174,0
976,evaluation,Moderate,native_pdf,pond_a,0.86526,0.722911,0.205694,0.581223,0.768421,0.567568,0.181612,0.133333,0
977,development,Moderate,native_pdf,pond_a,0.83568,0.691561,0.517997,0.651394,0.738397,0.567568,0.581673,0.388889,0
978,evaluation,Complex,native_pdf,pond_b,0.8067,0.926989,0.757589,0.856511,0.672727,0.865854,0.8725,0.894737,0
979,development,Simple,native_pdf,pond_b,0.898446,0.986763,0.662127,0.878519,0.843284,0.957792,0.863158,0.897233,1
980,evaluation,Simple,scan,pond_a,0.872199,0.995817,0.859169,0.647278,0.768421,0.989848,0.951456,0.388889,1
981,development,Moderate,scan,pond_b,0.573248,0.868706,0.69384,0.836107,0.338028,0.809353,0.8725,0.80137,1
982,evaluation,Moderate,scan,pond_b,0.760755,0.880371,0.30296,0.868424,0.591398,0.809353,0.25,0.897233,0
983,evaluation,Simple,scan,pond_b,0.835621,0.866122,0.484883,0.88864,0.738397,0.809353,0.581673,0.911111,0
984,development,Complex,scan,pond_a,0.863181,0.982407,0.359656,0.722562,0.768421,0.957792,0.435484,0.591837,1
985,evaluation,Moderate,scan,pond_b,0.529888,0.069442,0.282579,0.904752,0.338028,0.0,0.192308,0.937931,0
986,development,Complex,native_pdf,pond_a,0.819439,0.889007,0.379733,0.732914,0.738397,0.809353,0.435484,0.591837,0
987,development,Simple,native_pdf,pond_a,0.922592,0.951713,0.717983,0.780544,0.887701,0.868421,0.8725,0.727273,1
988,development,Simple,native_pdf,pond_b,0.936203,0.988644,0.7951,0.852746,0.887701,0.957792,0.891117,0.894737,0
989,development,Simple,native_pdf,pond_a,0.908514,0.945227,0.769212,0.787322,0.843284,0.867188,0.8725,0.772487,0
990,development,Simple,scan,pond_b,0.913981,0.959029,0.500784,0.922904,0.857143,0.88172,0.581673,1.0,1
991,evaluation,Complex,native_pdf,pond_b,0.739394,0.488337,0.45527,0.916095,0.591398,0.485714,0.581673,0.987179,0
992,development,Simple,scan,pond_b,0.934884,0.968706,0.563897,0.893476,0.887701,0.88172,0.681818,0.937931,0
993,evaluation,Complex,native_pdf,pond_b,0.668707,0.622033,0.311066,0.821821,0.552632,0.521739,0.25,0.791444,0
994,evaluation,Complex,native_pdf,pond_b,0.71491,0.605382,0.130419,0.846665,0.552632,0.485714,0.12,0.868132,0
995,evaluation,Moderate,scan,pond_b,0.717782,0.327994,0.83205,0.885618,0.552632,0.415385,0.891117,0.902174,0
996,evaluation,Moderate,scan,pond_b,0.725684,0.814972,0.631563,0.858911,0.552632,0.727723,0.778571,0.894737,0
997,evaluation,Simple,scan,pond_a,0.813471,0.947105,0.846496,0.773503,0.738397,0.867188,0.9375,0.727273,1
998,development,Complex,native_pdf,pond_a,0.686089,0.326718,0.26046,0.58845,0.552632,0.415385,0.192308,0.307692,0
999,evaluation,Simple,scan,pond_a,0.855387,0.884119,0.64515,0.80095,0.768421,0.809353,0.778571,0.772487,0
1000,development,Complex,native_pdf,pond_b,0.779401,0.524904,0.568504,0.775277,0.6,0.485714,0.681818,0.727273,0
1001,evaluation,Complex,native_pdf,pond_a,0.761985,0.533024,0.277194,0.720503,0.591398,0.485714,0.192308,0.591837,0
1002,evaluation,Simple,native_pdf,pond_b,0.868566,0.839579,0.601484,0.921151,0.768421,0.77027,0.753623,0.987179,1
1003,evaluation,Complex,scan,pond_a,0.375016,0.320872,0.132365,0.743994,0.2,0.415385,0.12,0.687861,0
1004,development,Simple,scan,pond_a,0.690912,0.445979,0.459457,0.759669,0.552632,0.419355,0.581673,0.687861,0
1005,development,Moderate,scan,pond_b,0.89902,0.978381,0.65815,0.879723,0.843284,0.933333,0.778571,0.897233,1
1006,development,Complex,scan,pond_a,0.5683,0.856433,0.724797,0.730758,0.338028,0.809353,0.8725,0.591837,0
1007,development,Simple,native_pdf,pond_b,0.936388,0.99461,0.557874,0.838091,0.887701,0.989848,0.681818,0.80137,1
1008,development,Moderate,native_pdf,pond_a,0.91358,0.991696,0.778187,0.730983,0.857143,0.957792,0.891117,0.591837,1
1009,development,Moderate,native_pdf,pond_a,0.931348,0.845985,0.953457,0.740674,0.887701,0.77027,1.0,0.591837,1
1010,evaluation,Simple,scan,pond_b,0.869197,0.912203,0.881413,0.738226,0.768421,0.809353,0.979798,0.591837,0
1011,evaluation,Complex,native_pdf,pond_b,0.502787,0.472198,0.26232,0.825716,0.338028,0.485714,0.192308,0.791444,0
1012,development,Complex,native_pdf,pond_a,0.742193,0.355907,0.122237,0.589727,0.591398,0.415385,0.12,0.307692,0
1013,development,Simple,native_pdf,pond_b,0.92045,0.814144,0.840292,0.868106,0.887701,0.727723,0.9375,0.897233,0
1014,development,Complex,scan,pond_b,0.629822,0.729344,0.529381,0.6884,0.421053,0.666667,0.581673,0.527397,0
1015,development,Complex,scan,pond_a,0.767323,0.945513,0.429321,0.824623,0.591398,0.867188,0.527778,0.791444,0
1016,development,Simple,scan,pond_a,0.888664,0.97029,0.789184,0.71802,0.789474,0.88172,0.891117,0.591837,1
1017,development,Moderate,scan,pond_b,0.880117,0.98113,0.748437,0.857495,0.789474,0.933333,0.8725,0.894737,1
1018,development,Simple,scan,pond_b,0.938698,0.996351,0.78276,0.868315,0.934783,0.989848,0.891117,0.897233,1
1019,development,Moderate,scan,pond_b,0.836352,0.984117,0.694582,0.89858,0.738397,0.957792,0.8725,0.937931,1
1020,development,Moderate,scan,pond_b,0.432647,0.20436,0.213693,0.78812,0.235294,0.415385,0.192308,0.772487,0
1021,evaluation,Moderate,scan,pond_b,0.627004,0.849953,0.405248,0.845308,0.421053,0.77027,0.435484,0.868132,0
1022,development,Moderate,scan,pond_a,0.773409,0.990707,0.429042,0.654516,0.591398,0.957792,0.527778,0.527397,1
1023,development,Complex,scan,pond_b,0.541802,0.260538,0.149855,0.694734,0.338028,0.415385,0.12,0.527397,0
1024,development,Simple,native_pdf,pond_a,0.975533,0.99635,0.841869,0.795733,0.977778,0.989848,0.9375,0.772487,1
1025,evaluation,Moderate,native_pdf,pond_a,0.886926,0.883499,0.426761,0.770068,0.789474,0.809353,0.527778,0.727273,1
1026,development,Simple,scan,pond_a,0.711448,0.90147,0.874321,0.869731,0.552632,0.809353,0.979798,0.897233,1
1027,evaluation,Complex,scan,pond_a,0.641506,0.958932,0.801252,0.69134,0.421053,0.88172,0.891117,0.527397,1
1028,development,Moderate,native_pdf,pond_a,0.909157,0.730898,0.610887,0.863998,0.857143,0.666667,0.753623,0.897233,1
1029,evaluation,Simple,scan,pond_a,0.81712,0.995805,0.870998,0.761586,0.738397,0.989848,0.979798,0.687861,1
1030,development,Simple,native_pdf,pond_b,0.905749,0.977111,0.76285,0.937604,0.843284,0.923077,0.8725,1.0,1
1031,development,Simple,native_pdf,pond_b,0.908472,0.979385,0.82361,0.903647,0.843284,0.933333,0.891117,0.937931,1
1032,evaluation,Complex,native_pdf,pond_b,0.721073,0.346928,0.513218,0.871633,0.552632,0.415385,0.581673,0.897233,1
1033,evaluation,Complex,native_pdf,pond_b,0.59742,0.348601,0.369409,0.840949,0.421053,0.415385,0.435484,0.80137,0
1034,development,Simple,native_pdf,pond_a,0.945718,0.94885,0.683073,0.861683,0.945946,0.868421,0.863158,0.897233,0
1035,development,Moderate,native_pdf,pond_a,0.766838,0.481193,0.460527,0.840927,0.591398,0.485714,0.581673,0.80137,0
1036,evaluation,Moderate,native_pdf,pond_b,0.819143,0.440831,0.414051,0.799577,0.738397,0.419355,0.435484,0.772487,0
1037,development,Simple,native_pdf,pond_b,0.891301,0.990852,0.538194,0.872707,0.793103,0.957792,0.581673,0.897233,0
1038,development,Moderate,scan,pond_a,0.796732,0.96379,0.240734,0.789796,0.672727,0.88172,0.192308,0.772487,0
1039,evaluation,Moderate,native_pdf,pond_a,0.839237,0.962777,0.671081,0.617126,0.738397,0.88172,0.863158,0.333333,0
1040,development,Moderate,scan,pond_a,0.674775,0.707189,0.380007,0.658798,0.552632,0.567568,0.435484,0.527397,1
1041,development,Moderate,scan,pond_b,0.773672,0.705492,0.656835,0.82187,0.591398,0.567568,0.778571,0.791444,0
1042,development,Moderate,scan,pond_a,0.824004,0.970388,0.641204,0.703166,0.738397,0.88172,0.778571,0.527397,0
1043,development,Complex,scan,pond_a,0.358488,0.34865,0.417338,0.792833,0.181818,0.415385,0.527778,0.772487,0
1044,development,Simple,scan,pond_b,0.889462,0.926839,0.877383,0.811802,0.789474,0.865854,0.979798,0.772487,1
1045,development,Simple,native_pdf,pond_b,0.962571,0.993501,0.941083,0.932738,0.966942,0.989848,1.0,1.0,1
1046,development,Moderate,scan,pond_b,0.758635,0.955265,0.725244,0.769681,0.591398,0.88172,0.8725,0.727273,1
1047,development,Moderate,scan,pond_a,0.811301,0.951452,0.614714,0.795665,0.738397,0.868421,0.753623,0.772487,0
1048,evaluation,Moderate,native_pdf,pond_a,0.937368,0.91736,0.805655,0.74289,0.934783,0.862069,0.891117,0.687861,0
1049,evaluation,Complex,scan,pond_b,0.549644,0.610014,0.558842,0.784143,0.338028,0.485714,0.681818,0.727273,0
1050,development,Moderate,native_pdf,pond_a,0.783652,0.455573,0.385682,0.814046,0.672131,0.485714,0.435484,0.772487,0
1051,development,Moderate,native_pdf,pond_b,0.904363,0.980422,0.229431,0.805587,0.843284,0.933333,0.192308,0.772487,0
1052,development,Simple,native_pdf,pond_a,0.918101,0.888358,0.811354,0.861555,0.857143,0.809353,0.891117,0.897233,1
1053,evaluation,Moderate,scan,pond_a,0.901647,0.992107,0.676168,0.784872,0.843284,0.989848,0.863158,0.772487,1
1054,development,Simple,native_pdf,pond_b,0.890392,0.946113,0.835333,0.817633,0.793103,0.867188,0.891117,0.791444,0
1055,evaluation,Simple,native_pdf,pond_a,0.920937,0.98269,0.829855,0.838858,0.887701,0.957792,0.891117,0.80137,1
1056,development,Moderate,scan,pond_a,0.851545,0.890649,0.899684,0.702997,0.744681,0.809353,0.982759,0.527397,1
1057,development,Moderate,scan,pond_a,0.817095,0.977664,0.801909,0.848911,0.738397,0.933333,0.891117,0.868132,1
1058,development,Simple,scan,pond_b,0.609714,0.604147,0.7209,0.859334,0.421053,0.485714,0.8725,0.894737,0
1059,development,Simple,scan,pond_a,0.903728,0.9067,0.843987,0.785522,0.843284,0.809353,0.9375,0.772487,0
1060,evaluation,Moderate,scan,pond_a,0.872401,0.959927,0.715913,0.851559,0.768421,0.88172,0.8725,0.894737,1
1061,evaluation,Complex,native_pdf,pond_b,0.791991,0.485316,0.350373,0.890186,0.672727,0.485714,0.435484,0.911111,0
1062,development,Simple,native_pdf,pond_b,0.944163,0.990416,0.863316,0.863391,0.945946,0.957792,0.951456,0.897233,1
1063,evaluation,Complex,native_pdf,pond_a,0.501237,0.139628,0.091821,0.637439,0.334577,0.16,0.12,0.388889,0
1064,evaluation,Moderate,scan,pond_a,0.835717,0.914895,0.709616,0.644621,0.738397,0.857143,0.8725,0.388889,1
1065,development,Simple,native_pdf,pond_b,0.942991,0.990151,0.88203,0.872133,0.934783,0.957792,0.979798,0.897233,1
1066,development,Simple,native_pdf,pond_a,0.935651,0.972519,0.924253,0.768526,0.887701,0.88172,1.0,0.727273,1
1067,evaluation,Moderate,scan,pond_a,0.52808,0.633582,0.590036,0.76838,0.338028,0.53438,0.753623,0.727273,0
1068,development,Simple,scan,pond_a,0.787573,0.78463,0.578627,0.717709,0.672131,0.727723,0.753623,0.591837,0
1069,evaluation,Complex,scan,pond_a,0.615279,0.492889,0.267998,0.58626,0.421053,0.485714,0.192308,0.307692,0
1070,evaluation,Moderate,native_pdf,pond_b,0.839074,0.944284,0.419309,0.897519,0.738397,0.867188,0.527778,0.937931,1
1071,development,Simple,scan,pond_b,0.788535,0.955357,0.227118,0.892491,0.672131,0.88172,0.192308,0.937931,0
1072,evaluation,Complex,native_pdf,pond_a,0.917549,0.985573,0.723837,0.630023,0.857143,0.957792,0.8725,0.388889,1
1073,development,Simple,scan,pond_b,0.809909,0.892314,0.696881,0.860021,0.738397,0.809353,0.8725,0.894737,1
1074,development,Simple,scan,pond_a,0.67483,0.582772,0.716036,0.891321,0.552632,0.485714,0.8725,0.911111,0
1075,development,Simple,scan,pond_b,0.914242,0.982907,0.91972,0.892795,0.857143,0.957792,1.0,0.937931,1
1076,evaluation,Complex,scan,pond_b,0.549608,0.849288,0.394087,0.835742,0.338028,0.77027,0.435484,0.80137,0
1077,development,Simple,native_pdf,pond_a,0.82806,0.932324,0.654586,0.758584,0.738397,0.865854,0.778571,0.687861,0
1078,evaluation,Complex,native_pdf,pond_b,0.502474,0.084749,0.139385,0.68704,0.338028,0.0,0.12,0.527397,0
1079,development,Simple,scan,pond_a,0.914601,0.978655,0.957521,0.814068,0.857143,0.933333,1.0,0.772487,1
1080,evaluation,Complex,native_pdf,pond_a,0.609411,0.243445,0.170701,0.652704,0.421053,0.415385,0.153846,0.4,0
1081,evaluation,Moderate,native_pdf,pond_b,0.918412,0.78328,0.432072,0.884787,0.857143,0.727723,0.581673,0.902174,1
1082,development,Moderate,scan,pond_a,0.637927,0.657601,0.451618,0.74356,0.421053,0.54386,0.581673,0.687861,0
1083,evaluation,Complex,native_pdf,pond_a,0.877643,0.970312,0.430377,0.740113,0.777778,0.88172,0.527778,0.591837,1
1084,evaluation,Moderate,native_pdf,pond_a,0.919871,0.90603,0.483207,0.797925,0.887701,0.809353,0.581673,0.772487,0
1085,development,Complex,native_pdf,pond_b,0.67907,0.983489,0.485687,0.691139,0.552632,0.957792,0.581673,0.527397,0
1086,development,Simple,native_pdf,pond_a,0.791595,0.9536,0.427066,0.618956,0.672131,0.88172,0.527778,0.333333,0
1087,development,Simple,scan,pond_b,0.971001,0.977496,0.94789,0.901455,0.977778,0.923077,1.0,0.937931,1
1088,development,Simple,scan,pond_a,0.944755,0.997326,0.863856,0.74037,0.945946,0.989848,0.951456,0.591837,0
1089,development,Moderate,scan,pond_b,0.731201,0.804439,0.469284,0.90123,0.552632,0.727723,0.581673,0.937931,1
1090,development,Simple,scan,pond_a,0.85285,0.830952,0.823877,0.833513,0.744681,0.727723,0.891117,0.80137,0
1091,development,Moderate,scan,pond_a,0.947359,0.968208,0.663151,0.593833,0.945946,0.88172,0.863158,0.307692,1
1092,evaluation,Simple,native_pdf,pond_a,0.926234,0.993807,0.886494,0.815096,0.887701,0.989848,0.982759,0.772487,1
1093,evaluation,Moderate,scan,pond_b,0.753926,0.834584,0.824025,0.778893,0.591398,0.77027,0.891117,0.727273,0
1094,evaluation,Complex,native_pdf,pond_a,0.487823,0.343764,0.199059,0.734166,0.235294,0.415385,0.153846,0.591837,0
1095,development,Moderate,native_pdf,pond_a,0.903767,0.987617,0.843528,0.797505,0.843284,0.957792,0.9375,0.772487,1
1096,development,Moderate,native_pdf,pond_b,0.924714,0.95886,0.548791,0.891183,0.887701,0.88172,0.681818,0.911111,0
1097,development,Complex,native_pdf,pond_a,0.584908,0.46752,0.457654,0.539678,0.421053,0.485714,0.581673,0.133333,0
1098,development,Simple,native_pdf,pond_a,0.858423,0.981403,0.867259,0.862963,0.768421,0.957792,0.979798,0.897233,1
1099,evaluation,Moderate,scan,pond_a,0.854793,0.900269,0.730609,0.735466,0.768421,0.809353,0.8725,0.591837,1
1100,development,Simple,native_pdf,pond_b,0.947209,0.984629,0.772417,0.849266,0.945946,0.957792,0.8725,0.868132,1
1101,evaluation,Simple,scan,pond_b,0.932841,0.99035,0.935144,0.863418,0.887701,0.957792,1.0,0.897233,1
1102,evaluation,Moderate,scan,pond_a,0.645768,0.880897,0.215829,0.809824,0.421053,0.809353,0.192308,0.772487,0
1103,development,Simple,scan,pond_b,0.893259,0.986824,0.937488,0.890518,0.83871,0.957792,1.0,0.911111,1
1104,evaluation,Complex,scan,pond_a,0.373702,0.081176,0.149359,0.714526,0.2,0.0,0.12,0.591837,0
1105,development,Simple,scan,pond_b,0.885609,0.947684,0.810724,0.880236,0.789474,0.867188,0.891117,0.897233,0
1106,evaluation,Simple,native_pdf,pond_a,0.963929,0.804033,0.888969,0.729162,0.966942,0.727723,0.982759,0.591837,0
1107,development,Moderate,scan,pond_b,0.69997,0.889737,0.372013,0.919717,0.552632,0.809353,0.435484,0.987179,1
1108,development,Simple,native_pdf,pond_a,0.867262,0.95598,0.717314,0.748785,0.768421,0.88172,0.8725,0.687861,1
1109,evaluation,Simple,native_pdf,pond_a,0.852206,0.9652,0.858629,0.620246,0.744681,0.88172,0.951456,0.333333,0
1110,development,Simple,native_pdf,pond_b,0.848992,0.696815,0.702202,0.718098,0.744681,0.567568,0.8725,0.591837,0
1111,development,Simple,scan,pond_a,0.723243,0.943303,0.359452,0.78463,0.552632,0.867188,0.435484,0.772487,0
1112,development,Simple,scan,pond_a,0.683914,0.932989,0.814555,0.817932,0.552632,0.865854,0.891117,0.791444,1
1113,development,Simple,native_pdf,pond_a,0.938935,0.987704,0.827579,0.764317,0.934783,0.957792,0.891117,0.687861,1
1114,development,Simple,native_pdf,pond_b,0.954786,0.959853,0.857641,0.902673,0.966942,0.88172,0.951456,0.937931,0
1115,evaluation,Complex,native_pdf,pond_b,0.817034,0.947076,0.741716,0.750238,0.738397,0.867188,0.8725,0.687861,0
1116,evaluation,Complex,native_pdf,pond_b,0.776359,0.842278,0.573237,0.797059,0.6,0.77027,0.75,0.772487,1
1117,development,Complex,native_pdf,pond_a,0.72248,0.742818,0.48516,0.788538,0.552632,0.727723,0.581673,0.772487,1
1118,development,Simple,native_pdf,pond_a,0.964713,0.997634,0.822487,0.832822,0.966942,1.0,0.891117,0.80137,1
1119,evaluation,Complex,scan,pond_b,0.570288,0.132704,0.293127,0.77858,0.338028,0.16,0.192308,0.727273,0
1120,development,Moderate,native_pdf,pond_a,0.929839,0.794387,0.503214,0.80465,0.887701,0.727723,0.581673,0.772487,1
1121,evaluation,Complex,native_pdf,pond_a,0.736981,0.538843,0.373591,0.73204,0.591398,0.485714,0.435484,0.591837,0
1122,development,Simple,native_pdf,pond_b,0.919844,0.717888,0.322731,0.901208,0.887701,0.567568,0.294118,0.937931,0
1123,evaluation,Complex,scan,pond_a,0.754472,0.692172,0.782394,0.770672,0.591398,0.567568,0.891117,0.727273,0
1124,development,Simple,native_pdf,pond_b,0.955058,0.997477,0.868788,0.844783,0.966942,1.0,0.979798,0.868132,1
1125,evaluation,Moderate,scan,pond_a,0.751398,0.786879,0.644628,0.623298,0.591398,0.727723,0.778571,0.333333,0
1126,evaluation,Moderate,native_pdf,pond_b,0.853034,0.947745,0.573971,0.708133,0.744681,0.867188,0.75,0.571429,0
1127,evaluation,Complex,native_pdf,pond_a,0.745134,0.274163,0.289605,0.693046,0.591398,0.415385,0.192308,0.527397,0
1128,development,Simple,scan,pond_b,0.911806,0.994628,0.865663,0.907154,0.857143,0.989848,0.951456,0.937931,1
1129,evaluation,Simple,scan,pond_b,0.842855,0.98557,0.822318,0.894303,0.738397,0.957792,0.891117,0.937931,1
1130,development,Simple,native_pdf,pond_b,0.937047,0.992929,0.892078,0.949145,0.934783,0.989848,0.982759,1.0,1
1131,development,Moderate,native_pdf,pond_b,0.916656,0.896641,0.835372,0.753829,0.857143,0.809353,0.891117,0.687861,0
1132,development,Simple,scan,pond_a,0.867127,0.950474,0.548771,0.741647,0.768421,0.868421,0.681818,0.591837,0
1133,development,Simple,scan,pond_a,0.839352,0.99499,0.784174,0.732705,0.738397,0.989848,0.891117,0.591837,0
1134,evaluation,Simple,native_pdf,pond_b,0.908238,0.954378,0.713034,0.855083,0.843284,0.88172,0.8725,0.894737,1
1135,evaluation,Moderate,native_pdf,pond_a,0.550391,0.305312,0.447726,0.764967,0.338028,0.415385,0.581673,0.687861,0
1136,development,Complex,scan,pond_b,0.737289,0.593954,0.455282,0.853062,0.591398,0.485714,0.581673,0.894737,0
1137,development,Complex,native_pdf,pond_b,0.545321,0.619191,0.07012,0.699847,0.338028,0.521739,0.0,0.527397,0
1138,development,Simple,native_pdf,pond_a,0.923269,0.875775,0.739487,0.807525,0.887701,0.809353,0.8725,0.772487,1
1139,evaluation,Moderate,scan,pond_a,0.90457,0.908704,0.784003,0.768763,0.843284,0.809353,0.891117,0.727273,1
1140,development,Simple,scan,pond_a,0.923866,0.940671,0.89861,0.853697,0.887701,0.867188,0.982759,0.894737,0
1141,development,Moderate,scan,pond_a,0.543937,0.296695,0.646793,0.804546,0.338028,0.415385,0.778571,0.772487,0
1142,evaluation,Complex,scan,pond_a,0.304154,0.377261,0.560188,0.740175,0.181818,0.415385,0.681818,0.591837,0
1143,evaluation,Moderate,scan,pond_a,0.804346,0.974806,0.723744,0.897202,0.672727,0.923077,0.8725,0.937931,1
1144,development,Simple,native_pdf,pond_b,0.63525,0.407651,0.254366,0.799244,0.421053,0.415385,0.192308,0.772487,0
1145,development,Simple,native_pdf,pond_b,0.914296,0.925505,0.810355,0.845389,0.857143,0.865854,0.891117,0.868132,0
1146,development,Simple,scan,pond_a,0.804375,0.990957,0.807533,0.820068,0.672727,0.957792,0.891117,0.791444,0
1147,evaluation,Moderate,native_pdf,pond_a,0.907219,0.949768,0.648071,0.785207,0.843284,0.868421,0.778571,0.772487,1
1148,development,Moderate,scan,pond_a,0.562241,0.41821,0.538048,0.803984,0.338028,0.419355,0.581673,0.772487,1
1149,development,Simple,scan,pond_a,0.811794,0.467376,0.606009,0.86137,0.738397,0.485714,0.753623,0.897233,0
1150,development,Complex,scan,pond_a,0.548813,0.634797,0.520782,0.667195,0.338028,0.54386,0.581673,0.527397,1
1151,development,Simple,scan,pond_a,0.95603,0.998227,0.930808,0.80511,0.966942,1.0,1.0,0.772487,1
1152,development,Simple,native_pdf,pond_b,0.875974,0.985771,0.829322,0.896037,0.777778,0.957792,0.891117,0.937931,1
1153,development,Simple,scan,pond_b,0.88205,0.736923,0.81925,0.903599,0.789474,0.727723,0.891117,0.937931,0
1154,evaluation,Simple,native_pdf,pond_b,0.861386,0.931679,0.884092,0.78464,0.768421,0.865854,0.979798,0.772487,1
1155,development,Complex,native_pdf,pond_b,0.721029,0.659208,0.523616,0.789254,0.552632,0.54386,0.581673,0.772487,0
1156,development,Moderate,native_pdf,pond_b,0.728819,0.906722,0.514778,0.837351,0.552632,0.809353,0.581673,0.80137,0
1157,evaluation,Simple,native_pdf,pond_b,0.911739,0.979034,0.773018,0.84344,0.857143,0.933333,0.8725,0.80137,1
1158,evaluation,Simple,native_pdf,pond_a,0.946382,0.992967,0.939747,0.742693,0.945946,0.989848,1.0,0.687861,1
1159,evaluation,Moderate,native_pdf,pond_a,0.886505,0.97195,0.896238,0.849996,0.789474,0.88172,0.982759,0.868132,1
1160,development,Simple,scan,pond_a,0.678964,0.942083,0.640743,0.70909,0.552632,0.867188,0.778571,0.571429,0
1161,evaluation,Complex,scan,pond_a,0.488985,0.921454,0.569281,0.575478,0.235294,0.862069,0.681818,0.133333,1
1162,development,Simple,scan,pond_b,0.874864,0.976268,0.777776,0.839114,0.777778,0.923077,0.891117,0.80137,1
1163,evaluation,Simple,scan,pond_b,0.802616,0.894596,0.521748,0.848514,0.672727,0.809353,0.581673,0.868132,0
1164,development,Simple,scan,pond_a,0.837905,0.890288,0.893788,0.83525,0.738397,0.809353,0.982759,0.80137,0
1165,development,Moderate,native_pdf,pond_b,0.842626,0.75225,0.559055,0.831918,0.738397,0.727723,0.681818,0.791444,0
1166,evaluation,Simple,native_pdf,pond_a,0.970447,0.988653,0.90292,0.862225,0.977468,0.957792,0.982759,0.897233,0
1167,development,Simple,scan,pond_b,0.903968,0.987541,0.842496,0.918726,0.843284,0.957792,0.9375,0.987179,1
1168,evaluation,Moderate,scan,pond_b,0.749387,0.811978,0.790326,0.711402,0.591398,0.727723,0.891117,0.590909,1
1169,evaluation,Simple,scan,pond_a,0.825414,0.857493,0.487738,0.82319,0.738397,0.809353,0.581673,0.791444,0
1170,development,Complex,scan,pond_b,0.615971,0.457824,0.529565,0.887731,0.421053,0.485714,0.581673,0.902174,0
1171,development,Simple,scan,pond_b,0.657161,0.872564,0.780065,0.831205,0.5,0.809353,0.891117,0.791444,0
1172,evaluation,Simple,scan,pond_b,0.736909,0.746708,0.365117,0.866858,0.591398,0.727723,0.435484,0.897233,0
1173,development,Moderate,native_pdf,pond_a,0.929793,0.971288,0.530315,0.668475,0.887701,0.88172,0.581673,0.527397,0
1174,evaluation,Complex,native_pdf,pond_b,0.791955,0.781813,0.542437,0.6644,0.672727,0.727723,0.581673,0.527397,0
1175,evaluation,Simple,scan,pond_a,0.966026,0.978305,0.906618,0.758337,0.966942,0.933333,0.982759,0.687861,0
1176,development,Simple,scan,pond_a,0.818307,0.940111,0.423769,0.721846,0.738397,0.867188,0.527778,0.591837,0
1177,development,Moderate,scan,pond_a,0.843553,0.984025,0.68074,0.765047,0.744681,0.957792,0.863158,0.687861,0
1178,evaluation,Moderate,native_pdf,pond_b,0.872745,0.923946,0.826214,0.860995,0.768421,0.862069,0.891117,0.894737,0
1179,development,Simple,native_pdf,pond_a,0.921375,0.970436,0.492098,0.880297,0.887701,0.88172,0.581673,0.897233,0
1180,development,Simple,native_pdf,pond_a,0.890345,0.989171,0.890659,0.638039,0.793103,0.957792,0.982759,0.388889,0
1181,development,Simple,native_pdf,pond_b,0.828596,0.664391,0.626355,0.82508,0.738397,0.54386,0.778571,0.791444,1
1182,development,Moderate,scan,pond_a,0.820906,0.990307,0.776607,0.789104,0.738397,0.957792,0.891117,0.772487,1
1183,development,Simple,scan,pond_b,0.854088,0.982326,0.713286,0.917101,0.768421,0.957792,0.8725,0.987179,1
1184,evaluation,Complex,scan,pond_b,0.638006,0.693839,0.388987,0.825379,0.421053,0.567568,0.435484,0.791444,0
1185,evaluation,Complex,native_pdf,pond_b,0.673739,0.711848,0.193741,0.740032,0.552632,0.567568,0.153846,0.591837,0
1186,evaluation,Complex,native_pdf,pond_a,0.829121,0.123195,0.637186,0.65572,0.738397,0.0,0.778571,0.527397,0
1187,development,Simple,native_pdf,pond_b,0.884041,0.997417,0.465463,0.875735,0.789474,0.989848,0.581673,0.897233,0
1188,development,Complex,scan,pond_a,0.698407,0.906174,0.799629,0.62771,0.552632,0.809353,0.891117,0.388889,0
1189,development,Simple,native_pdf,pond_a,0.796192,0.879997,0.549185,0.9046,0.672727,0.809353,0.681818,0.937931,0
1190,evaluation,Moderate,scan,pond_b,0.756665,0.971242,0.528794,0.872787,0.591398,0.88172,0.581673,0.897233,1
1191,development,Simple,scan,pond_a,0.807021,0.805362,0.642457,0.731,0.672727,0.727723,0.778571,0.591837,0
1192,development,Simple,scan,pond_b,0.738726,0.845158,0.437349,0.859104,0.591398,0.77027,0.581673,0.894737,1
1193,evaluation,Simple,native_pdf,pond_b,0.903598,0.981333,0.920303,0.877573,0.843284,0.933333,1.0,0.897233,1
1194,development,Moderate,native_pdf,pond_b,0.924968,0.760273,0.701528,0.782298,0.887701,0.727723,0.8725,0.727273,1
1195,development,Complex,native_pdf,pond_a,0.782466,0.946398,0.388684,0.609071,0.672131,0.867188,0.435484,0.333333,1
1196,development,Simple,native_pdf,pond_a,0.914051,0.977693,0.832963,0.765105,0.857143,0.933333,0.891117,0.687861,1
1197,development,Simple,scan,pond_a,0.947599,0.992384,0.937368,0.751264,0.945946,0.989848,1.0,0.687861,1
1198,evaluation,Simple,native_pdf,pond_b,0.847299,0.61321,0.443247,0.830435,0.744681,0.485714,0.581673,0.791444,0
1199,development,Simple,native_pdf,pond_a,0.927739,0.915982,0.707277,0.754929,0.887701,0.862069,0.8725,0.687861,1
1200,development,Simple,scan,pond_b,0.601732,0.515491,0.713661,0.834856,0.421053,0.485714,0.8725,0.80137,0
1201,development,Simple,scan,pond_a,0.852603,0.907211,0.721587,0.847116,0.744681,0.809353,0.8725,0.868132,0
1202,evaluation,Moderate,native_pdf,pond_a,0.793382,0.704719,0.503253,0.846625,0.672727,0.567568,0.581673,0.868132,0
1203,development,Simple,scan,pond_a,0.763489,0.912135,0.68374,0.854318,0.591398,0.809353,0.863158,0.894737,0
1204,evaluation,Moderate,scan,pond_a,0.779754,0.951148,0.700884,0.864738,0.672131,0.868421,0.8725,0.897233,1
1205,evaluation,Simple,native_pdf,pond_a,0.843728,0.960621,0.750549,0.830569,0.744681,0.88172,0.8725,0.791444,1
1206,evaluation,Simple,native_pdf,pond_b,0.909018,0.903616,0.767275,0.888237,0.857143,0.809353,0.8725,0.911111,1
1207,development,Simple,scan,pond_a,0.855603,0.988097,0.687891,0.832529,0.768421,0.957792,0.8725,0.791444,0
1208,development,Complex,native_pdf,pond_b,0.781835,0.645965,0.417131,0.780741,0.672131,0.54386,0.435484,0.727273,0
1209,development,Simple,scan,pond_b,0.966738,0.997604,0.829551,0.888253,0.966942,1.0,0.891117,0.911111,1
1210,evaluation,Moderate,native_pdf,pond_a,0.9122,0.969045,0.654384,0.718128,0.857143,0.88172,0.778571,0.591837,0
1211,evaluation,Simple,scan,pond_a,0.844462,0.899869,0.690608,0.865212,0.744681,0.809353,0.8725,0.897233,1
1212,development,Simple,scan,pond_a,0.776747,0.817086,0.600365,0.739985,0.6,0.727723,0.753623,0.591837,0
1213,evaluation,Moderate,native_pdf,pond_b,0.9018,0.899069,0.530976,0.71335,0.843284,0.809353,0.581673,0.590909,0
1214,evaluation,Moderate,native_pdf,pond_a,0.801817,0.767084,0.321585,0.782978,0.672727,0.727723,0.294118,0.727273,0
1215,evaluation,Complex,scan,pond_b,0.511649,0.435987,0.25412,0.784764,0.338028,0.419355,0.192308,0.772487,0
1216,evaluation,Moderate,scan,pond_a,0.678176,0.652665,0.790615,0.858835,0.552632,0.54386,0.891117,0.894737,0
1217,evaluation,Complex,native_pdf,pond_a,0.53323,0.072122,0.284013,0.659329,0.338028,0.0,0.192308,0.527397,0
1218,evaluation,Moderate,native_pdf,pond_b,0.814826,0.944002,0.738259,0.857335,0.738397,0.867188,0.8725,0.894737,0
1219,development,Simple,native_pdf,pond_b,0.97246,0.990632,0.825905,0.883614,0.977778,0.957792,0.891117,0.902174,1
1220,development,Simple,native_pdf,pond_a,0.807932,0.774676,0.704323,0.805642,0.672727,0.727723,0.8725,0.772487,0
1221,evaluation,Simple,native_pdf,pond_a,0.824281,0.976327,0.714573,0.746911,0.738397,0.923077,0.8725,0.687861,1
1222,development,Moderate,scan,pond_a,0.769687,0.874305,0.309946,0.697835,0.591398,0.809353,0.25,0.527397,0
1223,development,Simple,native_pdf,pond_a,0.85717,0.939253,0.762373,0.835503,0.768421,0.867188,0.8725,0.80137,1
1224,evaluation,Complex,native_pdf,pond_b,0.580166,0.547421,0.593949,0.766099,0.421053,0.485714,0.753623,0.727273,0
1225,development,Simple,scan,pond_b,0.808254,0.8289,0.471944,0.888425,0.672727,0.727723,0.581673,0.911111,0
1226,development,Moderate,scan,pond_b,0.506267,0.955717,0.50645,0.83959,0.338028,0.88172,0.581673,0.80137,0
1227,evaluation,Moderate,native_pdf,pond_b,0.653255,0.615285,0.362829,0.85917,0.5,0.521739,0.435484,0.894737,0
1228,development,Simple,native_pdf,pond_b,0.95147,0.943115,0.842919,0.882906,0.945946,0.867188,0.9375,0.902174,1
1229,evaluation,Complex,native_pdf,pond_b,0.576507,0.060271,0.145605,0.653228,0.421053,0.0,0.12,0.4,0
1230,evaluation,Simple,scan,pond_a,0.867431,0.9926,0.906695,0.83753,0.768421,0.989848,0.982759,0.80137,1
1231,development,Simple,scan,pond_b,0.711674,0.610648,0.810829,0.799566,0.552632,0.485714,0.891117,0.772487,0
1232,development,Complex,native_pdf,pond_a,0.602041,0.577944,0.180571,0.720683,0.421053,0.485714,0.153846,0.591837,0
1233,development,Simple,scan,pond_a,0.860927,0.707402,0.900513,0.806344,0.768421,0.567568,0.982759,0.772487,1
1234,evaluation,Complex,native_pdf,pond_a,0.828213,0.54788,0.413132,0.634356,0.738397,0.485714,0.435484,0.388889,0
1235,development,Moderate,scan,pond_b,0.57208,0.403904,0.235708,0.934297,0.338028,0.415385,0.192308,1.0,0
1236,development,Simple,scan,pond_b,0.794728,0.936952,0.849871,0.898625,0.672727,0.867188,0.951456,0.937931,1
1237,evaluation,Moderate,native_pdf,pond_a,0.931468,0.882377,0.784856,0.781201,0.887701,0.809353,0.891117,0.727273,1
1238,development,Moderate,native_pdf,pond_b,0.741558,0.944339,0.50836,0.864506,0.591398,0.867188,0.581673,0.897233,0
1239,evaluation,Moderate,native_pdf,pond_b,0.781291,0.984985,0.820448,0.746761,0.672131,0.957792,0.891117,0.687861,0
1240,evaluation,Simple,native_pdf,pond_b,0.922401,0.994165,0.769038,0.838068,0.887701,0.989848,0.8725,0.80137,1
1241,development,Simple,scan,pond_a,0.842503,0.978107,0.732634,0.774883,0.738397,0.933333,0.8725,0.727273,1
1242,development,Simple,native_pdf,pond_a,0.963481,0.972809,0.911949,0.764651,0.966942,0.88172,1.0,0.687861,0
1243,development,Complex,native_pdf,pond_b,0.699476,0.514979,0.248897,0.829372,0.552632,0.485714,0.192308,0.791444,0
1244,development,Complex,native_pdf,pond_a,0.813461,0.431984,0.531321,0.512671,0.738397,0.419355,0.581673,0.133333,0
1245,development,Simple,scan,pond_a,0.653291,0.424607,0.660566,0.844619,0.5,0.419355,0.778571,0.868132,0
1246,evaluation,Simple,scan,pond_b,0.877831,0.99003,0.834215,0.894798,0.777778,0.957792,0.891117,0.937931,1
1247,evaluation,Simple,native_pdf,pond_a,0.871443,0.971312,0.6502,0.726927,0.768421,0.88172,0.778571,0.591837,0
1248,evaluation,Simple,native_pdf,pond_a,0.829403,0.914166,0.697021,0.840631,0.738397,0.850971,0.8725,0.80137,0
1249,development,Moderate,scan,pond_a,0.635837,0.875039,0.524682,0.76806,0.421053,0.809353,0.581673,0.727273,0
1250,development,Simple,scan,pond_a,0.649247,0.853901,0.526686,0.821965,0.421053,0.809353,0.581673,0.791444,0
1251,evaluation,Simple,scan,pond_a,0.853645,0.902036,0.571098,0.754657,0.768421,0.809353,0.681818,0.687861,1
1252,development,Simple,scan,pond_b,0.885263,0.828864,0.856363,0.90412,0.789474,0.727723,0.951456,0.937931,0
1253,development,Simple,native_pdf,pond_a,0.825481,0.876375,0.351419,0.638079,0.738397,0.809353,0.435484,0.388889,1
1254,development,Moderate,scan,pond_b,0.769514,0.980376,0.80198,0.887731,0.591398,0.933333,0.891117,0.902174,0
1255,evaluation,Moderate,native_pdf,pond_a,0.873391,0.985805,0.6477,0.733428,0.768421,0.957792,0.778571,0.591837,1
1256,development,Moderate,native_pdf,pond_a,0.953766,0.985073,0.860275,0.785538,0.966942,0.957792,0.951456,0.772487,1
1257,development,Moderate,scan,pond_b,0.785684,0.976229,0.587951,0.821432,0.672131,0.923077,0.753623,0.791444,1
1258,development,Moderate,native_pdf,pond_a,0.694043,0.503922,0.723292,0.757708,0.552632,0.485714,0.8725,0.687861,0
1259,evaluation,Moderate,scan,pond_a,0.84685,0.98194,0.609907,0.754508,0.744681,0.957792,0.753623,0.687861,1
1260,evaluation,Simple,native_pdf,pond_a,0.792805,0.914312,0.544129,0.635496,0.672727,0.857143,0.681818,0.388889,0
1261,evaluation,Simple,native_pdf,pond_b,0.926914,0.985881,0.856742,0.772928,0.887701,0.957792,0.951456,0.727273,1
1262,development,Simple,scan,pond_b,0.576495,0.588697,0.476313,0.903912,0.421053,0.485714,0.581673,0.937931,0
1263,development,Simple,scan,pond_a,0.863962,0.951563,0.574418,0.761154,0.768421,0.868421,0.753623,0.687861,0
1264,evaluation,Simple,native_pdf,pond_b,0.967078,0.921665,0.487247,0.823413,0.966942,0.862069,0.581673,0.791444,0
1265,evaluation,Simple,scan,pond_a,0.681428,0.651425,0.479733,0.820469,0.552632,0.54386,0.581673,0.791444,0
1266,development,Simple,native_pdf,pond_b,0.903659,0.994169,0.80003,0.894087,0.843284,0.989848,0.891117,0.937931,1
1267,evaluation,Simple,scan,pond_a,0.773781,0.930795,0.627036,0.837783,0.591398,0.865854,0.778571,0.80137,1
1268,development,Simple,native_pdf,pond_b,0.905121,0.927503,0.765808,0.909461,0.843284,0.865854,0.8725,0.987179,0
1269,development,Complex,native_pdf,pond_b,0.714523,0.624005,0.180259,0.620878,0.552632,0.521739,0.153846,0.333333,0
1270,development,Simple,native_pdf,pond_b,0.928615,0.987924,0.829452,0.866629,0.887701,0.957792,0.891117,0.897233,1
1271,evaluation,Moderate,scan,pond_a,0.854202,0.933411,0.805565,0.749069,0.768421,0.865854,0.891117,0.687861,1
1272,evaluation,Simple,native_pdf,pond_a,0.937945,0.906031,0.873143,0.766431,0.934783,0.809353,0.979798,0.727273,0
1273,evaluation,Complex,scan,pond_b,0.392411,0.773138,0.681075,0.77695,0.2,0.727723,0.863158,0.727273,0
1274,development,Moderate,native_pdf,pond_b,0.807887,0.515107,0.44471,0.829809,0.672727,0.485714,0.581673,0.791444,0
1275,evaluation,Complex,native_pdf,pond_a,0.789305,0.948283,0.317703,0.556667,0.672131,0.867379,0.294118,0.133333,0
1276,development,Complex,scan,pond_b,0.348961,0.053271,0.141944,0.837262,0.181818,0.0,0.12,0.80137,0
1277,development,Complex,scan,pond_a,0.804059,0.186813,0.313686,0.745824,0.672727,0.16,0.25,0.687861,0
1278,development,Moderate,native_pdf,pond_b,0.843443,0.951413,0.637103,0.847961,0.744681,0.868421,0.778571,0.868132,0
1279,development,Moderate,scan,pond_b,0.623833,0.9214,0.571432,0.868448,0.421053,0.862069,0.681818,0.897233,0
1280,development,Simple,native_pdf,pond_a,0.949282,0.991127,0.824223,0.686052,0.945946,0.957792,0.891117,0.527397,0
1281,development,Moderate,scan,pond_b,0.885429,0.909876,0.807579,0.829658,0.789474,0.809353,0.891117,0.791444,1
1282,development,Simple,scan,pond_b,0.869494,0.61566,0.485586,0.827805,0.768421,0.521739,0.581673,0.791444,1
1283,development,Moderate,native_pdf,pond_a,0.811176,0.922492,0.761052,0.77243,0.738397,0.862069,0.8725,0.727273,1
1284,development,Simple,native_pdf,pond_b,0.931323,0.99829,0.828778,0.888174,0.887701,1.0,0.891117,0.911111,0
1285,evaluation,Moderate,scan,pond_b,0.883902,0.974101,0.807121,0.781117,0.789474,0.923077,0.891117,0.727273,1
1286,evaluation,Simple,native_pdf,pond_b,0.924248,0.97689,0.932559,0.844258,0.887701,0.923077,1.0,0.868132,1
1287,development,Complex,scan,pond_a,0.406647,0.5027,0.498752,0.666223,0.2,0.485714,0.581673,0.527397,0
1288,evaluation,Simple,scan,pond_b,0.835549,0.829217,0.436228,0.844028,0.738397,0.727723,0.581673,0.868132,0
1289,evaluation,Moderate,scan,pond_a,0.51228,0.923511,0.507252,0.834961,0.338028,0.862069,0.581673,0.80137,0
1290,development,Simple,scan,pond_a,0.845663,0.94416,0.773483,0.665298,0.744681,0.867188,0.8725,0.527397,1
1291,development,Moderate,native_pdf,pond_a,0.809545,0.900368,0.327382,0.689186,0.672727,0.809353,0.363636,0.527397,0
1292,development,Complex,scan,pond_b,0.396794,0.120726,0.269009,0.683762,0.2,0.0,0.192308,0.527397,0
1293,evaluation,Complex,native_pdf,pond_a,0.949929,0.982593,0.358026,0.713779,0.945946,0.957792,0.435484,0.59097,1
1294,evaluation,Complex,native_pdf,pond_a,0.661231,0.489421,0.277258,0.646304,0.5,0.485714,0.192308,0.388889,0
1295,development,Simple,native_pdf,pond_a,0.956611,0.995248,0.859473,0.865604,0.966942,0.989848,0.951456,0.897233,1
1296,evaluation,Complex,native_pdf,pond_b,0.651125,0.135512,0.203092,0.693252,0.5,0.16,0.153846,0.527397,0
1297,evaluation,Complex,native_pdf,pond_b,0.727296,0.575378,0.242374,0.840492,0.552632,0.485714,0.192308,0.80137,0
1298,evaluation,Simple,scan,pond_b,0.957906,0.982224,0.839694,0.894408,0.966942,0.957792,0.9375,0.937931,1
1299,evaluation,Moderate,scan,pond_b,0.864085,0.852126,0.76588,0.881405,0.768421,0.77027,0.8725,0.902174,1
1300,evaluation,Moderate,native_pdf,pond_a,0.74115,0.730191,0.866275,0.69497,0.591398,0.666667,0.951456,0.527397,1
1301,development,Complex,native_pdf,pond_a,0.81845,0.742447,0.764808,0.559553,0.738397,0.727723,0.8725,0.133333,0
1302,evaluation,Simple,scan,pond_b,0.773732,0.981574,0.729613,0.862498,0.591398,0.957792,0.8725,0.897233,0
1303,development,Moderate,native_pdf,pond_a,0.906315,0.817695,0.586109,0.738486,0.843284,0.727723,0.753623,0.591837,1
1304,development,Moderate,native_pdf,pond_b,0.540242,0.50186,0.379498,0.79347,0.338028,0.485714,0.435484,0.772487,0
1305,evaluation,Moderate,scan,pond_b,0.809353,0.956427,0.652219,0.849319,0.672727,0.88172,0.778571,0.868132,1
1306,development,Simple,native_pdf,pond_b,0.80376,0.849878,0.78289,0.900793,0.672727,0.77027,0.891117,0.937931,0
1307,development,Simple,native_pdf,pond_b,0.94516,0.971179,0.918383,0.855422,0.945946,0.88172,1.0,0.894737,1
1308,evaluation,Moderate,native_pdf,pond_a,0.752749,0.593392,0.469288,0.728723,0.591398,0.485714,0.581673,0.591837,0
1309,evaluation,Complex,scan,pond_b,0.449064,0.094425,0.190349,0.701051,0.235294,0.0,0.153846,0.527397,0
1310,evaluation,Simple,native_pdf,pond_b,0.973855,0.99763,0.793757,0.793172,0.977778,1.0,0.891117,0.772487,0
1311,development,Simple,scan,pond_a,0.93772,0.980238,0.771365,0.791885,0.934783,0.933333,0.8725,0.772487,1
1312,evaluation,Simple,native_pdf,pond_a,0.873693,0.887409,0.758638,0.833318,0.777778,0.809353,0.8725,0.80137,0
1313,development,Simple,scan,pond_a,0.743503,0.900307,0.704437,0.728061,0.591398,0.809353,0.8725,0.591837,1
1314,evaluation,Simple,native_pdf,pond_b,0.89865,0.871322,0.501949,0.865335,0.843284,0.809353,0.581673,0.897233,0
1315,development,Moderate,native_pdf,pond_a,0.860394,0.970015,0.723985,0.789276,0.768421,0.88172,0.8725,0.772487,1
1316,evaluation,Simple,native_pdf,pond_a,0.836578,0.953313,0.643993,0.702554,0.738397,0.88172,0.778571,0.527397,0
1317,development,Moderate,native_pdf,pond_b,0.93961,0.863249,0.800038,0.779751,0.934783,0.809353,0.891117,0.727273,1
1318,development,Moderate,native_pdf,pond_b,0.877232,0.979591,0.750227,0.871439,0.777778,0.933333,0.8725,0.897233,1
1319,evaluation,Simple,scan,pond_a,0.713072,0.718193,0.585923,0.859068,0.552632,0.567568,0.753623,0.894737,0
1320,development,Simple,scan,pond_a,0.848281,0.967239,0.83004,0.858721,0.744681,0.88172,0.891117,0.894737,1
1321,evaluation,Moderate,scan,pond_b,0.806426,0.902951,0.746375,0.876716,0.672727,0.809353,0.8725,0.897233,0
1322,development,Simple,scan,pond_b,0.942687,0.978455,0.982737,0.864195,0.934783,0.933333,1.0,0.897233,1
1323,development,Moderate,native_pdf,pond_b,0.900129,0.87903,0.65452,0.927715,0.843284,0.809353,0.778571,1.0,0
1324,development,Complex,native_pdf,pond_a,0.89728,0.972829,0.336895,0.67252,0.843284,0.88172,0.363636,0.527397,0
1325,evaluation,Complex,scan,pond_a,0.548669,0.385979,0.379465,0.742985,0.338028,0.415385,0.435484,0.687861,0
1326,evaluation,Simple,scan,pond_b,0.646675,0.760205,0.442217,0.844085,0.421053,0.727723,0.581673,0.868132,0
1327,evaluation,Moderate,scan,pond_b,0.655515,0.883724,0.505006,0.787551,0.5,0.809353,0.581673,0.772487,1
1328,development,Simple,native_pdf,pond_a,0.922763,0.990404,0.595918,0.851634,0.887701,0.957792,0.753623,0.894737,1
1329,evaluation,Simple,native_pdf,pond_a,0.921031,0.994333,0.841043,0.724506,0.887701,0.989848,0.9375,0.591837,1
1330,development,Simple,native_pdf,pond_a,0.904271,0.976024,0.771432,0.577176,0.843284,0.923077,0.8725,0.133333,0
1331,evaluation,Simple,native_pdf,pond_a,0.920724,0.975156,0.86952,0.844695,0.887701,0.923077,0.979798,0.868132,0
1332,development,Simple,native_pdf,pond_a,0.933163,0.990745,0.8275,0.807836,0.887701,0.957792,0.891117,0.772487,0
1333,development,Complex,native_pdf,pond_b,0.492734,0.136511,0.292748,0.876193,0.235294,0.16,0.192308,0.897233,0
1334,development,Simple,native_pdf,pond_a,0.949814,0.995357,0.922971,0.772731,0.945946,0.989848,1.0,0.727273,1
1335,development,Complex,scan,pond_b,0.645227,0.421375,0.797809,0.841822,0.421053,0.419355,0.891117,0.80137,0
1336,evaluation,Simple,scan,pond_a,0.898133,0.955079,0.886534,0.837624,0.843284,0.88172,0.982759,0.80137,1
1337,evaluation,Moderate,scan,pond_b,0.457038,0.473942,0.343432,0.726954,0.235294,0.485714,0.375,0.591837,0
1338,evaluation,Simple,scan,pond_a,0.922054,0.931519,0.958147,0.843171,0.887701,0.865854,1.0,0.80137,1
1339,development,Moderate,scan,pond_a,0.840465,0.96132,0.624415,0.69145,0.738397,0.88172,0.778571,0.527397,1
1340,evaluation,Simple,native_pdf,pond_b,0.964523,0.999153,0.900135,0.885472,0.966942,1.0,0.982759,0.902174,1
1341,development,Simple,scan,pond_b,0.854692,0.846545,0.744143,0.866827,0.768421,0.77027,0.8725,0.897233,1
1342,evaluation,Moderate,native_pdf,pond_a,0.791588,0.880346,0.343447,0.787496,0.672131,0.809353,0.375,0.772487,0
1343,development,Moderate,scan,pond_b,0.717809,0.648453,0.578787,0.891601,0.552632,0.54386,0.753623,0.911111,1
1344,development,Simple,native_pdf,pond_b,0.959454,0.979726,0.819994,0.901263,0.966942,0.933333,0.891117,0.937931,1
1345,development,Moderate,native_pdf,pond_b,0.835545,0.573853,0.229316,0.7914,0.738397,0.485714,0.192308,0.772487,0
1346,development,Simple,scan,pond_a,0.710921,0.541341,0.435154,0.757089,0.552632,0.485714,0.581673,0.687861,0
1347,development,Complex,scan,pond_b,0.44875,0.430015,0.216454,0.763455,0.235294,0.419355,0.192308,0.687861,0
1348,development,Simple,scan,pond_b,0.922397,0.997062,0.944323,0.939237,0.887701,0.989848,1.0,1.0,1
1349,development,Moderate,scan,pond_a,0.927119,0.943491,0.798132,0.796532,0.887701,0.867188,0.891117,0.772487,1
1350,evaluation,Simple,native_pdf,pond_b,0.987179,0.996776,0.933566,0.890312,0.977778,0.989848,1.0,0.911111,1
1351,evaluation,Complex,scan,pond_b,0.510186,0.720364,0.384085,0.898704,0.338028,0.567568,0.435484,0.937931,0
1352,development,Moderate,native_pdf,pond_a,0.929019,0.95028,0.849978,0.811816,0.887701,0.868421,0.951456,0.772487,1
1353,development,Simple,scan,pond_a,0.940643,0.992529,0.807458,0.71608,0.934783,0.989848,0.891117,0.591837,0
1354,evaluation,Simple,native_pdf,pond_a,0.902734,0.954599,0.837579,0.891072,0.843284,0.88172,0.9375,0.911111,1
1355,development,Complex,native_pdf,pond_a,0.892457,0.315177,0.304426,0.504861,0.793103,0.415385,0.25,0.133333,0
1356,evaluation,Moderate,native_pdf,pond_a,0.950971,0.98239,0.586518,0.816608,0.945946,0.957792,0.753623,0.772487,1
1357,development,Simple,native_pdf,pond_b,0.855379,0.858375,0.51691,0.881189,0.768421,0.809353,0.581673,0.902174,1
1358,development,Complex,scan,pond_a,0.58515,0.447527,0.418858,0.686838,0.421053,0.419355,0.527778,0.527397,0
1359,development,Complex,scan,pond_b,0.58736,0.966716,0.272135,0.82219,0.421053,0.88172,0.192308,0.791444,0
1360,development,Moderate,scan,pond_b,0.533488,0.535917,0.651072,0.863025,0.338028,0.485714,0.778571,0.897233,0
1361,development,Moderate,native_pdf,pond_a,0.713073,0.654729,0.26554,0.77516,0.552632,0.54386,0.192308,0.727273,1
1362,development,Moderate,native_pdf,pond_a,0.827727,0.894867,0.895348,0.541989,0.738397,0.809353,0.982759,0.133333,0
1363,evaluation,Complex,scan,pond_a,0.554236,0.6663,0.679697,0.607559,0.338028,0.54386,0.863158,0.333333,0
1364,evaluation,Simple,native_pdf,pond_b,0.978198,0.994349,0.839679,0.820854,0.977778,0.989848,0.9375,0.791444,1
1365,development,Complex,native_pdf,pond_a,0.763524,0.897918,0.683753,0.725301,0.591398,0.809353,0.863158,0.591837,0
1366,evaluation,Simple,scan,pond_a,0.882218,0.975322,0.930925,0.83301,0.789474,0.923077,1.0,0.80137,1
1367,development,Simple,native_pdf,pond_b,0.889818,0.920109,0.735754,0.900802,0.789474,0.862069,0.8725,0.937931,0
1368,development,Moderate,native_pdf,pond_b,0.854576,0.965922,0.617834,0.917402,0.768421,0.88172,0.753623,0.987179,1
1369,development,Moderate,scan,pond_a,0.572467,0.400229,0.660009,0.830702,0.338028,0.415385,0.778571,0.791444,0
1370,development,Complex,scan,pond_b,0.48168,0.338289,0.34261,0.679497,0.235294,0.415385,0.375,0.527397,0
1371,evaluation,Moderate,native_pdf,pond_a,0.828558,0.304691,0.308219,0.656902,0.738397,0.415385,0.25,0.527397,0
1372,evaluation,Moderate,scan,pond_b,0.679314,0.924534,0.442646,0.845369,0.552632,0.862069,0.581673,0.868132,0
1373,development,Simple,native_pdf,pond_a,0.929301,0.967408,0.784155,0.777022,0.887701,0.88172,0.891117,0.727273,1
1374,development,Moderate,scan,pond_b,0.776732,0.963807,0.730988,0.807415,0.6,0.88172,0.8725,0.772487,1
1375,evaluation,Moderate,scan,pond_a,0.789861,0.88234,0.753681,0.86859,0.672131,0.809353,0.8725,0.897233,0
1376,evaluation,Simple,native_pdf,pond_a,0.95402,0.96849,0.5891,0.841337,0.966942,0.88172,0.753623,0.80137,0
1377,evaluation,Moderate,native_pdf,pond_a,0.881801,0.58075,0.202228,0.704953,0.789474,0.485714,0.153846,0.571429,0
1378,evaluation,Moderate,native_pdf,pond_a,0.871044,0.926056,0.621688,0.769885,0.768421,0.865854,0.753623,0.727273,0
1379,evaluation,Simple,scan,pond_a,0.945888,0.994283,0.848613,0.775577,0.945946,0.989848,0.951456,0.727273,0
1380,evaluation,Moderate,native_pdf,pond_b,0.941267,0.995621,0.804031,0.79534,0.934783,0.989848,0.891117,0.772487,1
1381,evaluation,Complex,native_pdf,pond_b,0.724852,0.972144,0.798539,0.756498,0.552632,0.88172,0.891117,0.687861,1
1382,development,Simple,native_pdf,pond_b,0.968212,0.987877,0.61436,0.939051,0.966942,0.957792,0.753623,1.0,0
1383,development,Simple,native_pdf,pond_b,0.950671,0.977458,0.770938,0.886526,0.945946,0.923077,0.8725,0.902174,0
1384,evaluation,Moderate,native_pdf,pond_a,0.629813,0.444687,0.724778,0.752638,0.421053,0.419355,0.8725,0.687861,0
1385,evaluation,Moderate,scan,pond_b,0.886348,0.966601,0.572831,0.825219,0.789474,0.88172,0.75,0.791444,0
1386,development,Simple,native_pdf,pond_b,0.935972,0.974366,0.887542,0.851853,0.887701,0.923077,0.982759,0.894737,1
1387,development,Moderate,scan,pond_a,0.72726,0.376442,0.38052,0.840707,0.552632,0.415385,0.435484,0.80137,0
1388,development,Simple,native_pdf,pond_b,0.909064,0.96407,0.72366,0.919433,0.857143,0.88172,0.8725,0.987179,1
1389,evaluation,Moderate,scan,pond_b,0.715688,0.689657,0.527587,0.875478,0.552632,0.567568,0.581673,0.897233,0
1390,development,Complex,scan,pond_a,0.838156,0.883214,0.264117,0.448633,0.738397,0.809353,0.192308,0.0,0
1391,evaluation,Moderate,scan,pond_b,0.797678,0.813566,0.719247,0.899877,0.672727,0.727723,0.8725,0.937931,0
1392,development,Simple,scan,pond_a,0.875158,0.943935,0.806142,0.717425,0.777778,0.867188,0.891117,0.591837,1
1393,evaluation,Simple,native_pdf,pond_b,0.818332,0.784256,0.822426,0.859149,0.738397,0.727723,0.891117,0.894737,1
1394,evaluation,Complex,scan,pond_a,0.445718,0.309716,0.33553,0.66772,0.235294,0.415385,0.363636,0.527397,0
1395,development,Simple,native_pdf,pond_a,0.894527,0.970055,0.733213,0.729675,0.83871,0.88172,0.8725,0.591837,0
1396,development,Moderate,native_pdf,pond_b,0.717044,0.802023,0.49348,0.788285,0.552632,0.727723,0.581673,0.772487,0
1397,development,Simple,scan,pond_b,0.891489,0.98718,0.88589,0.866702,0.793103,0.957792,0.982759,0.897233,1
1398,evaluation,Simple,scan,pond_b,0.864337,0.986866,0.775168,0.856684,0.768421,0.957792,0.888889,0.894737,0
1399,development,Simple,scan,pond_b,0.803422,0.987577,0.710076,0.894189,0.672727,0.957792,0.8725,0.937931,1
1400,development,Moderate,scan,pond_b,0.872275,0.801612,0.861561,0.910659,0.768421,0.727723,0.951456,0.987179,0
1401,development,Simple,native_pdf,pond_a,0.855231,0.986989,0.738283,0.82194,0.768421,0.957792,0.8725,0.791444,1
1402,development,Complex,native_pdf,pond_a,0.747943,0.792423,0.61664,0.605789,0.591398,0.727723,0.753623,0.333333,0
1403,evaluation,Complex,native_pdf,pond_b,0.731329,0.677676,0.265407,0.872824,0.552632,0.567568,0.192308,0.897233,1
1404,evaluation,Moderate,native_pdf,pond_a,0.6949,0.276297,0.256322,0.851198,0.552632,0.415385,0.192308,0.868132,0
1405,evaluation,Complex,scan,pond_b,0.313625,0.768593,0.38947,0.774336,0.181818,0.727723,0.435484,0.727273,1
1406,evaluation,Moderate,scan,pond_b,0.790725,0.850314,0.123262,0.875077,0.672131,0.77027,0.12,0.897233,0
1407,evaluation,Complex,native_pdf,pond_b,0.926234,0.992143,0.5108,0.815235,0.887701,0.989848,0.581673,0.772487,1
1408,development,Simple,native_pdf,pond_b,0.948014,0.97956,0.883462,0.928439,0.945946,0.933333,0.979798,1.0,1
1409,evaluation,Moderate,scan,pond_b,0.853899,0.665464,0.629064,0.844851,0.768421,0.54386,0.778571,0.868132,0
1410,evaluation,Simple,scan,pond_a,0.859091,0.99219,0.801631,0.699621,0.768421,0.989848,0.891117,0.527397,1
1411,evaluation,Complex,native_pdf,pond_a,0.8931,0.883572,0.360218,0.701232,0.83871,0.809353,0.435484,0.527397,0
1412,evaluation,Complex,scan,pond_b,0.626024,0.897376,0.475424,0.754295,0.421053,0.809353,0.581673,0.687861,0
1413,evaluation,Moderate,native_pdf,pond_a,0.833954,0.850606,0.331822,0.785245,0.738397,0.77027,0.363636,0.772487,1
1414,development,Complex,native_pdf,pond_b,0.804855,0.875225,0.68193,0.705067,0.672727,0.809353,0.863158,0.571429,0
1415,evaluation,Complex,native_pdf,pond_b,0.804758,0.510918,0.39879,0.759773,0.672727,0.485714,0.435484,0.687861,0
1416,development,Simple,native_pdf,pond_b,0.916,0.99536,0.81223,0.816205,0.857143,0.989848,0.891117,0.772487,1
1417,development,Complex,native_pdf,pond_b,0.890488,0.837872,0.669172,0.863545,0.793103,0.77027,0.863158,0.897233,1
1418,development,Simple,native_pdf,pond_a,0.953303,0.907398,0.63737,0.779162,0.945946,0.809353,0.778571,0.727273,0
1419,development,Complex,native_pdf,pond_a,0.748077,0.220048,0.586389,0.6675,0.591398,0.415385,0.753623,0.527397,0
1420,development,Simple,scan,pond_b,0.778324,0.829595,0.841146,0.842322,0.6,0.727723,0.9375,0.80137,0
1421,development,Simple,scan,pond_a,0.847195,0.98725,0.884941,0.845399,0.744681,0.957792,0.982759,0.868132,1
1422,development,Moderate,scan,pond_b,0.937207,0.987769,0.762523,0.89608,0.934783,0.957792,0.8725,0.937931,1
1423,evaluation,Complex,native_pdf,pond_b,0.909811,0.610559,0.428484,0.888742,0.857143,0.485714,0.527778,0.911111,0
1424,evaluation,Complex,native_pdf,pond_b,0.749326,0.421364,0.402329,0.831367,0.591398,0.419355,0.435484,0.791444,1
1425,evaluation,Simple,scan,pond_a,0.936967,0.991432,0.896115,0.731286,0.934783,0.957792,0.982759,0.591837,1
1426,evaluation,Complex,native_pdf,pond_b,0.587714,0.205735,0.043445,0.839851,0.421053,0.415385,0.0,0.80137,0
1427,development,Moderate,scan,pond_b,0.839849,0.965541,0.750434,0.728436,0.738397,0.88172,0.8725,0.591837,0
1428,development,Moderate,native_pdf,pond_b,0.835325,0.976305,0.556536,0.790509,0.738397,0.923077,0.681818,0.772487,0
1429,development,Moderate,native_pdf,pond_a,0.923746,0.952757,0.881026,0.62002,0.887701,0.88172,0.979798,0.333333,1
1430,development,Simple,native_pdf,pond_a,0.873445,0.892507,0.636438,0.852594,0.768421,0.809353,0.778571,0.894737,1
1431,evaluation,Complex,native_pdf,pond_b,0.89469,0.249574,0.364426,0.806139,0.83871,0.415385,0.435484,0.772487,0
1432,development,Simple,scan,pond_a,0.844627,0.979864,0.449739,0.75497,0.744681,0.933333,0.581673,0.687861,1
1433,evaluation,Complex,native_pdf,pond_b,0.89312,0.758078,0.49573,0.826457,0.83871,0.727723,0.581673,0.791444,0
1434,evaluation,Simple,native_pdf,pond_b,0.913831,0.795442,0.779151,0.90754,0.857143,0.727723,0.891117,0.937931,1
1435,development,Moderate,native_pdf,pond_a,0.927822,0.95986,0.874033,0.777859,0.887701,0.88172,0.979798,0.727273,1
1436,evaluation,Moderate,scan,pond_a,0.723653,0.855423,0.744602,0.704211,0.552632,0.809353,0.8725,0.571429,0
1437,development,Moderate,native_pdf,pond_a,0.823379,0.673986,0.62357,0.760661,0.738397,0.54386,0.753623,0.687861,0
1438,development,Moderate,native_pdf,pond_a,0.856612,0.837776,0.452009,0.854457,0.768421,0.77027,0.581673,0.894737,0
1439,development,Simple,native_pdf,pond_b,0.933729,0.660721,0.775648,0.838776,0.887701,0.54386,0.888889,0.80137,0
1440,development,Complex,native_pdf,pond_b,0.826135,0.817073,0.587802,0.80614,0.738397,0.727723,0.753623,0.772487,1
1441,development,Simple,scan,pond_b,0.900109,0.967495,0.749678,0.848793,0.843284,0.88172,0.8725,0.868132,0
1442,development,Complex,scan,pond_a,0.758542,0.810305,0.491592,0.649729,0.591398,0.727723,0.581673,0.388889,1
1443,evaluation,Complex,native_pdf,pond_a,0.801111,0.0908,0.267212,0.798201,0.672727,0.0,0.192308,0.772487,0
1444,development,Simple,scan,pond_a,0.839786,0.850992,0.549471,0.8158,0.738397,0.77027,0.681818,0.772487,1
1445,development,Moderate,native_pdf,pond_a,0.918633,0.974121,0.617297,0.737063,0.857143,0.923077,0.753623,0.591837,0
1446,evaluation,Moderate,native_pdf,pond_a,0.940793,0.958053,0.742552,0.801769,0.934783,0.88172,0.8725,0.772487,1
1447,development,Complex,native_pdf,pond_a,0.791589,0.774978,0.098781,0.625394,0.672131,0.727723,0.12,0.388889,0
1448,evaluation,Simple,scan,pond_b,0.931605,0.975986,0.703088,0.859656,0.887701,0.923077,0.8725,0.894737,0
1449,evaluation,Simple,native_pdf,pond_a,0.873836,0.93943,0.624439,0.763894,0.777778,0.867188,0.778571,0.687861,0
1450,evaluation,Complex,scan,pond_a,0.46988,0.827275,0.158547,0.758937,0.235294,0.727723,0.143323,0.687861,0
1451,development,Simple,native_pdf,pond_a,0.952071,0.983031,0.840637,0.761271,0.945946,0.957792,0.9375,0.687861,1
1452,development,Moderate,scan,pond_b,0.56966,0.186409,0.354408,0.798217,0.338028,0.16,0.435484,0.772487,0
1453,development,Simple,scan,pond_a,0.787365,0.972089,0.612818,0.830287,0.672131,0.88172,0.753623,0.791444,1
1454,development,Simple,native_pdf,pond_a,0.950069,0.989995,0.720605,0.749583,0.945946,0.957792,0.8725,0.687861,1
1455,development,Simple,native_pdf,pond_a,0.948287,0.959584,0.760111,0.846338,0.945946,0.88172,0.8725,0.868132,1
1456,development,Moderate,native_pdf,pond_a,0.857127,0.974566,0.378424,0.626068,0.768421,0.923077,0.435484,0.388889,0
1457,evaluation,Moderate,scan,pond_a,0.565376,0.638637,0.655341,0.689155,0.338028,0.54386,0.778571,0.527397,0
1458,development,Simple,native_pdf,pond_a,0.897865,0.989371,0.880853,0.768173,0.843284,0.957792,0.979798,0.727273,1
1459,evaluation,Simple,native_pdf,pond_a,0.964667,0.987051,0.649485,0.906231,0.966942,0.957792,0.778571,0.937931,0
1460,evaluation,Simple,native_pdf,pond_b,0.907119,0.746347,0.876763,0.796356,0.843284,0.727723,0.979798,0.772487,0
1461,development,Complex,native_pdf,pond_a,0.861443,0.48681,0.559761,0.692931,0.768421,0.485714,0.681818,0.527397,0
1462,development,Simple,native_pdf,pond_b,0.921061,0.984134,0.787859,0.837498,0.887701,0.957792,0.891117,0.80137,0
1463,development,Simple,scan,pond_b,0.836781,0.942379,0.687386,0.896046,0.738397,0.867188,0.8725,0.937931,0
1464,development,Simple,native_pdf,pond_a,0.954633,0.993778,0.834133,0.878665,0.966942,0.989848,0.891117,0.897233,1
1465,evaluation,Moderate,native_pdf,pond_b,0.87672,0.851703,0.513321,0.658803,0.777778,0.77027,0.581673,0.527397,0
1466,development,Simple,native_pdf,pond_a,0.941932,0.947772,0.791633,0.774938,0.934783,0.867188,0.891117,0.727273,0
1467,development,Simple,native_pdf,pond_a,0.856895,0.95015,0.862138,0.770693,0.768421,0.868421,0.951456,0.727273,0
1468,development,Simple,native_pdf,pond_b,0.873291,0.94583,0.652278,0.873438,0.768421,0.867188,0.778571,0.897233,1
1469,evaluation,Simple,native_pdf,pond_a,0.931768,0.981627,0.704506,0.759309,0.887701,0.957792,0.8725,0.687861,1
1470,development,Simple,scan,pond_b,0.828628,0.970133,0.723952,0.918357,0.738397,0.88172,0.8725,0.987179,1
1471,development,Simple,native_pdf,pond_b,0.968237,0.983664,0.887978,0.898188,0.966942,0.957792,0.982759,0.937931,1
1472,evaluation,Moderate,scan,pond_b,0.793309,0.668431,0.593532,0.800683,0.672727,0.54386,0.753623,0.772487,0
1473,development,Moderate,scan,pond_a,0.771944,0.760244,0.801799,0.782539,0.591398,0.727723,0.891117,0.727273,1
1474,evaluation,Moderate,scan,pond_a,0.691941,0.312921,0.565592,0.785582,0.552632,0.415385,0.681818,0.772487,0
1475,development,Simple,native_pdf,pond_a,0.955376,0.996291,0.887677,0.76649,0.966942,0.989848,0.982759,0.727273,1
1476,development,Moderate,scan,pond_b,0.637444,0.850281,0.772339,0.914634,0.421053,0.77027,0.8725,0.987179,1
1477,development,Simple,scan,pond_b,0.936313,0.991152,0.811372,0.905866,0.887701,0.957792,0.891117,0.937931,1
1478,evaluation,Simple,scan,pond_a,0.786299,0.637622,0.287068,0.822513,0.672131,0.54386,0.192308,0.791444,0
1479,evaluation,Simple,native_pdf,pond_b,0.9498,0.996659,0.62681,0.886228,0.945946,0.989848,0.778571,0.902174,0
1480,evaluation,Complex,scan,pond_a,0.633234,0.344639,0.272806,0.707467,0.421053,0.415385,0.192308,0.571429,0
1481,development,Simple,scan,pond_b,0.816396,0.979107,0.768479,0.802684,0.738397,0.933333,0.8725,0.772487,0
1482,development,Simple,native_pdf,pond_a,0.883486,0.934877,0.876179,0.775253,0.789474,0.867188,0.979798,0.727273,1
1483,development,Simple,scan,pond_a,0.880322,0.962435,0.860285,0.818381,0.789474,0.88172,0.951456,0.791444,0
1484,development,Complex,scan,pond_b,0.614198,0.240952,0.584671,0.764112,0.421053,0.415385,0.753623,0.687861,0
1485,development,Simple,scan,pond_b,0.934996,0.945071,0.944934,0.888134,0.887701,0.867188,1.0,0.902174,0
1486,development,Simple,scan,pond_a,0.740468,0.796436,0.432035,0.872826,0.591398,0.727723,0.581673,0.897233,0
1487,evaluation,Simple,native_pdf,pond_b,0.952107,0.934509,0.772518,0.836597,0.945946,0.865854,0.8725,0.80137,0
1488,evaluation,Simple,scan,pond_a,0.889644,0.987949,0.755958,0.811259,0.789474,0.957792,0.8725,0.772487,1
1489,evaluation,Complex,native_pdf,pond_a,0.593793,0.609734,0.53636,0.714995,0.421053,0.485714,0.581673,0.591837,0
1490,evaluation,Moderate,scan,pond_b,0.60907,0.617478,0.798576,0.875601,0.421053,0.521739,0.891117,0.897233,0
1491,development,Simple,native_pdf,pond_b,0.92463,0.986388,0.931036,0.893702,0.887701,0.957792,1.0,0.937931,1
1492,development,Complex,native_pdf,pond_b,0.902802,0.931331,0.427833,0.75311,0.843284,0.865854,0.527778,0.687861,1
1493,development,Moderate,native_pdf,pond_a,0.904751,0.87283,0.61024,0.742971,0.843284,0.809353,0.753623,0.687861,0
1494,development,Moderate,scan,pond_b,0.835254,0.575243,0.825879,0.917195,0.738397,0.485714,0.891117,0.987179,0
1495,development,Moderate,scan,pond_a,0.474213,0.157929,0.36456,0.808291,0.235294,0.16,0.435484,0.772487,0
1496,evaluation,Moderate,scan,pond_a,0.819819,0.981948,0.704391,0.767993,0.738397,0.957792,0.8725,0.727273,1
1497,development,Simple,native_pdf,pond_b,0.922178,0.971191,0.826786,0.828537,0.887701,0.88172,0.891117,0.791444,1
1498,development,Moderate,native_pdf,pond_a,0.6914,0.727267,0.503735,0.848149,0.552632,0.666667,0.581673,0.868132,0
1499,development,Simple,scan,pond_a,0.896159,0.991301,0.639211,0.792999,0.843284,0.957792,0.778571,0.772487,1
1500,evaluation,Complex,native_pdf,pond_a,0.812578,0.332395,0.534449,0.755664,0.738397,0.415385,0.581673,0.687861,0
1501,evaluation,Simple,scan,pond_b,0.816964,0.976692,0.619219,0.90874,0.738397,0.923077,0.753623,0.987179,0
1502,evaluation,Simple,native_pdf,pond_a,0.919598,0.964195,0.830279,0.81256,0.886435,0.88172,0.891117,0.772487,0
1503,development,Moderate,scan,pond_b,0.747432,0.936264,0.589355,0.871861,0.591398,0.867188,0.753623,0.897233,1
1504,development,Simple,native_pdf,pond_b,0.848634,0.985908,0.518067,0.706695,0.744681,0.957792,0.581673,0.571429,0
1505,development,Moderate,scan,pond_a,0.6073,0.876425,0.590763,0.782349,0.421053,0.809353,0.753623,0.727273,1
1506,development,Simple,native_pdf,pond_a,0.959045,0.901915,0.55386,0.699637,0.966942,0.809353,0.681818,0.527397,1
1507,evaluation,Complex,native_pdf,pond_b,0.469135,0.053509,0.117516,0.856194,0.235294,0.0,0.12,0.894737,0
1508,evaluation,Moderate,native_pdf,pond_b,0.881862,0.310197,0.413749,0.767529,0.789474,0.415385,0.435484,0.727273,0
1509,evaluation,Simple,native_pdf,pond_b,0.861628,0.879725,0.859263,0.883583,0.768421,0.809353,0.951456,0.902174,1
1510,development,Simple,native_pdf,pond_a,0.921278,0.979204,0.820409,0.890685,0.887701,0.933333,0.891117,0.911111,0
1511,development,Moderate,native_pdf,pond_b,0.883117,0.977628,0.780533,0.808182,0.789474,0.933333,0.891117,0.772487,1
1512,evaluation,Moderate,scan,pond_b,0.625092,0.73013,0.69199,0.845631,0.421053,0.666667,0.8725,0.868132,0
1513,evaluation,Simple,scan,pond_b,0.952225,0.993813,0.947597,0.862763,0.945946,0.989848,1.0,0.897233,1
1514,development,Complex,scan,pond_b,0.645048,0.368979,0.42275,0.736818,0.421053,0.415385,0.527778,0.591837,0
1515,development,Simple,scan,pond_a,0.943424,0.988173,0.685926,0.77738,0.945946,0.957792,0.8725,0.727273,1
1516,development,Simple,native_pdf,pond_b,0.954462,0.986329,0.824472,0.863237,0.966942,0.957792,0.891117,0.897233,1
1517,evaluation,Simple,native_pdf,pond_b,0.918285,0.879643,0.766129,0.915333,0.857143,0.809353,0.8725,0.987179,1
1518,evaluation,Moderate,native_pdf,pond_b,0.925489,0.996792,0.842111,0.869827,0.887701,0.989848,0.9375,0.897233,1
1519,development,Simple,native_pdf,pond_b,0.973883,0.992781,0.919987,0.850024,0.977778,0.989848,1.0,0.868132,1
1520,development,Moderate,scan,pond_a,0.497056,0.76807,0.523308,0.713749,0.333333,0.727723,0.581673,0.590909,0
1521,development,Complex,native_pdf,pond_a,0.852938,0.767269,0.452665,0.640953,0.744681,0.727723,0.581673,0.388889,0
1522,development,Simple,native_pdf,pond_a,0.933242,0.986494,0.891156,0.776165,0.887701,0.957792,0.982759,0.727273,1
1523,evaluation,Complex,native_pdf,pond_b,0.835993,0.456167,0.465303,0.734691,0.738397,0.485714,0.581673,0.591837,0
1524,evaluation,Simple,native_pdf,pond_b,0.898994,0.842123,0.772975,0.898473,0.843284,0.77027,0.8725,0.937931,0
1525,evaluation,Simple,native_pdf,pond_b,0.863796,0.889186,0.520071,0.904799,0.768421,0.809353,0.581673,0.937931,1
1526,development,Simple,native_pdf,pond_a,0.915402,0.970858,0.740157,0.791937,0.857143,0.88172,0.8725,0.772487,0
1527,development,Simple,native_pdf,pond_b,0.888397,0.716461,0.484734,0.877308,0.789474,0.567568,0.581673,0.897233,0
1528,evaluation,Simple,native_pdf,pond_a,0.907843,0.920669,0.592613,0.765528,0.843284,0.862069,0.753623,0.687861,0
1529,evaluation,Simple,native_pdf,pond_a,0.922313,0.994724,0.950402,0.844556,0.887701,0.989848,1.0,0.868132,1
1530,development,Complex,scan,pond_b,0.557329,0.375548,0.188491,0.818399,0.338028,0.415385,0.153846,0.791444,0
1531,development,Simple,scan,pond_a,0.891374,0.906683,0.759961,0.901518,0.793103,0.809353,0.8725,0.937931,1
1532,evaluation,Moderate,scan,pond_a,0.723465,0.972898,0.689117,0.791732,0.552632,0.88172,0.8725,0.772487,1
1533,evaluation,Complex,native_pdf,pond_b,0.863078,0.757055,0.487065,0.754507,0.768421,0.727723,0.581673,0.687861,0
1534,development,Simple,scan,pond_b,0.877566,0.990766,0.751034,0.850876,0.777778,0.957792,0.8725,0.868132,1
1535,development,Moderate,scan,pond_b,0.751786,0.88483,0.715349,0.808834,0.591398,0.809353,0.8725,0.772487,1
1536,evaluation,Moderate,native_pdf,pond_b,0.826949,0.851005,0.609526,0.880113,0.738397,0.77027,0.753623,0.897233,0
1537,development,Complex,native_pdf,pond_a,0.617939,0.426037,0.188709,0.52248,0.421053,0.419355,0.153846,0.133333,0
1538,evaluation,Complex,scan,pond_a,0.719283,0.372985,0.202418,0.712261,0.552632,0.415385,0.153846,0.590909,0
1539,development,Moderate,native_pdf,pond_b,0.853276,0.688009,0.633451,0.792837,0.744681,0.567568,0.778571,0.772487,0
1540,development,Simple,scan,pond_b,0.879711,0.942582,0.657775,0.916168,0.789474,0.867188,0.778571,0.987179,0
1541,development,Simple,scan,pond_b,0.958805,0.987411,0.718341,0.891081,0.966942,0.957792,0.8725,0.911111,0
1542,development,Simple,scan,pond_b,0.914422,0.988471,0.880854,0.900274,0.857143,0.957792,0.979798,0.937931,1
1543,development,Complex,scan,pond_b,0.403505,0.489315,0.145797,0.779158,0.2,0.485714,0.12,0.727273,0
1544,development,Moderate,native_pdf,pond_b,0.851316,0.916642,0.736406,0.831883,0.744681,0.862069,0.8725,0.791444,0
1545,development,Simple,native_pdf,pond_a,0.934733,0.985701,0.88538,0.795942,0.887701,0.957792,0.982759,0.772487,1
1546,development,Simple,native_pdf,pond_b,0.892676,0.980773,0.846922,0.920825,0.83871,0.933333,0.9375,0.987179,1
1547,development,Moderate,native_pdf,pond_a,0.840861,0.871615,0.674959,0.661736,0.738397,0.809353,0.863158,0.527397,0
1548,evaluation,Moderate,scan,pond_a,0.657417,0.749964,0.57565,0.754279,0.5,0.727723,0.753623,0.687861,1
1549,development,Simple,scan,pond_a,0.898791,0.990229,0.802447,0.767612,0.843284,0.957792,0.891117,0.727273,1
1550,development,Moderate,scan,pond_b,0.827076,0.949547,0.583797,0.854507,0.738397,0.868421,0.753623,0.894737,0
1551,evaluation,Moderate,native_pdf,pond_b,0.669948,0.759199,0.453929,0.929943,0.552632,0.727723,0.581673,1.0,0
1552,development,Complex,native_pdf,pond_b,0.786702,0.692235,0.252501,0.806231,0.672131,0.567568,0.192308,0.772487,0
1553,development,Complex,native_pdf,pond_b,0.772513,0.680266,0.486117,0.648162,0.591398,0.567568,0.581673,0.388889,0
1554,development,Moderate,scan,pond_b,0.695445,0.989706,0.678162,0.855042,0.552632,0.957792,0.863158,0.894737,1
1555,development,Moderate,native_pdf,pond_b,0.948988,0.954714,0.787117,0.869738,0.945946,0.88172,0.891117,0.897233,1
1556,development,Simple,native_pdf,pond_b,0.950638,0.994948,0.683567,0.923094,0.945946,0.989848,0.863158,1.0,1
1557,evaluation,Moderate,native_pdf,pond_a,0.894979,0.515319,0.61127,0.812478,0.83871,0.485714,0.753623,0.772487,0
1558,evaluation,Moderate,native_pdf,pond_b,0.778935,0.909957,0.699178,0.87828,0.6,0.809353,0.8725,0.897233,1
1559,development,Simple,scan,pond_a,0.811627,0.989633,0.787179,0.840455,0.738397,0.957792,0.891117,0.80137,1
1560,development,Simple,native_pdf,pond_b,0.984257,0.990089,0.95502,0.847594,0.977778,0.957792,1.0,0.868132,0
1561,evaluation,Complex,native_pdf,pond_b,0.658722,0.808716,0.325874,0.77262,0.5,0.727723,0.363636,0.727273,0
1562,development,Moderate,native_pdf,pond_a,0.942591,0.988701,0.769599,0.831088,0.934783,0.957792,0.8725,0.791444,0
1563,evaluation,Complex,native_pdf,pond_a,0.792202,0.740758,0.508498,0.824218,0.672727,0.727723,0.581673,0.791444,1
1564,evaluation,Simple,native_pdf,pond_a,0.945628,0.99524,0.717418,0.903957,0.945946,0.989848,0.8725,0.937931,1
1565,evaluation,Moderate,native_pdf,pond_a,0.905635,0.990201,0.413037,0.771622,0.843284,0.957792,0.435484,0.727273,1
1566,evaluation,Simple,native_pdf,pond_b,0.874574,0.550924,0.824421,0.898293,0.777778,0.485714,0.891117,0.937931,0
1567,development,Moderate,scan,pond_b,0.668669,0.752122,0.745747,0.883734,0.552632,0.727723,0.8725,0.902174,1
1568,evaluation,Simple,scan,pond_a,0.900379,0.99733,0.984026,0.877264,0.843284,0.989848,1.0,0.897233,1
1569,development,Complex,scan,pond_a,0.663718,0.758219,0.525841,0.515963,0.5,0.727723,0.581673,0.133333,0
1570,development,Complex,native_pdf,pond_a,0.707386,0.352503,0.164348,0.715846,0.552632,0.415385,0.153846,0.591837,0
1571,development,Simple,scan,pond_b,0.790418,0.932552,0.672715,0.899385,0.672131,0.865854,0.863158,0.937931,1
1572,development,Simple,native_pdf,pond_b,0.939166,0.927385,0.778679,0.890291,0.934783,0.865854,0.891117,0.911111,1
1573,evaluation,Complex,scan,pond_b,0.644839,0.508953,0.172483,0.709584,0.421053,0.485714,0.153846,0.590909,0
1574,evaluation,Moderate,native_pdf,pond_a,0.904864,0.996036,0.714623,0.77464,0.843284,0.989848,0.8725,0.727273,1
1575,development,Simple,scan,pond_b,0.877308,0.861083,0.763367,0.821783,0.777778,0.809353,0.8725,0.791444,0
1576,development,Simple,scan,pond_a,0.920124,0.986182,0.599556,0.863288,0.887701,0.957792,0.753623,0.897233,1
1577,development,Complex,native_pdf,pond_a,0.680299,0.20131,0.235607,0.608554,0.552632,0.415385,0.192308,0.333333,0
1578,development,Moderate,scan,pond_b,0.473949,0.383105,0.249463,0.805547,0.235294,0.415385,0.192308,0.772487,0
1579,evaluation,Moderate,native_pdf,pond_a,0.575381,0.499252,0.595367,0.728917,0.421053,0.485714,0.753623,0.591837,1
1580,evaluation,Simple,native_pdf,pond_a,0.946988,0.991335,0.878686,0.775103,0.945946,0.957792,0.979798,0.727273,1
1581,evaluation,Moderate,native_pdf,pond_a,0.874393,0.986282,0.87545,0.710293,0.777778,0.957792,0.979798,0.590909,0
1582,evaluation,Simple,scan,pond_b,0.855511,0.96875,0.619801,0.784116,0.768421,0.88172,0.753623,0.727273,0
1583,evaluation,Moderate,native_pdf,pond_b,0.897123,0.648892,0.542318,0.862944,0.843284,0.54386,0.581673,0.897233,1
1584,development,Simple,scan,pond_b,0.911801,0.990795,0.784728,0.887329,0.857143,0.957792,0.891117,0.902174,0
1585,development,Simple,scan,pond_a,0.627644,0.972325,0.621272,0.868193,0.421053,0.88172,0.753623,0.897233,0
1586,development,Moderate,scan,pond_a,0.60589,0.163271,0.288274,0.789567,0.421053,0.16,0.192308,0.772487,0
1587,evaluation,Complex,scan,pond_a,0.536609,0.473641,0.446125,0.714919,0.338028,0.485714,0.581673,0.591837,0
1588,development,Complex,native_pdf,pond_b,0.835051,0.940985,0.508419,0.798524,0.738397,0.867188,0.581673,0.772487,0
1589,development,Moderate,scan,pond_a,0.772545,0.6993,0.510102,0.662607,0.591398,0.567568,0.581673,0.527397,0
1590,development,Simple,native_pdf,pond_a,0.958927,0.988116,0.834257,0.841402,0.966942,0.957792,0.891117,0.80137,0
1591,development,Simple,scan,pond_b,0.893723,0.989714,0.874841,0.831477,0.83871,0.957792,0.979798,0.791444,1
1592,evaluation,Moderate,native_pdf,pond_a,0.656042,0.823572,0.776197,0.780735,0.5,0.727723,0.891117,0.727273,0
1593,development,Moderate,scan,pond_a,0.395698,0.732733,0.384053,0.700414,0.2,0.666667,0.435484,0.527397,0
1594,development,Complex,native_pdf,pond_a,0.514572,0.213686,0.408816,0.750608,0.338028,0.415385,0.435484,0.687861,0
1595,evaluation,Moderate,scan,pond_a,0.71345,0.243261,0.614173,0.733586,0.552632,0.415385,0.753623,0.591837,0
1596,evaluation,Moderate,native_pdf,pond_a,0.885473,0.968353,0.368155,0.733939,0.789474,0.88172,0.435484,0.591837,1
1597,evaluation,Simple,scan,pond_a,0.968768,0.996138,0.943406,0.85455,0.966942,0.989848,1.0,0.894737,1
1598,development,Simple,native_pdf,pond_a,0.911105,0.834618,0.713146,0.902564,0.857143,0.77027,0.8725,0.937931,1
1599,development,Simple,scan,pond_b,0.729735,0.927991,0.784532,0.908666,0.552632,0.865854,0.891117,0.987179,1
1600,evaluation,Complex,native_pdf,pond_b,0.692991,0.477364,0.422001,0.810297,0.552632,0.485714,0.527778,0.772487,0
1601,evaluation,Moderate,native_pdf,pond_a,0.711346,0.453447,0.253814,0.782794,0.552632,0.457388,0.192308,0.727273,0
1602,development,Simple,scan,pond_a,0.91925,0.991961,0.962236,0.754856,0.857143,0.989848,1.0,0.687861,1
1603,development,Simple,scan,pond_b,0.9352,0.978327,0.851867,0.892796,0.887701,0.933333,0.951456,0.937931,1
1604,development,Simple,scan,pond_a,0.855032,0.980222,0.726219,0.805016,0.768421,0.933333,0.8725,0.772487,0
1605,development,Moderate,scan,pond_a,0.613685,0.961569,0.320293,0.818718,0.421053,0.88172,0.294118,0.791444,0
1606,development,Moderate,native_pdf,pond_b,0.710305,0.58299,0.224581,0.790054,0.552632,0.485714,0.192308,0.772487,0
1607,development,Simple,native_pdf,pond_a,0.964424,0.996022,0.880076,0.876082,0.966942,0.989848,0.979798,0.897233,1
1608,development,Simple,scan,pond_a,0.671913,0.884918,0.833114,0.726753,0.552632,0.809353,0.891117,0.591837,0
1609,development,Simple,scan,pond_a,0.827113,0.975121,0.701335,0.784311,0.738397,0.923077,0.8725,0.772487,1
1610,development,Moderate,native_pdf,pond_b,0.873171,0.653834,0.335337,0.783818,0.768421,0.54386,0.363636,0.727273,0
1611,development,Simple,scan,pond_b,0.912179,0.987992,0.803545,0.871231,0.857143,0.957792,0.891117,0.897233,1
1612,development,Simple,native_pdf,pond_b,0.709299,0.943002,0.612931,0.891252,0.552632,0.867188,0.753623,0.911111,1
1613,development,Moderate,scan,pond_a,0.740231,0.799763,0.474327,0.558289,0.591398,0.727723,0.581673,0.133333,0
1614,evaluation,Simple,scan,pond_b,0.806317,0.697338,0.768707,0.875337,0.672727,0.567568,0.8725,0.897233,0
1615,development,Complex,native_pdf,pond_b,0.822291,0.86067,0.576797,0.848301,0.738397,0.809353,0.753623,0.868132,1
1616,development,Simple,native_pdf,pond_a,0.87935,0.270636,0.619956,0.832851,0.777778,0.415385,0.753623,0.80137,0
1617,evaluation,Moderate,native_pdf,pond_a,0.894007,0.958921,0.549616,0.810473,0.83871,0.88172,0.681818,0.772487,1
1618,development,Complex,native_pdf,pond_b,0.743049,0.886552,0.632551,0.717559,0.591398,0.809353,0.778571,0.591837,0
1619,development,Simple,native_pdf,pond_a,0.966852,0.970156,0.735188,0.870397,0.966942,0.88172,0.8725,0.897233,0
1620,evaluation,Complex,native_pdf,pond_a,0.780616,0.917875,0.720601,0.653064,0.672131,0.862069,0.8725,0.4,1
1621,evaluation,Complex,native_pdf,pond_a,0.84956,0.90858,0.775438,0.698442,0.744681,0.809353,0.888889,0.527397,1
1622,evaluation,Moderate,native_pdf,pond_a,0.877055,0.984149,0.518928,0.763925,0.777778,0.957792,0.581673,0.687861,1
1623,evaluation,Simple,native_pdf,pond_b,0.924198,0.990496,0.710367,0.821138,0.887701,0.957792,0.8725,0.791444,0
1624,evaluation,Complex,native_pdf,pond_a,0.712161,0.477302,0.633688,0.536178,0.552632,0.485714,0.778571,0.133333,0
1625,evaluation,Moderate,native_pdf,pond_a,0.895894,0.985407,0.86042,0.711849,0.843284,0.957792,0.951456,0.590909,0
1626,development,Simple,native_pdf,pond_b,0.952878,0.9668,0.84994,0.8298,0.945946,0.88172,0.951456,0.791444,1
1627,evaluation,Moderate,scan,pond_a,0.815198,0.961303,0.785851,0.688623,0.738397,0.88172,0.891117,0.527397,0
1628,development,Complex,native_pdf,pond_b,0.865923,0.675246,0.71754,0.809767,0.768421,0.54386,0.8725,0.772487,0
1629,development,Complex,scan,pond_b,0.583284,0.576056,0.494451,0.800929,0.421053,0.485714,0.581673,0.772487,0
1630,development,Simple,native_pdf,pond_b,0.935195,0.986413,0.819305,0.804536,0.887701,0.957792,0.891117,0.772487,1
1631,development,Moderate,scan,pond_b,0.777033,0.945854,0.814421,0.837363,0.6,0.867188,0.891117,0.80137,0
1632,development,Moderate,scan,pond_a,0.572983,0.397539,0.82231,0.792815,0.338028,0.415385,0.891117,0.772487,0
1633,evaluation,Moderate,scan,pond_b,0.684831,0.459013,0.269034,0.838746,0.552632,0.485714,0.192308,0.80137,0
1634,evaluation,Complex,scan,pond_a,0.664506,0.358838,0.268748,0.790076,0.5,0.415385,0.192308,0.772487,0
1635,evaluation,Simple,native_pdf,pond_b,0.91208,0.881791,0.576479,0.917326,0.857143,0.809353,0.753623,0.987179,1
1636,development,Simple,native_pdf,pond_b,0.904777,0.975972,0.660811,0.851963,0.843284,0.923077,0.778571,0.894737,0
1637,evaluation,Simple,scan,pond_a,0.838209,0.988241,0.89471,0.793533,0.738397,0.957792,0.982759,0.772487,1
1638,evaluation,Simple,native_pdf,pond_a,0.961264,0.979917,0.850908,0.855525,0.966942,0.933333,0.951456,0.894737,0
1639,development,Moderate,native_pdf,pond_b,0.829851,0.962714,0.50113,0.881657,0.738397,0.88172,0.581673,0.902174,0
1640,development,Moderate,scan,pond_a,0.707174,0.607251,0.475108,0.822133,0.552632,0.485714,0.581673,0.791444,0
1641,development,Simple,native_pdf,pond_b,0.751839,0.662962,0.409901,0.862034,0.591398,0.54386,0.435484,0.897233,0
1642,development,Simple,native_pdf,pond_b,0.947208,0.958507,0.916188,0.773017,0.945946,0.88172,1.0,0.727273,1
1643,development,Moderate,native_pdf,pond_a,0.930641,0.993547,0.68991,0.811052,0.887701,0.989848,0.8725,0.772487,1
1644,development,Moderate,scan,pond_a,0.774559,0.940805,0.723536,0.803251,0.591398,0.867188,0.8725,0.772487,0
1645,development,Simple,native_pdf,pond_b,0.916424,0.975809,0.777276,0.811152,0.857143,0.923077,0.891117,0.772487,1
1646,evaluation,Simple,native_pdf,pond_a,0.966753,0.992002,0.933343,0.773943,0.966942,0.989848,1.0,0.727273,1
1647,development,Moderate,native_pdf,pond_b,0.790684,0.639554,0.312257,0.915159,0.672131,0.54386,0.25,0.987179,0
1648,evaluation,Moderate,scan,pond_a,0.688068,0.729809,0.505166,0.751208,0.552632,0.666667,0.581673,0.687861,0
1649,development,Simple,native_pdf,pond_b,0.865844,0.954675,0.721924,0.895614,0.768421,0.88172,0.8725,0.937931,1
1650,evaluation,Simple,scan,pond_a,0.892598,0.989707,0.880773,0.743612,0.834501,0.957792,0.979798,0.687861,0
1651,evaluation,Simple,scan,pond_b,0.827087,0.963858,0.474163,0.834281,0.738397,0.88172,0.581673,0.80137,0
1652,evaluation,Moderate,scan,pond_b,0.79807,0.796468,0.31636,0.828101,0.672727,0.727723,0.294118,0.791444,0
1653,development,Simple,scan,pond_a,0.935751,0.988765,0.872327,0.818207,0.887701,0.957792,0.979798,0.791444,1
1654,evaluation,Simple,native_pdf,pond_b,0.864866,0.990681,0.757721,0.875067,0.768421,0.957792,0.8725,0.897233,1
1655,development,Simple,native_pdf,pond_a,0.905613,0.968783,0.43198,0.704013,0.843284,0.88172,0.581673,0.571429,0
1656,development,Moderate,native_pdf,pond_a,0.627163,0.489023,0.478468,0.694922,0.421053,0.485714,0.581673,0.527397,0
1657,development,Simple,native_pdf,pond_a,0.95916,0.951507,0.815796,0.809178,0.966942,0.868421,0.891117,0.772487,1
1658,development,Moderate,native_pdf,pond_a,0.861768,0.836262,0.521959,0.790939,0.768421,0.77027,0.581673,0.772487,0
1659,development,Complex,scan,pond_a,0.615186,0.821296,0.719224,0.640404,0.421053,0.727723,0.8725,0.388889,0
1660,development,Simple,native_pdf,pond_a,0.964352,0.974094,0.769807,0.743148,0.966942,0.923077,0.8725,0.687861,1
1661,development,Simple,native_pdf,pond_b,0.737434,0.162041,0.588837,0.885774,0.591398,0.16,0.753623,0.902174,0
1662,development,Simple,scan,pond_b,0.951689,0.997025,0.952789,0.871213,0.945946,0.989848,1.0,0.897233,1
1663,evaluation,Complex,scan,pond_b,0.722703,0.674045,0.501744,0.765783,0.552632,0.54386,0.581673,0.687861,0
1664,development,Simple,native_pdf,pond_a,0.929363,0.933479,0.629666,0.7111,0.887701,0.865854,0.778571,0.590909,1
1665,development,Complex,native_pdf,pond_b,0.822015,0.971789,0.716457,0.831633,0.738397,0.88172,0.8725,0.791444,0
1666,development,Moderate,scan,pond_b,0.737423,0.894664,0.564806,0.800338,0.591398,0.809353,0.681818,0.772487,0
1667,development,Simple,native_pdf,pond_a,0.952203,0.991374,0.903548,0.670955,0.945946,0.957792,0.982759,0.527397,1
1668,development,Moderate,scan,pond_a,0.742912,0.926939,0.626051,0.541961,0.591398,0.865854,0.778571,0.133333,0
1669,evaluation,Simple,scan,pond_b,0.798581,0.942867,0.622838,0.831317,0.672727,0.867188,0.753623,0.791444,0
1670,development,Simple,scan,pond_b,0.847024,0.957128,0.541104,0.890746,0.744681,0.88172,0.581673,0.911111,0
1671,development,Moderate,native_pdf,pond_b,0.901829,0.949078,0.717212,0.918524,0.843284,0.868421,0.8725,0.987179,1
1672,development,Simple,scan,pond_b,0.845915,0.952787,0.877722,0.891619,0.744681,0.88172,0.979798,0.911111,1
1673,development,Moderate,scan,pond_b,0.671089,0.694223,0.806703,0.791673,0.552632,0.567568,0.891117,0.772487,1
1674,evaluation,Simple,scan,pond_b,0.792707,0.921412,0.747294,0.894586,0.672727,0.862069,0.8725,0.937931,1
1675,evaluation,Moderate,native_pdf,pond_a,0.907975,0.877968,0.710682,0.803233,0.843284,0.809353,0.8725,0.772487,0
1676,development,Simple,scan,pond_a,0.89659,0.988309,0.833396,0.791867,0.843284,0.957792,0.891117,0.772487,1
1677,development,Moderate,native_pdf,pond_b,0.88148,0.966526,0.753281,0.854033,0.789474,0.88172,0.8725,0.894737,1
1678,development,Moderate,scan,pond_a,0.648834,0.634066,0.470439,0.772808,0.421053,0.54386,0.581673,0.727273,0
1679,development,Moderate,native_pdf,pond_b,0.911698,0.936917,0.679391,0.863048,0.857143,0.867188,0.863158,0.897233,1
1680,evaluation,Complex,native_pdf,pond_b,0.824268,0.703525,0.622751,0.802433,0.738397,0.567568,0.753623,0.772487,0
1681,evaluation,Simple,scan,pond_b,0.870619,0.976199,0.843631,0.827019,0.768421,0.923077,0.9375,0.791444,1
1682,evaluation,Simple,scan,pond_b,0.787344,0.612063,0.584506,0.897939,0.672131,0.485714,0.753623,0.937931,1
1683,evaluation,Moderate,native_pdf,pond_a,0.947043,0.994766,0.679237,0.810525,0.945946,0.989848,0.863158,0.772487,1
1684,development,Moderate,native_pdf,pond_b,0.767107,0.313635,0.514862,0.889879,0.591398,0.415385,0.581673,0.911111,0
1685,development,Simple,native_pdf,pond_a,0.905621,0.941312,0.87665,0.828486,0.843284,0.867188,0.979798,0.791444,0
1686,development,Moderate,native_pdf,pond_b,0.741214,0.678578,0.213949,0.76148,0.591398,0.567568,0.192308,0.687861,0
1687,evaluation,Complex,native_pdf,pond_a,0.804699,0.330065,0.213609,0.818341,0.672727,0.415385,0.192308,0.791444,0
1688,development,Moderate,scan,pond_b,0.77713,0.722868,0.244918,0.794855,0.6,0.567568,0.192308,0.772487,0
1689,development,Moderate,native_pdf,pond_a,0.899153,0.963015,0.563747,0.724656,0.843284,0.88172,0.681818,0.591837,1
1690,evaluation,Complex,scan,pond_b,0.514222,0.763097,0.382978,0.801135,0.338028,0.727723,0.435484,0.772487,0
1691,development,Simple,scan,pond_b,0.753642,0.983364,0.674481,0.865076,0.591398,0.957792,0.863158,0.897233,1
1692,development,Simple,scan,pond_a,0.84124,0.932835,0.633483,0.773638,0.738397,0.865854,0.778571,0.727273,1
1693,development,Complex,native_pdf,pond_a,0.8578,0.839305,0.509372,0.705431,0.768421,0.77027,0.581673,0.571429,0
1694,evaluation,Simple,native_pdf,pond_a,0.829086,0.94635,0.830173,0.769957,0.738397,0.867188,0.891117,0.727273,0
1695,development,Moderate,scan,pond_b,0.494743,0.368942,0.547446,0.821445,0.333333,0.415385,0.681818,0.791444,0
1696,development,Complex,scan,pond_b,0.451848,0.328561,0.367543,0.769444,0.235294,0.415385,0.435484,0.727273,0
1697,development,Simple,native_pdf,pond_a,0.966261,0.991928,0.914671,0.70961,0.966942,0.989848,1.0,0.590909,1
1698,evaluation,Simple,native_pdf,pond_a,0.868537,0.967102,0.568257,0.892032,0.768421,0.88172,0.681818,0.937931,0
1699,development,Complex,native_pdf,pond_a,0.721139,0.145484,0.338202,0.731981,0.552632,0.16,0.375,0.591837,0
1700,evaluation,Simple,native_pdf,pond_a,0.887892,0.972333,0.730898,0.787265,0.789474,0.88172,0.8725,0.772487,1
1701,development,Complex,native_pdf,pond_a,0.913282,0.971735,0.225796,0.657075,0.857143,0.88172,0.192308,0.527397,0
1702,evaluation,Simple,scan,pond_b,0.722695,0.850376,0.718334,0.933594,0.552632,0.77027,0.8725,1.0,1
1703,development,Simple,native_pdf,pond_b,0.973501,0.993308,0.671956,0.799185,0.977778,0.989848,0.863158,0.772487,1
1704,evaluation,Complex,native_pdf,pond_b,0.431464,0.084452,0.257702,0.842127,0.235294,0.0,0.192308,0.80137,0
1705,development,Complex,scan,pond_a,0.513215,0.381072,0.35376,0.593716,0.338028,0.415385,0.435484,0.307692,0
1706,evaluation,Moderate,native_pdf,pond_b,0.885623,0.946199,0.638006,0.797025,0.789474,0.867188,0.778571,0.772487,0
1707,evaluation,Complex,native_pdf,pond_a,0.662651,0.731124,0.745227,0.763387,0.5,0.666667,0.8725,0.687861,0
1708,development,Moderate,scan,pond_a,0.744058,0.735157,0.234722,0.809413,0.591398,0.666667,0.192308,0.772487,0
1709,development,Simple,scan,pond_b,0.868785,0.950308,0.683155,0.844303,0.768421,0.868421,0.863158,0.868132,0
1710,development,Simple,scan,pond_b,0.912804,0.995386,0.675717,0.894485,0.857143,0.989848,0.863158,0.937931,1
1711,development,Simple,scan,pond_a,0.784478,0.99146,0.462427,0.768251,0.672131,0.957792,0.581673,0.727273,0
1712,development,Simple,native_pdf,pond_b,0.952359,0.988165,0.771882,0.871915,0.945946,0.957792,0.8725,0.897233,1
1713,evaluation,Moderate,native_pdf,pond_b,0.783408,0.968032,0.283759,0.908866,0.672131,0.88172,0.192308,0.987179,0
1714,development,Moderate,native_pdf,pond_b,0.73844,0.73648,0.865558,0.781007,0.591398,0.727723,0.951456,0.727273,0
1715,development,Moderate,native_pdf,pond_a,0.678912,0.77292,0.345185,0.624002,0.552632,0.727723,0.435484,0.333333,0
1716,development,Complex,native_pdf,pond_b,0.633503,0.319482,0.276043,0.831197,0.421053,0.415385,0.192308,0.791444,0
1717,development,Moderate,native_pdf,pond_b,0.734315,0.808265,0.567508,0.798427,0.552632,0.727723,0.681818,0.772487,0
1718,development,Simple,native_pdf,pond_a,0.894571,0.979884,0.59559,0.75111,0.83871,0.933333,0.753623,0.687861,0
1719,development,Simple,native_pdf,pond_b,0.847915,0.801993,0.373005,0.843372,0.744681,0.727723,0.435484,0.80137,0
1720,development,Complex,scan,pond_b,0.538309,0.606156,0.650453,0.768678,0.338028,0.485714,0.778571,0.727273,1
1721,development,Moderate,native_pdf,pond_a,0.799679,0.953801,0.870415,0.790024,0.672727,0.88172,0.979798,0.772487,1
1722,development,Simple,native_pdf,pond_b,0.761255,0.925047,0.368365,0.95887,0.591398,0.862069,0.435484,1.0,0
1723,evaluation,Moderate,native_pdf,pond_a,0.713935,0.867509,0.691319,0.761683,0.552632,0.809353,0.8725,0.687861,0
1724,development,Moderate,scan,pond_b,0.828541,0.953053,0.663544,0.820435,0.738397,0.88172,0.863158,0.791444,1
1725,development,Simple,scan,pond_a,0.918133,0.996386,0.768829,0.859498,0.857143,0.989848,0.8725,0.894737,1
1726,development,Simple,native_pdf,pond_a,0.743183,0.763675,0.50768,0.805988,0.591398,0.727723,0.581673,0.772487,1
1727,development,Complex,native_pdf,pond_b,0.782522,0.382969,0.328824,0.816297,0.672131,0.415385,0.363636,0.772487,0
1728,development,Simple,native_pdf,pond_a,0.791745,0.889657,0.662898,0.712277,0.672727,0.809353,0.863158,0.590909,0
1729,development,Moderate,native_pdf,pond_a,0.839519,0.836794,0.678053,0.782701,0.738397,0.77027,0.863158,0.727273,1
1730,development,Simple,native_pdf,pond_b,0.88382,0.94437,0.723012,0.904127,0.789474,0.867188,0.8725,0.937931,1
1731,evaluation,Complex,native_pdf,pond_b,0.806988,0.780796,0.583529,0.79006,0.672727,0.727723,0.753623,0.772487,0
1732,evaluation,Simple,native_pdf,pond_b,0.930493,0.995063,0.935037,0.865103,0.887701,0.989848,1.0,0.897233,1
1733,evaluation,Simple,scan,pond_a,0.71584,0.632621,0.826672,0.768902,0.552632,0.521739,0.891117,0.727273,0
1734,development,Complex,native_pdf,pond_b,0.620116,0.311966,0.17392,0.821825,0.421053,0.415385,0.153846,0.791444,0
1735,development,Complex,native_pdf,pond_b,0.740092,0.586694,0.659298,0.673713,0.591398,0.485714,0.778571,0.527397,0
1736,development,Simple,native_pdf,pond_a,0.958425,0.994369,0.89971,0.865992,0.966942,0.989848,0.982759,0.897233,1
1737,development,Moderate,native_pdf,pond_a,0.84878,0.922523,0.320483,0.838301,0.744681,0.862069,0.294118,0.80137,0
1738,evaluation,Simple,scan,pond_a,0.939749,0.976968,0.920126,0.721773,0.934783,0.923077,1.0,0.591837,0
1739,development,Complex,native_pdf,pond_a,0.745152,0.822517,0.725344,0.652153,0.591398,0.727723,0.8725,0.4,1
1740,development,Simple,scan,pond_a,0.968092,0.994336,0.961147,0.812078,0.966942,0.989848,1.0,0.772487,1
1741,evaluation,Complex,native_pdf,pond_a,0.801163,0.905939,0.215219,0.632761,0.672727,0.809353,0.192308,0.388889,0
1742,development,Moderate,native_pdf,pond_a,0.759443,0.621469,0.40015,0.762196,0.591398,0.521739,0.435484,0.687861,0
1743,development,Simple,scan,pond_a,0.862518,0.915984,0.78212,0.81101,0.768421,0.862069,0.891117,0.772487,1
1744,evaluation,Moderate,scan,pond_b,0.704584,0.859564,0.816865,0.82286,0.552632,0.809353,0.891117,0.791444,0
1745,development,Simple,native_pdf,pond_a,0.895533,0.736948,0.774585,0.785535,0.843284,0.727723,0.888889,0.772487,1
1746,development,Simple,native_pdf,pond_a,0.886064,0.968308,0.805053,0.864301,0.789474,0.88172,0.891117,0.897233,1
1747,development,Simple,scan,pond_b,0.855393,0.940715,0.724969,0.870472,0.768421,0.867188,0.8725,0.897233,1
1748,evaluation,Moderate,scan,pond_b,0.887651,0.830003,0.555497,0.919037,0.789474,0.727723,0.681818,0.987179,1
1749,development,Complex,native_pdf,pond_b,0.8592,0.842652,0.246546,0.78999,0.768421,0.77027,0.192308,0.772487,0
1750,development,Simple,native_pdf,pond_b,0.952475,0.99468,0.942868,0.795605,0.945946,0.989848,1.0,0.772487,0
1751,evaluation,Moderate,native_pdf,pond_b,0.831493,0.901866,0.842009,0.863207,0.738397,0.809353,0.9375,0.897233,1
1752,evaluation,Complex,native_pdf,pond_a,0.75683,0.511255,0.519359,0.815325,0.591398,0.485714,0.581673,0.772487,0
1753,evaluation,Moderate,scan,pond_b,0.83739,0.992899,0.753516,0.857854,0.738397,0.989848,0.8725,0.894737,1
1754,evaluation,Simple,native_pdf,pond_a,0.905619,0.908855,0.602011,0.844391,0.843284,0.809353,0.753623,0.868132,1
1755,development,Simple,native_pdf,pond_a,0.948227,0.993075,0.886638,0.877152,0.945946,0.989848,0.982759,0.897233,1
1756,development,Simple,native_pdf,pond_a,0.778223,0.964375,0.763962,0.773138,0.6,0.88172,0.8725,0.727273,0
1757,development,Moderate,scan,pond_b,0.821259,0.50662,0.815057,0.863161,0.738397,0.485714,0.891117,0.897233,0
1758,development,Complex,scan,pond_a,0.847546,0.506508,0.320398,0.669959,0.744681,0.485714,0.294118,0.527397,0
1759,evaluation,Simple,scan,pond_b,0.786997,0.904497,0.879869,0.863133,0.672131,0.809353,0.979798,0.897233,1
1760,development,Moderate,native_pdf,pond_b,0.847987,0.849161,0.880273,0.795908,0.744681,0.77027,0.979798,0.772487,0
1761,development,Complex,scan,pond_b,0.711042,0.955628,0.699579,0.694092,0.552632,0.88172,0.8725,0.527397,0
1762,development,Simple,native_pdf,pond_a,0.88964,0.851468,0.651258,0.79688,0.789474,0.77027,0.778571,0.772487,0
1763,development,Moderate,scan,pond_b,0.676904,0.95382,0.777755,0.838967,0.552632,0.88172,0.891117,0.80137,0
1764,development,Simple,scan,pond_b,0.806041,0.98467,0.862167,0.894533,0.672727,0.957792,0.951456,0.937931,1
1765,development,Complex,scan,pond_a,0.490013,0.632869,0.147869,0.627459,0.235294,0.521739,0.12,0.388889,0
1766,evaluation,Moderate,scan,pond_b,0.702458,0.964792,0.778676,0.849417,0.552632,0.88172,0.891117,0.868132,0
1767,evaluation,Simple,scan,pond_b,0.931154,0.964233,0.906027,0.920736,0.887701,0.88172,0.982759,0.987179,1
1768,development,Moderate,scan,pond_a,0.726506,0.799132,0.713987,0.792267,0.552632,0.727723,0.8725,0.772487,0
1769,evaluation,Complex,scan,pond_a,0.68575,0.439309,0.426851,0.702543,0.552632,0.419355,0.527778,0.527397,0
1770,evaluation,Complex,scan,pond_b,0.655687,0.876326,0.251115,0.7475,0.5,0.809353,0.192308,0.687861,0
1771,development,Simple,scan,pond_b,0.914935,0.992399,0.922106,0.868858,0.857143,0.989848,1.0,0.897233,1
1772,evaluation,Simple,native_pdf,pond_a,0.948355,0.979742,0.505779,0.744076,0.945946,0.933333,0.581673,0.687861,1
1773,evaluation,Moderate,native_pdf,pond_b,0.828836,0.740125,0.730538,0.86505,0.738397,0.727723,0.8725,0.897233,0
1774,evaluation,Moderate,native_pdf,pond_a,0.85962,0.975939,0.764434,0.723345,0.768421,0.923077,0.8725,0.591837,0
1775,development,Complex,scan,pond_b,0.552828,0.548138,0.318151,0.804034,0.338028,0.485714,0.294118,0.772487,0
1776,evaluation,Moderate,native_pdf,pond_a,0.871887,0.675063,0.205053,0.652605,0.768421,0.54386,0.173645,0.4,0
1777,evaluation,Complex,native_pdf,pond_b,0.853051,0.678138,0.476602,0.79539,0.744681,0.567568,0.581673,0.772487,0
1778,development,Simple,scan,pond_a,0.883009,0.985518,0.871249,0.747455,0.789474,0.957792,0.979798,0.687861,1
1779,development,Simple,scan,pond_a,0.85051,0.914271,0.904991,0.841229,0.744681,0.857143,0.982759,0.80137,1
1780,evaluation,Simple,scan,pond_a,0.928677,0.961322,0.754031,0.732185,0.887701,0.88172,0.8725,0.591837,0
1781,evaluation,Moderate,scan,pond_b,0.763136,0.118051,0.238768,0.806771,0.591398,0.0,0.192308,0.772487,0
1782,development,Simple,scan,pond_b,0.745443,0.721405,0.506414,0.809141,0.591398,0.567568,0.581673,0.772487,0
1783,development,Complex,native_pdf,pond_a,0.758411,0.606957,0.198808,0.781186,0.591398,0.485714,0.153846,0.727273,0
1784,development,Simple,native_pdf,pond_b,0.888562,0.866413,0.70993,0.852368,0.789474,0.809353,0.8725,0.894737,1
1785,evaluation,Moderate,scan,pond_a,0.891198,0.601788,0.713913,0.70449,0.793103,0.485714,0.8725,0.571429,0
1786,development,Complex,scan,pond_a,0.569397,0.30863,0.803204,0.656766,0.338028,0.415385,0.891117,0.527397,0
1787,development,Simple,native_pdf,pond_b,0.915737,0.958976,0.867364,0.886915,0.857143,0.88172,0.979798,0.902174,1
1788,development,Moderate,native_pdf,pond_a,0.812726,0.941897,0.661968,0.790393,0.738397,0.867188,0.863158,0.772487,1
1789,development,Simple,scan,pond_a,0.824519,0.793815,0.941762,0.724657,0.738397,0.727723,1.0,0.591837,0
1790,evaluation,Complex,scan,pond_a,0.704504,0.794057,0.51373,0.686676,0.552632,0.727723,0.581673,0.527397,0
1791,development,Simple,scan,pond_a,0.886394,0.992348,0.749831,0.832606,0.789474,0.989848,0.8725,0.791444,1
1792,development,Moderate,native_pdf,pond_b,0.879423,0.943049,0.916879,0.887145,0.777778,0.867188,1.0,0.902174,0
1793,evaluation,Simple,native_pdf,pond_a,0.911173,0.995214,0.669413,0.731475,0.857143,0.989848,0.863158,0.591837,1
1794,development,Moderate,scan,pond_b,0.86173,0.876393,0.535127,0.881784,0.768421,0.809353,0.581673,0.902174,0
1795,development,Complex,scan,pond_a,0.677791,0.550606,0.650724,0.70301,0.552632,0.485714,0.778571,0.527397,0
1796,evaluation,Moderate,scan,pond_b,0.8973,0.950803,0.807265,0.860961,0.843284,0.868421,0.891117,0.894737,1
1797,development,Simple,native_pdf,pond_a,0.909842,0.975953,0.844988,0.842831,0.857143,0.923077,0.9375,0.80137,1
1798,evaluation,Simple,native_pdf,pond_a,0.792806,0.504118,0.531204,0.756779,0.672727,0.485714,0.581673,0.687861,0
1799,evaluation,Moderate,scan,pond_b,0.870635,0.992596,0.814316,0.85565,0.768421,0.989848,0.891117,0.894737,1
1800,development,Complex,scan,pond_a,0.283653,0.441297,0.286025,0.599821,0.181818,0.419355,0.192308,0.307692,0
1801,development,Simple,native_pdf,pond_a,0.90812,0.984188,0.522465,0.837366,0.843284,0.957792,0.581673,0.80137,1
1802,development,Simple,scan,pond_b,0.632827,0.846939,0.634918,0.898062,0.421053,0.77027,0.778571,0.937931,0
1803,evaluation,Complex,native_pdf,pond_a,0.877345,0.937069,0.581075,0.67515,0.777778,0.867188,0.753623,0.527397,0
1804,development,Simple,scan,pond_b,0.6556,0.844627,0.566492,0.80489,0.5,0.77027,0.681818,0.772487,0
1805,development,Simple,native_pdf,pond_a,0.963872,0.982401,0.928011,0.813515,0.966942,0.957792,1.0,0.772487,1
1806,development,Moderate,native_pdf,pond_b,0.862775,0.88674,0.553066,0.852294,0.768421,0.809353,0.681818,0.894737,0
1807,development,Moderate,native_pdf,pond_a,0.54453,0.238847,0.427326,0.790843,0.338028,0.415385,0.527778,0.772487,0
1808,development,Simple,native_pdf,pond_b,0.967779,0.969767,0.937035,0.931059,0.966942,0.88172,1.0,1.0,1
1809,evaluation,Complex,native_pdf,pond_b,0.946215,0.928771,0.679191,0.873481,0.945946,0.865854,0.863158,0.897233,0
1810,evaluation,Simple,scan,pond_b,0.797388,0.731222,0.904759,0.855288,0.672727,0.666667,0.982759,0.894737,0
1811,development,Moderate,native_pdf,pond_a,0.852658,0.953266,0.718083,0.714746,0.744681,0.88172,0.8725,0.591837,1
1812,evaluation,Complex,scan,pond_a,0.816773,0.903698,0.771802,0.784338,0.738397,0.809353,0.8725,0.772487,0
1813,development,Complex,native_pdf,pond_b,0.806758,0.900545,0.488296,0.833452,0.672727,0.809353,0.581673,0.80137,0
1814,development,Moderate,scan,pond_a,0.870084,0.981376,0.895981,0.736194,0.768421,0.933333,0.982759,0.591837,1
1815,development,Moderate,native_pdf,pond_b,0.649402,0.538046,0.554458,0.832361,0.421053,0.485714,0.681818,0.791444,0
1816,evaluation,Moderate,native_pdf,pond_b,0.770053,0.813134,0.339613,0.818442,0.591398,0.727723,0.375,0.791444,0
1817,development,Complex,native_pdf,pond_a,0.852952,0.978411,0.556249,0.671195,0.744681,0.933333,0.681818,0.527397,1
1818,development,Simple,scan,pond_a,0.907724,0.916062,0.798049,0.920901,0.843284,0.862069,0.891117,0.987179,1
1819,evaluation,Moderate,native_pdf,pond_b,0.897915,0.861804,0.554089,0.800712,0.843284,0.809353,0.681818,0.772487,0
1820,development,Complex,scan,pond_b,0.265758,0.411316,0.352714,0.783283,0.181818,0.415385,0.435484,0.727273,0
1821,evaluation,Complex,native_pdf,pond_a,0.763595,0.591926,0.64837,0.546325,0.591398,0.485714,0.778571,0.133333,0
1822,development,Simple,native_pdf,pond_a,0.836532,0.29434,0.894596,0.779202,0.738397,0.415385,0.982759,0.727273,0
1823,evaluation,Moderate,scan,pond_b,0.764034,0.814416,0.386781,0.857942,0.591398,0.727723,0.435484,0.894737,0
1824,evaluation,Simple,scan,pond_b,0.83869,0.957473,0.776205,0.871952,0.738397,0.88172,0.891117,0.897233,1
1825,evaluation,Moderate,scan,pond_b,0.753827,0.95378,0.577195,0.791822,0.591398,0.88172,0.753623,0.772487,0
1826,evaluation,Complex,scan,pond_a,0.758816,0.830025,0.668738,0.616321,0.591398,0.727723,0.863158,0.333333,0
1827,evaluation,Moderate,native_pdf,pond_a,0.674807,0.121727,0.11468,0.629592,0.552632,0.0,0.12,0.388889,0
1828,evaluation,Simple,native_pdf,pond_b,0.872675,0.972118,0.873121,0.925302,0.768421,0.88172,0.979798,1.0,1
1829,development,Simple,scan,pond_b,0.896782,0.851325,0.503198,0.852232,0.843284,0.77027,0.581673,0.894737,0
1830,development,Moderate,scan,pond_a,0.805448,0.853678,0.58777,0.787861,0.672727,0.77027,0.753623,0.772487,0
1831,development,Simple,native_pdf,pond_a,0.803978,0.932701,0.648079,0.721227,0.672727,0.865854,0.778571,0.591837,0
1832,development,Simple,scan,pond_a,0.856088,0.991252,0.904205,0.858101,0.768421,0.957792,0.982759,0.894737,1
1833,development,Simple,native_pdf,pond_b,0.977286,0.998104,0.926014,0.871151,0.977778,1.0,1.0,0.897233,1
1834,evaluation,Moderate,scan,pond_a,0.664229,0.393394,0.300784,0.679028,0.5,0.415385,0.25,0.527397,0
1835,evaluation,Simple,native_pdf,pond_b,0.879561,0.83884,0.547932,0.933883,0.783376,0.77027,0.681818,1.0,0
1836,development,Simple,native_pdf,pond_b,0.921376,0.945952,0.890371,0.774616,0.887701,0.867188,0.982759,0.727273,1
1837,evaluation,Simple,scan,pond_b,0.890704,0.859893,0.863578,0.873963,0.793103,0.809353,0.951456,0.897233,1
1838,development,Simple,scan,pond_b,0.773877,0.590507,0.529399,0.874347,0.591398,0.485714,0.581673,0.897233,0
1839,development,Simple,scan,pond_a,0.972964,0.998302,0.905973,0.853351,0.977778,1.0,0.982759,0.894737,1
1840,evaluation,Simple,native_pdf,pond_b,0.847376,0.950489,0.561358,0.941321,0.744681,0.868421,0.681818,1.0,0
1841,evaluation,Moderate,scan,pond_a,0.697138,0.941854,0.3924,0.618862,0.552632,0.867188,0.435484,0.333333,0
1842,evaluation,Simple,native_pdf,pond_b,0.873545,0.96013,0.733387,0.889096,0.777778,0.88172,0.8725,0.911111,1
1843,development,Simple,scan,pond_a,0.888313,0.835652,0.795567,0.802848,0.789474,0.77027,0.891117,0.772487,0
1844,development,Moderate,scan,pond_a,0.351586,0.199593,0.273085,0.673269,0.181818,0.415385,0.192308,0.527397,0
1845,evaluation,Simple,native_pdf,pond_b,0.929482,0.985888,0.794107,0.916339,0.887701,0.957792,0.891117,0.987179,0
1846,development,Simple,native_pdf,pond_b,0.838479,0.871311,0.423943,0.920513,0.738397,0.809353,0.527778,0.987179,0
1847,evaluation,Complex,native_pdf,pond_b,0.955955,0.931644,0.757986,0.802087,0.966942,0.865854,0.8725,0.772487,0
1848,evaluation,Moderate,scan,pond_b,0.791918,0.886695,0.540341,0.826321,0.672727,0.809353,0.581673,0.791444,1
1849,development,Simple,native_pdf,pond_b,0.893959,0.932491,0.533956,0.872686,0.83871,0.865854,0.581673,0.897233,0
1850,evaluation,Complex,native_pdf,pond_b,0.865488,0.819384,0.839629,0.82354,0.768421,0.727723,0.9375,0.791444,0
1851,development,Moderate,scan,pond_a,0.826101,0.977613,0.801423,0.804781,0.738397,0.923077,0.891117,0.772487,0
1852,evaluation,Simple,native_pdf,pond_a,0.927359,0.878072,0.808475,0.840151,0.887701,0.809353,0.891117,0.80137,1
1853,evaluation,Moderate,scan,pond_b,0.439487,0.711283,0.465548,0.898935,0.235294,0.567568,0.581673,0.937931,0
1854,development,Simple,scan,pond_b,0.81439,0.919888,0.613812,0.826198,0.738397,0.862069,0.753623,0.791444,0
1855,development,Simple,scan,pond_a,0.933761,0.982907,0.711389,0.743907,0.887701,0.957792,0.8725,0.687861,0
1856,evaluation,Simple,native_pdf,pond_a,0.927318,0.733951,0.858929,0.834166,0.887701,0.666667,0.951456,0.80137,0
1857,development,Complex,scan,pond_b,0.745765,0.852746,0.763639,0.819222,0.591398,0.77027,0.8725,0.791444,0
1858,development,Simple,native_pdf,pond_a,0.835773,0.607629,0.70791,0.869663,0.738397,0.485714,0.8725,0.897233,1
1859,evaluation,Moderate,scan,pond_a,0.767382,0.969994,0.767747,0.775375,0.591398,0.88172,0.8725,0.727273,1
1860,evaluation,Moderate,native_pdf,pond_b,0.689038,0.752179,0.502418,0.800881,0.552632,0.727723,0.581673,0.772487,0
1861,development,Simple,native_pdf,pond_b,0.923956,0.917627,0.674185,0.817583,0.887701,0.862069,0.863158,0.791444,1
1862,evaluation,Moderate,scan,pond_b,0.8075,0.860961,0.41232,0.816439,0.672727,0.809353,0.435484,0.772487,0
1863,development,Simple,scan,pond_b,0.865364,0.988618,0.848263,0.897712,0.768421,0.957792,0.951456,0.937931,1
1864,development,Simple,native_pdf,pond_b,0.953836,0.972109,0.920304,0.867689,0.966942,0.88172,1.0,0.897233,1
1865,evaluation,Moderate,scan,pond_a,0.639952,0.745636,0.459245,0.731239,0.421053,0.727723,0.581673,0.591837,0
1866,development,Simple,scan,pond_a,0.824638,0.913468,0.913822,0.854926,0.738397,0.809353,1.0,0.894737,1
1867,evaluation,Complex,native_pdf,pond_b,0.856718,0.466232,0.539961,0.75315,0.768421,0.485714,0.581673,0.687861,0
1868,evaluation,Moderate,scan,pond_a,0.868701,0.994639,0.608471,0.831555,0.768421,0.989848,0.753623,0.791444,0
1869,development,Simple,native_pdf,pond_a,0.894951,0.885511,0.678099,0.899764,0.83871,0.809353,0.863158,0.937931,1
1870,development,Simple,native_pdf,pond_b,0.932362,0.978706,0.802686,0.905941,0.887701,0.933333,0.891117,0.937931,1
1871,evaluation,Moderate,scan,pond_b,0.742992,0.507914,0.592761,0.745209,0.591398,0.485714,0.753623,0.687861,0
1872,evaluation,Complex,scan,pond_b,0.876424,0.978578,0.85134,0.872136,0.777778,0.933333,0.951456,0.897233,1
1873,evaluation,Simple,native_pdf,pond_a,0.876896,0.975256,0.742363,0.788014,0.777778,0.923077,0.8725,0.772487,1
1874,development,Simple,native_pdf,pond_a,0.924226,0.743265,0.660667,0.797311,0.887701,0.727723,0.778571,0.772487,1
1875,evaluation,Complex,native_pdf,pond_b,0.775336,0.799843,0.353794,0.836505,0.591398,0.727723,0.435484,0.80137,0
1876,evaluation,Moderate,native_pdf,pond_b,0.863321,0.805496,0.729896,0.791988,0.768421,0.727723,0.8725,0.772487,0
1877,development,Moderate,native_pdf,pond_a,0.956139,0.992411,0.929735,0.758915,0.966942,0.989848,1.0,0.687861,1
1878,development,Simple,scan,pond_b,0.852289,0.960681,0.876717,0.730015,0.744681,0.88172,0.979798,0.591837,1
1879,development,Simple,native_pdf,pond_a,0.924561,0.970344,0.655758,0.813055,0.887701,0.88172,0.778571,0.772487,1
1880,development,Simple,native_pdf,pond_a,0.936272,0.729551,0.719278,0.867635,0.887701,0.666667,0.8725,0.897233,0
1881,development,Simple,native_pdf,pond_a,0.923378,0.926082,0.77626,0.792621,0.887701,0.865854,0.891117,0.772487,1
1882,development,Simple,native_pdf,pond_b,0.847057,0.975053,0.891701,0.853532,0.744681,0.923077,0.982759,0.894737,1
1883,development,Moderate,scan,pond_b,0.886453,0.9711,0.642179,0.768189,0.789474,0.88172,0.778571,0.727273,1
1884,evaluation,Simple,native_pdf,pond_b,0.924293,0.993502,0.757258,0.885145,0.887701,0.989848,0.8725,0.902174,1
1885,development,Complex,scan,pond_b,0.828573,0.614054,0.61604,0.742832,0.738397,0.521739,0.753623,0.687861,0
1886,development,Moderate,native_pdf,pond_b,0.922383,0.585309,0.641286,0.847725,0.887701,0.485714,0.778571,0.868132,1
1887,development,Simple,scan,pond_b,0.882563,0.971532,0.855047,0.882805,0.789474,0.88172,0.951456,0.902174,1
1888,development,Moderate,scan,pond_a,0.736427,0.874941,0.621994,0.775665,0.591398,0.809353,0.753623,0.727273,0
1889,evaluation,Complex,scan,pond_b,0.418753,0.721005,0.155864,0.730213,0.235294,0.567568,0.13445,0.591837,0
1890,development,Moderate,scan,pond_a,0.824095,0.992497,0.640003,0.765767,0.738397,0.989848,0.778571,0.687861,1
1891,development,Moderate,native_pdf,pond_a,0.791934,0.827213,0.631413,0.786212,0.672727,0.727723,0.778571,0.772487,1
1892,development,Moderate,native_pdf,pond_a,0.942425,0.98623,0.774483,0.680097,0.934783,0.957792,0.8725,0.527397,0
1893,development,Simple,scan,pond_a,0.835876,0.972312,0.810304,0.835886,0.738397,0.88172,0.891117,0.80137,0
1894,evaluation,Simple,native_pdf,pond_b,0.802302,0.965085,0.576952,0.791792,0.672727,0.88172,0.753623,0.772487,0
1895,development,Moderate,scan,pond_a,0.59296,0.795867,0.575018,0.792103,0.421053,0.727723,0.753623,0.772487,1
1896,development,Simple,native_pdf,pond_b,0.90889,0.967501,0.867636,0.888672,0.857143,0.88172,0.979798,0.911111,1
1897,evaluation,Simple,scan,pond_a,0.797403,0.941763,0.672511,0.773948,0.672727,0.867188,0.863158,0.727273,0
1898,development,Moderate,native_pdf,pond_a,0.858995,0.900133,0.569944,0.773248,0.768421,0.809353,0.681818,0.727273,0
1899,evaluation,Simple,scan,pond_b,0.750944,0.970896,0.841806,0.918457,0.591398,0.88172,0.9375,0.987179,1
1900,development,Moderate,native_pdf,pond_b,0.832013,0.879818,0.758321,0.871253,0.738397,0.809353,0.8725,0.897233,0
1901,development,Simple,native_pdf,pond_b,0.963473,0.998386,0.94054,0.88997,0.966942,1.0,1.0,0.911111,1
1902,evaluation,Moderate,scan,pond_b,0.546423,0.220429,0.29621,0.824169,0.338028,0.415385,0.192308,0.791444,0
1903,evaluation,Moderate,native_pdf,pond_a,0.70992,0.947125,0.694027,0.678502,0.552632,0.867188,0.8725,0.527397,0
1904,evaluation,Simple,native_pdf,pond_a,0.926664,0.989133,0.786396,0.834292,0.887701,0.957792,0.891117,0.80137,1
1905,evaluation,Moderate,scan,pond_a,0.641759,0.298998,0.638311,0.65732,0.421053,0.415385,0.778571,0.527397,0
1906,development,Moderate,native_pdf,pond_a,0.929892,0.851536,0.677245,0.832389,0.887701,0.77027,0.863158,0.791444,0
1907,development,Simple,native_pdf,pond_a,0.838035,0.857964,0.598045,0.794659,0.738397,0.809353,0.753623,0.772487,1
1908,evaluation,Complex,native_pdf,pond_a,0.707833,0.473396,0.304209,0.621049,0.552632,0.485714,0.25,0.333333,0
1909,evaluation,Complex,native_pdf,pond_b,0.563244,0.381688,0.163324,0.826877,0.338028,0.415385,0.153846,0.791444,0
1910,evaluation,Complex,native_pdf,pond_b,0.829473,0.094908,0.686302,0.846571,0.738397,0.0,0.8725,0.868132,0
1911,evaluation,Simple,native_pdf,pond_a,0.911642,0.98348,0.728051,0.680754,0.857143,0.957792,0.8725,0.527397,0
1912,development,Simple,native_pdf,pond_a,0.806477,0.990185,0.73756,0.825589,0.672727,0.957792,0.8725,0.791444,1
1913,development,Moderate,native_pdf,pond_a,0.723299,0.970714,0.636709,0.836113,0.552632,0.88172,0.778571,0.80137,1
1914,development,Moderate,native_pdf,pond_b,0.875083,0.973467,0.661225,0.873461,0.777778,0.916667,0.863158,0.897233,1
1915,evaluation,Moderate,scan,pond_a,0.732663,0.714684,0.485842,0.791178,0.552632,0.567568,0.581673,0.772487,0
1916,evaluation,Complex,scan,pond_b,0.715465,0.970173,0.332968,0.875516,0.552632,0.88172,0.363636,0.897233,0
1917,evaluation,Complex,scan,pond_a,0.46623,0.537544,0.256109,0.486603,0.235294,0.485714,0.192308,0.123309,0
1918,evaluation,Complex,native_pdf,pond_b,0.606353,0.305449,0.102422,0.804814,0.421053,0.415385,0.12,0.772487,0
1919,development,Simple,native_pdf,pond_b,0.918403,0.994794,0.829007,0.881797,0.857143,0.989848,0.891117,0.902174,1
1920,evaluation,Moderate,scan,pond_b,0.756915,0.935246,0.671694,0.79694,0.591398,0.867188,0.863158,0.772487,1
1921,development,Moderate,scan,pond_a,0.852244,0.958749,0.779472,0.670144,0.744681,0.88172,0.891117,0.527397,0
1922,evaluation,Simple,native_pdf,pond_b,0.958459,0.965887,0.889194,0.8033,0.966942,0.88172,0.982759,0.772487,1
1923,development,Simple,native_pdf,pond_a,0.959845,0.987511,0.906168,0.83944,0.966942,0.957792,0.982759,0.80137,1
1924,development,Simple,scan,pond_b,0.757476,0.973468,0.777737,0.893224,0.591398,0.916667,0.891117,0.937931,0
1925,evaluation,Simple,scan,pond_b,0.83371,0.977075,0.830177,0.821702,0.738397,0.923077,0.891117,0.791444,1
1926,development,Simple,scan,pond_a,0.804947,0.680943,0.661938,0.858597,0.672727,0.567568,0.863158,0.894737,0
1927,development,Moderate,native_pdf,pond_a,0.964876,0.909891,0.778098,0.65189,0.966942,0.809353,0.891117,0.388889,0
1928,development,Simple,native_pdf,pond_a,0.955504,0.986961,0.865944,0.817389,0.966942,0.957792,0.951456,0.791444,1
1929,evaluation,Complex,native_pdf,pond_a,0.878172,0.77263,0.572825,0.576756,0.777778,0.727723,0.75,0.133333,0
1930,development,Moderate,native_pdf,pond_b,0.864692,0.35914,0.392153,0.883864,0.768421,0.415385,0.435484,0.902174,0
1931,evaluation,Complex,native_pdf,pond_b,0.891892,0.948946,0.67317,0.772379,0.793103,0.868421,0.863158,0.727273,0
1932,development,Simple,native_pdf,pond_a,0.975119,0.972309,0.833849,0.806753,0.977778,0.88172,0.891117,0.772487,0
1933,development,Simple,native_pdf,pond_a,0.880593,0.947687,0.660049,0.815471,0.789474,0.867188,0.778571,0.772487,1
1934,development,Simple,native_pdf,pond_a,0.917606,0.755247,0.682982,0.662128,0.857143,0.727723,0.863158,0.527397,0
1935,evaluation,Moderate,native_pdf,pond_a,0.911084,0.962932,0.636599,0.711154,0.857143,0.88172,0.778571,0.590909,0
1936,evaluation,Moderate,scan,pond_b,0.740694,0.348568,0.478821,0.907596,0.591398,0.415385,0.581673,0.937931,0
1937,evaluation,Moderate,scan,pond_a,0.58582,0.875369,0.402117,0.763791,0.421053,0.809353,0.435484,0.687861,0
1938,development,Simple,native_pdf,pond_a,0.856555,0.791377,0.430376,0.886935,0.768421,0.727723,0.527778,0.902174,0
1939,evaluation,Moderate,scan,pond_b,0.929644,0.996708,0.926943,0.835584,0.887701,0.989848,1.0,0.80137,1
1940,evaluation,Moderate,scan,pond_a,0.772802,0.864054,0.598904,0.725712,0.591398,0.809353,0.753623,0.591837,0
1941,development,Complex,scan,pond_b,0.806344,0.923667,0.607056,0.76601,0.672727,0.862069,0.753623,0.727273,0
1942,evaluation,Simple,native_pdf,pond_a,0.916953,0.978609,0.42077,0.747436,0.857143,0.933333,0.527778,0.687861,1
1943,evaluation,Simple,scan,pond_a,0.865448,0.995005,0.886585,0.779013,0.768421,0.989848,0.982759,0.727273,1
1944,development,Complex,scan,pond_a,0.269662,0.623293,0.281451,0.579841,0.181818,0.521739,0.192308,0.133333,0
1945,evaluation,Moderate,scan,pond_a,0.816386,0.846499,0.49101,0.669717,0.738397,0.77027,0.581673,0.527397,0
1946,development,Complex,scan,pond_a,0.624067,0.385781,0.688437,0.552684,0.421053,0.415385,0.8725,0.133333,0
1947,development,Simple,native_pdf,pond_a,0.934097,0.897919,0.838715,0.80545,0.887701,0.809353,0.9375,0.772487,1
1948,evaluation,Simple,scan,pond_a,0.768988,0.928232,0.416946,0.818088,0.591398,0.865854,0.435484,0.791444,0
1949,development,Moderate,scan,pond_a,0.716988,0.921133,0.490851,0.727109,0.552632,0.862069,0.581673,0.591837,0
1950,development,Simple,scan,pond_a,0.838732,0.921804,0.862551,0.780857,0.738397,0.862069,0.951456,0.727273,1
1951,development,Simple,native_pdf,pond_a,0.926109,0.887103,0.837639,0.810862,0.887701,0.809353,0.9375,0.772487,1
1952,development,Moderate,native_pdf,pond_b,0.915043,0.86002,0.494927,0.82766,0.857143,0.809353,0.581673,0.791444,0
1953,evaluation,Simple,native_pdf,pond_b,0.984046,0.992413,0.94982,0.875404,0.977778,0.989848,1.0,0.897233,1
1954,evaluation,Complex,scan,pond_a,0.426493,0.193632,0.208501,0.649906,0.235294,0.415385,0.192308,0.388889,0
1955,development,Simple,scan,pond_a,0.851002,0.913021,0.649658,0.84835,0.744681,0.809353,0.778571,0.868132,0
1956,development,Simple,scan,pond_b,0.845581,0.917915,0.918112,0.940454,0.744681,0.862069,1.0,1.0,0
1957,evaluation,Moderate,scan,pond_b,0.809057,0.919847,0.692858,0.75229,0.672727,0.862069,0.8725,0.687861,0
1958,evaluation,Moderate,native_pdf,pond_a,0.881546,0.977436,0.92856,0.807079,0.789474,0.923077,1.0,0.772487,1
1959,evaluation,Complex,native_pdf,pond_a,0.917264,0.700918,0.83081,0.678935,0.857143,0.567568,0.891117,0.527397,0
1960,development,Complex,native_pdf,pond_b,0.927525,0.661918,0.610565,0.834377,0.887701,0.54386,0.753623,0.80137,1
1961,development,Simple,native_pdf,pond_b,0.926635,0.952582,0.554619,0.878846,0.887701,0.88172,0.681818,0.897233,0
1962,development,Moderate,scan,pond_b,0.574105,0.428872,0.089309,0.861008,0.338028,0.419355,0.12,0.894737,0
1963,development,Simple,native_pdf,pond_b,0.928775,0.688928,0.84487,0.911621,0.887701,0.567568,0.9375,0.987179,1
1964,development,Simple,native_pdf,pond_b,0.976277,0.978486,0.832118,0.936207,0.977778,0.933333,0.891117,1.0,1
1965,development,Simple,scan,pond_b,0.752158,0.787212,0.74648,0.888623,0.591398,0.727723,0.8725,0.911111,1
1966,development,Simple,native_pdf,pond_a,0.951503,0.96696,0.730629,0.738322,0.945946,0.88172,0.8725,0.591837,1
1967,development,Simple,scan,pond_b,0.943481,0.987891,0.856032,0.890142,0.945946,0.957792,0.951456,0.911111,1
1968,development,Simple,scan,pond_a,0.969446,0.996773,0.909296,0.81888,0.966942,0.989848,0.982759,0.791444,1
1969,development,Simple,native_pdf,pond_a,0.905905,0.924982,0.551692,0.812285,0.843284,0.862069,0.681818,0.772487,0
1970,evaluation,Simple,scan,pond_b,0.509642,0.978676,0.754736,0.854171,0.338028,0.933333,0.8725,0.894737,1
1971,evaluation,Simple,scan,pond_b,0.896079,0.957584,0.487867,0.908046,0.843284,0.88172,0.581673,0.987179,0
1972,evaluation,Complex,scan,pond_a,0.670171,0.252135,0.414635,0.517565,0.552632,0.415385,0.435484,0.133333,0
1973,evaluation,Complex,scan,pond_b,0.535275,0.656684,0.35565,0.867948,0.338028,0.54386,0.435484,0.897233,0
1974,evaluation,Complex,native_pdf,pond_a,0.814255,0.942433,0.325258,0.83206,0.738397,0.867188,0.363636,0.791444,0
1975,evaluation,Simple,native_pdf,pond_b,0.922122,0.910346,0.841239,0.682699,0.887701,0.809353,0.9375,0.527397,0
1976,development,Simple,scan,pond_a,0.850417,0.89662,0.89214,0.798897,0.744681,0.809353,0.982759,0.772487,0
1977,evaluation,Moderate,scan,pond_a,0.848978,0.969549,0.804786,0.861805,0.744681,0.88172,0.891117,0.897233,1
1978,development,Simple,scan,pond_b,0.7066,0.586936,0.827609,0.888367,0.552632,0.485714,0.891117,0.911111,0
1979,development,Complex,native_pdf,pond_a,0.801464,0.920579,0.315947,0.62632,0.672727,0.862069,0.294118,0.388889,0
1980,evaluation,Simple,scan,pond_b,0.851633,0.988355,0.907741,0.789751,0.744681,0.957792,0.982759,0.772487,1
1981,development,Moderate,scan,pond_a,0.632846,0.905487,0.407177,0.767716,0.421053,0.809353,0.435484,0.727273,0
1982,development,Moderate,native_pdf,pond_a,0.91112,0.9592,0.539022,0.803226,0.857143,0.88172,0.581673,0.772487,0
1983,evaluation,Simple,native_pdf,pond_b,0.925305,0.982747,0.896064,0.802931,0.887701,0.957792,0.982759,0.772487,1
1984,development,Simple,native_pdf,pond_b,0.907646,0.990548,0.843288,0.914208,0.843284,0.957792,0.9375,0.987179,0
1985,evaluation,Complex,scan,pond_a,0.415068,0.698262,0.29493,0.52417,0.235294,0.567568,0.192308,0.133333,0
1986,development,Moderate,native_pdf,pond_a,0.898351,0.977743,0.717705,0.817166,0.843284,0.933333,0.8725,0.791444,1
1987,development,Moderate,scan,pond_a,0.369712,0.983219,0.630803,0.667718,0.2,0.957792,0.778571,0.527397,0
1988,development,Simple,native_pdf,pond_a,0.867285,0.893788,0.564553,0.886821,0.768421,0.809353,0.681818,0.902174,0
1989,development,Simple,native_pdf,pond_a,0.895186,0.989537,0.672891,0.792995,0.843284,0.957792,0.863158,0.772487,1
1990,evaluation,Simple,scan,pond_a,0.616274,0.719565,0.49794,0.855755,0.421053,0.567568,0.581673,0.894737,0
1991,development,Simple,native_pdf,pond_a,0.940506,0.9974,0.91572,0.744423,0.934783,0.989848,1.0,0.687861,1
1992,development,Simple,scan,pond_b,0.889252,0.754153,0.626494,0.863586,0.789474,0.727723,0.778571,0.897233,0
1993,development,Simple,scan,pond_a,0.848242,0.955888,0.692064,0.797066,0.744681,0.88172,0.8725,0.772487,1
1994,evaluation,Simple,scan,pond_a,0.809258,0.78679,0.756083,0.784862,0.672727,0.727723,0.8725,0.772487,1
1995,evaluation,Simple,native_pdf,pond_b,0.897808,0.990572,0.668175,0.913309,0.843284,0.957792,0.863158,0.987179,1
1996,development,Complex,native_pdf,pond_b,0.808533,0.397754,0.321349,0.670575,0.672727,0.415385,0.294118,0.527397,0
1997,development,Simple,native_pdf,pond_b,0.919616,0.935245,0.8946,0.772302,0.887701,0.867188,0.982759,0.727273,1
1998,evaluation,Complex,scan,pond_b,0.38726,0.772534,0.254321,0.82879,0.2,0.727723,0.192308,0.791444,0
1999,development,Moderate,native_pdf,pond_b,0.859387,0.548958,0.755877,0.886664,0.768421,0.485714,0.8725,0.902174,0
2000,development,Complex,scan,pond_a,0.765763,0.725649,0.382786,0.704315,0.591398,0.567568,0.435484,0.571429,0
2001,development,Moderate,native_pdf,pond_b,0.858132,0.929702,0.697525,0.779299,0.768421,0.865854,0.8725,0.727273,1
2002,development,Simple,scan,pond_b,0.841129,0.929169,0.811626,0.845147,0.738397,0.865854,0.891117,0.868132,0
2003,evaluation,Moderate,scan,pond_b,0.8088,0.927336,0.813668,0.875037,0.672727,0.865854,0.891117,0.897233,1
2004,evaluation,Simple,native_pdf,pond_a,0.91283,0.965118,0.467059,0.830423,0.857143,0.88172,0.581673,0.791444,0
2005,development,Simple,native_pdf,pond_a,0.960599,0.994327,0.907881,0.80509,0.966942,0.989848,0.982759,0.772487,1
2006,development,Complex,native_pdf,pond_b,0.87102,0.352927,0.513587,0.842508,0.768421,0.415385,0.581673,0.80137,0
2007,evaluation,Moderate,native_pdf,pond_b,0.859545,0.958589,0.756364,0.899977,0.768421,0.88172,0.8725,0.937931,1
2008,evaluation,Complex,native_pdf,pond_a,0.799752,0.514427,0.514749,0.716976,0.672727,0.485714,0.581673,0.591837,0
2009,development,Simple,scan,pond_b,0.847627,0.415493,0.700375,0.830729,0.744681,0.419355,0.8725,0.791444,0
2010,development,Simple,scan,pond_a,0.945648,0.996068,0.826961,0.77732,0.945946,0.989848,0.891117,0.727273,1
2011,development,Moderate,scan,pond_b,0.463746,0.693592,0.493071,0.899202,0.235294,0.567568,0.581673,0.937931,0
2012,evaluation,Simple,native_pdf,pond_b,0.907149,0.974885,0.733037,0.859167,0.843284,0.923077,0.8725,0.894737,1
2013,evaluation,Simple,native_pdf,pond_a,0.921476,0.978292,0.820301,0.839786,0.887701,0.933333,0.891117,0.80137,1
2014,evaluation,Moderate,scan,pond_b,0.718637,0.210136,0.4552,0.9182,0.552632,0.415385,0.581673,0.987179,0
2015,development,Complex,scan,pond_b,0.880419,0.95954,0.76048,0.78219,0.789474,0.88172,0.8725,0.727273,1
2016,evaluation,Simple,scan,pond_a,0.740787,0.873317,0.481214,0.793175,0.591398,0.809353,0.581673,0.772487,1
2017,development,Moderate,scan,pond_a,0.775542,0.443515,0.562851,0.598918,0.591398,0.419355,0.681818,0.307692,0
2018,evaluation,Moderate,native_pdf,pond_b,0.895786,0.948222,0.561738,0.922128,0.843284,0.867188,0.681818,1.0,0
2019,development,Moderate,native_pdf,pond_b,0.949083,0.981062,0.582355,0.824162,0.945946,0.933333,0.753623,0.791444,1
2020,development,Moderate,native_pdf,pond_a,0.774087,0.676127,0.234902,0.745803,0.591398,0.54386,0.192308,0.687861,0
2021,evaluation,Simple,native_pdf,pond_b,0.96481,0.98564,0.900801,0.881274,0.966942,0.957792,0.982759,0.902174,1
2022,evaluation,Simple,native_pdf,pond_b,0.948835,0.988031,0.776632,0.876007,0.945946,0.957792,0.891117,0.897233,1
2023,evaluation,Moderate,scan,pond_b,0.498093,0.134661,0.214354,0.719479,0.333333,0.16,0.192308,0.591837,0
2024,development,Simple,native_pdf,pond_b,0.89154,0.949574,0.515288,0.929242,0.793103,0.868421,0.581673,1.0,1
2025,evaluation,Complex,scan,pond_b,0.781152,0.955372,0.899331,0.772211,0.672131,0.88172,0.982759,0.727273,0
2026,development,Simple,scan,pond_a,0.877557,0.996722,0.899026,0.796678,0.777778,0.989848,0.982759,0.772487,1
2027,development,Moderate,scan,pond_b,0.714193,0.945215,0.431187,0.842657,0.552632,0.867188,0.527778,0.80137,0
2028,development,Simple,scan,pond_b,0.879397,0.977398,0.866933,0.894667,0.777778,0.923077,0.979798,0.937931,1
2029,development,Moderate,scan,pond_b,0.709614,0.920361,0.411009,0.754773,0.552632,0.862069,0.435484,0.687861,0
2030,development,Simple,native_pdf,pond_b,0.949976,0.965602,0.799896,0.893425,0.945946,0.88172,0.891117,0.937931,1
2031,evaluation,Simple,scan,pond_b,0.939636,0.996708,0.952728,0.840955,0.934783,0.989848,1.0,0.80137,1
2032,development,Simple,native_pdf,pond_b,0.925805,0.978931,0.830021,0.928614,0.887701,0.933333,0.891117,1.0,1
2033,development,Complex,native_pdf,pond_a,0.746736,0.457539,0.466953,0.695596,0.591398,0.485714,0.581673,0.527397,0
2034,evaluation,Simple,scan,pond_a,0.839564,0.839919,0.849041,0.689488,0.738397,0.77027,0.951456,0.527397,1
2035,development,Simple,scan,pond_b,0.784268,0.942553,0.551914,0.859559,0.672131,0.867188,0.681818,0.894737,1
2036,development,Moderate,native_pdf,pond_b,0.737387,0.855946,0.376458,0.741372,0.591398,0.809353,0.435484,0.591837,0
2037,development,Simple,scan,pond_b,0.812857,0.901819,0.822748,0.871533,0.738397,0.809353,0.891117,0.897233,1
2038,development,Complex,native_pdf,pond_b,0.789629,0.450592,0.307139,0.886815,0.672131,0.419355,0.25,0.902174,0
2039,development,Simple,native_pdf,pond_b,0.840331,0.964683,0.77358,0.792245,0.738397,0.88172,0.8725,0.772487,1
2040,evaluation,Complex,scan,pond_b,0.595295,0.243595,0.272021,0.7521,0.421053,0.415385,0.192308,0.687861,0
2041,development,Moderate,native_pdf,pond_b,0.827231,0.978564,0.821407,0.828919,0.738397,0.933333,0.891117,0.791444,1
2042,evaluation,Simple,scan,pond_b,0.932655,0.957346,0.606789,0.918805,0.887701,0.88172,0.753623,0.987179,0
2043,evaluation,Simple,scan,pond_b,0.794362,0.988992,0.748988,0.75996,0.672727,0.957792,0.8725,0.687861,0
2044,development,Moderate,native_pdf,pond_a,0.6818,0.908325,0.34909,0.813862,0.552632,0.809353,0.435484,0.772487,0
2045,development,Simple,native_pdf,pond_b,0.851275,0.883141,0.465047,0.864852,0.744681,0.809353,0.581673,0.897233,1
2046,development,Simple,scan,pond_a,0.948507,0.99764,0.736966,0.664402,0.945946,1.0,0.8725,0.527397,1
2047,development,Simple,native_pdf,pond_a,0.928864,0.653887,0.584825,0.804364,0.887701,0.54386,0.753623,0.772487,0
2048,development,Simple,scan,pond_a,0.937687,0.953801,0.831721,0.747657,0.934783,0.88172,0.891117,0.687861,1
2049,evaluation,Moderate,scan,pond_b,0.713503,0.910042,0.565548,0.843272,0.552632,0.809353,0.681818,0.80137,0
2050,development,Moderate,scan,pond_a,0.72181,0.858221,0.515017,0.734654,0.552632,0.809353,0.581673,0.591837,0
2051,evaluation,Simple,native_pdf,pond_b,0.973422,0.993289,0.856486,0.93789,0.977778,0.989848,0.951456,1.0,0
2052,evaluation,Simple,scan,pond_a,0.925686,0.96679,0.957673,0.821188,0.887701,0.88172,1.0,0.791444,0
2053,development,Simple,scan,pond_b,0.834426,0.962517,0.790281,0.772552,0.738397,0.88172,0.891117,0.727273,0
2054,development,Complex,scan,pond_a,0.285071,0.505076,0.340818,0.693337,0.181818,0.485714,0.375,0.527397,0
2055,evaluation,Complex,scan,pond_b,0.667164,0.351197,0.200617,0.772124,0.5,0.415385,0.153846,0.727273,0
2056,evaluation,Simple,native_pdf,pond_b,0.956787,0.979574,0.570282,0.833927,0.966942,0.933333,0.681818,0.80137,1
2057,development,Moderate,native_pdf,pond_a,0.802507,0.591208,0.656087,0.669301,0.672727,0.485714,0.778571,0.527397,0
2058,evaluation,Complex,scan,pond_b,0.497963,0.201297,0.41978,0.841647,0.333333,0.415385,0.527778,0.80137,0
2059,development,Moderate,native_pdf,pond_a,0.734135,0.819313,0.450306,0.806799,0.552632,0.727723,0.581673,0.772487,0
2060,development,Simple,scan,pond_b,0.874721,0.982709,0.746217,0.801884,0.777778,0.957792,0.8725,0.772487,1
2061,development,Simple,scan,pond_b,0.663577,0.917213,0.508508,0.897886,0.5,0.862069,0.581673,0.937931,0
2062,evaluation,Moderate,scan,pond_a,0.737352,0.823162,0.622454,0.673589,0.591398,0.727723,0.753623,0.527397,0
2063,development,Complex,scan,pond_a,0.647287,0.197556,0.664705,0.784849,0.421053,0.415385,0.863158,0.772487,0
2064,development,Complex,native_pdf,pond_a,0.941893,0.956749,0.40083,0.589763,0.934783,0.88172,0.435484,0.307692,0
2065,evaluation,Simple,scan,pond_b,0.800372,0.881864,0.741118,0.875222,0.672727,0.809353,0.8725,0.897233,0
2066,development,Simple,native_pdf,pond_a,0.828315,0.988457,0.697364,0.846237,0.738397,0.957792,0.8725,0.868132,1
2067,evaluation,Simple,native_pdf,pond_b,0.760172,0.985486,0.543345,0.884345,0.591398,0.957792,0.581673,0.902174,0
2068,evaluation,Moderate,native_pdf,pond_b,0.968402,0.975289,0.839411,0.886799,0.966942,0.923077,0.9375,0.902174,0
2069,evaluation,Moderate,native_pdf,pond_a,0.879388,0.866282,0.469438,0.673968,0.777778,0.809353,0.581673,0.527397,0
2070,development,Moderate,native_pdf,pond_b,0.719211,0.869562,0.406562,0.886032,0.552632,0.809353,0.435484,0.902174,0
2071,evaluation,Simple,scan,pond_b,0.850156,0.983512,0.863705,0.914278,0.744681,0.957792,0.951456,0.987179,0
2072,development,Moderate,native_pdf,pond_b,0.736942,0.65087,0.331241,0.837913,0.591398,0.54386,0.363636,0.80137,0
2073,development,Simple,native_pdf,pond_b,0.834005,0.348459,0.322157,0.874354,0.738397,0.415385,0.294118,0.897233,0
2074,development,Simple,scan,pond_a,0.795901,0.972605,0.633099,0.812299,0.672727,0.88172,0.778571,0.772487,1
2075,development,Moderate,native_pdf,pond_b,0.784942,0.939375,0.375841,0.81254,0.672131,0.867188,0.435484,0.772487,1
2076,development,Complex,native_pdf,pond_a,0.51028,0.060737,0.300609,0.625224,0.338028,0.0,0.25,0.333333,0
2077,evaluation,Simple,scan,pond_b,0.855337,0.97985,0.804445,0.788889,0.768421,0.933333,0.891117,0.772487,0
2078,evaluation,Complex,scan,pond_a,0.476321,0.058764,0.308075,0.628445,0.235294,0.0,0.25,0.388889,0
2079,development,Complex,scan,pond_b,0.439772,0.179037,0.650664,0.875141,0.235294,0.16,0.778571,0.897233,0
2080,development,Simple,native_pdf,pond_b,0.902607,0.994579,0.878101,0.890901,0.843284,0.989848,0.979798,0.911111,1
2081,development,Simple,native_pdf,pond_b,0.977603,0.90181,0.811945,0.864402,0.977778,0.809353,0.891117,0.897233,1
2082,development,Simple,native_pdf,pond_b,0.752771,0.918315,0.809429,0.851136,0.591398,0.862069,0.891117,0.868132,0
2083,development,Simple,scan,pond_a,0.822335,0.847093,0.717919,0.75037,0.738397,0.77027,0.8725,0.687861,0
2084,evaluation,Complex,scan,pond_a,0.642284,0.760029,0.445601,0.608068,0.421053,0.727723,0.581673,0.333333,0
2085,development,Complex,scan,pond_a,0.548915,0.37903,0.324299,0.508557,0.338028,0.415385,0.294118,0.133333,0
2086,evaluation,Moderate,scan,pond_b,0.561329,0.187191,0.221687,0.755415,0.338028,0.184638,0.192308,0.687861,0
2087,evaluation,Complex,scan,pond_a,0.881211,0.820005,0.691967,0.777267,0.789474,0.727723,0.8725,0.727273,0
2088,development,Simple,scan,pond_b,0.916586,0.987737,0.892561,0.931479,0.857143,0.957792,0.982759,1.0,1
2089,evaluation,Simple,scan,pond_b,0.7642,0.780338,0.846036,0.827294,0.591398,0.727723,0.9375,0.791444,0
2090,evaluation,Simple,native_pdf,pond_a,0.924871,0.984213,0.768017,0.816538,0.887701,0.957792,0.8725,0.772487,1
2091,evaluation,Complex,native_pdf,pond_b,0.802322,0.964406,0.790587,0.836567,0.672727,0.88172,0.891117,0.80137,1
2092,development,Moderate,scan,pond_a,0.88051,0.851718,0.833059,0.721727,0.789474,0.77027,0.891117,0.591837,0
2093,evaluation,Moderate,native_pdf,pond_a,0.891072,0.922305,0.518483,0.619602,0.793103,0.862069,0.581673,0.333333,0
2094,evaluation,Moderate,native_pdf,pond_b,0.733092,0.902569,0.549955,0.838652,0.552632,0.809353,0.681818,0.80137,0
2095,development,Simple,native_pdf,pond_a,0.92441,0.973358,0.749773,0.83832,0.887701,0.916667,0.8725,0.80137,1
2096,development,Complex,scan,pond_a,0.883638,0.956248,0.838731,0.672236,0.789474,0.88172,0.9375,0.527397,0
2097,development,Simple,native_pdf,pond_b,0.924763,0.824924,0.74263,0.871833,0.887701,0.727723,0.8725,0.897233,0
2098,evaluation,Complex,native_pdf,pond_b,0.829869,0.529829,0.568157,0.678012,0.738397,0.485714,0.681818,0.527397,0
2099,evaluation,Complex,native_pdf,pond_b,0.778323,0.801005,0.632177,0.80926,0.6,0.727723,0.778571,0.772487,0
2100,development,Moderate,native_pdf,pond_b,0.912144,0.928964,0.862653,0.833911,0.857143,0.865854,0.951456,0.80137,1
2101,evaluation,Complex,native_pdf,pond_b,0.567092,0.809938,0.171041,0.809939,0.338028,0.727723,0.153846,0.772487,0
2102,evaluation,Complex,scan,pond_b,0.471848,0.866628,0.334797,0.766364,0.235294,0.809353,0.363636,0.727273,0
2103,development,Moderate,native_pdf,pond_a,0.796526,0.978273,0.702749,0.825812,0.672727,0.933333,0.8725,0.791444,1
2104,development,Moderate,native_pdf,pond_a,0.781194,0.614745,0.729754,0.747527,0.672131,0.521739,0.8725,0.687861,0
2105,evaluation,Moderate,scan,pond_b,0.623659,0.981484,0.597722,0.908722,0.421053,0.957792,0.753623,0.987179,0
2106,development,Simple,native_pdf,pond_b,0.89652,0.946302,0.665013,0.81435,0.843284,0.867188,0.863158,0.772487,0
2107,development,Simple,scan,pond_b,0.708474,0.945395,0.339781,0.857489,0.552632,0.867188,0.375,0.894737,0
2108,evaluation,Complex,native_pdf,pond_b,0.868912,0.718959,0.603023,0.880197,0.768421,0.567568,0.753623,0.897233,0
2109,evaluation,Simple,native_pdf,pond_b,0.935461,0.966396,0.881925,0.856137,0.887701,0.88172,0.979798,0.894737,0
2110,development,Simple,native_pdf,pond_b,0.948755,0.96363,0.716035,0.814328,0.945946,0.88172,0.8725,0.772487,1
2111,development,Complex,scan,pond_a,0.397608,0.180112,0.16602,0.553165,0.2,0.16,0.153846,0.133333,0
2112,development,Complex,native_pdf,pond_a,0.824761,0.629617,0.676991,0.787505,0.738397,0.521739,0.863158,0.772487,1
2113,evaluation,Simple,native_pdf,pond_a,0.94374,0.995686,0.906998,0.676859,0.945946,0.989848,0.982759,0.527397,1
2114,evaluation,Simple,scan,pond_b,0.853789,0.988343,0.882279,0.951842,0.768421,0.957792,0.979798,1.0,1
2115,evaluation,Moderate,scan,pond_a,0.808263,0.899065,0.876722,0.689006,0.672727,0.809353,0.979798,0.527397,0
2116,development,Moderate,native_pdf,pond_a,0.928971,0.97373,0.753752,0.84826,0.887701,0.923077,0.8725,0.868132,1
2117,development,Moderate,native_pdf,pond_a,0.886423,0.819633,0.572996,0.526163,0.789474,0.727723,0.75,0.133333,0
2118,development,Simple,scan,pond_a,0.88921,0.985297,0.803891,0.904133,0.789474,0.957792,0.891117,0.937931,1
2119,evaluation,Complex,native_pdf,pond_b,0.937796,0.932333,0.796176,0.883347,0.934783,0.865854,0.891117,0.902174,1
2120,development,Complex,scan,pond_b,0.320245,0.390569,0.258479,0.804969,0.181818,0.415385,0.192308,0.772487,0
2121,development,Moderate,native_pdf,pond_b,0.893358,0.908865,0.577857,0.916932,0.83871,0.809353,0.753623,0.987179,1
2122,development,Moderate,scan,pond_b,0.867635,0.927956,0.696298,0.808388,0.768421,0.865854,0.8725,0.772487,1
2123,evaluation,Complex,native_pdf,pond_a,0.744068,0.687184,0.483978,0.663593,0.591398,0.567568,0.581673,0.527397,0
2124,development,Moderate,scan,pond_a,0.662596,0.57921,0.184387,0.833045,0.5,0.485714,0.153846,0.80137,0
2125,development,Simple,scan,pond_b,0.919625,0.998396,0.968743,0.802663,0.887701,1.0,1.0,0.772487,1
2126,development,Moderate,native_pdf,pond_a,0.833764,0.948256,0.536341,0.814502,0.738397,0.867188,0.581673,0.772487,0
2127,development,Moderate,scan,pond_b,0.708525,0.70688,0.733924,0.859971,0.552632,0.567568,0.8725,0.894737,0
2128,evaluation,Simple,native_pdf,pond_b,0.904837,0.988741,0.868961,0.903006,0.843284,0.957792,0.979798,0.937931,1
2129,evaluation,Moderate,native_pdf,pond_b,0.87488,0.638833,0.260134,0.873253,0.777778,0.54386,0.192308,0.897233,0
2130,evaluation,Moderate,scan,pond_a,0.870786,0.950104,0.828184,0.651588,0.768421,0.868421,0.891117,0.388889,0
2131,development,Moderate,native_pdf,pond_a,0.889709,0.905135,0.705308,0.602261,0.789474,0.809353,0.8725,0.307692,1
2132,development,Simple,native_pdf,pond_b,0.897836,0.900875,0.828738,0.873556,0.843284,0.809353,0.891117,0.897233,1
2133,development,Moderate,scan,pond_b,0.57506,0.394372,0.679959,0.831821,0.338028,0.415385,0.863158,0.791444,0
2134,evaluation,Complex,native_pdf,pond_a,0.841612,0.779147,0.409729,0.682096,0.738397,0.727723,0.435484,0.527397,0
2135,development,Complex,scan,pond_b,0.742509,0.907525,0.180092,0.588089,0.591398,0.809353,0.153846,0.307692,0
2136,evaluation,Moderate,scan,pond_b,0.730729,0.991865,0.824857,0.84044,0.552632,0.989848,0.891117,0.80137,1
2137,development,Moderate,scan,pond_b,0.880095,0.994425,0.866435,0.819326,0.789474,0.989848,0.951456,0.791444,1
2138,development,Simple,native_pdf,pond_b,0.846908,0.746107,0.56802,0.886618,0.744681,0.727723,0.681818,0.902174,0
2139,evaluation,Simple,scan,pond_a,0.887969,0.931745,0.949578,0.817054,0.789474,0.865854,1.0,0.772487,1
2140,development,Complex,scan,pond_a,0.634294,0.525923,0.254362,0.709435,0.421053,0.485714,0.192308,0.590909,0
2141,development,Simple,native_pdf,pond_b,0.91877,0.938036,0.830607,0.864465,0.857143,0.867188,0.891117,0.897233,0
2142,development,Simple,scan,pond_b,0.809738,0.876651,0.814408,0.872214,0.672727,0.809353,0.891117,0.897233,0
2143,evaluation,Simple,native_pdf,pond_b,0.862135,0.956879,0.795516,0.860539,0.768421,0.88172,0.891117,0.894737,1
2144,development,Complex,native_pdf,pond_b,0.892872,0.819364,0.357515,0.725374,0.83871,0.727723,0.435484,0.591837,0
2145,development,Moderate,native_pdf,pond_a,0.956637,0.965314,0.942043,0.722013,0.966942,0.88172,1.0,0.591837,0
2146,development,Simple,native_pdf,pond_b,0.930666,0.96996,0.589252,0.871465,0.887701,0.88172,0.753623,0.897233,1
2147,evaluation,Simple,native_pdf,pond_a,0.903932,0.999019,0.88766,0.870559,0.843284,1.0,0.982759,0.897233,1
2148,development,Moderate,scan,pond_a,0.84127,0.966347,0.861264,0.829823,0.738397,0.88172,0.951456,0.791444,1
2149,development,Moderate,scan,pond_b,0.721462,0.984138,0.537883,0.724828,0.552632,0.957792,0.581673,0.591837,0
2150,evaluation,Moderate,native_pdf,pond_a,0.865772,0.947698,0.707289,0.764848,0.768421,0.867188,0.8725,0.687861,1
2151,evaluation,Simple,native_pdf,pond_b,0.867809,0.556814,0.36431,0.84736,0.768421,0.485714,0.435484,0.868132,0
2152,evaluation,Moderate,native_pdf,pond_b,0.803537,0.792992,0.814092,0.838619,0.672727,0.727723,0.891117,0.80137,0
2153,development,Simple,native_pdf,pond_b,0.972325,0.993503,0.950207,0.88532,0.977778,0.989848,1.0,0.902174,1
2154,evaluation,Moderate,native_pdf,pond_b,0.798636,0.388108,0.829539,0.873005,0.672727,0.415385,0.891117,0.897233,1
2155,development,Simple,scan,pond_b,0.714789,0.87882,0.799365,0.933606,0.552632,0.809353,0.891117,1.0,0
2156,evaluation,Complex,scan,pond_a,0.837518,0.88888,0.719141,0.545541,0.738397,0.809353,0.8725,0.133333,0
2157,evaluation,Complex,native_pdf,pond_a,0.684051,0.569604,0.248463,0.795001,0.552632,0.485714,0.192308,0.772487,0
2158,evaluation,Moderate,native_pdf,pond_a,0.895157,0.874674,0.288268,0.82026,0.843284,0.809353,0.192308,0.791444,0
2159,evaluation,Moderate,scan,pond_a,0.831021,0.976437,0.785758,0.746648,0.738397,0.923077,0.891117,0.687861,1
2160,development,Moderate,native_pdf,pond_a,0.786565,0.778943,0.688382,0.720365,0.672131,0.727723,0.8725,0.591837,1
2161,evaluation,Simple,native_pdf,pond_b,0.907627,0.960339,0.491317,0.774679,0.843284,0.88172,0.581673,0.727273,1
2162,development,Moderate,scan,pond_b,0.613088,0.925373,0.339401,0.809943,0.421053,0.862069,0.375,0.772487,0
2163,evaluation,Moderate,native_pdf,pond_a,0.788139,0.546757,0.324082,0.816892,0.672131,0.485714,0.294118,0.772487,0
2164,evaluation,Simple,scan,pond_a,0.851754,0.972866,0.708465,0.853895,0.744681,0.88172,0.8725,0.894737,0
2165,development,Simple,native_pdf,pond_b,0.945982,0.980072,0.805362,0.891955,0.945946,0.933333,0.891117,0.937931,1
2166,development,Simple,scan,pond_a,0.576032,0.891204,0.664774,0.765604,0.421053,0.809353,0.863158,0.687861,0
2167,development,Moderate,scan,pond_b,0.785157,0.96607,0.854709,0.850257,0.672131,0.88172,0.951456,0.868132,1
2168,evaluation,Simple,scan,pond_b,0.849921,0.982653,0.762864,0.884877,0.744681,0.957792,0.8725,0.902174,1
2169,development,Simple,scan,pond_b,0.840768,0.899843,0.891875,0.928441,0.738397,0.809353,0.982759,1.0,0
2170,evaluation,Moderate,scan,pond_a,0.473484,0.713215,0.658613,0.671243,0.235294,0.567568,0.778571,0.527397,0
2171,development,Simple,native_pdf,pond_b,0.818336,0.917808,0.550871,0.934103,0.738397,0.862069,0.681818,1.0,1
2172,evaluation,Simple,native_pdf,pond_a,0.973828,0.993756,0.668245,0.719824,0.977778,0.989848,0.863158,0.591837,1
2173,evaluation,Complex,scan,pond_a,0.325504,0.398858,0.636784,0.739147,0.181818,0.415385,0.778571,0.591837,0
2174,development,Simple,native_pdf,pond_a,0.963249,0.947585,0.810071,0.747534,0.966942,0.867188,0.891117,0.687861,1
2175,development,Complex,scan,pond_b,0.226594,0.076751,0.084953,0.871292,0.0,0.0,0.12,0.897233,0
2176,development,Moderate,scan,pond_a,0.84341,0.933968,0.696211,0.820099,0.744681,0.865854,0.8725,0.791444,0
2177,development,Simple,scan,pond_a,0.762874,0.506455,0.439675,0.825246,0.591398,0.485714,0.581673,0.791444,0
2178,evaluation,Moderate,scan,pond_b,0.758562,0.786665,0.554493,0.774234,0.591398,0.727723,0.681818,0.727273,0
2179,evaluation,Moderate,native_pdf,pond_a,0.698766,0.318118,0.38596,0.619794,0.552632,0.415385,0.435484,0.333333,0
2180,evaluation,Complex,scan,pond_b,0.617635,0.933394,0.688294,0.681815,0.421053,0.865854,0.8725,0.527397,1
2181,development,Moderate,native_pdf,pond_a,0.815409,0.907517,0.651554,0.783553,0.738397,0.809353,0.778571,0.727273,0
2182,evaluation,Simple,scan,pond_a,0.91566,0.98479,0.752536,0.714022,0.857143,0.957792,0.8725,0.591469,1
2183,development,Moderate,scan,pond_b,0.83502,0.784026,0.759372,0.822585,0.738397,0.727723,0.8725,0.791444,0
2184,evaluation,Simple,scan,pond_a,0.684197,0.931384,0.517654,0.729512,0.552632,0.865854,0.581673,0.591837,0
2185,evaluation,Moderate,scan,pond_b,0.798771,0.649949,0.68236,0.866269,0.672727,0.54386,0.863158,0.897233,0
2186,development,Simple,scan,pond_b,0.800077,0.990693,0.846596,0.815948,0.672727,0.957792,0.9375,0.772487,1
2187,evaluation,Complex,native_pdf,pond_b,0.855808,0.884428,0.812889,0.869034,0.768421,0.809353,0.891117,0.897233,1
2188,evaluation,Simple,scan,pond_a,0.912845,0.89674,0.715896,0.679736,0.857143,0.809353,0.8725,0.527397,0
2189,evaluation,Moderate,native_pdf,pond_b,0.918009,0.982711,0.82054,0.829223,0.857143,0.957792,0.891117,0.791444,0
2190,evaluation,Complex,scan,pond_b,0.525977,0.043805,0.283646,0.76296,0.338028,0.0,0.192308,0.687861,0
2191,development,Simple,native_pdf,pond_b,0.80688,0.959247,0.691627,0.856672,0.672727,0.88172,0.8725,0.894737,1
2192,development,Simple,scan,pond_b,0.86291,0.952114,0.766669,0.879242,0.768421,0.868421,0.8725,0.897233,0
2193,development,Simple,native_pdf,pond_b,0.858915,0.96769,0.782234,0.922518,0.768421,0.88172,0.891117,1.0,1
2194,evaluation,Simple,scan,pond_b,0.854516,0.697092,0.664432,0.876681,0.768421,0.567568,0.863158,0.897233,0
2195,evaluation,Complex,native_pdf,pond_b,0.779232,0.647176,0.437649,0.818881,0.6,0.54386,0.581673,0.791444,0
2196,development,Simple,native_pdf,pond_b,0.971578,0.983373,0.850406,0.891596,0.977778,0.957792,0.951456,0.911111,1
2197,evaluation,Moderate,scan,pond_b,0.464199,0.201602,0.597916,0.911182,0.235294,0.415385,0.753623,0.987179,0
2198,development,Simple,native_pdf,pond_a,0.888537,0.877755,0.522028,0.792739,0.789474,0.809353,0.581673,0.772487,0
2199,development,Complex,scan,pond_a,0.466597,0.124578,0.305351,0.644644,0.235294,0.16,0.25,0.388889,0
2200,development,Moderate,native_pdf,pond_a,0.715827,0.022776,0.440525,0.746164,0.552632,0.0,0.581673,0.687861,0
2201,development,Simple,native_pdf,pond_a,0.945097,0.983291,0.802147,0.793552,0.945946,0.957792,0.891117,0.772487,1
2202,development,Complex,native_pdf,pond_b,0.762566,0.914131,0.40027,0.808413,0.591398,0.809353,0.435484,0.772487,0
2203,development,Moderate,scan,pond_b,0.900607,0.997487,0.701179,0.860606,0.843284,1.0,0.8725,0.894737,1
2204,development,Complex,native_pdf,pond_b,0.653156,0.575765,0.293158,0.791925,0.5,0.485714,0.192308,0.772487,0
2205,development,Moderate,scan,pond_b,0.7553,0.873809,0.490091,0.840463,0.591398,0.809353,0.581673,0.80137,0
2206,evaluation,Moderate,scan,pond_b,0.775445,0.991731,0.538603,0.876329,0.591398,0.957792,0.581673,0.897233,1
2207,development,Moderate,native_pdf,pond_b,0.912532,0.883816,0.456222,0.738346,0.857143,0.809353,0.581673,0.591837,0
2208,development,Moderate,scan,pond_a,0.702992,0.983047,0.50148,0.712533,0.552632,0.957792,0.581673,0.590909,0
2209,evaluation,Moderate,scan,pond_a,0.637158,0.963698,0.840041,0.789668,0.421053,0.88172,0.9375,0.772487,0
2210,development,Moderate,scan,pond_b,0.645048,0.412504,0.489909,0.803694,0.421053,0.415385,0.581673,0.772487,0
2211,development,Moderate,native_pdf,pond_b,0.905278,0.786275,0.577071,0.817249,0.843284,0.727723,0.753623,0.791444,1
2212,evaluation,Complex,native_pdf,pond_b,0.787672,0.325468,0.668678,0.863125,0.672131,0.415385,0.863158,0.897233,0
2213,evaluation,Moderate,native_pdf,pond_a,0.789566,0.975024,0.707357,0.636136,0.672131,0.923077,0.8725,0.388889,1
2214,evaluation,Moderate,scan,pond_b,0.830088,0.952147,0.865839,0.814451,0.738397,0.88172,0.951456,0.772487,1
2215,development,Complex,native_pdf,pond_b,0.827177,0.961396,0.397086,0.763668,0.738397,0.88172,0.435484,0.687861,0
2216,evaluation,Moderate,scan,pond_b,0.795452,0.975243,0.693348,0.811004,0.672727,0.923077,0.8725,0.772487,0
2217,development,Simple,scan,pond_b,0.93728,0.998834,0.717586,0.910496,0.934783,1.0,0.8725,0.987179,1
2218,development,Simple,native_pdf,pond_a,0.964622,0.999118,0.918309,0.839927,0.966942,1.0,1.0,0.80137,1
2219,development,Simple,scan,pond_a,0.89994,0.987343,0.723341,0.849112,0.843284,0.957792,0.8725,0.868132,1
2220,evaluation,Simple,native_pdf,pond_a,0.939428,0.976908,0.690024,0.791429,0.934783,0.923077,0.8725,0.772487,0
2221,evaluation,Complex,native_pdf,pond_a,0.936226,0.979248,0.590809,0.495519,0.887701,0.933333,0.753623,0.133333,1
2222,development,Complex,scan,pond_a,0.828017,0.998731,0.386803,0.781914,0.738397,1.0,0.435484,0.727273,1
2223,development,Complex,scan,pond_a,0.55164,0.273891,0.319982,0.663228,0.338028,0.415385,0.294118,0.527397,0
2224,evaluation,Simple,scan,pond_b,0.944765,0.976647,0.890027,0.904316,0.945946,0.923077,0.982759,0.937931,0
2225,evaluation,Complex,native_pdf,pond_b,0.777125,0.285061,0.23985,0.741251,0.6,0.415385,0.192308,0.591837,0
2226,development,Simple,native_pdf,pond_b,0.894253,0.973504,0.832368,0.933997,0.83871,0.916667,0.891117,1.0,0
2227,development,Simple,native_pdf,pond_a,0.952369,0.905439,0.857867,0.84192,0.945946,0.809353,0.951456,0.80137,0
2228,development,Simple,native_pdf,pond_b,0.970571,0.984491,0.933391,0.927924,0.977778,0.957792,1.0,1.0,1
2229,evaluation,Complex,native_pdf,pond_b,0.617108,0.152703,0.428875,0.745389,0.421053,0.16,0.527778,0.687861,0
2230,development,Complex,native_pdf,pond_b,0.868524,0.763609,0.59871,0.888119,0.768421,0.727723,0.753623,0.902174,1
2231,development,Moderate,native_pdf,pond_a,0.85083,0.838015,0.54699,0.790396,0.744681,0.77027,0.681818,0.772487,1
2232,development,Complex,scan,pond_b,0.779322,0.819751,0.340857,0.738338,0.6,0.727723,0.375,0.591837,0
2233,development,Moderate,native_pdf,pond_a,0.815926,0.751007,0.538708,0.697389,0.738397,0.727723,0.581673,0.527397,0
2234,development,Simple,native_pdf,pond_b,0.950793,0.992771,0.755957,0.91434,0.945946,0.989848,0.8725,0.987179,1
2235,development,Moderate,native_pdf,pond_a,0.91391,0.982266,0.72332,0.712264,0.857143,0.957792,0.8725,0.590909,1
2236,evaluation,Complex,native_pdf,pond_a,0.847289,0.935249,0.3047,0.748638,0.744681,0.867188,0.25,0.687861,0
2237,development,Complex,scan,pond_b,0.587179,0.868196,0.607347,0.632998,0.421053,0.809353,0.753623,0.388889,0
2238,evaluation,Complex,native_pdf,pond_b,0.786527,0.780615,0.618701,0.764572,0.672131,0.727723,0.753623,0.687861,1
2239,evaluation,Moderate,native_pdf,pond_b,0.89607,0.915867,0.549137,0.835064,0.843284,0.859015,0.681818,0.80137,0
2240,development,Moderate,native_pdf,pond_a,0.801685,0.69217,0.568214,0.813435,0.672727,0.567568,0.681818,0.772487,1
2241,development,Simple,native_pdf,pond_b,0.912895,0.990128,0.693774,0.85204,0.857143,0.957792,0.8725,0.894737,1
2242,development,Simple,scan,pond_b,0.682907,0.942074,0.632031,0.861779,0.552632,0.867188,0.778571,0.897233,0
2243,evaluation,Simple,scan,pond_a,0.856395,0.997003,0.827369,0.781952,0.768421,0.989848,0.891117,0.727273,1
2244,evaluation,Moderate,scan,pond_a,0.601577,0.519919,0.452223,0.829494,0.421053,0.485714,0.581673,0.791444,0
2245,evaluation,Moderate,scan,pond_a,0.717922,0.100034,0.448877,0.824587,0.552632,0.0,0.581673,0.791444,0
2246,development,Complex,native_pdf,pond_b,0.671804,0.123805,0.151495,0.883029,0.552632,0.0,0.12,0.902174,0
2247,evaluation,Simple,scan,pond_a,0.970322,0.992632,0.885228,0.867283,0.973023,0.989848,0.982759,0.897233,1
2248,evaluation,Complex,native_pdf,pond_a,0.524579,0.24121,0.130453,0.73865,0.338028,0.415385,0.12,0.591837,0
2249,development,Simple,native_pdf,pond_a,0.956611,0.994157,0.956534,0.826115,0.966942,0.989848,1.0,0.791444,1
2250,evaluation,Simple,scan,pond_b,0.66935,0.412294,0.495464,0.831946,0.552632,0.415385,0.581673,0.791444,0
2251,development,Moderate,scan,pond_b,0.660815,0.893744,0.850614,0.938683,0.5,0.809353,0.951456,1.0,1
2252,evaluation,Moderate,scan,pond_a,0.719581,0.825599,0.671253,0.834975,0.552632,0.727723,0.863158,0.80137,0
2253,evaluation,Simple,native_pdf,pond_a,0.937158,0.973945,0.878387,0.834497,0.934783,0.923077,0.979798,0.80137,1
2254,evaluation,Simple,scan,pond_b,0.821038,0.75061,0.521794,0.877396,0.738397,0.727723,0.581673,0.897233,0
2255,development,Simple,scan,pond_b,0.737375,0.892579,0.713588,0.822873,0.591398,0.809353,0.8725,0.791444,1
2256,evaluation,Complex,scan,pond_a,0.701126,0.538257,0.636509,0.51784,0.552632,0.485714,0.778571,0.133333,1
2257,development,Moderate,scan,pond_b,0.615294,0.965516,0.852065,0.844943,0.421053,0.88172,0.951456,0.868132,1
2258,development,Simple,scan,pond_a,0.757974,0.807621,0.810189,0.731913,0.591398,0.727723,0.891117,0.591837,0
2259,development,Simple,native_pdf,pond_a,0.861405,0.791712,0.714643,0.85198,0.768421,0.727723,0.8725,0.894737,1
2260,development,Simple,native_pdf,pond_b,0.883188,0.969328,0.665837,0.846859,0.789474,0.88172,0.863158,0.868132,0
2261,evaluation,Complex,scan,pond_b,0.62447,0.82896,0.248636,0.725009,0.421053,0.727723,0.192308,0.591837,0
2262,development,Simple,scan,pond_b,0.850917,0.993759,0.905673,0.818068,0.744681,0.989848,0.982759,0.791444,1
2263,development,Simple,scan,pond_a,0.774455,0.706842,0.631161,0.808407,0.591398,0.567568,0.778571,0.772487,0
2264,development,Complex,native_pdf,pond_b,0.676939,0.500441,0.35064,0.761489,0.552632,0.485714,0.435484,0.687861,0
2265,evaluation,Simple,scan,pond_a,0.83241,0.895054,0.624778,0.854236,0.738397,0.809353,0.778571,0.894737,0
2266,development,Complex,native_pdf,pond_a,0.729257,0.318197,0.37665,0.696143,0.552632,0.415385,0.435484,0.527397,0
2267,development,Simple,scan,pond_a,0.919891,0.994169,0.790245,0.744907,0.887701,0.989848,0.891117,0.687861,0
2268,evaluation,Complex,scan,pond_b,0.692617,0.612736,0.43235,0.66087,0.552632,0.485714,0.581673,0.527397,0
2269,evaluation,Complex,native_pdf,pond_a,0.784909,0.354105,0.415261,0.642575,0.672131,0.415385,0.435484,0.388889,1
2270,evaluation,Complex,native_pdf,pond_a,0.843105,0.63803,0.229509,0.749603,0.738397,0.54386,0.192308,0.687861,0
2271,evaluation,Moderate,native_pdf,pond_a,0.852072,0.886579,0.470752,0.681888,0.744681,0.809353,0.581673,0.527397,0
2272,development,Moderate,native_pdf,pond_a,0.939341,0.947021,0.738472,0.71972,0.934783,0.867188,0.8725,0.591837,0
2273,evaluation,Simple,native_pdf,pond_a,0.941602,0.979012,0.638726,0.754729,0.934783,0.933333,0.778571,0.687861,1
2274,evaluation,Moderate,scan,pond_b,0.781583,0.98518,0.893997,0.855871,0.672131,0.957792,0.982759,0.894737,1
2275,evaluation,Moderate,scan,pond_b,0.476951,0.16049,0.471497,0.695944,0.235294,0.16,0.581673,0.527397,0
2276,evaluation,Complex,native_pdf,pond_a,0.742913,0.514442,0.200207,0.729655,0.591398,0.485714,0.153846,0.591837,0
2277,development,Simple,scan,pond_b,0.853763,0.919189,0.796522,0.849472,0.768421,0.862069,0.891117,0.868132,1
2278,development,Moderate,native_pdf,pond_b,0.896055,0.787307,0.904966,0.84361,0.843284,0.727723,0.982759,0.80137,0
2279,evaluation,Complex,scan,pond_b,0.776303,0.810567,0.484672,0.828133,0.6,0.727723,0.581673,0.791444,1
2280,evaluation,Simple,native_pdf,pond_a,0.912311,0.917149,0.435509,0.864921,0.857143,0.862069,0.581673,0.897233,0
2281,development,Simple,native_pdf,pond_b,0.938702,0.869012,0.863889,0.792819,0.934783,0.809353,0.951456,0.772487,1
2282,development,Moderate,scan,pond_a,0.728622,0.96359,0.693894,0.794569,0.552632,0.88172,0.8725,0.772487,1
2283,development,Simple,scan,pond_a,0.930267,0.996269,0.903895,0.82332,0.887701,0.989848,0.982759,0.791444,1
2284,development,Simple,scan,pond_a,0.924281,0.993519,0.840512,0.752291,0.887701,0.989848,0.9375,0.687861,1
2285,evaluation,Complex,scan,pond_a,0.50956,0.804998,0.566071,0.781506,0.338028,0.727723,0.681818,0.727273,1
2286,development,Simple,native_pdf,pond_b,0.940144,0.801239,0.867297,0.861357,0.934783,0.727723,0.979798,0.897233,1
2287,evaluation,Complex,native_pdf,pond_a,0.888382,0.987005,0.651251,0.629036,0.789474,0.957792,0.778571,0.388889,0
2288,development,Simple,scan,pond_a,0.876271,0.962167,0.79392,0.812538,0.777778,0.88172,0.891117,0.772487,1
2289,development,Simple,native_pdf,pond_a,0.852656,0.97658,0.887551,0.855515,0.744681,0.923077,0.982759,0.894737,1
2290,development,Simple,native_pdf,pond_a,0.921127,0.990459,0.871772,0.793869,0.887701,0.957792,0.979798,0.772487,1
2291,evaluation,Simple,native_pdf,pond_a,0.883088,0.968681,0.764717,0.788506,0.789474,0.88172,0.8725,0.772487,1
2292,development,Simple,native_pdf,pond_b,0.896115,0.916273,0.782433,0.88085,0.843284,0.862069,0.891117,0.902174,1
2293,development,Simple,scan,pond_b,0.834608,0.95252,0.747854,0.879554,0.738397,0.88172,0.8725,0.897233,0
2294,evaluation,Simple,scan,pond_b,0.867224,0.955133,0.739467,0.820659,0.768421,0.88172,0.8725,0.791444,0
2295,evaluation,Simple,scan,pond_b,0.892325,0.900369,0.541112,0.870133,0.793103,0.809353,0.581673,0.897233,0
2296,development,Moderate,scan,pond_b,0.62175,0.814294,0.485872,0.894326,0.421053,0.727723,0.581673,0.937931,0
2297,evaluation,Complex,scan,pond_b,0.7809,0.893097,0.392951,0.819606,0.672131,0.809353,0.435484,0.791444,0
2298,development,Moderate,scan,pond_b,0.759755,0.656067,0.826671,0.817154,0.591398,0.54386,0.891117,0.791444,0
2299,evaluation,Simple,native_pdf,pond_b,0.945555,0.99218,0.785654,0.829594,0.945946,0.989848,0.891117,0.791444,1
2300,development,Complex,native_pdf,pond_b,0.905138,0.933179,0.361036,0.69444,0.843284,0.865854,0.435484,0.527397,0
2301,evaluation,Simple,scan,pond_a,0.804665,0.754119,0.766805,0.902612,0.672727,0.727723,0.8725,0.937931,0
2302,development,Moderate,scan,pond_a,0.841423,0.990436,0.577206,0.83301,0.738397,0.957792,0.753623,0.80137,0
2303,evaluation,Complex,scan,pond_a,0.641233,0.4373,0.31976,0.646389,0.421053,0.419355,0.294118,0.388889,0
2304,development,Simple,scan,pond_a,0.857139,0.954419,0.795773,0.787825,0.768421,0.88172,0.891117,0.772487,1
2305,development,Moderate,scan,pond_a,0.822935,0.911347,0.572807,0.771892,0.738397,0.809353,0.75,0.727273,0
2306,evaluation,Simple,native_pdf,pond_a,0.96652,0.954537,0.851046,0.852042,0.966942,0.88172,0.951456,0.894737,1
2307,development,Simple,scan,pond_b,0.967895,0.994804,0.947127,0.867462,0.966942,0.989848,1.0,0.897233,1
2308,development,Simple,native_pdf,pond_b,0.960647,0.990322,0.88085,0.864815,0.966942,0.957792,0.979798,0.897233,0
2309,development,Simple,native_pdf,pond_b,0.900247,0.971956,0.922539,0.888843,0.843284,0.88172,1.0,0.911111,0
2310,evaluation,Simple,native_pdf,pond_b,0.586375,0.252829,0.205823,0.914211,0.421053,0.415385,0.183218,0.987179,0
2311,development,Simple,scan,pond_b,0.759007,0.877443,0.835873,0.873229,0.591398,0.809353,0.891117,0.897233,0
2312,development,Simple,native_pdf,pond_a,0.9068,0.974864,0.795901,0.686455,0.843284,0.923077,0.891117,0.527397,1
2313,development,Simple,native_pdf,pond_a,0.948619,0.99165,0.940551,0.803357,0.945946,0.957792,1.0,0.772487,1
2314,development,Simple,native_pdf,pond_b,0.892128,0.736033,0.719062,0.894802,0.793103,0.727723,0.8725,0.937931,1
2315,evaluation,Simple,scan,pond_a,0.782176,0.976466,0.722322,0.761789,0.672131,0.923077,0.8725,0.687861,1
2316,development,Simple,scan,pond_b,0.844097,0.860098,0.667785,0.888134,0.744681,0.809353,0.863158,0.911111,1
2317,evaluation,Simple,native_pdf,pond_b,0.814676,0.507277,0.250888,0.900103,0.738397,0.485714,0.192308,0.937931,1
2318,evaluation,Moderate,scan,pond_b,0.885627,0.983697,0.659786,0.734222,0.789474,0.957792,0.778571,0.591837,1
2319,evaluation,Simple,native_pdf,pond_b,0.950673,0.986117,0.905047,0.90002,0.945946,0.957792,0.982759,0.937931,1
2320,development,Simple,scan,pond_a,0.863404,0.994729,0.754074,0.868695,0.768421,0.989848,0.8725,0.897233,0
2321,development,Simple,scan,pond_a,0.885946,0.979323,0.85392,0.903154,0.789474,0.933333,0.951456,0.937931,1
2322,development,Complex,native_pdf,pond_b,0.900392,0.267985,0.418519,0.909182,0.843284,0.415385,0.527778,0.987179,0
2323,development,Moderate,scan,pond_a,0.769081,0.78644,0.735509,0.663102,0.591398,0.727723,0.8725,0.527397,0
2324,development,Simple,scan,pond_b,0.888001,0.960471,0.770439,0.841373,0.789474,0.88172,0.8725,0.80137,0
2325,evaluation,Complex,native_pdf,pond_a,0.668041,0.460237,0.463249,0.760435,0.5,0.485714,0.581673,0.687861,0
2326,evaluation,Simple,native_pdf,pond_a,0.861709,0.891919,0.765291,0.840319,0.768421,0.809353,0.8725,0.80137,1
2327,development,Moderate,scan,pond_a,0.691334,0.296305,0.473767,0.633762,0.552632,0.415385,0.581673,0.388889,0
2328,development,Moderate,scan,pond_b,0.852765,0.510269,0.950251,0.85721,0.744681,0.485714,1.0,0.894737,0
2329,evaluation,Simple,native_pdf,pond_b,0.956919,0.979687,0.707502,0.819772,0.966942,0.933333,0.8725,0.791444,1
2330,development,Simple,native_pdf,pond_a,0.912598,0.830502,0.503292,0.818673,0.857143,0.727723,0.581673,0.791444,0
2331,development,Simple,native_pdf,pond_a,0.94737,0.901124,0.805412,0.763146,0.945946,0.809353,0.891117,0.687861,1
2332,evaluation,Simple,native_pdf,pond_b,0.9471,0.904796,0.887216,0.867334,0.945946,0.809353,0.982759,0.897233,1
2333,evaluation,Complex,scan,pond_b,0.583393,0.368804,0.252374,0.770901,0.421053,0.415385,0.192308,0.727273,0
2334,evaluation,Complex,scan,pond_b,0.732734,0.85624,0.700649,0.831065,0.552632,0.809353,0.8725,0.791444,1
2335,evaluation,Simple,native_pdf,pond_b,0.945601,0.97366,0.774724,0.86553,0.945946,0.923077,0.888889,0.897233,1
2336,development,Simple,scan,pond_b,0.909695,0.937039,0.746209,0.933184,0.857143,0.867188,0.8725,1.0,0
2337,development,Simple,scan,pond_a,0.842598,0.964794,0.783927,0.850069,0.738397,0.88172,0.891117,0.868132,0
2338,evaluation,Simple,scan,pond_a,0.885169,0.889742,0.590171,0.832458,0.789474,0.809353,0.753623,0.791444,0
2339,development,Moderate,native_pdf,pond_b,0.896742,0.924321,0.859845,0.83519,0.843284,0.862069,0.951456,0.80137,0
2340,evaluation,Simple,native_pdf,pond_a,0.964682,0.94254,0.806197,0.836418,0.966942,0.867188,0.891117,0.80137,0
2341,development,Simple,scan,pond_b,0.65438,0.586344,0.575685,0.823731,0.5,0.485714,0.753623,0.791444,1
2342,development,Simple,scan,pond_b,0.890198,0.982734,0.890386,0.844496,0.793103,0.957792,0.982759,0.868132,1
2343,evaluation,Complex,native_pdf,pond_a,0.938827,0.63802,0.615415,0.82674,0.934783,0.54386,0.753623,0.791444,0
2344,development,Simple,native_pdf,pond_b,0.958185,0.991879,0.93815,0.848333,0.966942,0.989848,1.0,0.868132,1
2345,evaluation,Complex,native_pdf,pond_a,0.771205,0.572027,0.298547,0.703627,0.591398,0.485714,0.233893,0.56083,0
2346,evaluation,Moderate,native_pdf,pond_a,0.896551,0.903694,0.735333,0.803869,0.843284,0.809353,0.8725,0.772487,1
2347,evaluation,Moderate,scan,pond_b,0.905004,0.966109,0.916057,0.843969,0.843284,0.88172,1.0,0.868132,1
2348,evaluation,Moderate,native_pdf,pond_b,0.93175,0.901191,0.80981,0.8572,0.887701,0.809353,0.891117,0.894737,1
2349,evaluation,Moderate,native_pdf,pond_a,0.897699,0.947316,0.89123,0.849982,0.843284,0.867188,0.982759,0.868132,1
2350,evaluation,Simple,scan,pond_b,0.738713,0.81222,0.926713,0.88581,0.591398,0.727723,1.0,0.902174,1
2351,evaluation,Complex,native_pdf,pond_b,0.70302,0.387267,0.464804,0.677418,0.552632,0.415385,0.581673,0.527397,0
2352,evaluation,Complex,native_pdf,pond_a,0.7025,0.737062,0.111687,0.641106,0.552632,0.727723,0.12,0.388889,0
2353,development,Moderate,scan,pond_a,0.860612,0.916313,0.813966,0.863855,0.768421,0.862069,0.891117,0.897233,0
2354,development,Simple,scan,pond_b,0.841441,0.927223,0.827245,0.941477,0.738397,0.865854,0.891117,1.0,1
2355,development,Simple,scan,pond_b,0.77325,0.72231,0.817648,0.926097,0.591398,0.567568,0.891117,1.0,0
2356,development,Moderate,native_pdf,pond_a,0.801543,0.862223,0.637815,0.841407,0.672727,0.809353,0.778571,0.80137,0
2357,development,Moderate,native_pdf,pond_a,0.68504,0.687834,0.3415,0.816866,0.552632,0.567568,0.375,0.772487,0
2358,evaluation,Moderate,scan,pond_a,0.663871,0.771916,0.485068,0.72489,0.5,0.727723,0.581673,0.591837,0
2359,development,Moderate,native_pdf,pond_a,0.737951,0.857019,0.673295,0.59404,0.591398,0.809353,0.863158,0.307692,0
2360,development,Simple,scan,pond_a,0.763867,0.918721,0.413459,0.829605,0.591398,0.862069,0.435484,0.791444,0
2361,evaluation,Simple,native_pdf,pond_a,0.907986,0.967765,0.818959,0.813926,0.843284,0.88172,0.891117,0.772487,0
2362,development,Simple,scan,pond_a,0.651186,0.651357,0.467392,0.831103,0.5,0.54386,0.581673,0.791444,1
2363,development,Simple,native_pdf,pond_a,0.94589,0.948162,0.863322,0.811558,0.945946,0.867188,0.951456,0.772487,1
2364,evaluation,Simple,native_pdf,pond_a,0.828048,0.974134,0.707822,0.768695,0.738397,0.923077,0.8725,0.727273,0
2365,evaluation,Complex,scan,pond_a,0.786538,0.790197,0.387257,0.688513,0.672131,0.727723,0.435484,0.527397,0
2366,development,Simple,scan,pond_a,0.967064,0.986087,0.537672,0.906201,0.966942,0.957792,0.581673,0.937931,1
2367,development,Simple,scan,pond_a,0.909857,0.980346,0.762365,0.708855,0.857143,0.933333,0.8725,0.571429,0
2368,development,Simple,native_pdf,pond_b,0.958432,0.979452,0.947662,0.886709,0.966942,0.933333,1.0,0.902174,1
2369,evaluation,Complex,scan,pond_b,0.516509,0.226685,0.149071,0.891571,0.338028,0.415385,0.12,0.911111,0
2370,evaluation,Complex,scan,pond_a,0.738791,0.075962,0.436184,0.540726,0.591398,0.0,0.581673,0.133333,0
2371,development,Complex,native_pdf,pond_a,0.624062,0.250376,0.464925,0.684327,0.421053,0.415385,0.581673,0.527397,0
2372,evaluation,Complex,native_pdf,pond_b,0.717154,0.172557,0.441763,0.768014,0.552632,0.16,0.581673,0.727273,0
2373,development,Complex,native_pdf,pond_a,0.779648,0.802757,0.722571,0.754364,0.672131,0.727723,0.8725,0.687861,1
2374,evaluation,Moderate,scan,pond_b,0.669235,0.182394,0.393576,0.872959,0.552632,0.16,0.435484,0.897233,0
2375,development,Simple,native_pdf,pond_a,0.953425,0.755341,0.874388,0.851555,0.966942,0.727723,0.979798,0.894737,1
2376,development,Moderate,scan,pond_b,0.720655,0.980413,0.71929,0.858268,0.552632,0.933333,0.8725,0.894737,1
2377,development,Simple,native_pdf,pond_a,0.926213,0.932515,0.64971,0.731621,0.887701,0.865854,0.778571,0.591837,0
2378,development,Simple,scan,pond_b,0.874547,0.938288,0.834349,0.896061,0.777778,0.867188,0.891117,0.937931,1
2379,evaluation,Complex,native_pdf,pond_a,0.679847,0.153185,0.165191,0.662076,0.552632,0.16,0.153846,0.527397,0
2380,evaluation,Moderate,native_pdf,pond_a,0.455209,0.26289,0.172226,0.854958,0.235294,0.415385,0.153846,0.894737,0
2381,evaluation,Moderate,native_pdf,pond_a,0.812063,0.939105,0.377871,0.757953,0.738397,0.867188,0.435484,0.687861,0
2382,evaluation,Moderate,scan,pond_b,0.686644,0.555785,0.56625,0.881405,0.552632,0.485714,0.681818,0.902174,0
2383,development,Complex,scan,pond_b,0.704235,0.097854,0.423303,0.664625,0.552632,0.0,0.527778,0.527397,0
2384,development,Complex,scan,pond_b,0.466001,0.190732,0.491414,0.596409,0.235294,0.415385,0.581673,0.307692,0
2385,evaluation,Simple,native_pdf,pond_b,0.945688,0.969543,0.860726,0.928883,0.945946,0.88172,0.951456,1.0,1
2386,evaluation,Moderate,native_pdf,pond_b,0.807406,0.882467,0.688816,0.867445,0.672727,0.809353,0.8725,0.897233,1
2387,development,Simple,scan,pond_a,0.772107,0.540018,0.523296,0.797748,0.591398,0.485714,0.581673,0.772487,0
2388,evaluation,Complex,native_pdf,pond_b,0.802951,0.695087,0.615576,0.568563,0.672727,0.567568,0.753623,0.133333,1
2389,evaluation,Moderate,native_pdf,pond_a,0.916218,0.807835,0.705761,0.782015,0.857143,0.727723,0.8725,0.727273,1
2390,evaluation,Moderate,scan,pond_b,0.805014,0.986519,0.689092,0.817892,0.672727,0.957792,0.8725,0.791444,0
2391,development,Moderate,scan,pond_a,0.541984,0.349951,0.407994,0.500492,0.338028,0.415385,0.435484,0.133333,0
2392,evaluation,Moderate,scan,pond_b,0.767193,0.854039,0.739386,0.87806,0.591398,0.809353,0.8725,0.897233,0
2393,development,Simple,native_pdf,pond_b,0.92579,0.948627,0.778375,0.870273,0.887701,0.868421,0.891117,0.897233,1
2394,development,Moderate,scan,pond_b,0.695714,0.821429,0.827251,0.877452,0.552632,0.727723,0.891117,0.897233,0
2395,development,Simple,native_pdf,pond_a,0.906298,0.978729,0.652147,0.860941,0.843284,0.933333,0.778571,0.894737,1
2396,development,Simple,native_pdf,pond_a,0.862703,0.908364,0.849856,0.878149,0.768421,0.809353,0.951456,0.897233,0
2397,development,Simple,scan,pond_b,0.712016,0.91655,0.623522,0.937248,0.552632,0.862069,0.753623,1.0,0
2398,evaluation,Complex,scan,pond_a,0.713163,0.769057,0.795599,0.663087,0.552632,0.727723,0.891117,0.527397,0
2399,evaluation,Simple,scan,pond_a,0.857834,0.981728,0.775145,0.82713,0.768421,0.957792,0.888889,0.791444,1
2400,evaluation,Moderate,scan,pond_b,0.474489,0.51309,0.423358,0.782831,0.235294,0.485714,0.527778,0.727273,0
2401,development,Moderate,scan,pond_b,0.426703,0.225224,0.182397,0.804532,0.235294,0.415385,0.153846,0.772487,0
2402,development,Moderate,native_pdf,pond_a,0.925873,0.935132,0.812955,0.752927,0.887701,0.867188,0.891117,0.687861,1
2403,development,Complex,scan,pond_a,0.737237,0.83999,0.764152,0.719963,0.591398,0.77027,0.8725,0.591837,1
2404,evaluation,Moderate,scan,pond_a,0.936567,0.85431,0.868224,0.718647,0.887701,0.809353,0.979798,0.591837,0
2405,development,Simple,native_pdf,pond_b,0.913478,0.991098,0.862807,0.882958,0.857143,0.957792,0.951456,0.902174,0
2406,development,Moderate,scan,pond_a,0.766554,0.845561,0.486573,0.702357,0.591398,0.77027,0.581673,0.527397,1
2407,development,Complex,native_pdf,pond_b,0.825164,0.593895,0.402699,0.701986,0.738397,0.485714,0.435484,0.527397,1
2408,evaluation,Simple,native_pdf,pond_a,0.965655,0.998158,0.764415,0.789556,0.966942,1.0,0.8725,0.772487,1
2409,evaluation,Simple,scan,pond_a,0.731071,0.925355,0.791526,0.842401,0.552632,0.862069,0.891117,0.80137,1
2410,evaluation,Moderate,native_pdf,pond_b,0.890585,0.533279,0.531356,0.814382,0.793103,0.485714,0.581673,0.772487,0
2411,development,Moderate,native_pdf,pond_b,0.880121,0.781339,0.64729,0.721541,0.789474,0.727723,0.778571,0.591837,0
2412,development,Simple,native_pdf,pond_b,0.805118,0.930317,0.728059,0.8259,0.672727,0.865854,0.8725,0.791444,1
2413,evaluation,Simple,native_pdf,pond_a,0.941458,0.99856,0.933027,0.815778,0.934783,1.0,1.0,0.772487,1
2414,evaluation,Moderate,native_pdf,pond_a,0.931479,0.917477,0.832289,0.847371,0.887701,0.862069,0.891117,0.868132,1
2415,evaluation,Moderate,native_pdf,pond_a,0.861926,0.599501,0.734715,0.764636,0.768421,0.485714,0.8725,0.687861,0
2416,development,Simple,native_pdf,pond_a,0.794889,0.789033,0.287821,0.807841,0.672727,0.727723,0.192308,0.772487,0
2417,development,Simple,native_pdf,pond_a,0.860817,0.932227,0.616451,0.836809,0.768421,0.865854,0.753623,0.80137,0
2418,development,Simple,native_pdf,pond_a,0.922392,0.935966,0.77111,0.691701,0.887701,0.867188,0.8725,0.527397,0
2419,evaluation,Moderate,native_pdf,pond_b,0.876643,0.818249,0.42036,0.742112,0.777778,0.727723,0.527778,0.591837,0
2420,evaluation,Complex,native_pdf,pond_a,0.85699,0.846871,0.285172,0.804339,0.768421,0.77027,0.192308,0.772487,0
2421,development,Moderate,native_pdf,pond_a,0.838126,0.833402,0.595094,0.709709,0.738397,0.77027,0.753623,0.590909,1
2422,evaluation,Simple,native_pdf,pond_a,0.982869,0.994184,0.870417,0.845089,0.977778,0.989848,0.979798,0.868132,1
2423,development,Simple,scan,pond_a,0.900114,0.992574,0.824591,0.862438,0.843284,0.989848,0.891117,0.897233,1
2424,development,Simple,scan,pond_b,0.840866,0.985646,0.890934,0.84208,0.738397,0.957792,0.982759,0.80137,0
2425,development,Simple,scan,pond_a,0.884376,0.965101,0.788336,0.793778,0.789474,0.88172,0.891117,0.772487,0
2426,development,Moderate,scan,pond_b,0.496954,0.338596,0.562397,0.863556,0.333333,0.415385,0.681818,0.897233,0
2427,development,Simple,native_pdf,pond_a,0.773334,0.637793,0.590633,0.712935,0.591398,0.54386,0.753623,0.590909,0
2428,development,Moderate,native_pdf,pond_a,0.807042,0.811919,0.412173,0.741072,0.672727,0.727723,0.435484,0.591837,0
2429,development,Moderate,scan,pond_b,0.540316,0.792809,0.435193,0.838288,0.338028,0.727723,0.581673,0.80137,0
2430,development,Simple,scan,pond_b,0.819545,0.886961,0.467877,0.860225,0.738397,0.809353,0.581673,0.894737,1
2431,development,Moderate,scan,pond_a,0.64504,0.837763,0.450584,0.825163,0.421053,0.77027,0.581673,0.791444,0
2432,evaluation,Moderate,native_pdf,pond_b,0.889436,0.996133,0.555343,0.836463,0.789474,0.989848,0.681818,0.80137,0
2433,development,Simple,scan,pond_b,0.843454,0.97238,0.867604,0.836816,0.744681,0.88172,0.979798,0.80137,1
2434,development,Simple,scan,pond_b,0.851887,0.895118,0.897535,0.918318,0.744681,0.809353,0.982759,0.987179,0
2435,evaluation,Moderate,scan,pond_b,0.686112,0.691789,0.78113,0.842139,0.552632,0.567568,0.891117,0.80137,0
2436,development,Moderate,scan,pond_b,0.896612,0.993011,0.754191,0.906119,0.843284,0.989848,0.8725,0.937931,1
2437,development,Simple,scan,pond_b,0.745069,0.963371,0.798234,0.870034,0.591398,0.88172,0.891117,0.897233,0
2438,development,Simple,scan,pond_b,0.920022,0.992112,0.722414,0.804769,0.887701,0.989848,0.8725,0.772487,1
2439,development,Moderate,native_pdf,pond_b,0.778478,0.778387,0.340425,0.867643,0.6,0.727723,0.375,0.897233,1
2440,evaluation,Simple,scan,pond_a,0.755296,0.683746,0.726711,0.686138,0.591398,0.567568,0.8725,0.527397,0
2441,evaluation,Moderate,native_pdf,pond_b,0.971891,0.978774,0.724505,0.878419,0.977778,0.933333,0.8725,0.897233,0
2442,development,Complex,native_pdf,pond_b,0.654019,0.205333,0.215023,0.732491,0.5,0.415385,0.192308,0.591837,0
2443,evaluation,Complex,native_pdf,pond_b,0.624503,0.584344,0.201924,0.724855,0.421053,0.485714,0.153846,0.591837,0
2444,development,Moderate,scan,pond_b,0.741064,0.945585,0.531955,0.855649,0.591398,0.867188,0.581673,0.894737,0
2445,evaluation,Simple,native_pdf,pond_a,0.831907,0.776561,0.557614,0.773021,0.738397,0.727723,0.681818,0.727273,0
2446,development,Moderate,scan,pond_a,0.538343,0.607367,0.366607,0.6632,0.338028,0.485714,0.435484,0.527397,0
2447,development,Complex,scan,pond_b,0.665693,0.672148,0.348695,0.727527,0.5,0.54386,0.435484,0.591837,0
2448,evaluation,Moderate,native_pdf,pond_a,0.919868,0.987469,0.676241,0.737775,0.887701,0.957792,0.863158,0.591837,0
2449,evaluation,Simple,native_pdf,pond_a,0.974154,0.993942,0.736356,0.847063,0.977778,0.989848,0.8725,0.868132,1
2450,evaluation,Moderate,native_pdf,pond_a,0.899557,0.99285,0.730068,0.682489,0.843284,0.989848,0.8725,0.527397,0
2451,development,Simple,scan,pond_b,0.932325,0.892449,0.833524,0.83839,0.887701,0.809353,0.891117,0.80137,0
2452,evaluation,Moderate,scan,pond_a,0.614572,0.621772,0.771434,0.717274,0.421053,0.521739,0.8725,0.591837,0
2453,development,Complex,scan,pond_b,0.574861,0.691613,0.260309,0.784186,0.338028,0.567568,0.192308,0.727273,0
2454,evaluation,Simple,native_pdf,pond_a,0.907419,0.992237,0.765952,0.857261,0.843284,0.989848,0.8725,0.894737,1
2455,evaluation,Complex,scan,pond_a,0.484435,0.290459,0.55074,0.801733,0.235294,0.415385,0.681818,0.772487,0
2456,development,Simple,native_pdf,pond_b,0.942457,0.982944,0.882138,0.828343,0.934783,0.957792,0.979798,0.791444,1
2457,evaluation,Moderate,native_pdf,pond_a,0.84019,0.88656,0.67959,0.808865,0.738397,0.809353,0.863158,0.772487,0
2458,evaluation,Simple,scan,pond_b,0.914434,0.994068,0.810594,0.903979,0.857143,0.989848,0.891117,0.937931,1
2459,evaluation,Simple,native_pdf,pond_a,0.937717,0.985267,0.764281,0.846682,0.934783,0.957792,0.8725,0.868132,1
2460,development,Complex,native_pdf,pond_a,0.735295,0.463713,0.318927,0.605133,0.591398,0.485714,0.294118,0.307692,0
2461,development,Moderate,native_pdf,pond_b,0.922089,0.997608,0.753678,0.861822,0.887701,1.0,0.8725,0.897233,1
2462,development,Simple,scan,pond_a,0.526243,0.896747,0.789018,0.835027,0.338028,0.809353,0.891117,0.80137,0
2463,evaluation,Complex,native_pdf,pond_b,0.768837,0.625079,0.735391,0.776677,0.591398,0.521739,0.8725,0.727273,0
2464,evaluation,Complex,native_pdf,pond_b,0.833009,0.959983,0.407437,0.88532,0.738397,0.88172,0.435484,0.902174,1
2465,development,Moderate,native_pdf,pond_a,0.695771,0.310266,0.35491,0.755862,0.552632,0.415385,0.435484,0.687861,1
2466,evaluation,Moderate,scan,pond_a,0.837069,0.96548,0.798605,0.778164,0.738397,0.88172,0.891117,0.727273,1
2467,evaluation,Simple,native_pdf,pond_b,0.869907,0.988564,0.764912,0.819304,0.768421,0.957792,0.8725,0.791444,0
2468,development,Complex,scan,pond_a,0.512856,0.405506,0.358244,0.756148,0.338028,0.415385,0.435484,0.687861,0
2469,evaluation,Complex,native_pdf,pond_a,0.537041,0.402062,0.229119,0.790692,0.338028,0.415385,0.192308,0.772487,0
2470,development,Simple,scan,pond_a,0.910455,0.97056,0.650659,0.745083,0.857143,0.88172,0.778571,0.687861,0
2471,development,Moderate,scan,pond_b,0.831123,0.793909,0.412064,0.873729,0.738397,0.727723,0.435484,0.897233,0
2472,development,Simple,native_pdf,pond_a,0.950288,0.969884,0.933549,0.806204,0.945946,0.88172,1.0,0.772487,1
2473,evaluation,Simple,native_pdf,pond_b,0.976355,0.997538,0.918955,0.928279,0.977778,1.0,1.0,1.0,1
2474,development,Moderate,native_pdf,pond_b,0.881859,0.871324,0.392945,0.804113,0.789474,0.809353,0.435484,0.772487,1
2475,development,Simple,native_pdf,pond_a,0.944204,0.961751,0.885303,0.846872,0.945946,0.88172,0.982759,0.868132,1
2476,development,Moderate,native_pdf,pond_b,0.842863,0.926434,0.645527,0.852319,0.738397,0.865854,0.778571,0.894737,0
2477,evaluation,Complex,native_pdf,pond_b,0.891541,0.871779,0.54006,0.82556,0.793103,0.809353,0.581673,0.791444,0
2478,development,Simple,native_pdf,pond_b,0.887813,0.948883,0.539889,0.813834,0.789474,0.868421,0.581673,0.772487,0
2479,evaluation,Simple,native_pdf,pond_a,0.97873,0.996368,0.9615,0.803466,0.977778,0.989848,1.0,0.772487,1
2480,evaluation,Simple,native_pdf,pond_a,0.925913,0.960848,0.800379,0.836839,0.887701,0.88172,0.891117,0.80137,0
2481,evaluation,Simple,native_pdf,pond_a,0.923089,0.952032,0.886747,0.838582,0.887701,0.868421,0.982759,0.80137,1
2482,development,Simple,scan,pond_b,0.823251,0.943507,0.549313,0.863932,0.738397,0.867188,0.681818,0.897233,0
2483,development,Complex,native_pdf,pond_a,0.792087,0.955316,0.176191,0.753918,0.672727,0.88172,0.153846,0.687861,0
2484,evaluation,Moderate,native_pdf,pond_a,0.673514,0.684736,0.248796,0.634246,0.552632,0.567568,0.192308,0.388889,0
2485,evaluation,Simple,scan,pond_b,0.787224,0.992016,0.72898,0.855213,0.672131,0.989848,0.8725,0.894737,1
2486,evaluation,Simple,scan,pond_b,0.799346,0.952321,0.637828,0.863526,0.672727,0.88172,0.778571,0.897233,0
2487,evaluation,Complex,scan,pond_b,0.580729,0.898705,0.618858,0.731645,0.421053,0.809353,0.753623,0.591837,0
2488,evaluation,Complex,native_pdf,pond_b,0.77973,0.843185,0.487818,0.774118,0.672131,0.77027,0.581673,0.727273,1
2489,evaluation,Simple,native_pdf,pond_a,0.90563,0.989487,0.844077,0.854058,0.843284,0.957792,0.9375,0.894737,1
2490,development,Simple,scan,pond_b,0.817441,0.759751,0.570139,0.893408,0.738397,0.727723,0.681818,0.937931,0
2491,development,Complex,scan,pond_a,0.745427,0.898665,0.773205,0.754529,0.591398,0.809353,0.8725,0.687861,0
2492,development,Simple,scan,pond_b,0.871442,0.994835,0.893068,0.84152,0.768421,0.989848,0.982759,0.80137,1
2493,development,Simple,scan,pond_b,0.928455,0.996013,0.858194,0.876478,0.887701,0.989848,0.951456,0.897233,1
2494,development,Complex,scan,pond_a,0.589127,0.766352,0.649896,0.599823,0.421053,0.727723,0.778571,0.307692,0
2495,development,Simple,native_pdf,pond_b,0.938269,0.973293,0.674953,0.91353,0.934783,0.916667,0.863158,0.987179,1
2496,development,Moderate,native_pdf,pond_b,0.885195,0.975765,0.821063,0.876596,0.789474,0.923077,0.891117,0.897233,1
2497,development,Complex,scan,pond_b,0.523066,0.278839,0.27982,0.868915,0.338028,0.415385,0.192308,0.897233,0
2498,development,Complex,native_pdf,pond_b,0.785075,0.417739,0.282295,0.8454,0.672131,0.419355,0.192308,0.868132,0
2499,evaluation,Complex,native_pdf,pond_b,0.749881,0.342118,0.298278,0.844103,0.591398,0.415385,0.2258,0.868132,0
2500,evaluation,Moderate,scan,pond_a,0.651188,0.780381,0.643197,0.688103,0.5,0.727723,0.778571,0.527397,0
2501,evaluation,Complex,native_pdf,pond_b,0.670807,0.687787,0.407278,0.737448,0.552632,0.567568,0.435484,0.591837,0
2502,evaluation,Simple,scan,pond_b,0.824756,0.98078,0.80855,0.835528,0.738397,0.933333,0.891117,0.80137,1
2503,evaluation,Simple,scan,pond_b,0.857988,0.989588,0.774912,0.873245,0.768421,0.957792,0.888889,0.897233,0
2504,development,Moderate,native_pdf,pond_a,0.841209,0.687579,0.798426,0.729529,0.738397,0.567568,0.891117,0.591837,0
2505,development,Simple,native_pdf,pond_b,0.948925,0.958453,0.764983,0.762506,0.945946,0.88172,0.8725,0.687861,0
2506,evaluation,Moderate,native_pdf,pond_b,0.834179,0.919123,0.5626,0.842282,0.738397,0.862069,0.681818,0.80137,1
2507,evaluation,Moderate,native_pdf,pond_a,0.806582,0.909887,0.561911,0.753177,0.672727,0.809353,0.681818,0.687861,0
2508,development,Simple,native_pdf,pond_b,0.957583,0.981176,0.904908,0.861155,0.966942,0.933333,0.982759,0.894737,1
2509,development,Simple,scan,pond_a,0.894899,0.970228,0.774583,0.814497,0.83871,0.88172,0.888889,0.772487,1
2510,evaluation,Simple,native_pdf,pond_a,0.840694,0.974159,0.41021,0.752093,0.738397,0.923077,0.435484,0.687861,0
2511,evaluation,Moderate,native_pdf,pond_b,0.691297,0.410281,0.557786,0.854005,0.552632,0.415385,0.681818,0.894737,0
2512,evaluation,Moderate,scan,pond_b,0.778247,0.960754,0.842635,0.906989,0.6,0.88172,0.9375,0.937931,1
2513,evaluation,Simple,scan,pond_b,0.781316,0.866491,0.708337,0.893221,0.672131,0.809353,0.8725,0.937931,0
2514,development,Simple,scan,pond_a,0.837368,0.954637,0.708137,0.808965,0.738397,0.88172,0.8725,0.772487,0
2515,evaluation,Complex,native_pdf,pond_a,0.750573,0.510003,0.420233,0.708713,0.591398,0.485714,0.527778,0.571429,0
2516,development,Simple,native_pdf,pond_b,0.958459,0.98956,0.698958,0.881657,0.966942,0.957792,0.8725,0.902174,0
2517,development,Simple,scan,pond_b,0.876439,0.993749,0.682182,0.882232,0.777778,0.989848,0.863158,0.902174,1
2518,evaluation,Complex,native_pdf,pond_b,0.871032,0.901618,0.727496,0.856602,0.768421,0.809353,0.8725,0.894737,0
2519,development,Simple,scan,pond_a,0.893764,0.994337,0.775425,0.876301,0.83871,0.989848,0.888889,0.897233,1
2520,evaluation,Complex,native_pdf,pond_b,0.742804,0.389508,0.331895,0.797345,0.591398,0.415385,0.363636,0.772487,0
2521,development,Moderate,scan,pond_b,0.894132,0.729365,0.832529,0.865568,0.83871,0.666667,0.891117,0.897233,0
2522,evaluation,Moderate,native_pdf,pond_a,0.773284,0.830802,0.551758,0.789346,0.591398,0.727723,0.681818,0.772487,0
2523,evaluation,Simple,scan,pond_b,0.901022,0.997801,0.790583,0.921491,0.843284,1.0,0.891117,1.0,1
2524,development,Simple,scan,pond_a,0.911387,0.994597,0.920175,0.842603,0.857143,0.989848,1.0,0.80137,1
2525,evaluation,Complex,scan,pond_b,0.48597,0.467509,0.086596,0.814231,0.235294,0.485714,0.12,0.772487,0
2526,evaluation,Simple,native_pdf,pond_b,0.865741,0.978704,0.418483,0.788775,0.768421,0.933333,0.527778,0.772487,1
2527,evaluation,Simple,scan,pond_b,0.720826,0.928318,0.575885,0.827627,0.552632,0.865854,0.753623,0.791444,0
2528,development,Moderate,scan,pond_b,0.688359,0.905276,0.715097,0.802701,0.552632,0.809353,0.8725,0.772487,0
2529,development,Simple,scan,pond_b,0.863676,0.983834,0.884561,0.870087,0.768421,0.957792,0.979798,0.897233,1
2530,evaluation,Moderate,native_pdf,pond_b,0.857081,0.887323,0.659315,0.813596,0.768421,0.809353,0.778571,0.772487,0
2531,evaluation,Simple,scan,pond_b,0.786848,0.993878,0.71479,0.876538,0.672131,0.989848,0.8725,0.897233,1
2532,evaluation,Simple,native_pdf,pond_a,0.947762,0.971023,0.702535,0.683033,0.945946,0.88172,0.8725,0.527397,0
2533,evaluation,Moderate,scan,pond_a,0.840715,0.752654,0.838398,0.854318,0.738397,0.727723,0.9375,0.894737,0
2534,development,Moderate,scan,pond_b,0.609106,0.923384,0.55036,0.758681,0.421053,0.862069,0.681818,0.687861,0
2535,evaluation,Complex,scan,pond_b,0.824741,0.937535,0.639117,0.841103,0.738397,0.867188,0.778571,0.80137,0
2536,evaluation,Simple,native_pdf,pond_a,0.817167,0.968994,0.699591,0.849385,0.738397,0.88172,0.8725,0.868132,1
2537,evaluation,Moderate,scan,pond_b,0.877157,0.933293,0.736391,0.87804,0.777778,0.865854,0.8725,0.897233,1
2538,development,Moderate,native_pdf,pond_b,0.847887,0.71159,0.744886,0.799656,0.744681,0.567568,0.8725,0.772487,0
2539,evaluation,Simple,scan,pond_b,0.84342,0.996798,0.907927,0.930139,0.744681,0.989848,0.982759,1.0,1
2540,development,Simple,scan,pond_b,0.825136,0.987537,0.791693,0.862808,0.738397,0.957792,0.891117,0.897233,1
2541,evaluation,Moderate,native_pdf,pond_b,0.603683,0.200562,0.415163,0.817648,0.421053,0.415385,0.435484,0.791444,0
2542,evaluation,Moderate,scan,pond_a,0.697247,0.952186,0.727581,0.758965,0.552632,0.88172,0.8725,0.687861,1
2543,development,Moderate,scan,pond_a,0.824894,0.963938,0.792254,0.830953,0.738397,0.88172,0.891117,0.791444,1
2544,development,Moderate,native_pdf,pond_b,0.758836,0.37605,0.618764,0.773023,0.591398,0.415385,0.753623,0.727273,0
2545,development,Complex,scan,pond_a,0.623728,0.573868,0.311509,0.747455,0.421053,0.485714,0.25,0.687861,0
2546,development,Moderate,scan,pond_b,0.852282,0.958977,0.761573,0.802371,0.744681,0.88172,0.8725,0.772487,0
2547,evaluation,Moderate,native_pdf,pond_b,0.683703,0.712274,0.491263,0.766494,0.552632,0.567568,0.581673,0.727273,0
2548,development,Complex,scan,pond_b,0.872738,0.995034,0.649048,0.844456,0.768421,0.989848,0.778571,0.868132,1
2549,development,Complex,scan,pond_b,0.800505,0.953562,0.821052,0.859468,0.672727,0.88172,0.891117,0.894737,1
2550,development,Moderate,scan,pond_a,0.888098,0.968619,0.669605,0.691281,0.789474,0.88172,0.863158,0.527397,1
2551,development,Simple,scan,pond_a,0.840476,0.991542,0.784492,0.826913,0.738397,0.957792,0.891117,0.791444,1
2552,development,Simple,native_pdf,pond_b,0.978442,0.996517,0.862374,0.896851,0.977778,0.989848,0.951456,0.937931,1
2553,evaluation,Simple,scan,pond_a,0.835329,0.9422,0.677571,0.861969,0.738397,0.867188,0.863158,0.897233,0
2554,evaluation,Complex,scan,pond_b,0.430712,0.374783,0.200625,0.577682,0.235294,0.415385,0.153846,0.133333,0
2555,evaluation,Moderate,native_pdf,pond_a,0.886178,0.934472,0.678851,0.76439,0.789474,0.865854,0.863158,0.687861,0
2556,evaluation,Moderate,scan,pond_b,0.74319,0.97957,0.602528,0.652985,0.591398,0.933333,0.753623,0.4,1
2557,development,Simple,native_pdf,pond_b,0.971311,0.993489,0.834768,0.853252,0.977778,0.989848,0.891117,0.894737,1
2558,development,Moderate,native_pdf,pond_b,0.834486,0.973229,0.693486,0.87523,0.738397,0.916667,0.8725,0.897233,0
2559,evaluation,Moderate,native_pdf,pond_b,0.896617,0.951299,0.540769,0.907366,0.843284,0.868421,0.581673,0.937931,0
2560,development,Moderate,native_pdf,pond_a,0.854071,0.946173,0.797756,0.74614,0.768421,0.867188,0.891117,0.687861,0
2561,evaluation,Complex,native_pdf,pond_b,0.715856,0.586473,0.227636,0.740506,0.552632,0.485714,0.192308,0.591837,0
2562,development,Moderate,native_pdf,pond_b,0.86508,0.959462,0.280102,0.86296,0.768421,0.88172,0.192308,0.897233,0
2563,evaluation,Moderate,scan,pond_a,0.904323,0.947695,0.859866,0.788622,0.843284,0.867188,0.951456,0.772487,0
2564,development,Simple,native_pdf,pond_a,0.96352,0.96439,0.675165,0.781691,0.966942,0.88172,0.863158,0.727273,0
2565,development,Simple,scan,pond_b,0.723889,0.826804,0.542875,0.855964,0.552632,0.727723,0.581673,0.894737,0
2566,development,Moderate,native_pdf,pond_a,0.92266,0.864758,0.643706,0.825481,0.887701,0.809353,0.778571,0.791444,1
2567,evaluation,Complex,native_pdf,pond_b,0.384657,0.249056,0.254386,0.717931,0.2,0.415385,0.192308,0.591837,0
2568,evaluation,Simple,native_pdf,pond_a,0.982833,0.999251,0.965806,0.823738,0.977778,1.0,1.0,0.791444,1
2569,evaluation,Moderate,native_pdf,pond_b,0.912881,0.987943,0.737043,0.801003,0.857143,0.957792,0.8725,0.772487,0
2570,development,Moderate,scan,pond_a,0.772711,0.410319,0.547234,0.731397,0.591398,0.415385,0.681818,0.591837,0
2571,development,Simple,scan,pond_b,0.884124,0.995913,0.937739,0.915144,0.789474,0.989848,1.0,0.987179,1
2572,evaluation,Simple,scan,pond_a,0.911317,0.810572,0.821771,0.745913,0.857143,0.727723,0.891117,0.687861,1
2573,evaluation,Moderate,scan,pond_a,0.639413,0.430843,0.623872,0.819087,0.421053,0.419355,0.753623,0.791444,0
2574,evaluation,Complex,scan,pond_a,0.599823,0.889896,0.588918,0.5902,0.421053,0.809353,0.753623,0.307692,0
2575,evaluation,Complex,native_pdf,pond_a,0.87633,0.747069,0.480703,0.486546,0.777778,0.727723,0.581673,0.123124,0
2576,development,Simple,scan,pond_b,0.824987,0.966822,0.896221,0.891509,0.738397,0.88172,0.982759,0.911111,1
2577,development,Simple,scan,pond_a,0.730197,0.737977,0.492699,0.85389,0.552632,0.727723,0.581673,0.894737,0
2578,evaluation,Moderate,native_pdf,pond_b,0.934666,0.818741,0.724146,0.814858,0.887701,0.727723,0.8725,0.772487,0
2579,development,Simple,scan,pond_a,0.804176,0.980571,0.549879,0.830771,0.672727,0.933333,0.681818,0.791444,1
2580,development,Simple,native_pdf,pond_b,0.84303,0.816072,0.832174,0.897835,0.738397,0.727723,0.891117,0.937931,0
2581,development,Simple,scan,pond_b,0.900035,0.949305,0.763282,0.896225,0.843284,0.868421,0.8725,0.937931,0
2582,development,Simple,scan,pond_a,0.748376,0.991472,0.517913,0.724188,0.591398,0.957792,0.581673,0.591837,0
2583,evaluation,Simple,scan,pond_b,0.892403,0.983718,0.681432,0.83777,0.793103,0.957792,0.863158,0.80137,1
2584,evaluation,Simple,native_pdf,pond_b,0.90588,0.937607,0.748373,0.834937,0.843284,0.867188,0.8725,0.80137,0
2585,development,Simple,scan,pond_b,0.785604,0.700119,0.781649,0.827606,0.672131,0.567568,0.891117,0.791444,0
2586,evaluation,Complex,native_pdf,pond_b,0.688434,0.469528,0.208718,0.818297,0.552632,0.485714,0.192308,0.791444,0
2587,evaluation,Moderate,scan,pond_a,0.88078,0.932535,0.359305,0.788205,0.789474,0.865854,0.435484,0.772487,0
2588,evaluation,Simple,native_pdf,pond_a,0.973495,0.99865,0.886659,0.8433,0.977778,1.0,0.982759,0.80137,1
2589,development,Simple,scan,pond_b,0.881497,0.989623,0.797326,0.872604,0.789474,0.957792,0.891117,0.897233,1
2590,evaluation,Complex,scan,pond_a,0.465945,0.893055,0.611733,0.777827,0.235294,0.809353,0.753623,0.727273,0
2591,development,Simple,native_pdf,pond_a,0.751837,0.659394,0.800004,0.786509,0.591398,0.54386,0.891117,0.772487,0
2592,development,Simple,native_pdf,pond_a,0.928867,0.833659,0.78265,0.850188,0.887701,0.77027,0.891117,0.868132,0
2593,development,Moderate,scan,pond_a,0.602805,0.549886,0.535666,0.756761,0.421053,0.485714,0.581673,0.687861,0
2594,evaluation,Moderate,scan,pond_b,0.606585,0.819418,0.322508,0.709187,0.421053,0.727723,0.294118,0.571429,0
2595,development,Moderate,native_pdf,pond_a,0.853314,0.903899,0.433818,0.681227,0.744681,0.809353,0.581673,0.527397,1
2596,development,Moderate,scan,pond_b,0.753502,0.832924,0.337422,0.874335,0.591398,0.75,0.375,0.897233,0
2597,development,Simple,native_pdf,pond_a,0.83088,0.831598,0.797953,0.715066,0.738397,0.75,0.891117,0.591837,0
2598,development,Simple,native_pdf,pond_a,0.910027,0.898579,0.860836,0.773022,0.857143,0.809353,0.951456,0.727273,0
2599,development,Simple,scan,pond_b,0.755499,0.844853,0.622479,0.893677,0.591398,0.77027,0.753623,0.937931,0
2600,development,Simple,native_pdf,pond_b,0.80221,0.97246,0.757907,0.779076,0.672727,0.88172,0.8725,0.727273,0
2601,evaluation,Moderate,native_pdf,pond_a,0.919933,0.928747,0.344352,0.668746,0.887701,0.865854,0.380481,0.527397,1
2602,development,Complex,scan,pond_a,0.803163,0.731667,0.839604,0.540362,0.672727,0.666667,0.9375,0.133333,0
2603,development,Moderate,scan,pond_b,0.785398,0.987587,0.864566,0.826712,0.672131,0.957792,0.951456,0.791444,1
2604,evaluation,Complex,native_pdf,pond_b,0.801414,0.87596,0.626418,0.878739,0.672727,0.809353,0.778571,0.897233,1
2605,evaluation,Complex,scan,pond_a,0.430507,0.707591,0.368736,0.594604,0.235294,0.567568,0.435484,0.307692,0
2606,evaluation,Simple,native_pdf,pond_a,0.89179,0.391386,0.633499,0.755554,0.793103,0.415385,0.778571,0.687861,0
2607,evaluation,Complex,native_pdf,pond_b,0.609392,0.093333,0.556701,0.738742,0.421053,0.0,0.681818,0.591837,0
2608,evaluation,Moderate,native_pdf,pond_b,0.875369,0.859213,0.44539,0.796823,0.777778,0.809353,0.581673,0.772487,0
2609,development,Moderate,native_pdf,pond_b,0.852148,0.967913,0.903787,0.909203,0.744681,0.88172,0.982759,0.987179,1
2610,development,Moderate,native_pdf,pond_a,0.919444,0.98699,0.859226,0.687279,0.857143,0.957792,0.951456,0.527397,0
2611,evaluation,Simple,native_pdf,pond_a,0.961701,0.992335,0.815026,0.835472,0.966942,0.989848,0.891117,0.80137,0
2612,development,Moderate,native_pdf,pond_b,0.860171,0.831415,0.698455,0.843892,0.768421,0.727723,0.8725,0.868132,0
2613,evaluation,Complex,scan,pond_b,0.776634,0.749358,0.482624,0.749216,0.6,0.727723,0.581673,0.687861,0
2614,development,Moderate,native_pdf,pond_b,0.846397,0.766826,0.721331,0.897479,0.744681,0.727723,0.8725,0.937931,1
2615,development,Simple,native_pdf,pond_b,0.943112,0.94733,0.883238,0.882316,0.934783,0.867188,0.979798,0.902174,1
2616,evaluation,Moderate,scan,pond_b,0.675084,0.914449,0.376568,0.914462,0.552632,0.857143,0.435484,0.987179,0
2617,development,Moderate,scan,pond_a,0.726285,0.846058,0.343537,0.691405,0.552632,0.77027,0.375,0.527397,0
2618,development,Moderate,scan,pond_a,0.844686,0.992514,0.807014,0.818356,0.744681,0.989848,0.891117,0.791444,1
2619,evaluation,Moderate,native_pdf,pond_b,0.796857,0.960566,0.830319,0.84636,0.672727,0.88172,0.891117,0.868132,1
2620,development,Simple,scan,pond_b,0.761535,0.464509,0.39292,0.880401,0.591398,0.485714,0.435484,0.897233,0
2621,evaluation,Complex,native_pdf,pond_a,0.571907,0.392773,0.257924,0.797984,0.338028,0.415385,0.192308,0.772487,0
2622,development,Simple,scan,pond_b,0.827709,0.959799,0.726996,0.831456,0.738397,0.88172,0.8725,0.791444,0
2623,development,Simple,native_pdf,pond_b,0.968314,0.979413,0.739864,0.852895,0.966942,0.933333,0.8725,0.894737,1
2624,development,Simple,scan,pond_a,0.924346,0.994403,0.845636,0.861291,0.887701,0.989848,0.9375,0.897233,1
2625,development,Complex,native_pdf,pond_b,0.855917,0.838291,0.2137,0.786207,0.768421,0.77027,0.192308,0.772487,0
2626,development,Moderate,scan,pond_b,0.644001,0.697599,0.362418,0.842828,0.421053,0.567568,0.435484,0.80137,0
2627,evaluation,Simple,scan,pond_b,0.828524,0.966153,0.70069,0.894561,0.738397,0.88172,0.8725,0.937931,1
2628,development,Simple,scan,pond_b,0.818363,0.962522,0.823753,0.872454,0.738397,0.88172,0.891117,0.897233,1
2629,development,Simple,native_pdf,pond_a,0.886458,0.96065,0.824615,0.683816,0.789474,0.88172,0.891117,0.527397,0
2630,development,Simple,scan,pond_a,0.571527,0.981733,0.768365,0.767149,0.338028,0.957792,0.8725,0.727273,0
2631,evaluation,Complex,native_pdf,pond_b,0.936881,0.88213,0.776456,0.851324,0.934783,0.809353,0.891117,0.868132,1
2632,evaluation,Moderate,native_pdf,pond_b,0.897977,0.991112,0.576825,0.831952,0.843284,0.957792,0.753623,0.791444,0
2633,development,Simple,scan,pond_a,0.81484,0.958093,0.738458,0.694821,0.738397,0.88172,0.8725,0.527397,1
2634,evaluation,Simple,native_pdf,pond_a,0.784619,0.93194,0.658699,0.797863,0.672131,0.865854,0.778571,0.772487,1
2635,evaluation,Moderate,scan,pond_b,0.579778,0.440765,0.355622,0.836499,0.421053,0.419355,0.435484,0.80137,0
2636,development,Simple,scan,pond_b,0.886274,0.976577,0.872154,0.823505,0.789474,0.923077,0.979798,0.791444,1
2637,development,Moderate,native_pdf,pond_a,0.809055,0.930287,0.78305,0.789301,0.672727,0.865854,0.891117,0.772487,1
2638,evaluation,Simple,native_pdf,pond_a,0.949922,0.987965,0.935071,0.846287,0.945946,0.957792,1.0,0.868132,1
2639,development,Simple,native_pdf,pond_b,0.926487,0.976827,0.666474,0.854372,0.887701,0.923077,0.863158,0.894737,0
2640,evaluation,Complex,scan,pond_a,0.568206,0.540212,0.398499,0.68169,0.338028,0.485714,0.435484,0.527397,0
2641,development,Moderate,scan,pond_a,0.647849,0.368314,0.41386,0.78391,0.421053,0.415385,0.435484,0.727273,0
2642,development,Simple,scan,pond_a,0.845558,0.99208,0.651264,0.847253,0.744681,0.989848,0.778571,0.868132,0
2643,development,Complex,native_pdf,pond_a,0.89594,0.977826,0.579828,0.786585,0.843284,0.933333,0.753623,0.772487,1
2644,development,Moderate,native_pdf,pond_b,0.922873,0.909419,0.776138,0.83178,0.887701,0.809353,0.891117,0.791444,1
2645,development,Simple,scan,pond_a,0.764993,0.990818,0.706902,0.792326,0.591398,0.957792,0.8725,0.772487,0
2646,development,Moderate,scan,pond_b,0.629754,0.491597,0.6873,0.823779,0.421053,0.485714,0.8725,0.791444,0
2647,development,Simple,scan,pond_a,0.863936,0.860761,0.712115,0.866795,0.768421,0.809353,0.8725,0.897233,0
2648,development,Simple,native_pdf,pond_b,0.95936,0.974241,0.873234,0.877896,0.966942,0.923077,0.979798,0.897233,0
2649,development,Simple,native_pdf,pond_a,0.943096,0.95451,0.761746,0.828106,0.934783,0.88172,0.8725,0.791444,1
2650,development,Simple,scan,pond_b,0.784816,0.682244,0.683763,0.89646,0.672131,0.567568,0.863158,0.937931,1
2651,development,Simple,scan,pond_b,0.779617,0.96804,0.616963,0.869428,0.672131,0.88172,0.753623,0.897233,1
2652,evaluation,Moderate,native_pdf,pond_a,0.81592,0.526015,0.564528,0.728686,0.738397,0.485714,0.681818,0.591837,0
2653,development,Simple,scan,pond_b,0.894431,0.948057,0.763123,0.897319,0.83871,0.867188,0.8725,0.937931,1
2654,evaluation,Moderate,scan,pond_a,0.784538,0.95875,0.452713,0.751845,0.672131,0.88172,0.581673,0.687861,0
2655,development,Simple,scan,pond_a,0.897279,0.776492,0.924935,0.800352,0.843284,0.727723,1.0,0.772487,0
2656,evaluation,Complex,native_pdf,pond_a,0.662415,0.340721,0.250425,0.685401,0.5,0.415385,0.192308,0.527397,0
2657,development,Complex,native_pdf,pond_a,0.787484,0.748446,0.774882,0.789963,0.672131,0.727723,0.888889,0.772487,1
2658,development,Simple,native_pdf,pond_a,0.977206,0.993734,0.860426,0.835534,0.977778,0.989848,0.951456,0.80137,1
2659,development,Simple,native_pdf,pond_a,0.951773,0.97222,0.882796,0.664497,0.945946,0.88172,0.979798,0.527397,1
2660,evaluation,Complex,scan,pond_a,0.304905,0.514803,0.526762,0.689719,0.181818,0.485714,0.581673,0.527397,0
2661,development,Simple,native_pdf,pond_a,0.871416,0.950692,0.853608,0.86429,0.768421,0.868421,0.951456,0.897233,0
2662,development,Simple,scan,pond_a,0.706863,0.809813,0.946382,0.768906,0.552632,0.727723,1.0,0.727273,0
2663,development,Simple,native_pdf,pond_b,0.877786,0.987395,0.449074,0.899988,0.777778,0.957792,0.581673,0.937931,1
2664,evaluation,Complex,scan,pond_b,0.628146,0.820615,0.407145,0.833676,0.421053,0.727723,0.435484,0.80137,0
2665,development,Simple,native_pdf,pond_b,0.870486,0.990333,0.853957,0.820866,0.768421,0.957792,0.951456,0.791444,0
2666,development,Moderate,scan,pond_a,0.818125,0.986021,0.917537,0.807204,0.738397,0.957792,1.0,0.772487,1
2667,development,Simple,native_pdf,pond_a,0.798363,0.968374,0.527894,0.766432,0.672727,0.88172,0.581673,0.727273,0
2668,evaluation,Simple,native_pdf,pond_a,0.916096,0.980005,0.583101,0.741841,0.857143,0.933333,0.753623,0.591837,1
2669,development,Simple,native_pdf,pond_b,0.838843,0.814891,0.62034,0.888474,0.738397,0.727723,0.753623,0.911111,0
2670,development,Moderate,native_pdf,pond_a,0.91892,0.941222,0.916489,0.666612,0.857143,0.867188,1.0,0.527397,0
2671,development,Moderate,native_pdf,pond_b,0.884211,0.870976,0.76871,0.83474,0.789474,0.809353,0.8725,0.80137,1
2672,development,Simple,scan,pond_a,0.893822,0.991531,0.874767,0.796851,0.83871,0.957792,0.979798,0.772487,1
2673,development,Simple,scan,pond_a,0.936523,0.956031,0.886949,0.820925,0.887701,0.88172,0.982759,0.791444,0
2674,evaluation,Simple,scan,pond_b,0.758451,0.418544,0.528374,0.788687,0.591398,0.419355,0.581673,0.772487,0
2675,development,Moderate,native_pdf,pond_b,0.796739,0.490695,0.582225,0.811556,0.672727,0.485714,0.753623,0.772487,0
2676,development,Simple,scan,pond_b,0.825411,0.273587,0.706288,0.864258,0.738397,0.415385,0.8725,0.897233,0
2677,evaluation,Complex,scan,pond_b,0.473683,0.075951,0.550816,0.638729,0.235294,0.0,0.681818,0.388889,0
2678,evaluation,Complex,scan,pond_a,0.462608,0.332234,0.20319,0.729074,0.235294,0.415385,0.153846,0.591837,0
2679,evaluation,Simple,scan,pond_a,0.82754,0.932272,0.509523,0.832719,0.738397,0.865854,0.581673,0.791444,0
2680,development,Moderate,native_pdf,pond_a,0.909952,0.945656,0.705197,0.768186,0.857143,0.867188,0.8725,0.727273,0
2681,development,Simple,native_pdf,pond_b,0.92421,0.941753,0.932582,0.879308,0.887701,0.867188,1.0,0.897233,0
2682,development,Simple,native_pdf,pond_a,0.929884,0.987477,0.594003,0.799403,0.887701,0.957792,0.753623,0.772487,0
2683,development,Simple,native_pdf,pond_b,0.942453,0.993339,0.851621,0.87838,0.934783,0.989848,0.951456,0.897233,1
2684,evaluation,Moderate,native_pdf,pond_b,0.759327,0.606191,0.638781,0.819459,0.591398,0.485714,0.778571,0.791444,0
2685,evaluation,Moderate,scan,pond_a,0.910951,0.97684,0.932815,0.741656,0.857143,0.923077,1.0,0.591837,1
2686,evaluation,Simple,native_pdf,pond_b,0.863201,0.531026,0.859095,0.840745,0.768421,0.485714,0.951456,0.80137,0
2687,development,Simple,scan,pond_a,0.90563,0.976386,0.898174,0.879605,0.843284,0.923077,0.982759,0.897233,1
2688,development,Complex,native_pdf,pond_a,0.596859,0.422861,0.526928,0.750265,0.421053,0.419355,0.581673,0.687861,0
2689,development,Simple,scan,pond_a,0.611887,0.513607,0.441065,0.795808,0.421053,0.485714,0.581673,0.772487,0
2690,development,Moderate,scan,pond_b,0.861509,0.988307,0.718413,0.833004,0.768421,0.957792,0.8725,0.80137,1
2691,development,Complex,native_pdf,pond_b,0.684763,0.728836,0.483776,0.747051,0.552632,0.666667,0.581673,0.687861,0
2692,development,Complex,native_pdf,pond_b,0.59096,0.632938,0.377635,0.621926,0.421053,0.521739,0.435484,0.333333,0
2693,development,Simple,scan,pond_a,0.933142,0.966045,0.827883,0.797858,0.887701,0.88172,0.891117,0.772487,1
2694,development,Simple,native_pdf,pond_a,0.943765,0.993429,0.913449,0.837825,0.945946,0.989848,1.0,0.80137,1
2695,development,Simple,native_pdf,pond_a,0.924928,0.987953,0.801426,0.786909,0.887701,0.957792,0.891117,0.772487,1
2696,evaluation,Complex,native_pdf,pond_b,0.441509,0.390013,0.59352,0.883684,0.235294,0.415385,0.753623,0.902174,0
2697,development,Simple,native_pdf,pond_a,0.851925,0.976283,0.692189,0.873124,0.744681,0.923077,0.8725,0.897233,1
2698,development,Complex,scan,pond_a,0.692487,0.737747,0.428986,0.769931,0.552632,0.727723,0.527778,0.727273,0
2699,evaluation,Moderate,scan,pond_a,0.607478,0.914863,0.73153,0.787201,0.421053,0.857143,0.8725,0.772487,0
2700,evaluation,Complex,scan,pond_b,0.34733,0.075357,0.350443,0.617555,0.181818,0.0,0.435484,0.333333,0
2701,evaluation,Moderate,native_pdf,pond_b,0.793943,0.835823,0.38902,0.717743,0.672727,0.77027,0.435484,0.591837,0
2702,evaluation,Simple,scan,pond_b,0.872378,0.996871,0.943491,0.885802,0.768421,0.989848,1.0,0.902174,1
2703,evaluation,Simple,scan,pond_a,0.86486,0.98378,0.930107,0.777601,0.768421,0.957792,1.0,0.727273,1
2704,development,Moderate,native_pdf,pond_a,0.759271,0.853963,0.766995,0.741906,0.591398,0.809353,0.8725,0.591837,0
2705,evaluation,Simple,native_pdf,pond_b,0.829461,0.887584,0.621985,0.833772,0.738397,0.809353,0.753623,0.80137,0
2706,development,Simple,scan,pond_a,0.8159,0.983168,0.821456,0.792676,0.738397,0.957792,0.891117,0.772487,1
2707,development,Simple,scan,pond_b,0.914331,0.992336,0.971861,0.894486,0.857143,0.989848,1.0,0.937931,0
2708,evaluation,Moderate,native_pdf,pond_a,0.897607,0.705133,0.803052,0.83169,0.843284,0.567568,0.891117,0.791444,1
2709,development,Moderate,native_pdf,pond_b,0.67569,0.914171,0.236147,0.838927,0.552632,0.857143,0.192308,0.80137,0
2710,development,Moderate,native_pdf,pond_b,0.861625,0.976574,0.540466,0.894417,0.768421,0.923077,0.581673,0.937931,1
2711,development,Simple,scan,pond_a,0.545222,0.577273,0.323317,0.58285,0.338028,0.485714,0.294118,0.133333,0
2712,development,Moderate,native_pdf,pond_a,0.899324,0.907346,0.7923,0.783739,0.843284,0.809353,0.891117,0.727273,0
2713,evaluation,Moderate,scan,pond_b,0.743826,0.916172,0.465398,0.876999,0.591398,0.862069,0.581673,0.897233,0
2714,evaluation,Complex,scan,pond_b,0.715605,0.851474,0.584261,0.755436,0.552632,0.77027,0.753623,0.687861,0
2715,development,Simple,native_pdf,pond_a,0.811718,0.895325,0.813522,0.865688,0.738397,0.809353,0.891117,0.897233,0
2716,development,Simple,scan,pond_a,0.757105,0.948656,0.652917,0.787649,0.591398,0.868421,0.778571,0.772487,1
2717,evaluation,Complex,scan,pond_a,0.622773,0.652797,0.354293,0.704098,0.421053,0.54386,0.435484,0.571429,0
2718,evaluation,Complex,scan,pond_b,0.883237,0.976722,0.683911,0.820053,0.789474,0.923077,0.863158,0.791444,1
2719,development,Simple,scan,pond_a,0.747514,0.294872,0.564617,0.820073,0.591398,0.415385,0.681818,0.791444,0
2720,evaluation,Moderate,scan,pond_a,0.687043,0.744431,0.37868,0.796541,0.552632,0.727723,0.435484,0.772487,0
2721,evaluation,Simple,scan,pond_a,0.916754,0.988628,0.839858,0.781294,0.857143,0.957792,0.9375,0.727273,1
2722,evaluation,Moderate,scan,pond_a,0.846227,0.974483,0.60624,0.779675,0.744681,0.923077,0.753623,0.727273,0
2723,evaluation,Simple,native_pdf,pond_b,0.916923,0.867058,0.783536,0.784075,0.857143,0.809353,0.891117,0.727273,0
2724,evaluation,Complex,native_pdf,pond_a,0.738727,0.73625,0.582038,0.685489,0.591398,0.727723,0.753623,0.527397,0
2725,development,Complex,scan,pond_b,0.598785,0.501199,0.219837,0.727153,0.421053,0.485714,0.192308,0.591837,0
2726,evaluation,Complex,scan,pond_a,0.696621,0.458255,0.159153,0.83011,0.552632,0.485714,0.145328,0.791444,0
2727,evaluation,Simple,scan,pond_a,0.910145,0.989089,0.88928,0.743852,0.857143,0.957792,0.982759,0.687861,1
2728,development,Simple,native_pdf,pond_a,0.944307,0.892765,0.825931,0.795935,0.945946,0.809353,0.891117,0.772487,1
2729,development,Moderate,scan,pond_b,0.652707,0.801175,0.434234,0.846581,0.5,0.727723,0.581673,0.868132,0
2730,evaluation,Complex,native_pdf,pond_b,0.731664,0.91868,0.804049,0.869863,0.552632,0.862069,0.891117,0.897233,0
2731,development,Simple,native_pdf,pond_a,0.920769,0.989433,0.459783,0.791516,0.887701,0.957792,0.581673,0.772487,1
2732,evaluation,Simple,native_pdf,pond_a,0.911102,0.978793,0.445348,0.823743,0.857143,0.933333,0.581673,0.791444,0
2733,evaluation,Simple,scan,pond_a,0.958737,0.998714,0.914819,0.846826,0.966942,1.0,1.0,0.868132,1
2734,evaluation,Complex,scan,pond_a,0.469754,0.772073,0.302908,0.700291,0.235294,0.727723,0.25,0.527397,0
2735,development,Simple,scan,pond_a,0.859401,0.909459,0.774706,0.788895,0.768421,0.809353,0.888889,0.772487,0
2736,development,Moderate,native_pdf,pond_b,0.86533,0.933742,0.1921,0.855997,0.768421,0.865854,0.153846,0.894737,0
2737,evaluation,Moderate,native_pdf,pond_b,0.905014,0.904437,0.667465,0.81711,0.843284,0.809353,0.863158,0.791444,1
2738,development,Moderate,native_pdf,pond_a,0.591737,0.664384,0.462309,0.721111,0.421053,0.54386,0.581673,0.591837,0
2739,evaluation,Complex,native_pdf,pond_a,0.62092,0.640487,0.389881,0.753099,0.421053,0.54386,0.435484,0.687861,0
2740,development,Complex,native_pdf,pond_b,0.873179,0.86311,0.812916,0.771632,0.768421,0.809353,0.891117,0.727273,0
2741,development,Simple,native_pdf,pond_a,0.942014,0.989368,0.749565,0.899218,0.934783,0.957792,0.8725,0.937931,1
2742,development,Simple,native_pdf,pond_a,0.911188,0.971344,0.859587,0.837697,0.857143,0.88172,0.951456,0.80137,1
2743,development,Simple,scan,pond_b,0.855653,0.471038,0.500125,0.878432,0.768421,0.485714,0.581673,0.897233,0
2744,development,Simple,scan,pond_b,0.763298,0.957621,0.675406,0.876216,0.591398,0.88172,0.863158,0.897233,1
2745,development,Moderate,scan,pond_b,0.861137,0.933698,0.589668,0.788873,0.768421,0.865854,0.753623,0.772487,0
2746,evaluation,Complex,native_pdf,pond_a,0.642116,0.792856,0.327658,0.747932,0.421053,0.727723,0.363636,0.687861,1
2747,evaluation,Simple,native_pdf,pond_b,0.946044,0.955961,0.768184,0.840525,0.945946,0.88172,0.8725,0.80137,1
2748,development,Simple,native_pdf,pond_b,0.913987,0.987598,0.676987,0.786184,0.857143,0.957792,0.863158,0.772487,1
2749,development,Simple,scan,pond_b,0.860741,0.957413,0.603199,0.782928,0.768421,0.88172,0.753623,0.727273,0
2750,development,Simple,native_pdf,pond_b,0.975946,0.999034,0.948129,0.898683,0.977778,1.0,1.0,0.937931,1
2751,evaluation,Complex,scan,pond_b,0.54123,0.628255,0.367613,0.740971,0.338028,0.521739,0.435484,0.591837,0
2752,development,Moderate,native_pdf,pond_b,0.817738,0.989212,0.660786,0.879143,0.738397,0.957792,0.778571,0.897233,1
2753,evaluation,Moderate,scan,pond_b,0.696851,0.97929,0.682659,0.863552,0.552632,0.933333,0.863158,0.897233,1
2754,development,Simple,native_pdf,pond_a,0.930483,0.836869,0.980284,0.826782,0.887701,0.77027,1.0,0.791444,1
2755,development,Simple,scan,pond_b,0.917651,0.998802,0.93113,0.885973,0.857143,1.0,1.0,0.902174,1
2756,development,Moderate,native_pdf,pond_b,0.872073,0.644426,0.839438,0.887185,0.768421,0.54386,0.9375,0.902174,0
2757,evaluation,Simple,scan,pond_b,0.81372,0.794141,0.388027,0.906162,0.738397,0.727723,0.435484,0.937931,0
2758,development,Simple,native_pdf,pond_b,0.902173,0.969164,0.597262,0.892259,0.843284,0.88172,0.753623,0.937931,1
2759,evaluation,Simple,native_pdf,pond_a,0.848921,0.858271,0.758932,0.841643,0.744681,0.809353,0.8725,0.80137,0
2760,development,Complex,native_pdf,pond_b,0.889749,0.95611,0.74277,0.767293,0.789474,0.88172,0.8725,0.727273,0
2761,development,Simple,native_pdf,pond_a,0.946873,0.992137,0.917258,0.823665,0.945946,0.989848,1.0,0.791444,1
2762,development,Simple,scan,pond_a,0.896233,0.995331,0.904441,0.752065,0.843284,0.989848,0.982759,0.687861,0
2763,evaluation,Simple,native_pdf,pond_a,0.896305,0.980192,0.301616,0.869602,0.843284,0.933333,0.25,0.897233,0
2764,evaluation,Moderate,scan,pond_b,0.651475,0.967202,0.600873,0.827809,0.5,0.88172,0.753623,0.791444,1
2765,development,Simple,scan,pond_a,0.89382,0.983985,0.678776,0.818755,0.83871,0.957792,0.863158,0.791444,1
2766,development,Complex,native_pdf,pond_a,0.829976,0.236325,0.372801,0.719393,0.738397,0.415385,0.435484,0.591837,0
2767,development,Simple,native_pdf,pond_a,0.833284,0.533992,0.534833,0.724136,0.738397,0.485714,0.581673,0.591837,0
2768,evaluation,Moderate,native_pdf,pond_a,0.692526,0.197976,0.479605,0.727718,0.552632,0.415385,0.581673,0.591837,0
2769,development,Simple,scan,pond_a,0.815085,0.524699,0.581607,0.826902,0.738397,0.485714,0.753623,0.791444,0
2770,evaluation,Complex,native_pdf,pond_a,0.757309,0.427399,0.371412,0.683405,0.591398,0.419355,0.435484,0.527397,0
2771,evaluation,Simple,native_pdf,pond_a,0.920099,0.991854,0.77346,0.774681,0.887701,0.989848,0.8725,0.727273,0
2772,development,Simple,native_pdf,pond_a,0.927729,0.996613,0.72842,0.780207,0.887701,0.989848,0.8725,0.727273,1
2773,development,Simple,native_pdf,pond_b,0.94272,0.94672,0.843954,0.850687,0.934783,0.867188,0.9375,0.868132,1
2774,evaluation,Complex,scan,pond_b,0.513226,0.192401,0.23183,0.781539,0.338028,0.415385,0.192308,0.727273,0
2775,development,Simple,native_pdf,pond_a,0.93978,0.939289,0.858982,0.88465,0.934783,0.867188,0.951456,0.902174,1
2776,evaluation,Simple,native_pdf,pond_b,0.90778,0.970682,0.739502,0.817277,0.843284,0.88172,0.8725,0.791444,0
2777,development,Complex,native_pdf,pond_a,0.467457,0.080766,0.321697,0.799437,0.235294,0.0,0.294118,0.772487,0
2778,development,Complex,scan,pond_b,0.675222,0.533558,0.378562,0.710005,0.552632,0.485714,0.435484,0.590909,0
2779,evaluation,Simple,native_pdf,pond_a,0.918627,0.969975,0.64027,0.753392,0.857143,0.88172,0.778571,0.687861,0
2780,development,Simple,native_pdf,pond_b,0.937758,0.994524,0.867432,0.8986,0.934783,0.989848,0.979798,0.937931,1
2781,evaluation,Moderate,native_pdf,pond_a,0.84997,0.800008,0.502714,0.682353,0.744681,0.727723,0.581673,0.527397,0
2782,evaluation,Moderate,native_pdf,pond_b,0.971125,0.985167,0.890636,0.886148,0.977778,0.957792,0.982759,0.902174,1
2783,development,Complex,native_pdf,pond_b,0.894972,0.980396,0.759098,0.656717,0.83871,0.933333,0.8725,0.527397,1
2784,development,Simple,scan,pond_b,0.815189,0.988059,0.868362,0.923923,0.738397,0.957792,0.979798,1.0,1
2785,evaluation,Complex,scan,pond_a,0.504632,0.148191,0.290751,0.6224,0.338028,0.16,0.192308,0.333333,0
2786,evaluation,Simple,native_pdf,pond_a,0.960476,0.98435,0.644308,0.838489,0.966942,0.957792,0.778571,0.80137,1
2787,development,Moderate,scan,pond_b,0.887777,0.910849,0.717104,0.87141,0.789474,0.809353,0.8725,0.897233,1
2788,evaluation,Simple,native_pdf,pond_b,0.941158,0.942835,0.901984,0.857598,0.934783,0.867188,0.982759,0.894737,1
2789,development,Simple,native_pdf,pond_a,0.889125,0.653566,0.695691,0.857684,0.789474,0.54386,0.8725,0.894737,0
2790,development,Simple,scan,pond_a,0.856841,0.640528,0.654402,0.756845,0.768421,0.54386,0.778571,0.687861,0
2791,development,Simple,native_pdf,pond_b,0.841732,0.728633,0.418147,0.916762,0.738397,0.666667,0.527778,0.987179,0
2792,development,Simple,scan,pond_b,0.918121,0.950531,0.716085,0.886902,0.857143,0.868421,0.8725,0.902174,0
2793,evaluation,Complex,native_pdf,pond_a,0.741063,0.800305,0.388655,0.706607,0.591398,0.727723,0.435484,0.571429,0
2794,evaluation,Complex,native_pdf,pond_b,0.810995,0.797389,0.652504,0.749645,0.738397,0.727723,0.778571,0.687861,1
2795,development,Complex,scan,pond_b,0.672392,0.751378,0.555423,0.892961,0.552632,0.727723,0.681818,0.937931,0
2796,development,Simple,scan,pond_a,0.559476,0.510564,0.693734,0.716063,0.338028,0.485714,0.8725,0.591837,0
2797,evaluation,Simple,native_pdf,pond_b,0.889033,0.891154,0.315575,0.828767,0.789474,0.809353,0.261435,0.791444,0
2798,development,Simple,native_pdf,pond_b,0.929026,0.948502,0.763323,0.928098,0.887701,0.868421,0.8725,1.0,1
2799,development,Simple,scan,pond_a,0.839104,0.903587,0.687832,0.720451,0.738397,0.809353,0.8725,0.591837,1
2800,evaluation,Simple,native_pdf,pond_a,0.926968,0.883175,0.79163,0.707216,0.887701,0.809353,0.891117,0.571429,1
2801,evaluation,Moderate,scan,pond_a,0.862556,0.973397,0.785992,0.744534,0.768421,0.916667,0.891117,0.687861,1
2802,evaluation,Simple,native_pdf,pond_b,0.960496,0.963466,0.772006,0.901081,0.966942,0.88172,0.8725,0.937931,1
2803,evaluation,Moderate,scan,pond_b,0.810532,0.737375,0.9017,0.72672,0.738397,0.727723,0.982759,0.591837,0
2804,development,Moderate,scan,pond_b,0.684726,0.423477,0.588982,0.731758,0.552632,0.419355,0.753623,0.591837,0
2805,development,Simple,scan,pond_a,0.726715,0.925264,0.736828,0.799088,0.552632,0.862069,0.8725,0.772487,1
2806,development,Simple,scan,pond_b,0.69432,0.525054,0.682643,0.908451,0.552632,0.485714,0.863158,0.987179,0
2807,evaluation,Complex,native_pdf,pond_a,0.76859,0.774294,0.322656,0.78554,0.591398,0.727723,0.294118,0.772487,1
2808,development,Simple,native_pdf,pond_b,0.897185,0.974182,0.712291,0.908738,0.843284,0.923077,0.8725,0.987179,1
2809,development,Complex,native_pdf,pond_b,0.862495,0.766754,0.459333,0.755927,0.768421,0.727723,0.581673,0.687861,0
2810,development,Simple,scan,pond_b,0.938281,0.98487,0.90672,0.922278,0.934783,0.957792,0.982759,1.0,1
2811,development,Simple,native_pdf,pond_a,0.900338,0.926801,0.636669,0.714202,0.843284,0.865854,0.778571,0.591837,1
2812,development,Moderate,native_pdf,pond_a,0.838568,0.944719,0.550107,0.725861,0.738397,0.867188,0.681818,0.591837,0
2813,development,Simple,scan,pond_a,0.869381,0.982787,0.842138,0.759065,0.768421,0.957792,0.9375,0.687861,1
2814,development,Moderate,native_pdf,pond_b,0.885064,0.67363,0.528962,0.814813,0.789474,0.54386,0.581673,0.772487,0
2815,development,Complex,scan,pond_a,0.597124,0.322156,0.22519,0.574772,0.421053,0.415385,0.192308,0.133333,0
2816,development,Moderate,native_pdf,pond_b,0.85548,0.86513,0.362796,0.865178,0.768421,0.809353,0.435484,0.897233,0
2817,development,Simple,scan,pond_a,0.808737,0.967044,0.619806,0.751951,0.672727,0.88172,0.753623,0.687861,0
2818,evaluation,Complex,scan,pond_b,0.705882,0.664671,0.610064,0.793227,0.552632,0.54386,0.753623,0.772487,0
2819,evaluation,Simple,native_pdf,pond_b,0.809377,0.96061,0.620266,0.917236,0.672727,0.88172,0.753623,0.987179,1
2820,evaluation,Simple,scan,pond_b,0.902174,0.983481,0.939874,0.895233,0.843284,0.957792,1.0,0.937931,0
2821,development,Complex,scan,pond_b,0.396862,0.57426,0.389107,0.733056,0.2,0.485714,0.435484,0.591837,0
2822,evaluation,Simple,scan,pond_b,0.833678,0.94587,0.745745,0.874413,0.738397,0.867188,0.8725,0.897233,1
2823,development,Simple,native_pdf,pond_b,0.942113,0.971367,0.854388,0.854397,0.934783,0.88172,0.951456,0.894737,0
2824,evaluation,Moderate,native_pdf,pond_a,0.728495,0.541424,0.393514,0.768199,0.552632,0.485714,0.435484,0.727273,0
2825,evaluation,Simple,native_pdf,pond_b,0.930857,0.898148,0.683471,0.908864,0.887701,0.809353,0.863158,0.987179,0
2826,development,Simple,native_pdf,pond_b,0.875965,0.978354,0.551769,0.836625,0.777778,0.933333,0.681818,0.80137,1
2827,development,Complex,native_pdf,pond_a,0.741583,0.225183,0.483172,0.593373,0.591398,0.415385,0.581673,0.307692,0
2828,evaluation,Complex,scan,pond_a,0.769061,0.660681,0.46455,0.861893,0.591398,0.54386,0.581673,0.897233,0
2829,development,Complex,scan,pond_a,0.736059,0.440629,0.588282,0.737407,0.591398,0.419355,0.753623,0.591837,0
2830,development,Moderate,native_pdf,pond_b,0.840284,0.913117,0.65547,0.817505,0.738397,0.809353,0.778571,0.791444,0
2831,development,Simple,native_pdf,pond_a,0.949981,0.841873,0.93343,0.788224,0.945946,0.77027,1.0,0.772487,0
2832,development,Simple,native_pdf,pond_b,0.888135,0.995966,0.63193,0.885647,0.789474,0.989848,0.778571,0.902174,1
2833,evaluation,Simple,native_pdf,pond_a,0.94278,0.993743,0.707593,0.802835,0.934783,0.989848,0.8725,0.772487,1
2834,evaluation,Moderate,native_pdf,pond_b,0.929774,0.980104,0.582698,0.793686,0.887701,0.933333,0.753623,0.772487,1
2835,evaluation,Complex,native_pdf,pond_b,0.575661,0.980638,0.551241,0.80289,0.421053,0.933333,0.681818,0.772487,1
2836,development,Simple,scan,pond_b,0.871078,0.986815,0.672843,0.870554,0.768421,0.957792,0.863158,0.897233,1
2837,development,Simple,native_pdf,pond_a,0.954584,0.977426,0.81539,0.854357,0.966942,0.923077,0.891117,0.894737,1
2838,development,Moderate,scan,pond_b,0.613563,0.925771,0.70955,0.726472,0.421053,0.865854,0.8725,0.591837,0
2839,development,Simple,native_pdf,pond_a,0.951947,0.99025,0.538478,0.859415,0.945946,0.957792,0.581673,0.894737,1
2840,development,Complex,native_pdf,pond_a,0.631422,0.438756,0.149437,0.688182,0.421053,0.419355,0.12,0.527397,0
2841,evaluation,Complex,scan,pond_a,0.657492,0.460447,0.218517,0.573961,0.5,0.485714,0.192308,0.133333,0
2842,evaluation,Moderate,native_pdf,pond_a,0.795499,0.801503,0.572946,0.754644,0.672727,0.727723,0.75,0.687861,1
2843,development,Moderate,native_pdf,pond_b,0.935677,0.989398,0.812763,0.716057,0.887701,0.957792,0.891117,0.591837,1
2844,evaluation,Complex,native_pdf,pond_b,0.879396,0.800897,0.384829,0.857686,0.777778,0.727723,0.435484,0.894737,0
2845,development,Moderate,scan,pond_a,0.774468,0.925938,0.318082,0.846777,0.591398,0.865854,0.294118,0.868132,0
2846,evaluation,Moderate,scan,pond_a,0.871342,0.990793,0.769674,0.635745,0.768421,0.957792,0.8725,0.388889,0
2847,evaluation,Simple,native_pdf,pond_a,0.885434,0.862904,0.842195,0.734157,0.789474,0.809353,0.9375,0.591837,1
2848,evaluation,Moderate,native_pdf,pond_b,0.926254,0.950825,0.699806,0.815296,0.887701,0.868421,0.8725,0.772487,1
2849,evaluation,Moderate,scan,pond_a,0.783262,0.974515,0.796541,0.806381,0.672131,0.923077,0.891117,0.772487,0
2850,evaluation,Moderate,scan,pond_a,0.865503,0.598938,0.56238,0.755063,0.768421,0.485714,0.681818,0.687861,1
2851,development,Moderate,native_pdf,pond_b,0.82865,0.935399,0.72172,0.844325,0.738397,0.867188,0.8725,0.868132,1
2852,development,Simple,native_pdf,pond_b,0.956656,0.986383,0.909054,0.958053,0.966942,0.957792,0.982759,1.0,1
2853,evaluation,Complex,native_pdf,pond_a,0.660553,0.080313,0.223486,0.635325,0.5,0.0,0.192308,0.388889,0
2854,development,Moderate,scan,pond_b,0.717796,0.94399,0.418929,0.785693,0.552632,0.867188,0.527778,0.772487,1
2855,evaluation,Moderate,scan,pond_a,0.793172,0.976934,0.327872,0.70092,0.672727,0.923077,0.363636,0.527397,0
2856,development,Simple,native_pdf,pond_b,0.870883,0.912998,0.69316,0.859683,0.768421,0.809353,0.8725,0.894737,1
2857,development,Simple,scan,pond_b,0.941335,0.999588,0.785409,0.828613,0.934783,1.0,0.891117,0.791444,0
2858,development,Moderate,native_pdf,pond_a,0.884279,0.928505,0.774325,0.605155,0.789474,0.865854,0.8725,0.333333,0
2859,development,Simple,native_pdf,pond_a,0.911464,0.984999,0.725103,0.866482,0.857143,0.957792,0.8725,0.897233,0
2860,development,Complex,native_pdf,pond_a,0.711485,0.546834,0.802053,0.727702,0.552632,0.485714,0.891117,0.591837,1
2861,development,Complex,native_pdf,pond_b,0.606235,0.275036,0.381815,0.805401,0.421053,0.415385,0.435484,0.772487,0
2862,evaluation,Moderate,native_pdf,pond_b,0.88618,0.915093,0.545242,0.772654,0.789474,0.857143,0.681818,0.727273,0
2863,development,Moderate,native_pdf,pond_b,0.941886,0.984507,0.686639,0.834671,0.934783,0.957792,0.8725,0.80137,1
2864,development,Simple,native_pdf,pond_a,0.912788,0.836301,0.799254,0.905315,0.857143,0.77027,0.891117,0.937931,1
2865,evaluation,Moderate,native_pdf,pond_a,0.890317,0.981829,0.780189,0.658383,0.793103,0.957792,0.891117,0.527397,0
2866,development,Simple,scan,pond_b,0.853587,0.82014,0.804293,0.886184,0.744681,0.727723,0.891117,0.902174,0
2867,development,Simple,native_pdf,pond_b,0.958467,0.961321,0.85858,0.893882,0.966942,0.88172,0.951456,0.937931,1
2868,development,Simple,scan,pond_a,0.849773,0.935594,0.633713,0.772554,0.744681,0.867188,0.778571,0.727273,1
2869,evaluation,Moderate,native_pdf,pond_a,0.881465,0.953201,0.780775,0.750077,0.789474,0.88172,0.891117,0.687861,1
2870,development,Simple,native_pdf,pond_b,0.803024,0.979694,0.846881,0.902351,0.672727,0.933333,0.9375,0.937931,0
2871,development,Moderate,native_pdf,pond_a,0.891561,0.903725,0.502658,0.757472,0.793103,0.809353,0.581673,0.687861,0
2872,evaluation,Simple,scan,pond_b,0.904069,0.980822,0.918019,0.840624,0.843284,0.933333,1.0,0.80137,1
2873,development,Complex,native_pdf,pond_b,0.681233,0.103072,0.129648,0.797768,0.552632,0.0,0.12,0.772487,0
2874,development,Simple,scan,pond_b,0.83495,0.995755,0.908341,0.898502,0.738397,0.989848,0.982759,0.937931,1
2875,development,Complex,scan,pond_b,0.553453,0.152268,0.351949,0.512464,0.338028,0.16,0.435484,0.133333,0
2876,evaluation,Simple,native_pdf,pond_a,0.861864,0.945946,0.82166,0.802097,0.768421,0.867188,0.891117,0.772487,0
2877,development,Simple,native_pdf,pond_b,0.920374,0.985212,0.862805,0.89261,0.887701,0.957792,0.951456,0.937931,1
2878,development,Complex,scan,pond_a,0.562706,0.162276,0.145482,0.671716,0.338028,0.16,0.12,0.527397,0
2879,development,Complex,native_pdf,pond_b,0.845395,0.857717,0.776563,0.825005,0.744681,0.809353,0.891117,0.791444,1
2880,evaluation,Moderate,native_pdf,pond_a,0.841173,0.963085,0.396457,0.839976,0.738397,0.88172,0.435484,0.80137,0
2881,development,Moderate,native_pdf,pond_a,0.896229,0.992879,0.939406,0.750441,0.843284,0.989848,1.0,0.687861,1
2882,development,Complex,native_pdf,pond_a,0.796764,0.868836,0.521091,0.81706,0.672727,0.809353,0.581673,0.791444,0
2883,development,Moderate,scan,pond_a,0.743684,0.902327,0.473415,0.855142,0.591398,0.809353,0.581673,0.894737,0
2884,evaluation,Complex,native_pdf,pond_a,0.535394,0.14041,0.13901,0.652927,0.338028,0.16,0.12,0.4,0
2885,evaluation,Moderate,native_pdf,pond_a,0.714554,0.840912,0.269772,0.863797,0.552632,0.77027,0.192308,0.897233,0
2886,development,Moderate,scan,pond_a,0.830012,0.988933,0.837258,0.768925,0.738397,0.957792,0.891117,0.727273,0
2887,evaluation,Complex,scan,pond_a,0.684933,0.444274,0.514241,0.802839,0.552632,0.419355,0.581673,0.772487,0
2888,evaluation,Moderate,native_pdf,pond_a,0.921158,0.903871,0.846582,0.772059,0.887701,0.809353,0.9375,0.727273,1
2889,development,Simple,scan,pond_a,0.938813,0.996829,0.908831,0.816948,0.934783,0.989848,0.982759,0.772487,1
2890,evaluation,Moderate,native_pdf,pond_b,0.823016,0.758036,0.629979,0.753014,0.738397,0.727723,0.778571,0.687861,0
2891,development,Simple,scan,pond_b,0.89372,0.988376,0.7561,0.819913,0.83871,0.957792,0.8725,0.791444,0
2892,evaluation,Simple,scan,pond_a,0.814763,0.945203,0.528458,0.799635,0.738397,0.867188,0.581673,0.772487,0
2893,development,Simple,native_pdf,pond_a,0.916754,0.991152,0.742073,0.815239,0.857143,0.957792,0.8725,0.772487,1
2894,development,Moderate,scan,pond_b,0.695547,0.955067,0.575746,0.820501,0.552632,0.88172,0.753623,0.791444,1
2895,development,Simple,scan,pond_a,0.90489,0.962097,0.896978,0.793721,0.843284,0.88172,0.982759,0.772487,0
2896,evaluation,Complex,native_pdf,pond_a,0.764003,0.795475,0.424056,0.555498,0.591398,0.727723,0.527778,0.133333,0
2897,evaluation,Complex,scan,pond_a,0.43685,0.577331,0.570465,0.719566,0.235294,0.485714,0.681818,0.591837,0
2898,development,Moderate,native_pdf,pond_b,0.919836,0.80472,0.82522,0.873003,0.887701,0.727723,0.891117,0.897233,0
2899,development,Simple,native_pdf,pond_b,0.666544,0.5284,0.825191,0.778679,0.5,0.485714,0.891117,0.727273,0
2900,development,Moderate,native_pdf,pond_b,0.847296,0.851077,0.643081,0.796587,0.744681,0.77027,0.778571,0.772487,0
2901,development,Complex,native_pdf,pond_b,0.834,0.871463,0.455747,0.762965,0.738397,0.809353,0.581673,0.687861,0
2902,evaluation,Complex,scan,pond_b,0.613159,0.164541,0.407555,0.72219,0.421053,0.16,0.435484,0.591837,0
2903,evaluation,Simple,scan,pond_a,0.77371,0.816452,0.745079,0.711707,0.591398,0.727723,0.8725,0.590909,0
2904,development,Moderate,scan,pond_a,0.739572,0.896514,0.640552,0.684446,0.591398,0.809353,0.778571,0.527397,0
2905,development,Simple,native_pdf,pond_b,0.965464,0.940517,0.800349,0.827672,0.966942,0.867188,0.891117,0.791444,0
2906,evaluation,Complex,native_pdf,pond_b,0.900332,0.950944,0.718594,0.803133,0.843284,0.868421,0.8725,0.772487,0
2907,development,Moderate,native_pdf,pond_b,0.886954,0.960309,0.698258,0.874697,0.789474,0.88172,0.8725,0.897233,0
2908,evaluation,Moderate,native_pdf,pond_b,0.942973,0.973402,0.780186,0.860237,0.934783,0.916667,0.891117,0.894737,1
2909,evaluation,Complex,scan,pond_b,0.775923,0.750612,0.670482,0.853165,0.596746,0.727723,0.863158,0.894737,0
2910,development,Simple,scan,pond_b,0.870943,0.677477,0.786107,0.884015,0.768421,0.567568,0.891117,0.902174,0
2911,evaluation,Simple,scan,pond_b,0.904947,0.98728,0.733961,0.875687,0.843284,0.957792,0.8725,0.897233,1
2912,development,Complex,native_pdf,pond_a,0.584385,0.230668,0.279299,0.754129,0.421053,0.415385,0.192308,0.687861,0
2913,development,Simple,native_pdf,pond_b,0.894983,0.944002,0.650485,0.869013,0.83871,0.867188,0.778571,0.897233,0
2914,development,Simple,scan,pond_b,0.84976,0.992939,0.591062,0.884157,0.744681,0.989848,0.753623,0.902174,1
2915,development,Complex,scan,pond_b,0.567546,0.417096,0.354769,0.677266,0.338028,0.419355,0.435484,0.527397,0
2916,development,Moderate,scan,pond_a,0.626613,0.3534,0.383325,0.649172,0.421053,0.415385,0.435484,0.388889,0
2917,development,Complex,native_pdf,pond_b,0.875307,0.902789,0.586292,0.702738,0.777778,0.809353,0.753623,0.527397,0
2918,evaluation,Complex,native_pdf,pond_b,0.801233,0.810571,0.179782,0.820638,0.672727,0.727723,0.153846,0.791444,0
2919,development,Simple,native_pdf,pond_b,0.656859,0.252427,0.280281,0.794567,0.5,0.415385,0.192308,0.772487,0
2920,development,Moderate,native_pdf,pond_b,0.832851,0.93639,0.634663,0.882919,0.738397,0.867188,0.778571,0.902174,1
2921,evaluation,Moderate,native_pdf,pond_b,0.883407,0.969923,0.640956,0.790793,0.789474,0.88172,0.778571,0.772487,0
2922,evaluation,Complex,native_pdf,pond_b,0.686217,0.219129,0.497967,0.851176,0.552632,0.415385,0.581673,0.868132,0
2923,evaluation,Moderate,scan,pond_b,0.748188,0.591283,0.516463,0.772442,0.591398,0.485714,0.581673,0.727273,0
2924,evaluation,Simple,native_pdf,pond_a,0.819527,0.595183,0.380757,0.76776,0.738397,0.485714,0.435484,0.727273,0
2925,development,Complex,native_pdf,pond_b,0.874953,0.832461,0.570046,0.801704,0.777778,0.75,0.681818,0.772487,1
2926,development,Moderate,scan,pond_a,0.685299,0.93835,0.762023,0.725108,0.552632,0.867188,0.8725,0.591837,1
2927,evaluation,Moderate,scan,pond_b,0.861308,0.635242,0.833409,0.77953,0.768421,0.54386,0.891117,0.727273,0
2928,development,Simple,scan,pond_a,0.919605,0.972788,0.873088,0.891513,0.887701,0.88172,0.979798,0.911111,1
2929,development,Simple,native_pdf,pond_a,0.974806,0.99654,0.962365,0.817842,0.977778,0.989848,1.0,0.791444,1
2930,development,Simple,native_pdf,pond_a,0.962438,0.981614,0.575788,0.809049,0.966942,0.957792,0.753623,0.772487,1
2931,development,Simple,native_pdf,pond_a,0.887901,0.983528,0.891654,0.530734,0.789474,0.957792,0.982759,0.133333,0
2932,development,Simple,scan,pond_b,0.845207,0.986776,0.751968,0.902631,0.744681,0.957792,0.8725,0.937931,1
2933,evaluation,Moderate,scan,pond_b,0.770203,0.643122,0.622816,0.855268,0.591398,0.54386,0.753623,0.894737,0
2934,development,Simple,native_pdf,pond_b,0.921265,0.96355,0.728436,0.813147,0.887701,0.88172,0.8725,0.772487,0
2935,development,Moderate,native_pdf,pond_b,0.71487,0.844446,0.714971,0.73155,0.552632,0.77027,0.8725,0.591837,0
2936,evaluation,Simple,native_pdf,pond_a,0.975044,0.991896,0.937892,0.853213,0.977778,0.989848,1.0,0.894737,0
2937,development,Complex,scan,pond_b,0.340355,0.032965,0.213624,0.717545,0.181818,0.0,0.192308,0.591837,0
2938,evaluation,Simple,scan,pond_b,0.698103,0.64341,0.65972,0.904057,0.552632,0.54386,0.778571,0.937931,0
2939,evaluation,Moderate,scan,pond_b,0.647395,0.815455,0.524946,0.708839,0.421053,0.727723,0.581673,0.571429,0
2940,development,Simple,scan,pond_a,0.855577,0.814011,0.834255,0.79149,0.768421,0.727723,0.891117,0.772487,1
2941,development,Simple,native_pdf,pond_a,0.906812,0.878492,0.828207,0.85515,0.843284,0.809353,0.891117,0.894737,0
2942,evaluation,Moderate,scan,pond_b,0.742354,0.876486,0.48324,0.792356,0.591398,0.809353,0.581673,0.772487,0
2943,development,Complex,native_pdf,pond_a,0.717232,0.713588,0.22011,0.575156,0.552632,0.567568,0.192308,0.133333,0
2944,development,Complex,scan,pond_b,0.604911,0.439853,0.271681,0.672436,0.421053,0.419355,0.192308,0.527397,0
2945,development,Complex,native_pdf,pond_a,0.798158,0.125282,0.345038,0.768613,0.672727,0.16,0.435484,0.727273,0
2946,development,Simple,native_pdf,pond_a,0.919244,0.810398,0.661201,0.742234,0.857143,0.727723,0.863158,0.591837,0
2947,development,Moderate,scan,pond_a,0.765449,0.896143,0.729491,0.808505,0.591398,0.809353,0.8725,0.772487,1
2948,development,Moderate,native_pdf,pond_a,0.826438,0.811521,0.506942,0.730334,0.738397,0.727723,0.581673,0.591837,0
2949,development,Simple,scan,pond_a,0.868567,0.929591,0.74604,0.833778,0.768421,0.865854,0.8725,0.80137,0
2950,evaluation,Moderate,native_pdf,pond_b,0.73388,0.924501,0.603609,0.867283,0.552632,0.862069,0.753623,0.897233,1
2951,evaluation,Simple,scan,pond_b,0.778937,0.720397,0.835398,0.782875,0.6,0.567568,0.891117,0.727273,0
2952,development,Simple,scan,pond_a,0.856228,0.949757,0.80293,0.881061,0.768421,0.868421,0.891117,0.902174,0
2953,evaluation,Simple,scan,pond_b,0.891093,0.96639,0.69242,0.744787,0.793103,0.88172,0.8725,0.687861,1
2954,development,Complex,native_pdf,pond_b,0.81191,0.894467,0.622437,0.837661,0.738397,0.809353,0.753623,0.80137,0
2955,evaluation,Moderate,native_pdf,pond_b,0.828463,0.583345,0.54724,0.856155,0.738397,0.485714,0.681818,0.894737,0
2956,evaluation,Moderate,native_pdf,pond_b,0.915771,0.880202,0.603022,0.829343,0.857143,0.809353,0.753623,0.791444,1
2957,evaluation,Complex,scan,pond_b,0.60704,0.139167,0.768832,0.811496,0.421053,0.16,0.8725,0.772487,0
2958,development,Simple,scan,pond_b,0.844518,0.924223,0.51502,0.841942,0.744681,0.862069,0.581673,0.80137,0
2959,evaluation,Moderate,scan,pond_a,0.674674,0.127291,0.273862,0.507787,0.552632,0.16,0.192308,0.133333,0
2960,development,Simple,native_pdf,pond_b,0.934347,0.939779,0.600987,0.869517,0.887701,0.867188,0.753623,0.897233,0
2961,development,Simple,native_pdf,pond_a,0.931935,0.975608,0.6979,0.798753,0.887701,0.923077,0.8725,0.772487,0
2962,development,Moderate,scan,pond_b,0.847749,0.963993,0.797398,0.862135,0.744681,0.88172,0.891117,0.897233,1
2963,development,Simple,native_pdf,pond_b,0.852142,0.989666,0.764604,0.887472,0.744681,0.957792,0.8725,0.902174,1
2964,evaluation,Simple,scan,pond_a,0.926384,0.99229,0.561406,0.662416,0.887701,0.989848,0.681818,0.527397,1
2965,development,Moderate,native_pdf,pond_a,0.813875,0.82557,0.772807,0.752319,0.738397,0.727723,0.8725,0.687861,0
2966,development,Simple,native_pdf,pond_b,0.961459,0.997171,0.906758,0.874359,0.966942,0.989848,0.982759,0.897233,1
2967,evaluation,Complex,scan,pond_a,0.71407,0.382058,0.338956,0.715815,0.552632,0.415385,0.375,0.591837,0
2968,development,Simple,scan,pond_a,0.792525,0.972399,0.74383,0.865168,0.672727,0.88172,0.8725,0.897233,0
2969,evaluation,Simple,native_pdf,pond_b,0.960016,0.972716,0.980599,0.763653,0.966942,0.88172,1.0,0.687861,1
2970,development,Simple,scan,pond_a,0.799915,0.98481,0.783966,0.745311,0.672727,0.957792,0.891117,0.687861,1
2971,evaluation,Simple,scan,pond_b,0.95767,0.99678,0.872066,0.880293,0.966942,0.989848,0.979798,0.897233,1
2972,evaluation,Moderate,native_pdf,pond_b,0.852179,0.966004,0.763496,0.805855,0.744681,0.88172,0.8725,0.772487,0
2973,development,Simple,native_pdf,pond_a,0.895144,0.928157,0.788422,0.850541,0.843284,0.865854,0.891117,0.868132,1
2974,development,Complex,scan,pond_b,0.561362,0.335341,0.211538,0.843905,0.338028,0.415385,0.192308,0.868132,0
2975,development,Simple,scan,pond_b,0.870563,0.99502,0.789409,0.884629,0.768421,0.989848,0.891117,0.902174,0
2976,development,Moderate,scan,pond_b,0.851352,0.971638,0.733058,0.832533,0.744681,0.88172,0.8725,0.791444,1
2977,development,Complex,native_pdf,pond_a,0.821333,0.925256,0.688457,0.661422,0.738397,0.862069,0.8725,0.527397,0
2978,evaluation,Moderate,native_pdf,pond_a,0.892093,0.924734,0.687079,0.743519,0.793103,0.862069,0.8725,0.687861,0
2979,development,Simple,native_pdf,pond_a,0.939142,0.9928,0.940873,0.83949,0.934783,0.989848,1.0,0.80137,1
2980,evaluation,Simple,scan,pond_b,0.848262,0.932693,0.836792,0.869493,0.744681,0.865854,0.891117,0.897233,1
2981,evaluation,Complex,native_pdf,pond_b,0.569686,0.822363,0.360625,0.72497,0.338028,0.727723,0.435484,0.591837,0
2982,development,Simple,scan,pond_b,0.855491,0.987216,0.786469,0.879983,0.768421,0.957792,0.891117,0.897233,1
2983,development,Simple,scan,pond_b,0.841212,0.95688,0.826022,0.910708,0.738397,0.88172,0.891117,0.987179,1
2984,evaluation,Simple,native_pdf,pond_a,0.951546,0.955079,0.856345,0.807267,0.945946,0.88172,0.951456,0.772487,1
2985,development,Simple,native_pdf,pond_a,0.931522,0.998468,0.943876,0.773347,0.887701,1.0,1.0,0.727273,1
2986,development,Complex,scan,pond_a,0.390507,0.241906,0.585272,0.663707,0.2,0.415385,0.753623,0.527397,0
2987,development,Simple,scan,pond_a,0.851754,0.963889,0.882757,0.800803,0.744681,0.88172,0.979798,0.772487,1
2988,development,Moderate,scan,pond_b,0.910164,0.998287,0.920845,0.871785,0.857143,1.0,1.0,0.897233,1
2989,development,Simple,native_pdf,pond_b,0.782674,0.94651,0.773871,0.846719,0.672131,0.867188,0.8725,0.868132,0
2990,development,Simple,scan,pond_b,0.963462,0.995597,0.699757,0.926608,0.966942,0.989848,0.8725,1.0,1
2991,development,Simple,scan,pond_a,0.91072,0.930778,0.739153,0.888045,0.857143,0.865854,0.8725,0.902174,0
2992,evaluation,Simple,native_pdf,pond_b,0.793412,0.967795,0.891361,0.917122,0.672727,0.88172,0.982759,0.987179,0
2993,evaluation,Moderate,scan,pond_a,0.723361,0.915457,0.702508,0.771059,0.552632,0.857143,0.8725,0.727273,0
2994,development,Complex,native_pdf,pond_a,0.63677,0.345941,0.595452,0.711029,0.421053,0.415385,0.753623,0.590909,0
2995,development,Moderate,scan,pond_a,0.736183,0.642037,0.573488,0.729729,0.591398,0.54386,0.75,0.591837,0
2996,development,Moderate,native_pdf,pond_a,0.825494,0.969792,0.731899,0.752346,0.738397,0.88172,0.8725,0.687861,1
2997,development,Simple,native_pdf,pond_a,0.964277,0.992823,0.977459,0.755657,0.966942,0.989848,1.0,0.687861,1
2998,evaluation,Simple,scan,pond_b,0.743726,0.965041,0.606791,0.701218,0.591398,0.88172,0.753623,0.527397,0
2999,development,Simple,native_pdf,pond_b,0.950117,0.987967,0.81255,0.939396,0.945946,0.957792,0.891117,1.0,1
3000,evaluation,Simple,scan,pond_a,0.981789,0.99159,0.889348,0.8735,0.977778,0.957792,0.982759,0.897233,1
3001,development,Complex,scan,pond_a,0.76225,0.827768,0.530007,0.783485,0.591398,0.727723,0.581673,0.727273,0
3002,evaluation,Moderate,scan,pond_a,0.776118,0.961757,0.499509,0.706883,0.599474,0.88172,0.581673,0.571429,0
3003,evaluation,Simple,native_pdf,pond_a,0.947993,0.964064,0.850991,0.749364,0.945946,0.88172,0.951456,0.687861,1
3004,evaluation,Moderate,native_pdf,pond_a,0.848088,0.978073,0.777442,0.864015,0.744681,0.933333,0.891117,0.897233,0
3005,evaluation,Simple,native_pdf,pond_a,0.84329,0.201122,0.588304,0.760244,0.74229,0.415385,0.753623,0.687861,0
3006,development,Moderate,native_pdf,pond_a,0.853983,0.652894,0.608716,0.733146,0.768421,0.54386,0.753623,0.591837,1
3007,evaluation,Moderate,native_pdf,pond_a,0.763187,0.926494,0.698649,0.804885,0.591398,0.865854,0.8725,0.772487,1
3008,development,Moderate,native_pdf,pond_a,0.836089,0.892315,0.869442,0.704096,0.738397,0.809353,0.979798,0.571429,1
3009,evaluation,Simple,scan,pond_b,0.799557,0.973965,0.517973,0.847482,0.672727,0.923077,0.581673,0.868132,1
3010,evaluation,Moderate,native_pdf,pond_a,0.915862,0.837719,0.840187,0.659216,0.857143,0.77027,0.9375,0.527397,0
3011,development,Simple,native_pdf,pond_b,0.852306,0.945768,0.693798,0.858227,0.744681,0.867188,0.8725,0.894737,0
3012,development,Simple,native_pdf,pond_a,0.856466,0.248702,0.45466,0.887679,0.768421,0.415385,0.581673,0.902174,0
3013,development,Complex,native_pdf,pond_b,0.898126,0.770034,0.161729,0.83963,0.843284,0.727723,0.153846,0.80137,0
3014,development,Simple,native_pdf,pond_b,0.838666,0.926971,0.821385,0.916126,0.738397,0.865854,0.891117,0.987179,1
3015,development,Simple,native_pdf,pond_a,0.957785,0.978218,0.784529,0.830166,0.966942,0.933333,0.891117,0.791444,1
3016,development,Moderate,scan,pond_a,0.677689,0.935393,0.863968,0.616196,0.552632,0.867188,0.951456,0.333333,0
3017,development,Simple,scan,pond_a,0.877095,0.85246,0.703756,0.818167,0.777778,0.77027,0.8725,0.791444,1
3018,evaluation,Complex,scan,pond_b,0.679795,0.93223,0.608391,0.859095,0.552632,0.865854,0.753623,0.894737,1
3019,evaluation,Complex,native_pdf,pond_a,0.889618,0.921739,0.900279,0.669725,0.789474,0.862069,0.982759,0.527397,0
3020,evaluation,Complex,scan,pond_a,0.496681,0.124694,0.3498,0.793598,0.333333,0.16,0.435484,0.772487,0
3021,development,Moderate,native_pdf,pond_b,0.870345,0.994205,0.676869,0.855054,0.768421,0.989848,0.863158,0.894737,0
3022,development,Moderate,native_pdf,pond_a,0.865359,0.869606,0.813285,0.544474,0.768421,0.809353,0.891117,0.133333,0
3023,evaluation,Moderate,native_pdf,pond_b,0.802829,0.848208,0.334952,0.872029,0.672727,0.77027,0.363636,0.897233,0
3024,development,Simple,scan,pond_b,0.733008,0.87022,0.65925,0.882182,0.552632,0.809353,0.778571,0.902174,1
3025,evaluation,Simple,scan,pond_b,0.64821,0.78865,0.673976,0.904704,0.421053,0.727723,0.863158,0.937931,0
3026,development,Simple,native_pdf,pond_b,0.936766,0.959503,0.891316,0.847898,0.934783,0.88172,0.982759,0.868132,1
3027,development,Simple,scan,pond_b,0.958301,0.997965,0.916037,0.932889,0.966942,1.0,1.0,1.0,1
3028,development,Simple,native_pdf,pond_a,0.961245,0.844148,0.856314,0.867371,0.966942,0.77027,0.951456,0.897233,1
3029,development,Simple,native_pdf,pond_a,0.850139,0.982177,0.728499,0.8555,0.744681,0.957792,0.8725,0.894737,1
3030,development,Simple,scan,pond_a,0.873713,0.990051,0.824729,0.756617,0.777778,0.957792,0.891117,0.687861,1
3031,development,Simple,native_pdf,pond_a,0.736457,0.995407,0.853185,0.749496,0.591398,0.989848,0.951456,0.687861,1
3032,evaluation,Moderate,native_pdf,pond_a,0.819535,0.980342,0.468442,0.801233,0.738397,0.933333,0.581673,0.772487,1
3033,development,Simple,native_pdf,pond_a,0.918095,0.87525,0.870966,0.859484,0.857143,0.809353,0.979798,0.894737,0
3034,development,Simple,scan,pond_a,0.794401,0.928058,0.61567,0.85127,0.672727,0.865854,0.753623,0.868132,0
3035,development,Moderate,scan,pond_a,0.798718,0.993748,0.70748,0.823901,0.672727,0.989848,0.8725,0.791444,1
3036,development,Simple,scan,pond_a,0.862932,0.913036,0.805551,0.726861,0.768421,0.809353,0.891117,0.591837,0
3037,development,Simple,native_pdf,pond_b,0.930287,0.960978,0.938775,0.891037,0.887701,0.88172,1.0,0.911111,1
3038,development,Moderate,native_pdf,pond_a,0.703499,0.755068,0.367798,0.582763,0.552632,0.727723,0.435484,0.133333,0
3039,evaluation,Complex,scan,pond_a,0.507247,0.382777,0.283718,0.563999,0.338028,0.415385,0.192308,0.133333,0
3040,development,Moderate,native_pdf,pond_b,0.804282,0.60543,0.221695,0.828813,0.672727,0.485714,0.192308,0.791444,0
3041,development,Moderate,native_pdf,pond_b,0.904055,0.954656,0.52436,0.827254,0.843284,0.88172,0.581673,0.791444,1
3042,evaluation,Simple,scan,pond_b,0.924825,0.994085,0.824254,0.915449,0.887701,0.989848,0.891117,0.987179,1
3043,development,Moderate,native_pdf,pond_a,0.842119,0.964631,0.499031,0.791801,0.738397,0.88172,0.581673,0.772487,0
3044,evaluation,Moderate,scan,pond_b,0.806193,0.896754,0.748555,0.870547,0.672727,0.809353,0.8725,0.897233,1
3045,evaluation,Simple,scan,pond_a,0.833489,0.767746,0.268105,0.74478,0.738397,0.727723,0.192308,0.687861,0
3046,development,Simple,native_pdf,pond_b,0.933629,0.962002,0.62762,0.791502,0.887701,0.88172,0.778571,0.772487,0
3047,development,Moderate,native_pdf,pond_a,0.7911,0.301168,0.75109,0.796463,0.672131,0.415385,0.8725,0.772487,0
3048,evaluation,Complex,native_pdf,pond_b,0.710965,0.302873,0.298225,0.768298,0.552632,0.415385,0.224229,0.727273,0
3049,development,Moderate,scan,pond_a,0.797768,0.554265,0.622691,0.849505,0.672727,0.485714,0.753623,0.868132,1
3050,evaluation,Moderate,native_pdf,pond_a,0.907989,0.954191,0.864092,0.759833,0.843284,0.88172,0.951456,0.687861,1
3051,evaluation,Simple,native_pdf,pond_b,0.957353,0.917896,0.824713,0.891115,0.966942,0.862069,0.891117,0.911111,1
3052,evaluation,Simple,native_pdf,pond_a,0.977984,0.989193,0.808445,0.707929,0.977778,0.957792,0.891117,0.571429,1
3053,development,Simple,scan,pond_b,0.940435,0.987105,0.720234,0.878332,0.934783,0.957792,0.8725,0.897233,1
3054,evaluation,Moderate,native_pdf,pond_b,0.818825,0.668525,0.200141,0.785618,0.738397,0.54386,0.153846,0.772487,0
3055,development,Moderate,native_pdf,pond_a,0.784549,0.395801,0.580379,0.721617,0.672131,0.415385,0.753623,0.591837,0
3056,development,Moderate,scan,pond_a,0.452834,0.65302,0.601691,0.782947,0.235294,0.54386,0.753623,0.727273,0
3057,development,Moderate,native_pdf,pond_a,0.933064,0.976938,0.81438,0.730024,0.887701,0.923077,0.891117,0.591837,1
3058,development,Simple,scan,pond_a,0.695935,0.928426,0.566955,0.804478,0.552632,0.865854,0.681818,0.772487,1
3059,evaluation,Complex,scan,pond_b,0.444477,0.912843,0.21928,0.662108,0.235294,0.809353,0.192308,0.527397,0
3060,evaluation,Moderate,native_pdf,pond_a,0.885056,0.708179,0.843223,0.826737,0.789474,0.567568,0.9375,0.791444,1
3061,development,Moderate,native_pdf,pond_b,0.840761,0.564341,0.441436,0.897403,0.738397,0.485714,0.581673,0.937931,0
3062,evaluation,Complex,scan,pond_a,0.524087,0.202972,0.286347,0.581,0.338028,0.415385,0.192308,0.133333,0
3063,development,Moderate,scan,pond_b,0.774972,0.885693,0.5301,0.862457,0.591398,0.809353,0.581673,0.897233,0
3064,development,Moderate,native_pdf,pond_b,0.663446,0.836294,0.590818,0.886764,0.5,0.77027,0.753623,0.902174,1
3065,development,Simple,native_pdf,pond_a,0.933694,0.970544,0.562466,0.823335,0.887701,0.88172,0.681818,0.791444,1
3066,development,Simple,native_pdf,pond_b,0.938513,0.933226,0.648423,0.89562,0.934783,0.865854,0.778571,0.937931,1
3067,development,Complex,scan,pond_a,0.544545,0.475988,0.106386,0.556243,0.338028,0.485714,0.12,0.133333,0
3068,evaluation,Moderate,native_pdf,pond_b,0.862878,0.887541,0.721113,0.804399,0.768421,0.809353,0.8725,0.772487,0
3069,evaluation,Simple,native_pdf,pond_b,0.900831,0.988444,0.767416,0.851707,0.843284,0.957792,0.8725,0.894737,1
3070,evaluation,Moderate,native_pdf,pond_b,0.882477,0.955128,0.340332,0.800903,0.789474,0.88172,0.375,0.772487,0
3071,development,Simple,scan,pond_b,0.908083,0.985996,0.826198,0.898783,0.843284,0.957792,0.891117,0.937931,1
3072,evaluation,Moderate,native_pdf,pond_a,0.718779,0.948208,0.620347,0.729141,0.552632,0.867188,0.753623,0.591837,0
3073,evaluation,Moderate,native_pdf,pond_a,0.889034,0.960888,0.531194,0.8646,0.789474,0.88172,0.581673,0.897233,1
3074,development,Moderate,scan,pond_a,0.788215,0.839731,0.6955,0.813316,0.672131,0.77027,0.8725,0.772487,0
3075,development,Simple,native_pdf,pond_a,0.92342,0.904351,0.822565,0.780272,0.887701,0.809353,0.891117,0.727273,1
3076,evaluation,Simple,native_pdf,pond_b,0.881964,0.992942,0.792304,0.902455,0.789474,0.989848,0.891117,0.937931,1
3077,development,Moderate,scan,pond_a,0.872024,0.989856,0.679074,0.838294,0.768421,0.957792,0.863158,0.80137,0
3078,development,Moderate,native_pdf,pond_b,0.739159,0.397912,0.452533,0.702952,0.591398,0.415385,0.581673,0.527397,0
3079,evaluation,Simple,native_pdf,pond_a,0.950212,0.997416,0.733823,0.751159,0.945946,0.989848,0.8725,0.687861,0
3080,development,Moderate,scan,pond_b,0.592189,0.363305,0.675375,0.878239,0.421053,0.415385,0.863158,0.897233,1
3081,development,Complex,scan,pond_a,0.753908,0.648101,0.453406,0.692901,0.591398,0.54386,0.581673,0.527397,0
3082,development,Simple,native_pdf,pond_a,0.951786,0.959282,0.828447,0.787004,0.945946,0.88172,0.891117,0.772487,1
3083,evaluation,Simple,native_pdf,pond_b,0.930619,0.979318,0.794454,0.881962,0.887701,0.933333,0.891117,0.902174,1
3084,development,Simple,scan,pond_b,0.725821,0.961829,0.831571,0.870059,0.552632,0.88172,0.891117,0.897233,0
3085,development,Simple,native_pdf,pond_a,0.966055,0.986263,0.93006,0.887095,0.966942,0.957792,1.0,0.902174,1
3086,evaluation,Simple,native_pdf,pond_a,0.850388,0.962766,0.548176,0.847277,0.744681,0.88172,0.681818,0.868132,1
3087,development,Simple,native_pdf,pond_a,0.945086,0.974539,0.903395,0.836096,0.945946,0.923077,0.982759,0.80137,1
3088,evaluation,Simple,native_pdf,pond_b,0.906935,0.952192,0.713347,0.862294,0.843284,0.88172,0.8725,0.897233,0
3089,development,Simple,native_pdf,pond_a,0.957627,0.966279,0.840723,0.87088,0.966942,0.88172,0.9375,0.897233,1
3090,evaluation,Simple,native_pdf,pond_a,0.870628,0.837065,0.585982,0.855968,0.768421,0.77027,0.753623,0.894737,0
3091,evaluation,Moderate,native_pdf,pond_b,0.92644,0.971263,0.710909,0.648717,0.887701,0.88172,0.8725,0.388889,0
3092,evaluation,Complex,scan,pond_b,0.668331,0.70785,0.76267,0.806175,0.552632,0.567568,0.8725,0.772487,1
3093,development,Complex,native_pdf,pond_b,0.746166,0.623359,0.822942,0.876309,0.591398,0.521739,0.891117,0.897233,1
3094,development,Simple,native_pdf,pond_a,0.949901,0.991884,0.957158,0.865943,0.945946,0.989848,1.0,0.897233,1
3095,evaluation,Complex,native_pdf,pond_a,0.696792,0.164209,0.401893,0.64658,0.552632,0.16,0.435484,0.388889,0
3096,evaluation,Moderate,native_pdf,pond_b,0.873743,0.967244,0.83879,0.754416,0.777778,0.88172,0.9375,0.687861,1
3097,development,Moderate,native_pdf,pond_b,0.858852,0.759753,0.560686,0.836712,0.768421,0.727723,0.681818,0.80137,1
3098,development,Moderate,scan,pond_b,0.751561,0.979424,0.449011,0.864058,0.591398,0.933333,0.581673,0.897233,0
3099,development,Simple,native_pdf,pond_b,0.97471,0.994866,0.804818,0.802896,0.977778,0.989848,0.891117,0.772487,1
3100,evaluation,Complex,scan,pond_b,0.473198,0.068822,0.21307,0.707749,0.235294,0.0,0.192308,0.571429,0
3101,development,Simple,scan,pond_a,0.90883,0.983179,0.567656,0.817507,0.843284,0.957792,0.681818,0.791444,0
3102,development,Simple,scan,pond_b,0.722026,0.69338,0.720905,0.886544,0.552632,0.567568,0.8725,0.902174,0
3103,development,Simple,scan,pond_a,0.89595,0.983764,0.658479,0.755906,0.843284,0.957792,0.778571,0.687861,1
3104,evaluation,Moderate,native_pdf,pond_b,0.898955,0.956681,0.780067,0.866523,0.843284,0.88172,0.891117,0.897233,1
3105,development,Simple,scan,pond_a,0.86644,0.923189,0.903037,0.893585,0.768421,0.862069,0.982759,0.937931,1
3106,evaluation,Simple,native_pdf,pond_a,0.894918,0.955109,0.601328,0.669074,0.83871,0.88172,0.753623,0.527397,0
3107,evaluation,Moderate,native_pdf,pond_a,0.764941,0.713662,0.149423,0.737217,0.591398,0.567568,0.12,0.591837,0
3108,development,Moderate,scan,pond_a,0.688365,0.094619,0.504258,0.515454,0.552632,0.0,0.581673,0.133333,0
3109,evaluation,Complex,native_pdf,pond_a,0.766843,0.55392,0.280858,0.624292,0.591398,0.485714,0.192308,0.333333,0
3110,development,Moderate,scan,pond_a,0.612597,0.876575,0.569922,0.814069,0.421053,0.809353,0.681818,0.772487,0
3111,development,Simple,scan,pond_a,0.880764,0.73424,0.605444,0.812949,0.789474,0.666667,0.753623,0.772487,0
3112,development,Simple,scan,pond_b,0.936617,0.997389,0.877999,0.786821,0.934783,0.989848,0.979798,0.772487,1
3113,development,Moderate,native_pdf,pond_a,0.817009,0.883665,0.215486,0.822054,0.738397,0.809353,0.192308,0.791444,0
3114,development,Simple,scan,pond_a,0.796947,0.476077,0.775828,0.819972,0.672727,0.485714,0.888889,0.791444,0
3115,development,Simple,native_pdf,pond_b,0.888898,0.94739,0.83716,0.86127,0.789474,0.867188,0.891117,0.894737,0
3116,development,Moderate,native_pdf,pond_b,0.924809,0.959181,0.648512,0.809568,0.887701,0.88172,0.778571,0.772487,0
3117,evaluation,Moderate,scan,pond_a,0.701261,0.771712,0.413181,0.635561,0.552632,0.727723,0.435484,0.388889,0
3118,development,Moderate,scan,pond_b,0.75726,0.976283,0.441286,0.839188,0.591398,0.923077,0.581673,0.80137,0
3119,development,Complex,native_pdf,pond_a,0.651064,0.088044,0.375329,0.706468,0.5,0.0,0.435484,0.571429,0
3120,evaluation,Complex,native_pdf,pond_b,0.830373,0.517803,0.684052,0.720346,0.738397,0.485714,0.863158,0.591837,0
3121,development,Simple,scan,pond_b,0.829845,0.662948,0.651647,0.878238,0.738397,0.54386,0.778571,0.897233,0
3122,development,Moderate,native_pdf,pond_a,0.869977,0.705093,0.737458,0.794246,0.768421,0.567568,0.8725,0.772487,0
3123,development,Simple,native_pdf,pond_a,0.944442,0.993695,0.893586,0.764546,0.945946,0.989848,0.982759,0.687861,1
3124,evaluation,Complex,native_pdf,pond_b,0.825483,0.933564,0.576528,0.783142,0.738397,0.865854,0.753623,0.727273,0
3125,development,Simple,scan,pond_b,0.885185,0.973399,0.630062,0.849415,0.789474,0.916667,0.778571,0.868132,0
3126,evaluation,Complex,scan,pond_b,0.750466,0.885794,0.757829,0.787093,0.591398,0.809353,0.8725,0.772487,1
3127,evaluation,Simple,native_pdf,pond_b,0.86072,0.689952,0.761791,0.772595,0.768421,0.567568,0.8725,0.727273,0
3128,development,Simple,native_pdf,pond_b,0.902873,0.87451,0.568505,0.89906,0.843284,0.809353,0.681818,0.937931,0
3129,evaluation,Complex,scan,pond_a,0.602281,0.159876,0.207553,0.522659,0.421053,0.16,0.192308,0.133333,0
3130,development,Simple,native_pdf,pond_b,0.917439,0.988735,0.947375,0.838988,0.857143,0.957792,1.0,0.80137,0
3131,development,Simple,native_pdf,pond_a,0.907547,0.961435,0.893952,0.851947,0.843284,0.88172,0.982759,0.894737,1
3132,evaluation,Moderate,native_pdf,pond_b,0.830929,0.76359,0.608737,0.869895,0.738397,0.727723,0.753623,0.897233,0
3133,development,Simple,native_pdf,pond_a,0.937487,0.98677,0.738178,0.821037,0.934783,0.957792,0.8725,0.791444,0
3134,development,Moderate,native_pdf,pond_a,0.943669,0.991353,0.878189,0.595439,0.945946,0.957792,0.979798,0.307692,0
3135,development,Moderate,native_pdf,pond_a,0.854226,0.934404,0.611727,0.798428,0.768421,0.865854,0.753623,0.772487,0
3136,evaluation,Moderate,native_pdf,pond_a,0.929632,0.960828,0.844918,0.742998,0.887701,0.88172,0.9375,0.687861,0
3137,evaluation,Moderate,scan,pond_b,0.797334,0.96558,0.797591,0.70811,0.672727,0.88172,0.891117,0.571429,0
3138,development,Simple,native_pdf,pond_b,0.941336,0.989777,0.890403,0.813152,0.934783,0.957792,0.982759,0.772487,0
3139,development,Simple,native_pdf,pond_a,0.922148,0.981598,0.573158,0.759612,0.887701,0.957792,0.75,0.687861,1
3140,development,Moderate,scan,pond_a,0.856194,0.966492,0.692077,0.787615,0.768421,0.88172,0.8725,0.772487,1
3141,development,Simple,native_pdf,pond_b,0.889556,0.967605,0.427495,0.871051,0.789474,0.88172,0.527778,0.897233,0
3142,development,Simple,scan,pond_b,0.826919,0.68546,0.60894,0.818882,0.738397,0.567568,0.753623,0.791444,0
3143,evaluation,Simple,native_pdf,pond_b,0.927849,0.942906,0.717825,0.933376,0.887701,0.867188,0.8725,1.0,0
3144,development,Complex,scan,pond_b,0.76558,0.958277,0.595125,0.777242,0.591398,0.88172,0.753623,0.727273,0
3145,development,Simple,native_pdf,pond_a,0.843251,0.837871,0.847107,0.852159,0.738397,0.77027,0.9375,0.894737,0
3146,evaluation,Simple,scan,pond_b,0.92235,0.981211,0.842775,0.666118,0.887701,0.933333,0.9375,0.527397,0
3147,development,Simple,scan,pond_a,0.872307,0.986754,0.862343,0.836625,0.768421,0.957792,0.951456,0.80137,1
3148,evaluation,Complex,scan,pond_b,0.760172,0.710322,0.615062,0.855661,0.591398,0.567568,0.753623,0.894737,0
3149,evaluation,Moderate,native_pdf,pond_b,0.882189,0.954052,0.747136,0.846655,0.789474,0.88172,0.8725,0.868132,1
3150,evaluation,Complex,scan,pond_a,0.434621,0.270493,0.391276,0.722902,0.235294,0.415385,0.435484,0.591837,0
3151,development,Moderate,scan,pond_b,0.769213,0.799984,0.360295,0.703958,0.591398,0.727723,0.435484,0.571429,0
3152,evaluation,Simple,scan,pond_b,0.849362,0.779741,0.823283,0.871387,0.744681,0.727723,0.891117,0.897233,0
3153,development,Simple,scan,pond_b,0.925879,0.996159,0.843435,0.954992,0.887701,0.989848,0.9375,1.0,1
3154,development,Simple,native_pdf,pond_b,0.851451,0.710884,0.797414,0.907176,0.744681,0.567568,0.891117,0.937931,0
3155,evaluation,Moderate,scan,pond_a,0.796442,0.871751,0.396858,0.648506,0.672727,0.809353,0.435484,0.388889,0
3156,development,Moderate,native_pdf,pond_b,0.874999,0.742065,0.528333,0.849904,0.777778,0.727723,0.581673,0.868132,0
3157,development,Moderate,native_pdf,pond_b,0.78298,0.881914,0.680528,0.832764,0.672131,0.809353,0.863158,0.80137,1
3158,evaluation,Moderate,native_pdf,pond_a,0.845363,0.901521,0.518791,0.824239,0.744681,0.809353,0.581673,0.791444,0
3159,development,Complex,native_pdf,pond_b,0.596278,0.62137,0.442621,0.842576,0.421053,0.521739,0.581673,0.80137,0
3160,development,Simple,native_pdf,pond_a,0.898773,0.988275,0.799938,0.753934,0.843284,0.957792,0.891117,0.687861,0
3161,evaluation,Simple,scan,pond_b,0.914059,0.995346,0.859248,0.803547,0.857143,0.989848,0.951456,0.772487,0
3162,development,Simple,native_pdf,pond_b,0.959746,0.968935,0.767435,0.833685,0.966942,0.88172,0.8725,0.80137,1
3163,development,Simple,native_pdf,pond_a,0.968002,0.99871,0.946447,0.856239,0.966942,1.0,1.0,0.894737,1
3164,evaluation,Moderate,native_pdf,pond_b,0.918821,0.61538,0.652962,0.853089,0.857143,0.521739,0.778571,0.894737,0
3165,development,Simple,native_pdf,pond_b,0.860365,0.998206,0.86484,0.782346,0.768421,1.0,0.951456,0.727273,1
3166,development,Simple,native_pdf,pond_a,0.887259,0.982994,0.724807,0.79451,0.789474,0.957792,0.8725,0.772487,1
3167,evaluation,Moderate,native_pdf,pond_a,0.960786,0.990389,0.884015,0.651569,0.966942,0.957792,0.979798,0.388889,1
3168,development,Simple,native_pdf,pond_b,0.805686,0.943078,0.346,0.81669,0.672727,0.867188,0.435484,0.772487,0
3169,evaluation,Moderate,native_pdf,pond_b,0.880059,0.881559,0.805195,0.933825,0.789474,0.809353,0.891117,1.0,1
3170,evaluation,Simple,native_pdf,pond_a,0.954928,0.995137,0.745158,0.824107,0.966942,0.989848,0.8725,0.791444,1
3171,evaluation,Moderate,native_pdf,pond_b,0.810216,0.888237,0.569778,0.877776,0.738397,0.809353,0.681818,0.897233,0
3172,development,Simple,scan,pond_b,0.786375,0.985158,0.69821,0.928079,0.672131,0.957792,0.8725,1.0,1
3173,development,Simple,scan,pond_a,0.778157,0.968238,0.761097,0.735547,0.6,0.88172,0.8725,0.591837,1
3174,evaluation,Moderate,native_pdf,pond_b,0.561176,0.602336,0.469107,0.898381,0.338028,0.485714,0.581673,0.937931,0
3175,evaluation,Complex,native_pdf,pond_b,0.89651,0.475853,0.423455,0.807542,0.843284,0.485714,0.527778,0.772487,0
3176,development,Simple,scan,pond_a,0.820335,0.962781,0.545236,0.772553,0.738397,0.88172,0.681818,0.727273,1
3177,development,Moderate,native_pdf,pond_b,0.90969,0.94251,0.766792,0.900161,0.857143,0.867188,0.8725,0.937931,1
3178,development,Moderate,native_pdf,pond_a,0.886828,0.989354,0.754176,0.79038,0.789474,0.957792,0.8725,0.772487,1
3179,development,Simple,scan,pond_b,0.819399,0.973925,0.810037,0.913062,0.738397,0.923077,0.891117,0.987179,1
3180,development,Moderate,native_pdf,pond_b,0.721252,0.876563,0.253755,0.789072,0.552632,0.809353,0.192308,0.772487,0
3181,development,Simple,native_pdf,pond_a,0.938871,0.960352,0.776067,0.828348,0.934783,0.88172,0.891117,0.791444,0
3182,evaluation,Complex,native_pdf,pond_a,0.672909,0.515895,0.233557,0.589595,0.552632,0.485714,0.192308,0.307692,0
3183,development,Simple,scan,pond_a,0.770871,0.96649,0.726411,0.758335,0.591398,0.88172,0.8725,0.687861,0
3184,development,Simple,native_pdf,pond_b,0.88795,0.864176,0.89202,0.804097,0.789474,0.809353,0.982759,0.772487,0
3185,development,Moderate,scan,pond_b,0.872799,0.84898,0.761393,0.883917,0.768421,0.77027,0.8725,0.902174,1
3186,development,Complex,scan,pond_a,0.414223,0.696837,0.694119,0.743501,0.235294,0.567568,0.8725,0.687861,1
3187,development,Moderate,scan,pond_b,0.889053,0.869374,0.808235,0.851524,0.789474,0.809353,0.891117,0.868132,0
3188,evaluation,Complex,scan,pond_b,0.439149,0.624091,0.299187,0.82841,0.235294,0.521739,0.25,0.791444,1
3189,development,Simple,scan,pond_b,0.862551,0.950262,0.850513,0.87231,0.768421,0.868421,0.951456,0.897233,0
3190,development,Moderate,scan,pond_a,0.568734,0.481486,0.565614,0.768709,0.338028,0.485714,0.681818,0.727273,0
3191,evaluation,Complex,native_pdf,pond_a,0.880756,0.849648,0.880623,0.809853,0.789474,0.77027,0.979798,0.772487,1
3192,evaluation,Complex,native_pdf,pond_a,0.483888,0.499955,0.243342,0.772052,0.235294,0.485714,0.192308,0.727273,0
3193,evaluation,Simple,scan,pond_b,0.878194,0.991566,0.805912,0.91849,0.777778,0.957792,0.891117,0.987179,1
3194,evaluation,Moderate,native_pdf,pond_a,0.693499,0.282373,0.433506,0.870969,0.552632,0.415385,0.581673,0.897233,0
3195,development,Simple,native_pdf,pond_b,0.789739,0.899233,0.566341,0.891492,0.672131,0.809353,0.681818,0.911111,0
3196,development,Moderate,native_pdf,pond_a,0.941297,0.966606,0.877977,0.817016,0.934783,0.88172,0.979798,0.772487,1
3197,development,Moderate,scan,pond_b,0.719098,0.832471,0.714843,0.793926,0.552632,0.75,0.8725,0.772487,1
3198,evaluation,Simple,scan,pond_a,0.786607,0.973256,0.740417,0.878851,0.672131,0.916667,0.8725,0.897233,1
3199,evaluation,Moderate,scan,pond_b,0.891875,0.977427,0.650303,0.828401,0.793103,0.923077,0.778571,0.791444,0
3200,development,Moderate,native_pdf,pond_a,0.94548,0.936116,0.777334,0.653444,0.945946,0.867188,0.891117,0.4,0
3201,evaluation,Simple,native_pdf,pond_b,0.913496,0.983563,0.896584,0.877404,0.857143,0.957792,0.982759,0.897233,1
3202,evaluation,Moderate,native_pdf,pond_b,0.718625,0.967334,0.709537,0.811706,0.552632,0.88172,0.8725,0.772487,1
3203,evaluation,Complex,scan,pond_a,0.704687,0.331393,0.177791,0.721934,0.552632,0.415385,0.153846,0.591837,0
3204,development,Simple,native_pdf,pond_a,0.892612,0.994839,0.856645,0.81191,0.83871,0.989848,0.951456,0.772487,1
3205,development,Simple,native_pdf,pond_a,0.839254,0.990438,0.667901,0.836844,0.738397,0.957792,0.863158,0.80137,0
3206,development,Simple,scan,pond_a,0.790501,0.991851,0.763298,0.751751,0.672131,0.989848,0.8725,0.687861,1
3207,evaluation,Simple,scan,pond_a,0.90984,0.980639,0.928767,0.815631,0.857143,0.933333,1.0,0.772487,1
3208,evaluation,Complex,scan,pond_a,0.589413,0.376788,0.297848,0.553099,0.421053,0.415385,0.212894,0.133333,0
3209,evaluation,Simple,native_pdf,pond_a,0.916359,0.598083,0.859362,0.797112,0.857143,0.485714,0.951456,0.772487,0
3210,evaluation,Moderate,native_pdf,pond_b,0.941328,0.978641,0.794682,0.834279,0.934783,0.933333,0.891117,0.80137,0
3211,evaluation,Simple,native_pdf,pond_b,0.759359,0.927767,0.689382,0.77109,0.591398,0.865854,0.8725,0.727273,0
3212,development,Moderate,native_pdf,pond_a,0.727319,0.71645,0.314209,0.711074,0.552632,0.567568,0.25,0.590909,0
3213,evaluation,Simple,native_pdf,pond_b,0.931101,0.995608,0.622626,0.852542,0.887701,0.989848,0.753623,0.894737,1
3214,development,Moderate,native_pdf,pond_a,0.604649,0.456168,0.475522,0.709305,0.421053,0.485714,0.581673,0.571429,0
3215,evaluation,Moderate,scan,pond_b,0.798519,0.983005,0.652154,0.821054,0.672727,0.957792,0.778571,0.791444,1
3216,development,Moderate,native_pdf,pond_b,0.903686,0.984816,0.75144,0.841498,0.843284,0.957792,0.8725,0.80137,1
3217,evaluation,Simple,native_pdf,pond_a,0.930566,0.98591,0.884835,0.683202,0.887701,0.957792,0.979798,0.527397,1
3218,evaluation,Simple,scan,pond_b,0.843934,0.989011,0.885522,0.91506,0.744681,0.957792,0.982759,0.987179,1
3219,development,Simple,scan,pond_a,0.69585,0.444018,0.497425,0.838376,0.552632,0.419355,0.581673,0.80137,0
3220,evaluation,Complex,scan,pond_a,0.6328,0.270849,0.491661,0.76726,0.421053,0.415385,0.581673,0.727273,0
3221,evaluation,Simple,scan,pond_a,0.87649,0.949093,0.854911,0.830006,0.777778,0.868421,0.951456,0.791444,1
3222,development,Moderate,native_pdf,pond_b,0.821276,0.91064,0.121552,0.905798,0.738397,0.809353,0.12,0.937931,0
3223,development,Simple,native_pdf,pond_a,0.787327,0.815198,0.53013,0.757698,0.672131,0.727723,0.581673,0.687861,0
3224,development,Complex,native_pdf,pond_a,0.773587,0.544881,0.203459,0.758396,0.591398,0.485714,0.153846,0.687861,0
3225,evaluation,Complex,native_pdf,pond_b,0.812454,0.918312,0.663999,0.799069,0.738397,0.862069,0.863158,0.772487,1
3226,evaluation,Moderate,scan,pond_b,0.70373,0.934686,0.091751,0.743766,0.552632,0.865854,0.12,0.687861,0
3227,evaluation,Moderate,scan,pond_a,0.694643,0.95797,0.78554,0.756135,0.552632,0.88172,0.891117,0.687861,1
3228,development,Complex,scan,pond_a,0.711495,0.419849,0.376387,0.736745,0.552632,0.419355,0.435484,0.591837,0
3229,development,Simple,native_pdf,pond_b,0.752498,0.848329,0.658819,0.869857,0.591398,0.77027,0.778571,0.897233,0
3230,development,Moderate,native_pdf,pond_a,0.825242,0.719608,0.289518,0.758821,0.738397,0.567568,0.192308,0.687861,0
3231,development,Moderate,scan,pond_b,0.745235,0.851147,0.600062,0.726664,0.591398,0.77027,0.753623,0.591837,0
3232,development,Simple,scan,pond_b,0.875019,0.967975,0.869216,0.911137,0.777778,0.88172,0.979798,0.987179,1
3233,development,Simple,native_pdf,pond_a,0.724323,0.753495,0.213891,0.736555,0.552632,0.727723,0.192308,0.591837,0
3234,development,Simple,native_pdf,pond_a,0.919651,0.905336,0.672989,0.862607,0.887701,0.809353,0.863158,0.897233,1
3235,development,Moderate,scan,pond_b,0.587405,0.758469,0.594451,0.794742,0.421053,0.727723,0.753623,0.772487,0
3236,evaluation,Simple,native_pdf,pond_a,0.943686,0.907704,0.68711,0.843257,0.945946,0.809353,0.8725,0.80137,0
3237,evaluation,Complex,native_pdf,pond_b,0.633805,0.58563,0.602996,0.798554,0.421053,0.485714,0.753623,0.772487,0
3238,development,Simple,native_pdf,pond_b,0.87547,0.985574,0.820389,0.921128,0.777778,0.957792,0.891117,0.987179,0
3239,evaluation,Simple,native_pdf,pond_a,0.825789,0.979262,0.885412,0.712403,0.738397,0.933333,0.982759,0.590909,0
3240,evaluation,Complex,scan,pond_a,0.381817,0.781976,0.435623,0.778647,0.2,0.727723,0.581673,0.727273,1
3241,evaluation,Moderate,scan,pond_b,0.592444,0.963264,0.509972,0.833429,0.421053,0.88172,0.581673,0.80137,0
3242,evaluation,Moderate,scan,pond_a,0.613707,0.901283,0.515752,0.654762,0.421053,0.809353,0.581673,0.527397,0
3243,development,Simple,scan,pond_a,0.869763,0.959206,0.879578,0.875577,0.768421,0.88172,0.979798,0.897233,1
3244,evaluation,Simple,native_pdf,pond_a,0.938661,0.980148,0.906313,0.802548,0.934783,0.933333,0.982759,0.772487,1
3245,development,Moderate,scan,pond_b,0.804685,0.954228,0.497776,0.896033,0.672727,0.88172,0.581673,0.937931,1
3246,development,Simple,scan,pond_b,0.794198,0.931378,0.730454,0.909086,0.672727,0.865854,0.8725,0.987179,1
3247,development,Moderate,scan,pond_b,0.799059,0.967204,0.786868,0.842192,0.672727,0.88172,0.891117,0.80137,1
3248,development,Simple,scan,pond_b,0.894638,0.949115,0.87887,0.874534,0.83871,0.868421,0.979798,0.897233,0
3249,evaluation,Moderate,native_pdf,pond_a,0.752461,0.695756,0.47469,0.577033,0.591398,0.567568,0.581673,0.133333,0
3250,development,Simple,native_pdf,pond_b,0.968756,0.983366,0.864644,0.835427,0.966942,0.957792,0.951456,0.80137,1
3251,evaluation,Simple,native_pdf,pond_b,0.903173,0.975545,0.642415,0.811778,0.843284,0.923077,0.778571,0.772487,1
3252,evaluation,Complex,native_pdf,pond_b,0.687401,0.346314,0.366351,0.601742,0.552632,0.415385,0.435484,0.307692,0
3253,evaluation,Complex,scan,pond_b,0.294016,0.353156,0.487204,0.778756,0.181818,0.415385,0.581673,0.727273,0
3254,development,Simple,native_pdf,pond_a,0.895641,0.971362,0.759234,0.817059,0.843284,0.88172,0.8725,0.772487,0
3255,development,Simple,scan,pond_a,0.768753,0.768623,0.639236,0.832741,0.591398,0.727723,0.778571,0.791444,0
3256,development,Complex,scan,pond_a,0.436189,0.420912,0.18024,0.685727,0.235294,0.419355,0.153846,0.527397,0
3257,evaluation,Simple,native_pdf,pond_b,0.966351,0.992493,0.893434,0.88477,0.966942,0.989848,0.982759,0.902174,1
3258,development,Moderate,native_pdf,pond_b,0.857251,0.934967,0.661564,0.851238,0.768421,0.867188,0.863158,0.868132,1
3259,development,Simple,native_pdf,pond_b,0.944029,0.982681,0.753337,0.87261,0.945946,0.957792,0.8725,0.897233,1
3260,development,Simple,native_pdf,pond_b,0.959892,0.990556,0.841441,0.776799,0.966942,0.957792,0.9375,0.727273,0
3261,development,Simple,native_pdf,pond_a,0.873517,0.952088,0.755166,0.753702,0.777778,0.868421,0.8725,0.687861,1
3262,development,Complex,native_pdf,pond_b,0.825836,0.465286,0.455597,0.720007,0.738397,0.485714,0.581673,0.591837,1
3263,development,Complex,native_pdf,pond_a,0.737718,0.145525,0.094188,0.621481,0.591398,0.16,0.12,0.333333,0
3264,evaluation,Moderate,scan,pond_b,0.749813,0.877574,0.523173,0.855263,0.591398,0.809353,0.581673,0.894737,0
3265,development,Simple,scan,pond_a,0.839929,0.960387,0.643412,0.800413,0.738397,0.88172,0.778571,0.772487,0
3266,evaluation,Simple,native_pdf,pond_b,0.894913,0.865102,0.90084,0.835733,0.83871,0.809353,0.982759,0.80137,0
3267,evaluation,Complex,scan,pond_a,0.612412,0.609511,0.629564,0.569915,0.421053,0.485714,0.778571,0.133333,0
3268,development,Simple,native_pdf,pond_b,0.974254,0.997146,0.885856,0.926545,0.977778,0.989848,0.982759,1.0,1
3269,evaluation,Simple,scan,pond_a,0.829135,0.95066,0.568496,0.731374,0.738397,0.868421,0.681818,0.591837,0
3270,development,Simple,scan,pond_b,0.878824,0.99682,0.912744,0.848152,0.777778,0.989848,1.0,0.868132,1
3271,development,Simple,scan,pond_b,0.881885,0.908003,0.924499,0.781965,0.789474,0.809353,1.0,0.727273,1
3272,evaluation,Simple,native_pdf,pond_b,0.918333,0.962914,0.860202,0.940644,0.857143,0.88172,0.951456,1.0,1
3273,evaluation,Simple,native_pdf,pond_a,0.959469,0.922832,0.800068,0.778058,0.966942,0.862069,0.891117,0.727273,1
3274,development,Simple,scan,pond_a,0.912697,0.996756,0.967181,0.709953,0.857143,0.989848,1.0,0.590909,1
3275,evaluation,Complex,scan,pond_b,0.789352,0.861029,0.714819,0.674129,0.672131,0.809353,0.8725,0.527397,1
3276,development,Simple,native_pdf,pond_a,0.963155,0.921284,0.873888,0.865306,0.966942,0.862069,0.979798,0.897233,1
3277,development,Simple,scan,pond_a,0.887057,0.900582,0.919002,0.813335,0.789474,0.809353,1.0,0.772487,0
3278,development,Moderate,scan,pond_b,0.761428,0.728859,0.673089,0.767767,0.591398,0.666667,0.863158,0.727273,0
3279,development,Moderate,scan,pond_b,0.470862,0.033276,0.107377,0.777871,0.235294,0.0,0.12,0.727273,0
3280,development,Moderate,native_pdf,pond_b,0.909036,0.984788,0.898658,0.824762,0.857143,0.957792,0.982759,0.791444,1
3281,development,Moderate,scan,pond_a,0.859599,0.991256,0.768056,0.737238,0.768421,0.957792,0.8725,0.591837,1
3282,development,Simple,native_pdf,pond_b,0.843872,0.927292,0.685001,0.848465,0.744681,0.865854,0.863158,0.868132,0
3283,evaluation,Complex,native_pdf,pond_b,0.853844,0.941897,0.443563,0.828474,0.768421,0.867188,0.581673,0.791444,0
3284,evaluation,Moderate,native_pdf,pond_a,0.93294,0.930262,0.73949,0.820246,0.887701,0.865854,0.8725,0.791444,0
3285,development,Simple,scan,pond_b,0.880207,0.959875,0.808448,0.918858,0.789474,0.88172,0.891117,0.987179,1
3286,development,Simple,scan,pond_a,0.876083,0.912021,0.69379,0.846693,0.777778,0.809353,0.8725,0.868132,1
3287,evaluation,Complex,native_pdf,pond_a,0.806573,0.543832,0.359702,0.603066,0.672727,0.485714,0.435484,0.307692,0
3288,development,Simple,native_pdf,pond_b,0.900053,0.990621,0.878471,0.874536,0.843284,0.957792,0.979798,0.897233,1
3289,development,Simple,scan,pond_a,0.748016,0.992096,0.947213,0.766631,0.591398,0.989848,1.0,0.727273,1
3290,evaluation,Moderate,native_pdf,pond_b,0.679702,0.917172,0.603161,0.72831,0.552632,0.862069,0.753623,0.591837,1
3291,development,Simple,scan,pond_a,0.848127,0.916296,0.737199,0.665305,0.744681,0.862069,0.8725,0.527397,0
3292,evaluation,Simple,scan,pond_a,0.846472,0.98786,0.763424,0.722455,0.744681,0.957792,0.8725,0.591837,1
3293,evaluation,Complex,native_pdf,pond_b,0.827928,0.048036,0.467181,0.861926,0.738397,0.0,0.581673,0.897233,0
3294,development,Simple,scan,pond_a,0.937407,0.992589,0.89307,0.742783,0.934783,0.989848,0.982759,0.687861,1
3295,development,Simple,native_pdf,pond_a,0.866283,0.815052,0.91139,0.69048,0.768421,0.727723,1.0,0.527397,0
3296,development,Complex,scan,pond_b,0.52542,0.408597,0.515483,0.76935,0.338028,0.415385,0.581673,0.727273,0
3297,development,Complex,scan,pond_b,0.470224,0.666493,0.405022,0.681119,0.235294,0.54386,0.435484,0.527397,0
3298,evaluation,Simple,scan,pond_b,0.887905,0.989928,0.873627,0.872199,0.789474,0.957792,0.979798,0.897233,1
3299,development,Moderate,native_pdf,pond_b,0.802507,0.333956,0.544109,0.896121,0.672727,0.415385,0.581673,0.937931,0
3300,development,Simple,scan,pond_a,0.896211,0.989498,0.905195,0.725676,0.843284,0.957792,0.982759,0.591837,1
3301,evaluation,Complex,native_pdf,pond_b,0.846636,0.879702,0.801332,0.833697,0.744681,0.809353,0.891117,0.80137,1
3302,evaluation,Complex,native_pdf,pond_a,0.830733,0.929376,0.501237,0.693729,0.738397,0.865854,0.581673,0.527397,1
3303,development,Simple,scan,pond_b,0.828568,0.944679,0.912958,0.906562,0.738397,0.867188,1.0,0.937931,1
3304,development,Complex,scan,pond_a,0.477575,0.072912,0.336368,0.616574,0.235294,0.0,0.363636,0.333333,0
3305,development,Moderate,native_pdf,pond_b,0.936701,0.846707,0.573047,0.824181,0.934783,0.77027,0.75,0.791444,0
3306,evaluation,Simple,scan,pond_a,0.78989,0.93263,0.818557,0.801855,0.672131,0.865854,0.891117,0.772487,1
3307,development,Moderate,native_pdf,pond_a,0.869546,0.938325,0.800562,0.783183,0.768421,0.867188,0.891117,0.727273,0
3308,development,Moderate,native_pdf,pond_a,0.856612,0.926254,0.818949,0.635547,0.768421,0.865854,0.891117,0.388889,1
3309,evaluation,Complex,native_pdf,pond_b,0.72854,0.871658,0.604544,0.789748,0.552632,0.809353,0.753623,0.772487,0
3310,development,Complex,scan,pond_b,0.499839,0.291467,0.398793,0.644857,0.333333,0.415385,0.435484,0.388889,0
3311,evaluation,Complex,scan,pond_a,0.589949,0.494436,0.536533,0.770906,0.421053,0.485714,0.581673,0.727273,0
3312,development,Moderate,native_pdf,pond_a,0.885542,0.730247,0.712039,0.865349,0.789474,0.666667,0.8725,0.897233,1
3313,development,Simple,native_pdf,pond_b,0.969529,0.986971,0.90941,0.906787,0.966942,0.957792,0.982759,0.937931,1
3314,development,Simple,scan,pond_a,0.875826,0.958903,0.909019,0.826634,0.777778,0.88172,0.982759,0.791444,1
3315,evaluation,Simple,native_pdf,pond_a,0.930179,0.994035,0.804438,0.809768,0.887701,0.989848,0.891117,0.772487,1
3316,development,Complex,native_pdf,pond_b,0.500951,0.314608,0.126775,0.821382,0.333333,0.415385,0.12,0.791444,0
3317,development,Simple,scan,pond_b,0.861278,0.990657,0.805203,0.849428,0.768421,0.957792,0.891117,0.868132,1
3318,development,Simple,scan,pond_b,0.865138,0.898185,0.891166,0.822508,0.768421,0.809353,0.982759,0.791444,0
3319,development,Simple,scan,pond_a,0.872774,0.828217,0.801664,0.836373,0.768421,0.727723,0.891117,0.80137,0
3320,development,Simple,native_pdf,pond_a,0.937565,0.98262,0.763925,0.843906,0.934783,0.957792,0.8725,0.868132,0
3321,development,Simple,native_pdf,pond_b,0.858224,0.895406,0.805455,0.876459,0.768421,0.809353,0.891117,0.897233,1
3322,evaluation,Moderate,scan,pond_b,0.805085,0.98401,0.70752,0.706294,0.672727,0.957792,0.8725,0.571429,1
3323,development,Moderate,native_pdf,pond_a,0.850693,0.548871,0.382073,0.756834,0.744681,0.485714,0.435484,0.687861,0
3324,development,Moderate,native_pdf,pond_b,0.837715,0.676974,0.57391,0.875458,0.738397,0.567568,0.75,0.897233,0
3325,development,Moderate,native_pdf,pond_b,0.926295,0.987598,0.912375,0.892217,0.887701,0.957792,1.0,0.937931,1
3326,development,Moderate,scan,pond_b,0.73942,0.995331,0.628189,0.793924,0.591398,0.989848,0.778571,0.772487,1
3327,evaluation,Simple,scan,pond_a,0.889503,0.983449,0.893212,0.718142,0.789474,0.957792,0.982759,0.591837,1
3328,development,Simple,native_pdf,pond_a,0.983411,0.968204,0.834599,0.770474,0.977778,0.88172,0.891117,0.727273,1
3329,evaluation,Moderate,native_pdf,pond_b,0.832936,0.379309,0.524558,0.812436,0.738397,0.415385,0.581673,0.772487,0
3330,development,Moderate,native_pdf,pond_a,0.810138,0.716158,0.253412,0.678242,0.738397,0.567568,0.192308,0.527397,0
3331,evaluation,Moderate,native_pdf,pond_b,0.898184,0.933689,0.736632,0.838982,0.843284,0.865854,0.8725,0.80137,1
3332,evaluation,Moderate,native_pdf,pond_a,0.846018,0.958775,0.808009,0.618438,0.744681,0.88172,0.891117,0.333333,0
3333,development,Simple,native_pdf,pond_b,0.799326,0.884674,0.450215,0.89599,0.672727,0.809353,0.581673,0.937931,0
3334,evaluation,Simple,native_pdf,pond_b,0.972835,0.992401,0.872183,0.82055,0.977778,0.989848,0.979798,0.791444,1
3335,evaluation,Simple,native_pdf,pond_a,0.885591,0.847207,0.781482,0.793942,0.789474,0.77027,0.891117,0.772487,1
3336,development,Simple,scan,pond_b,0.753195,0.978942,0.729824,0.880742,0.591398,0.933333,0.8725,0.902174,1
3337,evaluation,Simple,scan,pond_b,0.845376,0.646313,0.566371,0.871611,0.744681,0.54386,0.681818,0.897233,0
3338,development,Simple,scan,pond_a,0.858072,0.829479,0.538977,0.789761,0.768421,0.727723,0.581673,0.772487,0
3339,development,Moderate,scan,pond_a,0.780773,0.703104,0.670092,0.779766,0.672131,0.567568,0.863158,0.727273,1
3340,evaluation,Moderate,native_pdf,pond_a,0.835791,0.806581,0.665769,0.791448,0.738397,0.727723,0.863158,0.772487,0
3341,evaluation,Moderate,scan,pond_a,0.845478,0.960574,0.518094,0.779843,0.744681,0.88172,0.581673,0.727273,0
3342,development,Moderate,native_pdf,pond_b,0.837196,0.940262,0.6229,0.887504,0.738397,0.867188,0.753623,0.902174,0
3343,development,Moderate,scan,pond_a,0.871542,0.54667,0.456414,0.7367,0.768421,0.485714,0.581673,0.591837,0
3344,development,Moderate,scan,pond_b,0.891542,0.94082,0.827894,0.86199,0.793103,0.867188,0.891117,0.897233,1
3345,evaluation,Complex,native_pdf,pond_a,0.593375,0.62083,0.412931,0.741838,0.421053,0.521739,0.435484,0.591837,0
3346,development,Simple,native_pdf,pond_b,0.970455,0.987404,0.796647,0.898613,0.977778,0.957792,0.891117,0.937931,1
3347,evaluation,Moderate,native_pdf,pond_a,0.976653,0.996126,0.909494,0.848647,0.977778,0.989848,0.982759,0.868132,1
3348,evaluation,Complex,native_pdf,pond_a,0.924517,0.852005,0.668333,0.738944,0.887701,0.77027,0.863158,0.591837,0
3349,evaluation,Moderate,scan,pond_b,0.768463,0.715989,0.369163,0.87165,0.591398,0.567568,0.435484,0.897233,0
3350,development,Moderate,scan,pond_a,0.821998,0.182392,0.707806,0.747121,0.738397,0.16,0.8725,0.687861,0
3351,evaluation,Simple,native_pdf,pond_b,0.89679,0.970716,0.921268,0.801263,0.843284,0.88172,1.0,0.772487,1
3352,evaluation,Simple,native_pdf,pond_a,0.961357,0.991784,0.773386,0.801904,0.966942,0.957792,0.8725,0.772487,0
3353,development,Moderate,native_pdf,pond_b,0.834894,0.786845,0.646497,0.791005,0.738397,0.727723,0.778571,0.772487,0
3354,development,Simple,native_pdf,pond_a,0.919892,0.99142,0.605094,0.764215,0.887701,0.957792,0.753623,0.687861,1
3355,development,Moderate,native_pdf,pond_a,0.820223,0.981072,0.611867,0.787218,0.738397,0.933333,0.753623,0.772487,1
3356,evaluation,Complex,scan,pond_a,0.829949,0.952346,0.7645,0.875265,0.738397,0.88172,0.8725,0.897233,1
3357,development,Simple,scan,pond_b,0.73141,0.814018,0.725518,0.87266,0.552632,0.727723,0.8725,0.897233,0
3358,evaluation,Moderate,scan,pond_a,0.849013,0.417992,0.663083,0.657833,0.744681,0.419355,0.863158,0.527397,0
3359,development,Simple,native_pdf,pond_b,0.918945,0.942202,0.90608,0.835102,0.857143,0.867188,0.982759,0.80137,1
3360,evaluation,Simple,scan,pond_b,0.797183,0.964581,0.759484,0.893385,0.672727,0.88172,0.8725,0.937931,1
3361,evaluation,Moderate,native_pdf,pond_b,0.761462,0.650712,0.580087,0.755474,0.591398,0.54386,0.753623,0.687861,0
3362,evaluation,Complex,scan,pond_a,0.582557,0.89814,0.763053,0.670736,0.421053,0.809353,0.8725,0.527397,0
3363,evaluation,Moderate,native_pdf,pond_b,0.905112,0.984412,0.887558,0.794089,0.843284,0.957792,0.982759,0.772487,1
3364,development,Moderate,scan,pond_b,0.77124,0.61354,0.341495,0.8,0.591398,0.485714,0.375,0.772487,0
3365,evaluation,Simple,scan,pond_b,0.779361,0.948423,0.483129,0.843558,0.6,0.868366,0.581673,0.80137,1
3366,development,Simple,scan,pond_b,0.838701,0.778526,0.448647,0.87337,0.738397,0.727723,0.581673,0.897233,0
3367,development,Simple,scan,pond_b,0.92998,0.991838,0.912396,0.902942,0.887701,0.957792,1.0,0.937931,1
3368,evaluation,Complex,scan,pond_b,0.577244,0.676059,0.455002,0.785299,0.421053,0.54386,0.581673,0.772487,0
3369,evaluation,Moderate,native_pdf,pond_b,0.93024,0.991311,0.888616,0.813069,0.887701,0.957792,0.982759,0.772487,0
3370,evaluation,Simple,scan,pond_b,0.884363,0.976624,0.825848,0.901564,0.789474,0.923077,0.891117,0.937931,1
3371,development,Simple,native_pdf,pond_b,0.947991,0.991367,0.755459,0.713631,0.945946,0.957792,0.8725,0.590909,0
3372,evaluation,Simple,scan,pond_a,0.94954,0.999472,0.913644,0.825572,0.945946,1.0,1.0,0.791444,1
3373,evaluation,Complex,scan,pond_b,0.492241,0.352328,0.169417,0.800399,0.235294,0.415385,0.153846,0.772487,0
3374,development,Simple,native_pdf,pond_a,0.936594,0.990614,0.968319,0.810559,0.934783,0.957792,1.0,0.772487,1
3375,development,Moderate,scan,pond_b,0.770151,0.972326,0.565479,0.78633,0.591398,0.88172,0.681818,0.772487,0
3376,evaluation,Simple,native_pdf,pond_b,0.964668,0.99077,0.93869,0.88824,0.966942,0.957792,1.0,0.911111,1
3377,development,Moderate,native_pdf,pond_b,0.888476,0.842138,0.7631,0.775484,0.789474,0.77027,0.8725,0.727273,0
3378,evaluation,Complex,scan,pond_a,0.722776,0.804649,0.619118,0.702414,0.552632,0.727723,0.753623,0.527397,0
3379,evaluation,Simple,native_pdf,pond_a,0.936555,0.976139,0.834833,0.785681,0.887701,0.923077,0.891117,0.772487,1
3380,evaluation,Moderate,scan,pond_b,0.589266,0.808597,0.469811,0.893005,0.421053,0.727723,0.581673,0.937931,0
3381,evaluation,Simple,native_pdf,pond_b,0.937993,0.962612,0.614733,0.882005,0.934783,0.88172,0.753623,0.902174,0
3382,evaluation,Simple,scan,pond_a,0.764963,0.69968,0.941655,0.793119,0.591398,0.567568,1.0,0.772487,0
3383,evaluation,Simple,native_pdf,pond_b,0.966618,0.986366,0.920836,0.898516,0.966942,0.957792,1.0,0.937931,1
3384,development,Simple,scan,pond_a,0.776159,0.978599,0.554051,0.675464,0.6,0.933333,0.681818,0.527397,0
3385,development,Simple,scan,pond_b,0.792512,0.945742,0.737705,0.818487,0.672727,0.867188,0.8725,0.791444,0
3386,evaluation,Moderate,scan,pond_a,0.854328,0.625722,0.746229,0.51516,0.768421,0.521739,0.8725,0.133333,0
3387,evaluation,Complex,scan,pond_a,0.7469,0.211779,0.304623,0.819433,0.591398,0.415385,0.25,0.791444,0
3388,evaluation,Moderate,scan,pond_b,0.631916,0.56462,0.526875,0.861417,0.421053,0.485714,0.581673,0.897233,0
3389,development,Simple,native_pdf,pond_b,0.878743,0.885306,0.489052,0.818847,0.777778,0.809353,0.581673,0.791444,0
3390,development,Moderate,scan,pond_b,0.447946,0.78581,0.364732,0.89163,0.235294,0.727723,0.435484,0.911111,0
3391,development,Simple,scan,pond_a,0.89079,0.992293,0.817115,0.906046,0.793103,0.989848,0.891117,0.937931,1
3392,evaluation,Simple,scan,pond_a,0.648978,0.798897,0.759513,0.841153,0.421053,0.727723,0.8725,0.80137,1
3393,evaluation,Complex,scan,pond_a,0.395158,0.508561,0.231513,0.725745,0.2,0.485714,0.192308,0.591837,0
3394,development,Simple,native_pdf,pond_b,0.962301,0.995181,0.860369,0.939855,0.966942,0.989848,0.951456,1.0,1
3395,development,Simple,native_pdf,pond_b,0.970505,0.997803,0.95796,0.872321,0.977778,1.0,1.0,0.897233,1
3396,development,Complex,native_pdf,pond_b,0.747491,0.90792,0.552094,0.827147,0.591398,0.809353,0.681818,0.791444,0
3397,development,Simple,scan,pond_a,0.826629,0.979564,0.809069,0.810703,0.738397,0.933333,0.891117,0.772487,0
3398,development,Complex,native_pdf,pond_a,0.712675,0.684542,0.285775,0.729265,0.552632,0.567568,0.192308,0.591837,0
3399,development,Simple,scan,pond_a,0.776347,0.973856,0.367546,0.546868,0.6,0.923077,0.435484,0.133333,0
3400,development,Simple,native_pdf,pond_b,0.949631,0.980967,0.559616,0.884745,0.945946,0.933333,0.681818,0.902174,0
3401,evaluation,Complex,native_pdf,pond_b,0.595503,0.295545,0.227994,0.78375,0.421053,0.415385,0.192308,0.727273,0
3402,development,Moderate,native_pdf,pond_b,0.846339,0.930558,0.654898,0.73599,0.744681,0.865854,0.778571,0.591837,0
3403,evaluation,Moderate,scan,pond_b,0.856396,0.946976,0.852039,0.729519,0.768421,0.867188,0.951456,0.591837,0
3404,development,Complex,native_pdf,pond_b,0.65603,0.403694,0.444413,0.799986,0.5,0.415385,0.581673,0.772487,0
3405,development,Simple,scan,pond_b,0.795025,0.61854,0.837227,0.840249,0.672727,0.521739,0.891117,0.80137,0
3406,evaluation,Moderate,native_pdf,pond_b,0.872968,0.96438,0.730218,0.858581,0.768421,0.88172,0.8725,0.894737,1
3407,development,Complex,scan,pond_b,0.656635,0.849423,0.487917,0.778321,0.5,0.77027,0.581673,0.727273,0
3408,evaluation,Simple,native_pdf,pond_b,0.978866,0.985271,0.830591,0.891532,0.977778,0.957792,0.891117,0.911111,1
3409,evaluation,Simple,native_pdf,pond_a,0.867506,0.888661,0.804397,0.747402,0.768421,0.809353,0.891117,0.687861,1
3410,evaluation,Moderate,scan,pond_b,0.681375,0.953858,0.429264,0.886693,0.552632,0.88172,0.527778,0.902174,1
3411,development,Moderate,native_pdf,pond_a,0.716995,0.927897,0.475816,0.7274,0.552632,0.865854,0.581673,0.591837,1
3412,evaluation,Simple,scan,pond_a,0.88836,0.934853,0.908172,0.85608,0.789474,0.865854,0.982759,0.894737,1
3413,evaluation,Complex,native_pdf,pond_b,0.742938,0.839332,0.506544,0.695581,0.591398,0.77027,0.581673,0.527397,0
3414,evaluation,Moderate,scan,pond_b,0.600567,0.271578,0.345165,0.826029,0.421053,0.415385,0.435484,0.791444,0
3415,development,Complex,native_pdf,pond_a,0.782431,0.43785,0.354684,0.736409,0.672131,0.419355,0.435484,0.591837,0
3416,development,Complex,native_pdf,pond_b,0.799436,0.255462,0.315445,0.890308,0.672727,0.415385,0.25,0.911111,0
3417,evaluation,Simple,native_pdf,pond_a,0.937947,0.981351,0.596114,0.780556,0.934783,0.933333,0.753623,0.727273,0
3418,development,Simple,scan,pond_b,0.865469,0.874432,0.462019,0.917729,0.768421,0.809353,0.581673,0.987179,0
3419,development,Complex,scan,pond_b,0.593455,0.265573,0.359944,0.770894,0.421053,0.415385,0.435484,0.727273,0
3420,development,Simple,native_pdf,pond_b,0.834803,0.688126,0.535908,0.862111,0.738397,0.567568,0.581673,0.897233,0
3421,evaluation,Moderate,native_pdf,pond_b,0.752417,0.150628,0.811977,0.871716,0.591398,0.16,0.891117,0.897233,0
3422,development,Simple,native_pdf,pond_a,0.934747,0.981529,0.5931,0.8372,0.887701,0.957792,0.753623,0.80137,1
3423,evaluation,Simple,scan,pond_a,0.619284,0.917713,0.621675,0.869092,0.421053,0.862069,0.753623,0.897233,0
3424,evaluation,Complex,native_pdf,pond_b,0.871097,0.498903,0.428336,0.596014,0.768421,0.485714,0.527778,0.307692,0
3425,development,Simple,scan,pond_b,0.799259,0.976815,0.897194,0.949233,0.672727,0.923077,0.982759,1.0,1
3426,evaluation,Moderate,native_pdf,pond_b,0.950955,0.986774,0.825545,0.887522,0.945946,0.957792,0.891117,0.902174,0
3427,evaluation,Moderate,native_pdf,pond_a,0.758927,0.756047,0.453052,0.812082,0.591398,0.727723,0.581673,0.772487,0
3428,evaluation,Simple,native_pdf,pond_a,0.770877,0.906494,0.749709,0.801597,0.591398,0.809353,0.8725,0.772487,0
3429,evaluation,Moderate,native_pdf,pond_b,0.906532,0.97469,0.70235,0.77789,0.843284,0.923077,0.8725,0.727273,0
3430,development,Simple,native_pdf,pond_b,0.928166,0.990521,0.970783,0.914666,0.887701,0.957792,1.0,0.987179,1
3431,development,Simple,scan,pond_b,0.895324,0.898958,0.650089,0.874143,0.843284,0.809353,0.778571,0.897233,0
3432,evaluation,Complex,scan,pond_a,0.843124,0.886248,0.700561,0.729189,0.738397,0.809353,0.8725,0.591837,1
3433,development,Moderate,native_pdf,pond_b,0.879899,0.988231,0.71266,0.867633,0.789474,0.957792,0.8725,0.897233,1
3434,development,Simple,native_pdf,pond_b,0.940845,0.971768,0.452157,0.856946,0.934783,0.88172,0.581673,0.894737,0
3435,evaluation,Moderate,native_pdf,pond_a,0.78871,0.93531,0.661438,0.780456,0.672131,0.867188,0.863158,0.727273,1
3436,evaluation,Simple,native_pdf,pond_a,0.920815,0.985965,0.882775,0.736101,0.887701,0.957792,0.979798,0.591837,0
3437,evaluation,Moderate,scan,pond_a,0.754806,0.929417,0.884943,0.804232,0.591398,0.865854,0.982759,0.772487,1
3438,evaluation,Complex,native_pdf,pond_b,0.613594,0.128871,0.228394,0.811213,0.421053,0.16,0.192308,0.772487,0
3439,development,Simple,scan,pond_b,0.923285,0.98058,0.893071,0.872533,0.887701,0.933333,0.982759,0.897233,1
3440,evaluation,Moderate,native_pdf,pond_b,0.889286,0.974724,0.580704,0.7864,0.789474,0.923077,0.753623,0.772487,0
3441,development,Simple,scan,pond_a,0.881206,0.903666,0.776804,0.819264,0.789474,0.809353,0.891117,0.791444,1
3442,development,Simple,scan,pond_b,0.971464,0.995888,0.976682,0.890611,0.977778,0.989848,1.0,0.911111,1
3443,evaluation,Complex,native_pdf,pond_b,0.769458,0.843981,0.34446,0.646854,0.591398,0.77027,0.395634,0.388889,0
3444,evaluation,Moderate,scan,pond_b,0.577927,0.219673,0.12751,0.802019,0.421053,0.415385,0.12,0.772487,0
3445,evaluation,Complex,scan,pond_b,0.71236,0.954867,0.792887,0.910326,0.552632,0.88172,0.891117,0.987179,1
3446,development,Moderate,native_pdf,pond_a,0.71893,0.948513,0.365132,0.732376,0.552632,0.868421,0.435484,0.591837,0
3447,development,Simple,scan,pond_a,0.811432,0.902385,0.791667,0.836834,0.738397,0.809353,0.891117,0.80137,1
3448,evaluation,Simple,scan,pond_a,0.803007,0.844884,0.880857,0.867592,0.672727,0.77027,0.979798,0.897233,0
3449,evaluation,Moderate,scan,pond_a,0.782469,0.974834,0.565714,0.836796,0.672131,0.923077,0.681818,0.80137,1
3450,development,Moderate,scan,pond_a,0.797763,0.996392,0.555844,0.74922,0.672727,0.989848,0.681818,0.687861,0
3451,evaluation,Moderate,native_pdf,pond_b,0.952012,0.893776,0.794248,0.764326,0.945946,0.809353,0.891117,0.687861,0
3452,development,Moderate,native_pdf,pond_b,0.55624,0.318283,0.648601,0.895695,0.338028,0.415385,0.778571,0.937931,0
3453,development,Moderate,scan,pond_a,0.917708,0.972757,0.837372,0.780903,0.857143,0.88172,0.891117,0.727273,0
3454,evaluation,Moderate,scan,pond_b,0.781058,0.94798,0.775858,0.869209,0.672131,0.867188,0.889171,0.897233,0
3455,development,Complex,native_pdf,pond_a,0.534014,0.51798,0.073501,0.598692,0.338028,0.485714,0.0,0.307692,0
3456,evaluation,Complex,native_pdf,pond_a,0.784274,0.325998,0.267064,0.736656,0.672131,0.415385,0.192308,0.591837,0
3457,evaluation,Simple,native_pdf,pond_b,0.946005,0.952245,0.951657,0.846379,0.945946,0.88172,1.0,0.868132,1
3458,development,Complex,native_pdf,pond_b,0.913941,0.6882,0.309179,0.85751,0.857143,0.567568,0.25,0.894737,0
3459,evaluation,Moderate,scan,pond_b,0.809172,0.875541,0.609846,0.792169,0.672727,0.809353,0.753623,0.772487,0
3460,development,Simple,scan,pond_b,0.892263,0.981004,0.879882,0.88051,0.793103,0.933333,0.979798,0.902174,1
3461,development,Simple,native_pdf,pond_b,0.955601,0.997491,0.914593,0.912493,0.966942,1.0,1.0,0.987179,1
3462,development,Simple,scan,pond_a,0.739128,0.893431,0.850568,0.857208,0.591398,0.809353,0.951456,0.894737,0
3463,development,Moderate,native_pdf,pond_a,0.779888,0.975386,0.346781,0.569817,0.672131,0.923077,0.435484,0.133333,0
3464,evaluation,Simple,native_pdf,pond_b,0.970929,0.992541,0.876898,0.906627,0.977778,0.989848,0.979798,0.937931,1
3465,evaluation,Complex,native_pdf,pond_a,0.809554,0.735485,0.70206,0.836406,0.672727,0.689543,0.8725,0.80137,0
3466,development,Moderate,native_pdf,pond_b,0.737604,0.962917,0.619907,0.784724,0.591398,0.88172,0.753623,0.772487,0
3467,development,Moderate,native_pdf,pond_a,0.806918,0.460664,0.495088,0.760802,0.672727,0.485714,0.581673,0.687861,0
3468,evaluation,Complex,scan,pond_a,0.742845,0.853264,0.770081,0.854144,0.591398,0.77027,0.8725,0.894737,0
3469,development,Moderate,native_pdf,pond_b,0.823559,0.227746,0.564376,0.81172,0.738397,0.415385,0.681818,0.772487,0
3470,evaluation,Simple,scan,pond_a,0.806849,0.629773,0.701682,0.680233,0.672727,0.521739,0.8725,0.527397,0
3471,development,Moderate,native_pdf,pond_a,0.770219,0.939012,0.672174,0.807502,0.591398,0.867188,0.863158,0.772487,1
3472,evaluation,Simple,native_pdf,pond_b,0.957558,0.987499,0.87591,0.952524,0.966942,0.957792,0.979798,1.0,1
3473,development,Complex,native_pdf,pond_a,0.714789,0.337897,0.178944,0.847664,0.552632,0.415385,0.153846,0.868132,0
3474,development,Moderate,native_pdf,pond_b,0.754157,0.622532,0.351515,0.731902,0.591398,0.521739,0.435484,0.591837,0
3475,development,Moderate,scan,pond_a,0.644739,0.170907,0.686667,0.695409,0.421053,0.16,0.8725,0.527397,0
3476,evaluation,Simple,scan,pond_a,0.889882,0.978866,0.927109,0.790083,0.790119,0.933333,1.0,0.772487,0
3477,development,Moderate,native_pdf,pond_b,0.679132,0.161764,0.436098,0.870998,0.552632,0.16,0.581673,0.897233,0
3478,development,Moderate,scan,pond_a,0.776155,0.948431,0.702966,0.727203,0.6,0.868421,0.8725,0.591837,1
3479,development,Moderate,scan,pond_a,0.74545,0.604549,0.424063,0.668455,0.591398,0.485714,0.527778,0.527397,0
3480,evaluation,Simple,scan,pond_a,0.903059,0.91712,0.690349,0.790928,0.843284,0.862069,0.8725,0.772487,0
3481,development,Complex,scan,pond_a,0.648792,0.765906,0.277605,0.598568,0.421053,0.727723,0.192308,0.307692,0
3482,development,Simple,scan,pond_b,0.721153,0.830254,0.50885,0.892478,0.552632,0.727723,0.581673,0.937931,0
3483,development,Moderate,scan,pond_a,0.843091,0.979457,0.87449,0.706898,0.738397,0.933333,0.979798,0.571429,1
3484,evaluation,Complex,scan,pond_b,0.420391,0.565585,0.538416,0.815173,0.235294,0.485714,0.581673,0.772487,0
3485,evaluation,Complex,scan,pond_a,0.639925,0.757753,0.448401,0.674021,0.421053,0.727723,0.581673,0.527397,1
3486,development,Simple,scan,pond_b,0.830759,0.992704,0.658038,0.894413,0.738397,0.989848,0.778571,0.937931,1
3487,development,Simple,native_pdf,pond_a,0.935529,0.992209,0.803753,0.89711,0.887701,0.989848,0.891117,0.937931,1
3488,development,Complex,scan,pond_a,0.750644,0.491496,0.347337,0.568321,0.591398,0.485714,0.435484,0.133333,0
3489,development,Complex,scan,pond_a,0.862758,0.900184,0.429023,0.667024,0.768421,0.809353,0.527778,0.527397,0
3490,development,Complex,native_pdf,pond_a,0.790338,0.686288,0.435372,0.767933,0.672131,0.567568,0.581673,0.727273,0
3491,development,Moderate,native_pdf,pond_b,0.641783,0.663392,0.65049,0.828267,0.421053,0.54386,0.778571,0.791444,0
3492,development,Moderate,native_pdf,pond_a,0.844018,0.921776,0.668721,0.504833,0.744681,0.862069,0.863158,0.133333,1
3493,evaluation,Complex,native_pdf,pond_a,0.892101,0.887332,0.315484,0.714194,0.793103,0.809353,0.25343,0.591821,0
3494,development,Complex,scan,pond_b,0.708799,0.948861,0.495808,0.742465,0.552632,0.868421,0.581673,0.687861,0
3495,development,Moderate,scan,pond_a,0.757343,0.883529,0.506139,0.730713,0.591398,0.809353,0.581673,0.591837,0
3496,evaluation,Moderate,scan,pond_a,0.545863,0.775262,0.487175,0.760796,0.338028,0.727723,0.581673,0.687861,1
3497,development,Simple,native_pdf,pond_b,0.878433,0.980108,0.725456,0.848085,0.777778,0.933333,0.8725,0.868132,1
3498,development,Simple,native_pdf,pond_a,0.885279,0.979267,0.687267,0.579384,0.789474,0.933333,0.8725,0.133333,0
3499,evaluation,Moderate,scan,pond_a,0.808394,0.892294,0.746539,0.807703,0.672727,0.809353,0.8725,0.772487,1
3500,development,Moderate,scan,pond_b,0.676526,0.981424,0.699289,0.886485,0.552632,0.957792,0.8725,0.902174,1
3501,development,Moderate,native_pdf,pond_b,0.888298,0.960896,0.590582,0.843197,0.789474,0.88172,0.753623,0.80137,1
3502,evaluation,Moderate,native_pdf,pond_b,0.792114,0.910455,0.582019,0.854174,0.672727,0.809353,0.753623,0.894737,1
3503,evaluation,Complex,native_pdf,pond_b,0.807721,0.859189,0.506735,0.823607,0.672727,0.809353,0.581673,0.791444,0
3504,evaluation,Simple,native_pdf,pond_b,0.834459,0.958198,0.741214,0.908101,0.738397,0.88172,0.8725,0.987179,1
3505,development,Moderate,scan,pond_b,0.838635,0.936455,0.538129,0.878044,0.738397,0.867188,0.581673,0.897233,0
3506,evaluation,Simple,scan,pond_a,0.818227,0.72941,0.768495,0.83242,0.738397,0.666667,0.8725,0.791444,0
3507,evaluation,Moderate,native_pdf,pond_a,0.640606,0.342058,0.118452,0.719475,0.421053,0.415385,0.12,0.591837,0
3508,development,Moderate,scan,pond_b,0.598337,0.585312,0.420756,0.850249,0.421053,0.485714,0.527778,0.868132,0
3509,evaluation,Simple,native_pdf,pond_b,0.944405,0.958526,0.718244,0.861979,0.945946,0.88172,0.8725,0.897233,0
3510,development,Moderate,scan,pond_b,0.935276,0.961646,0.76814,0.892716,0.887701,0.88172,0.8725,0.937931,1
3511,evaluation,Complex,scan,pond_a,0.512212,0.265914,0.309973,0.747053,0.338028,0.415385,0.25,0.687861,0
3512,development,Moderate,native_pdf,pond_a,0.636042,0.151362,0.177724,0.800866,0.421053,0.16,0.153846,0.772487,0
3513,development,Simple,scan,pond_b,0.885576,0.934186,0.730053,0.836748,0.789474,0.865854,0.8725,0.80137,0
3514,development,Moderate,scan,pond_a,0.745675,0.924515,0.787516,0.745932,0.591398,0.862069,0.891117,0.687861,1
3515,evaluation,Simple,native_pdf,pond_b,0.836236,0.935892,0.726955,0.900217,0.738397,0.867188,0.8725,0.937931,1
3516,development,Simple,native_pdf,pond_b,0.554847,0.36959,0.349321,0.864873,0.338028,0.415385,0.435484,0.897233,0
3517,evaluation,Complex,scan,pond_a,0.783099,0.616818,0.699268,0.545289,0.672131,0.521739,0.8725,0.133333,0
3518,development,Simple,native_pdf,pond_b,0.906559,0.968124,0.899979,0.893434,0.843284,0.88172,0.982759,0.937931,1
3519,development,Moderate,native_pdf,pond_b,0.84035,0.847804,0.44316,0.708575,0.738397,0.77027,0.581673,0.571429,0
3520,development,Moderate,native_pdf,pond_a,0.74048,0.894965,0.585342,0.681112,0.591398,0.809353,0.753623,0.527397,1
3521,evaluation,Simple,scan,pond_a,0.939394,0.994727,0.833274,0.80517,0.934783,0.989848,0.891117,0.772487,0
3522,development,Simple,native_pdf,pond_b,0.945068,0.807344,0.730389,0.803508,0.945946,0.727723,0.8725,0.772487,1
3523,evaluation,Simple,scan,pond_a,0.802767,0.97703,0.780044,0.770381,0.672727,0.923077,0.891117,0.727273,1
3524,development,Simple,scan,pond_b,0.9238,0.970212,0.859931,0.895954,0.887701,0.88172,0.951456,0.937931,1
3525,evaluation,Moderate,native_pdf,pond_a,0.828757,0.882992,0.324074,0.591776,0.738397,0.809353,0.294118,0.307692,0
3526,evaluation,Moderate,scan,pond_b,0.79738,0.948517,0.821185,0.829443,0.672727,0.868421,0.891117,0.791444,1
3527,development,Moderate,native_pdf,pond_b,0.944714,0.998162,0.627316,0.820421,0.945946,1.0,0.778571,0.791444,1
3528,development,Simple,native_pdf,pond_b,0.895916,0.927639,0.584796,0.846956,0.843284,0.865854,0.753623,0.868132,0
3529,development,Moderate,native_pdf,pond_b,0.731316,0.175819,0.27241,0.838662,0.552632,0.16,0.192308,0.80137,0
3530,development,Simple,native_pdf,pond_a,0.80005,0.808003,0.725083,0.681773,0.672727,0.727723,0.8725,0.527397,0
3531,development,Moderate,scan,pond_b,0.869395,0.875091,0.847934,0.773034,0.768421,0.809353,0.9375,0.727273,0
3532,evaluation,Complex,scan,pond_a,0.893128,0.537578,0.51287,0.687436,0.83871,0.485714,0.581673,0.527397,0
3533,development,Simple,native_pdf,pond_a,0.91519,0.87654,0.708134,0.726598,0.857143,0.809353,0.8725,0.591837,1
3534,development,Complex,scan,pond_b,0.680782,0.380292,0.335044,0.621826,0.552632,0.415385,0.363636,0.333333,0
3535,development,Simple,scan,pond_b,0.90886,0.996972,0.920763,0.904821,0.857143,0.989848,1.0,0.937931,1
3536,evaluation,Moderate,native_pdf,pond_a,0.873997,0.91208,0.562417,0.872204,0.777778,0.809353,0.681818,0.897233,1
3537,development,Simple,native_pdf,pond_a,0.836296,0.956681,0.717061,0.722939,0.738397,0.88172,0.8725,0.591837,1
3538,development,Moderate,scan,pond_a,0.792264,0.90257,0.629367,0.667722,0.672727,0.809353,0.778571,0.527397,1
3539,development,Moderate,native_pdf,pond_b,0.84006,0.950819,0.478401,0.885361,0.738397,0.868421,0.581673,0.902174,1
3540,development,Simple,native_pdf,pond_a,0.935458,0.888907,0.832733,0.792952,0.887701,0.809353,0.891117,0.772487,0
3541,development,Simple,scan,pond_a,0.739463,0.827672,0.863763,0.843113,0.591398,0.727723,0.951456,0.80137,1
3542,development,Moderate,scan,pond_b,0.83331,0.983282,0.6649,0.830678,0.738397,0.957792,0.863158,0.791444,1
3543,development,Simple,native_pdf,pond_b,0.938009,0.994033,0.815011,0.868907,0.934783,0.989848,0.891117,0.897233,0
3544,development,Simple,native_pdf,pond_a,0.974107,0.987722,0.918086,0.849812,0.977778,0.957792,1.0,0.868132,1
3545,evaluation,Complex,scan,pond_b,0.857788,0.994152,0.682941,0.888592,0.768421,0.989848,0.863158,0.911111,1
3546,development,Moderate,native_pdf,pond_b,0.89279,0.963611,0.546169,0.813959,0.83871,0.88172,0.681818,0.772487,1
3547,development,Simple,native_pdf,pond_a,0.961021,0.992542,0.717765,0.758142,0.966942,0.989848,0.8725,0.687861,1
3548,development,Simple,scan,pond_b,0.865563,0.993914,0.86285,0.915089,0.768421,0.989848,0.951456,0.987179,1
3549,development,Complex,native_pdf,pond_b,0.757331,0.980077,0.301887,0.828956,0.591398,0.933333,0.25,0.791444,1
3550,evaluation,Complex,native_pdf,pond_b,0.853832,0.909771,0.655552,0.706629,0.768421,0.809353,0.778571,0.571429,0
3551,development,Simple,native_pdf,pond_b,0.852704,0.807092,0.555448,0.841895,0.744681,0.727723,0.681818,0.80137,0
3552,development,Complex,scan,pond_a,0.708642,0.953933,0.647918,0.766251,0.552632,0.88172,0.778571,0.727273,1
3553,development,Moderate,native_pdf,pond_b,0.887682,0.934767,0.425987,0.901553,0.789474,0.865854,0.527778,0.937931,1
3554,development,Simple,scan,pond_a,0.661868,0.71435,0.671628,0.808781,0.5,0.567568,0.863158,0.772487,0
3555,evaluation,Complex,scan,pond_a,0.704696,0.750271,0.54964,0.79182,0.552632,0.727723,0.681818,0.772487,0
3556,development,Complex,scan,pond_a,0.674373,0.829851,0.808097,0.539233,0.552632,0.727723,0.891117,0.133333,0
3557,development,Simple,native_pdf,pond_a,0.96373,0.997183,0.888485,0.853987,0.966942,0.989848,0.982759,0.894737,1
3558,development,Moderate,native_pdf,pond_a,0.942905,0.498414,0.874406,0.753558,0.934783,0.485714,0.979798,0.687861,0
3559,evaluation,Moderate,scan,pond_b,0.601781,0.613594,0.604326,0.901165,0.421053,0.51603,0.753623,0.937931,0
3560,development,Simple,native_pdf,pond_b,0.940322,0.984501,0.750247,0.839833,0.934783,0.957792,0.8725,0.80137,1
3561,evaluation,Moderate,scan,pond_a,0.804113,0.925101,0.621397,0.705572,0.672727,0.862069,0.753623,0.571429,1
3562,evaluation,Simple,native_pdf,pond_b,0.873806,0.985472,0.729036,0.899239,0.777778,0.957792,0.8725,0.937931,1
3563,development,Simple,scan,pond_a,0.94554,0.982257,0.823331,0.870584,0.945946,0.957792,0.891117,0.897233,1
3564,development,Complex,scan,pond_a,0.429055,0.933818,0.391041,0.577995,0.235294,0.865854,0.435484,0.133333,0
3565,evaluation,Moderate,scan,pond_b,0.841239,0.975055,0.756507,0.871085,0.738397,0.923077,0.8725,0.897233,1
3566,development,Simple,scan,pond_b,0.945673,0.994723,0.78207,0.922601,0.945946,0.989848,0.891117,1.0,0
3567,development,Complex,scan,pond_b,0.886204,0.884909,0.682246,0.876824,0.789474,0.809353,0.863158,0.897233,0
3568,development,Simple,scan,pond_b,0.674847,0.76794,0.782952,0.911398,0.552632,0.727723,0.891117,0.987179,0
3569,evaluation,Moderate,native_pdf,pond_b,0.952888,0.997649,0.754525,0.825142,0.945946,1.0,0.8725,0.791444,1
3570,evaluation,Simple,native_pdf,pond_b,0.951424,0.940942,0.837962,0.861365,0.945946,0.867188,0.9375,0.897233,1
3571,evaluation,Complex,scan,pond_b,0.388265,0.059907,0.196462,0.788883,0.2,0.0,0.153846,0.772487,0
3572,development,Moderate,scan,pond_a,0.870328,0.910904,0.388333,0.764363,0.768421,0.809353,0.435484,0.687861,0
3573,development,Simple,native_pdf,pond_b,0.810045,0.954582,0.545351,0.896093,0.738397,0.88172,0.681818,0.937931,0
3574,evaluation,Simple,scan,pond_a,0.856796,0.955445,0.522762,0.818588,0.768421,0.88172,0.581673,0.791444,1
3575,evaluation,Simple,native_pdf,pond_b,0.900168,0.98423,0.766503,0.894815,0.843284,0.957792,0.8725,0.937931,1
3576,evaluation,Simple,native_pdf,pond_b,0.922655,0.992924,0.943653,0.90079,0.887701,0.989848,1.0,0.937931,1
3577,evaluation,Simple,native_pdf,pond_a,0.935999,0.994495,0.757216,0.733046,0.887701,0.989848,0.8725,0.591837,1
3578,evaluation,Complex,native_pdf,pond_a,0.69058,0.523993,0.43571,0.7356,0.552632,0.485714,0.581673,0.591837,0
3579,evaluation,Moderate,scan,pond_b,0.891443,0.982133,0.686029,0.825124,0.793103,0.957792,0.8725,0.791444,1
3580,development,Simple,native_pdf,pond_b,0.925755,0.972664,0.62427,0.841982,0.887701,0.88172,0.778571,0.80137,0
3581,development,Complex,native_pdf,pond_a,0.859796,0.481023,0.234703,0.679075,0.768421,0.485714,0.192308,0.527397,0
3582,development,Moderate,scan,pond_a,0.710181,0.765672,0.525722,0.825361,0.552632,0.727723,0.581673,0.791444,0
3583,evaluation,Moderate,native_pdf,pond_b,0.827843,0.636297,0.437365,0.824815,0.738397,0.54386,0.581673,0.791444,0
3584,evaluation,Moderate,native_pdf,pond_b,0.82017,0.786018,0.641855,0.844823,0.738397,0.727723,0.778571,0.868132,0
3585,evaluation,Complex,native_pdf,pond_b,0.797504,0.526535,0.217195,0.707063,0.672727,0.485714,0.192308,0.571429,0
3586,development,Simple,native_pdf,pond_a,0.878632,0.78234,0.676932,0.686163,0.777778,0.727723,0.863158,0.527397,0
3587,development,Simple,scan,pond_a,0.880354,0.88403,0.926094,0.761266,0.789474,0.809353,1.0,0.687861,1
3588,development,Simple,scan,pond_b,0.812882,0.970332,0.708626,0.879051,0.738397,0.88172,0.8725,0.897233,1
3589,development,Moderate,native_pdf,pond_a,0.895851,0.954514,0.674084,0.730923,0.843284,0.88172,0.863158,0.591837,1
3590,development,Simple,scan,pond_b,0.960205,0.995914,0.817715,0.909533,0.966942,0.989848,0.891117,0.987179,1
3591,development,Complex,native_pdf,pond_b,0.807567,0.843516,0.636512,0.840359,0.672727,0.77027,0.778571,0.80137,1
3592,evaluation,Moderate,native_pdf,pond_b,0.819109,0.514337,0.442645,0.836742,0.738397,0.485714,0.581673,0.80137,1
3593,evaluation,Moderate,native_pdf,pond_a,0.911022,0.994137,0.540477,0.738969,0.857143,0.989848,0.581673,0.591837,0
3594,development,Moderate,native_pdf,pond_a,0.932065,0.992638,0.758304,0.842978,0.887701,0.989848,0.8725,0.80137,1
3595,development,Complex,native_pdf,pond_a,0.829137,0.911515,0.460782,0.613515,0.738397,0.809353,0.581673,0.333333,1
3596,development,Simple,native_pdf,pond_a,0.871102,0.961231,0.754565,0.855477,0.768421,0.88172,0.8725,0.894737,1
3597,development,Simple,native_pdf,pond_b,0.867977,0.941294,0.661723,0.79647,0.768421,0.867188,0.863158,0.772487,0
3598,evaluation,Moderate,native_pdf,pond_a,0.840781,0.925056,0.501926,0.848244,0.738397,0.862069,0.581673,0.868132,0
3599,development,Moderate,native_pdf,pond_b,0.930674,0.934451,0.877405,0.874854,0.887701,0.865854,0.979798,0.897233,1
3600,evaluation,Complex,scan,pond_b,0.541787,0.171191,0.39733,0.884707,0.338028,0.16,0.435484,0.902174,0
3601,development,Simple,native_pdf,pond_b,0.816809,0.70791,0.613568,0.882796,0.738397,0.567568,0.753623,0.902174,0
3602,development,Simple,scan,pond_b,0.833544,0.97275,0.830104,0.882593,0.738397,0.88172,0.891117,0.902174,0
3603,evaluation,Complex,scan,pond_b,0.400698,0.047219,0.140315,0.821353,0.2,0.0,0.12,0.791444,0
3604,evaluation,Complex,native_pdf,pond_a,0.778631,0.557785,0.885701,0.801188,0.6,0.485714,0.982759,0.772487,0
3605,evaluation,Simple,native_pdf,pond_a,0.81532,0.974245,0.595191,0.792157,0.738397,0.923077,0.753623,0.772487,1
3606,development,Simple,scan,pond_a,0.854159,0.883281,0.582823,0.848498,0.768421,0.809353,0.753623,0.868132,0
3607,development,Simple,native_pdf,pond_a,0.951571,0.997164,0.799356,0.742589,0.945946,0.989848,0.891117,0.687861,1
3608,development,Moderate,scan,pond_a,0.901279,0.977772,0.766965,0.76081,0.843284,0.933333,0.8725,0.687861,1
3609,evaluation,Complex,native_pdf,pond_a,0.729957,0.853777,0.179101,0.560152,0.552632,0.787609,0.153846,0.133333,0
3610,evaluation,Complex,native_pdf,pond_a,0.360037,0.080383,0.114514,0.613454,0.184327,0.0,0.12,0.333333,0
3611,evaluation,Simple,native_pdf,pond_a,0.852963,0.996817,0.824336,0.854271,0.744681,0.989848,0.891117,0.894737,1
3612,development,Moderate,scan,pond_b,0.812454,0.749621,0.589889,0.811322,0.738397,0.727723,0.753623,0.772487,1
3613,evaluation,Complex,scan,pond_a,0.479883,0.469932,0.077032,0.77297,0.235294,0.485714,0.0,0.727273,0
3614,development,Simple,scan,pond_a,0.867718,0.85964,0.868325,0.696836,0.768421,0.809353,0.979798,0.527397,0
3615,development,Complex,native_pdf,pond_a,0.891751,0.637844,0.752066,0.819575,0.793103,0.54386,0.8725,0.791444,0
3616,evaluation,Complex,native_pdf,pond_a,0.798379,0.784426,0.667043,0.819913,0.672727,0.727723,0.863158,0.791444,0
3617,evaluation,Complex,native_pdf,pond_a,0.514724,0.096457,0.376151,0.608248,0.338028,0.0,0.435484,0.333333,0
3618,evaluation,Complex,native_pdf,pond_b,0.897923,0.806772,0.748737,0.836327,0.843284,0.727723,0.8725,0.80137,1
3619,development,Simple,native_pdf,pond_a,0.968686,0.992981,0.88486,0.838428,0.966942,0.989848,0.979798,0.80137,0
3620,development,Simple,native_pdf,pond_b,0.931033,0.870077,0.450991,0.917023,0.887701,0.809353,0.581673,0.987179,0
3621,evaluation,Complex,native_pdf,pond_b,0.602392,0.855875,0.387476,0.72942,0.421053,0.809353,0.435484,0.591837,0
3622,development,Simple,native_pdf,pond_b,0.87477,0.876133,0.700622,0.863539,0.777778,0.809353,0.8725,0.897233,0
3623,development,Simple,native_pdf,pond_a,0.953387,0.981685,0.8796,0.830026,0.966942,0.957792,0.979798,0.791444,1
3624,development,Simple,scan,pond_a,0.86719,0.990834,0.87488,0.766878,0.768421,0.957792,0.979798,0.727273,1
3625,evaluation,Complex,native_pdf,pond_a,0.784279,0.875684,0.147051,0.670518,0.672131,0.809353,0.12,0.527397,0
3626,evaluation,Complex,native_pdf,pond_b,0.892504,0.989253,0.324755,0.826748,0.807131,0.957792,0.363636,0.791444,1
3627,development,Moderate,scan,pond_a,0.752663,0.964577,0.704235,0.711126,0.591398,0.88172,0.8725,0.590909,1
3628,development,Simple,native_pdf,pond_b,0.923464,0.934839,0.905325,0.88692,0.887701,0.865854,0.982759,0.902174,0
3629,evaluation,Simple,native_pdf,pond_a,0.864828,0.905854,0.658131,0.837817,0.768421,0.809353,0.778571,0.80137,0
3630,evaluation,Simple,native_pdf,pond_b,0.921035,0.94664,0.883852,0.915358,0.887701,0.867188,0.979798,0.987179,1
3631,development,Simple,scan,pond_a,0.949232,0.954553,0.890041,0.858779,0.945946,0.88172,0.982759,0.894737,0
3632,evaluation,Simple,native_pdf,pond_a,0.952603,0.945942,0.927593,0.849566,0.945946,0.867188,1.0,0.868132,1
3633,evaluation,Moderate,scan,pond_b,0.715405,0.906964,0.562148,0.916342,0.552632,0.809353,0.681818,0.987179,0
3634,evaluation,Simple,scan,pond_b,0.637816,0.922126,0.634832,0.911903,0.421053,0.862069,0.778571,0.987179,0
3635,development,Simple,native_pdf,pond_b,0.95133,0.819667,0.779779,0.894525,0.945946,0.727723,0.891117,0.937931,1
3636,development,Complex,scan,pond_b,0.645978,0.623933,0.685444,0.809388,0.421053,0.521739,0.863158,0.772487,0
3637,evaluation,Moderate,scan,pond_b,0.818372,0.948624,0.683867,0.852034,0.738397,0.868421,0.863158,0.894737,0
3638,evaluation,Complex,native_pdf,pond_a,0.851514,0.814545,0.766519,0.764971,0.744681,0.727723,0.8725,0.687861,1
3639,evaluation,Complex,native_pdf,pond_b,0.791696,0.482027,0.674895,0.882702,0.672532,0.485714,0.863158,0.902174,0
3640,development,Moderate,native_pdf,pond_a,0.811478,0.953411,0.745749,0.796581,0.738397,0.88172,0.8725,0.772487,0
3641,development,Simple,scan,pond_b,0.773895,0.642309,0.560075,0.925189,0.591398,0.54386,0.681818,1.0,0
3642,evaluation,Simple,native_pdf,pond_a,0.926821,0.958446,0.618046,0.546443,0.887701,0.88172,0.753623,0.133333,1
3643,evaluation,Moderate,native_pdf,pond_a,0.77352,0.776409,0.649621,0.812066,0.591398,0.727723,0.778571,0.772487,0
3644,development,Simple,native_pdf,pond_a,0.843183,0.886292,0.747726,0.800987,0.738397,0.809353,0.8725,0.772487,0
3645,evaluation,Simple,scan,pond_a,0.922433,0.996411,0.724499,0.841038,0.887701,0.989848,0.8725,0.80137,0
3646,development,Simple,scan,pond_b,0.892616,0.98046,0.579545,0.926652,0.83871,0.933333,0.753623,1.0,0
3647,evaluation,Complex,scan,pond_a,0.638082,0.778269,0.525743,0.703784,0.421053,0.727723,0.581673,0.571429,1
3648,development,Simple,scan,pond_b,0.818791,0.967197,0.707772,0.921443,0.738397,0.88172,0.8725,1.0,1
3649,development,Complex,native_pdf,pond_a,0.819782,0.513302,0.496251,0.637462,0.738397,0.485714,0.581673,0.388889,0
3650,evaluation,Simple,native_pdf,pond_a,0.875927,0.939244,0.803269,0.799704,0.777778,0.867188,0.891117,0.772487,0
3651,development,Complex,native_pdf,pond_a,0.6388,0.405956,0.304751,0.586122,0.421053,0.415385,0.25,0.307692,0
3652,development,Simple,native_pdf,pond_a,0.895219,0.954563,0.713571,0.689406,0.843284,0.88172,0.8725,0.527397,0
3653,development,Moderate,scan,pond_a,0.621885,0.867451,0.669379,0.835239,0.421053,0.809353,0.863158,0.80137,0
3654,development,Simple,native_pdf,pond_b,0.973139,0.990995,0.78246,0.940196,0.977778,0.957792,0.891117,1.0,1
3655,development,Simple,native_pdf,pond_a,0.838275,0.840718,0.659746,0.75641,0.738397,0.77027,0.778571,0.687861,0
3656,development,Simple,native_pdf,pond_b,0.962237,0.975795,0.843284,0.895415,0.966942,0.923077,0.9375,0.937931,1
3657,development,Simple,native_pdf,pond_b,0.97193,0.983253,0.889255,0.916924,0.977778,0.957792,0.982759,0.987179,1
3658,development,Moderate,native_pdf,pond_a,0.8851,0.826657,0.660457,0.841921,0.789474,0.727723,0.778571,0.80137,0
3659,evaluation,Simple,scan,pond_a,0.687464,0.845661,0.541183,0.791338,0.552632,0.77027,0.581673,0.772487,0
3660,evaluation,Simple,native_pdf,pond_b,0.970685,0.991825,0.560921,0.896377,0.977778,0.957792,0.681818,0.937931,1
3661,development,Simple,native_pdf,pond_b,0.939948,0.996631,0.971693,0.925584,0.934783,0.989848,1.0,1.0,1
3662,development,Moderate,native_pdf,pond_a,0.909426,0.973822,0.68685,0.665211,0.857143,0.923077,0.8725,0.527397,1
3663,evaluation,Simple,native_pdf,pond_a,0.907746,0.913707,0.86008,0.79467,0.843284,0.809353,0.951456,0.772487,1
3664,development,Moderate,scan,pond_b,0.947842,0.992721,0.883639,0.805276,0.945946,0.989848,0.979798,0.772487,1
3665,development,Moderate,scan,pond_b,0.69882,0.199987,0.48279,0.768951,0.552632,0.415385,0.581673,0.727273,0
3666,development,Simple,scan,pond_a,0.698286,0.923164,0.72364,0.758323,0.552632,0.862069,0.8725,0.687861,0
3667,evaluation,Moderate,native_pdf,pond_a,0.896545,0.993076,0.452047,0.793745,0.843284,0.989848,0.581673,0.772487,1
3668,development,Simple,native_pdf,pond_b,0.898202,0.880926,0.760318,0.842857,0.843284,0.809353,0.8725,0.80137,0
3669,development,Moderate,scan,pond_a,0.733915,0.880932,0.379612,0.717231,0.552632,0.809353,0.435484,0.591837,0
3670,evaluation,Simple,scan,pond_b,0.9079,0.993462,0.781395,0.932309,0.843284,0.989848,0.891117,1.0,1
3671,development,Moderate,scan,pond_b,0.669195,0.893094,0.711541,0.828317,0.552632,0.809353,0.8725,0.791444,1
3672,development,Moderate,native_pdf,pond_b,0.817512,0.703344,0.703302,0.804987,0.738397,0.567568,0.8725,0.772487,0
3673,development,Simple,native_pdf,pond_a,0.960145,0.934855,0.75282,0.67537,0.966942,0.865854,0.8725,0.527397,0
3674,development,Simple,native_pdf,pond_b,0.9705,0.983451,0.898418,0.887951,0.977778,0.957792,0.982759,0.902174,1
3675,development,Complex,native_pdf,pond_b,0.82277,0.807297,0.598776,0.765807,0.738397,0.727723,0.753623,0.687861,0
3676,evaluation,Complex,scan,pond_b,0.465053,0.443709,0.069453,0.633652,0.235294,0.419355,0.0,0.388889,0
3677,development,Moderate,native_pdf,pond_a,0.890178,0.96746,0.722028,0.73227,0.793103,0.88172,0.8725,0.591837,1
3678,development,Simple,native_pdf,pond_b,0.709117,0.807196,0.400361,0.927428,0.552632,0.727723,0.435484,1.0,0
3679,evaluation,Complex,native_pdf,pond_a,0.734737,0.765534,0.720539,0.785846,0.591398,0.727723,0.8725,0.772487,0
3680,evaluation,Moderate,scan,pond_a,0.591573,0.769071,0.570273,0.827936,0.421053,0.727723,0.681818,0.791444,0
3681,evaluation,Moderate,scan,pond_b,0.664646,0.975768,0.685886,0.86473,0.5,0.923077,0.871723,0.897233,1
3682,development,Moderate,scan,pond_b,0.748862,0.688638,0.291469,0.839272,0.591398,0.567568,0.192308,0.80137,0
3683,evaluation,Complex,native_pdf,pond_a,0.724487,0.706679,0.17173,0.754793,0.552632,0.567568,0.153846,0.687861,0
3684,development,Simple,native_pdf,pond_b,0.931037,0.994643,0.926504,0.841436,0.887701,0.989848,1.0,0.80137,1
3685,evaluation,Simple,scan,pond_a,0.931661,0.822715,0.885465,0.827793,0.887701,0.727723,0.982759,0.791444,0
3686,development,Moderate,native_pdf,pond_b,0.886234,0.9839,0.602413,0.836065,0.789474,0.957792,0.753623,0.80137,0
3687,development,Moderate,scan,pond_a,0.912351,0.995621,0.695045,0.781427,0.857143,0.989848,0.8725,0.727273,1
3688,evaluation,Complex,scan,pond_a,0.60849,0.757906,0.296538,0.692122,0.421053,0.727723,0.192308,0.527397,0
3689,evaluation,Complex,native_pdf,pond_b,0.807159,0.947591,0.310792,0.815901,0.672727,0.867188,0.25,0.772487,0
3690,evaluation,Simple,scan,pond_b,0.942832,0.995237,0.919132,0.892913,0.934783,0.989848,1.0,0.937931,1
3691,evaluation,Simple,scan,pond_b,0.823734,0.902993,0.52969,0.903723,0.738397,0.809353,0.581673,0.937931,0
3692,development,Moderate,native_pdf,pond_a,0.84817,0.980972,0.626978,0.816264,0.744681,0.933333,0.778571,0.772487,1
3693,development,Simple,scan,pond_b,0.804049,0.884413,0.920579,0.731025,0.672727,0.809353,1.0,0.591837,0
3694,evaluation,Complex,scan,pond_a,0.290668,0.071611,0.125367,0.809868,0.181818,0.0,0.12,0.772487,0
3695,development,Complex,native_pdf,pond_b,0.809119,0.569938,0.217484,0.831352,0.672727,0.485714,0.192308,0.791444,0
3696,development,Complex,scan,pond_a,0.566324,0.225025,0.440659,0.623827,0.338028,0.415385,0.581673,0.333333,0
3697,evaluation,Simple,native_pdf,pond_b,0.945083,0.997727,0.889732,0.788382,0.945946,1.0,0.982759,0.772487,1
3698,development,Complex,native_pdf,pond_b,0.735472,0.630448,0.232711,0.762097,0.591398,0.521739,0.192308,0.687861,0
3699,development,Moderate,scan,pond_a,0.491463,0.72929,0.45836,0.82069,0.235294,0.666667,0.581673,0.791444,0
3700,development,Simple,scan,pond_b,0.922608,0.98829,0.855641,0.874028,0.887701,0.957792,0.951456,0.897233,0
3701,development,Complex,native_pdf,pond_a,0.734375,0.489626,0.359296,0.760362,0.591398,0.485714,0.435484,0.687861,0
3702,development,Moderate,native_pdf,pond_a,0.836655,0.841003,0.316663,0.771579,0.738397,0.77027,0.294118,0.727273,0
3703,development,Moderate,scan,pond_a,0.800227,0.712489,0.435488,0.48969,0.672727,0.567568,0.581673,0.133333,0
3704,evaluation,Complex,native_pdf,pond_b,0.81564,0.789455,0.709019,0.644122,0.738397,0.727723,0.8725,0.388889,0
3705,development,Moderate,scan,pond_b,0.531668,0.273918,0.272217,0.843191,0.338028,0.415385,0.192308,0.80137,0
3706,development,Simple,native_pdf,pond_a,0.928508,0.989572,0.882458,0.763449,0.887701,0.957792,0.979798,0.687861,1
3707,development,Complex,scan,pond_a,0.730858,0.829381,0.362886,0.76934,0.552632,0.727723,0.435484,0.727273,0
3708,development,Moderate,scan,pond_a,0.712125,0.588107,0.808839,0.755933,0.552632,0.485714,0.891117,0.687861,0
3709,evaluation,Complex,scan,pond_b,0.600407,0.581873,0.625495,0.740678,0.421053,0.485714,0.778571,0.591837,0
3710,development,Simple,scan,pond_b,0.948933,0.992656,0.919028,0.870868,0.945946,0.989848,1.0,0.897233,1
3711,evaluation,Complex,native_pdf,pond_a,0.656067,0.163403,0.228462,0.725856,0.5,0.16,0.192308,0.591837,0
3712,development,Simple,scan,pond_a,0.815748,0.819961,0.411795,0.77243,0.738397,0.727723,0.435484,0.727273,0
3713,evaluation,Complex,scan,pond_a,0.435302,0.0577,0.230131,0.687844,0.235294,0.0,0.192308,0.527397,0
3714,evaluation,Moderate,native_pdf,pond_a,0.91552,0.990146,0.662811,0.632768,0.857143,0.957792,0.863158,0.388889,0
3715,development,Simple,native_pdf,pond_a,0.944846,0.975369,0.77786,0.754784,0.945946,0.923077,0.891117,0.687861,1
3716,development,Simple,native_pdf,pond_a,0.897858,0.878959,0.561972,0.848099,0.843284,0.809353,0.681818,0.868132,0
3717,development,Complex,native_pdf,pond_a,0.888514,0.878989,0.326747,0.712044,0.789474,0.809353,0.363636,0.590909,0
3718,development,Simple,scan,pond_a,0.892244,0.992999,0.590068,0.808013,0.793103,0.989848,0.753623,0.772487,0
3719,development,Simple,native_pdf,pond_a,0.966037,0.838888,0.790952,0.806194,0.966942,0.77027,0.891117,0.772487,0
3720,development,Moderate,scan,pond_a,0.804114,0.789715,0.676725,0.731258,0.672727,0.727723,0.863158,0.591837,0
3721,development,Simple,native_pdf,pond_b,0.90439,0.932084,0.671124,0.955233,0.843284,0.865854,0.863158,1.0,1
3722,development,Simple,native_pdf,pond_b,0.883483,0.882096,0.284882,0.892194,0.789474,0.809353,0.192308,0.937931,0
3723,development,Moderate,native_pdf,pond_a,0.91611,0.944527,0.480487,0.751487,0.857143,0.867188,0.581673,0.687861,1
3724,development,Simple,scan,pond_b,0.491065,0.580104,0.227803,0.926391,0.235294,0.485714,0.192308,1.0,0
3725,development,Moderate,native_pdf,pond_a,0.768944,0.955702,0.524657,0.825243,0.591398,0.88172,0.581673,0.791444,1
3726,evaluation,Complex,scan,pond_b,0.600539,0.858618,0.652726,0.919944,0.421053,0.809353,0.778571,0.987179,0
3727,development,Moderate,native_pdf,pond_a,0.900648,0.980251,0.714042,0.708246,0.843284,0.933333,0.8725,0.571429,1
3728,evaluation,Moderate,native_pdf,pond_a,0.920895,0.816935,0.52265,0.774366,0.887701,0.727723,0.581673,0.727273,1
3729,development,Moderate,native_pdf,pond_b,0.890345,0.993831,0.517208,0.751345,0.793103,0.989848,0.581673,0.687861,0
3730,evaluation,Moderate,native_pdf,pond_a,0.871887,0.960306,0.647366,0.660206,0.768421,0.88172,0.778571,0.527397,0
3731,development,Simple,scan,pond_a,0.605515,0.881406,0.77108,0.849848,0.421053,0.809353,0.8725,0.868132,1
3732,development,Simple,scan,pond_a,0.730894,0.670562,0.466322,0.873906,0.552632,0.54386,0.581673,0.897233,0
3733,development,Simple,native_pdf,pond_b,0.978873,0.994038,0.906984,0.810488,0.977778,0.989848,0.982759,0.772487,1
3734,evaluation,Complex,scan,pond_a,0.501263,0.533908,0.267525,0.65655,0.33469,0.485714,0.192308,0.527397,0
3735,development,Complex,scan,pond_a,0.590653,0.961485,0.49032,0.634767,0.421053,0.88172,0.581673,0.388889,0
3736,evaluation,Moderate,scan,pond_b,0.843319,0.702145,0.448643,0.898941,0.744681,0.567568,0.581673,0.937931,0
3737,evaluation,Simple,scan,pond_a,0.90822,0.992822,0.839621,0.837256,0.843284,0.989848,0.9375,0.80137,1
3738,development,Moderate,native_pdf,pond_b,0.612732,0.410797,0.316066,0.806113,0.421053,0.415385,0.294118,0.772487,0
3739,development,Moderate,native_pdf,pond_b,0.851379,0.950886,0.692815,0.848329,0.744681,0.868421,0.8725,0.868132,1
3740,development,Moderate,native_pdf,pond_b,0.575475,0.692182,0.17082,0.853764,0.421053,0.567568,0.153846,0.894737,0
3741,development,Simple,native_pdf,pond_a,0.954937,0.938263,0.826238,0.799577,0.966942,0.867188,0.891117,0.772487,1
3742,evaluation,Simple,native_pdf,pond_b,0.843156,0.943123,0.728326,0.913959,0.738397,0.867188,0.8725,0.987179,0
3743,development,Moderate,scan,pond_a,0.671742,0.849239,0.787231,0.781784,0.552632,0.77027,0.891117,0.727273,0
3744,evaluation,Moderate,native_pdf,pond_a,0.604818,0.538095,0.343903,0.85763,0.421053,0.485714,0.375,0.894737,0
3745,development,Simple,scan,pond_b,0.829948,0.987523,0.869939,0.877104,0.738397,0.957792,0.979798,0.897233,1
3746,development,Simple,native_pdf,pond_b,0.934279,0.99714,0.872949,0.837531,0.887701,0.989848,0.979798,0.80137,1
3747,evaluation,Moderate,native_pdf,pond_a,0.924663,0.985955,0.875425,0.73228,0.887701,0.957792,0.979798,0.591837,1
3748,development,Moderate,native_pdf,pond_b,0.807356,0.978166,0.809145,0.819955,0.672727,0.933333,0.891117,0.791444,1
3749,evaluation,Complex,scan,pond_a,0.647594,0.81155,0.508313,0.658162,0.421053,0.727723,0.581673,0.527397,0
3750,development,Simple,scan,pond_a,0.868615,0.708771,0.636834,0.874032,0.768421,0.567568,0.778571,0.897233,0
3751,development,Moderate,native_pdf,pond_b,0.728382,0.922057,0.793649,0.866949,0.552632,0.862069,0.891117,0.897233,1
3752,development,Moderate,native_pdf,pond_a,0.690533,0.821468,0.603387,0.603793,0.552632,0.727723,0.753623,0.307692,0
3753,development,Simple,native_pdf,pond_a,0.826228,0.892953,0.632908,0.743851,0.738397,0.809353,0.778571,0.687861,1
3754,evaluation,Complex,scan,pond_a,0.781412,0.774456,0.462331,0.748838,0.672131,0.727723,0.581673,0.687861,1
3755,development,Complex,scan,pond_a,0.56669,0.617684,0.431392,0.723937,0.338028,0.521739,0.527778,0.591837,0
3756,development,Simple,native_pdf,pond_a,0.758156,0.657435,0.304705,0.76525,0.591398,0.54386,0.25,0.687861,0
3757,evaluation,Complex,scan,pond_b,0.706302,0.951288,0.533632,0.810523,0.552632,0.868421,0.581673,0.772487,1
3758,evaluation,Complex,native_pdf,pond_a,0.753916,0.617631,0.30442,0.750282,0.591398,0.521739,0.25,0.687861,0
3759,development,Complex,native_pdf,pond_a,0.756331,0.533812,0.583819,0.677412,0.591398,0.485714,0.753623,0.527397,0
3760,evaluation,Moderate,native_pdf,pond_a,0.800991,0.960424,0.620043,0.835492,0.672727,0.88172,0.753623,0.80137,1
3761,development,Simple,native_pdf,pond_a,0.932941,0.991554,0.866714,0.815053,0.887701,0.957792,0.951456,0.772487,1
3762,evaluation,Moderate,native_pdf,pond_a,0.832997,0.765943,0.501247,0.794355,0.738397,0.727723,0.581673,0.772487,0
3763,development,Moderate,scan,pond_a,0.569101,0.104052,0.459511,0.709021,0.338028,0.0,0.581673,0.571429,0
3764,development,Complex,native_pdf,pond_b,0.772921,0.529917,0.280186,0.809004,0.591398,0.485714,0.192308,0.772487,0
3765,development,Moderate,scan,pond_b,0.853905,0.820871,0.871384,0.776498,0.768421,0.727723,0.979798,0.727273,1
3766,evaluation,Complex,native_pdf,pond_a,0.854918,0.966305,0.575626,0.702278,0.768421,0.88172,0.753623,0.527397,1
3767,development,Simple,scan,pond_b,0.941295,0.994941,0.73167,0.910149,0.934783,0.989848,0.8725,0.987179,1
3768,evaluation,Simple,native_pdf,pond_b,0.938062,0.979378,0.807051,0.931897,0.934783,0.933333,0.891117,1.0,0
3769,evaluation,Complex,native_pdf,pond_a,0.765176,0.331857,0.39317,0.808365,0.591398,0.415385,0.435484,0.772487,0
3770,development,Simple,scan,pond_b,0.881295,0.991913,0.817036,0.877345,0.789474,0.989848,0.891117,0.897233,1
3771,development,Moderate,scan,pond_a,0.743094,0.590297,0.210781,0.663201,0.591398,0.485714,0.192308,0.527397,0
3772,evaluation,Moderate,scan,pond_a,0.744515,0.903973,0.718917,0.831058,0.591398,0.809353,0.8725,0.791444,0
3773,development,Moderate,scan,pond_b,0.77167,0.933964,0.841114,0.838482,0.591398,0.865854,0.9375,0.80137,1
3774,development,Simple,native_pdf,pond_a,0.939167,0.989678,0.855445,0.783541,0.934783,0.957792,0.951456,0.727273,1
3775,development,Simple,scan,pond_b,0.777291,0.142483,0.641591,0.913521,0.6,0.16,0.778571,0.987179,0
3776,evaluation,Moderate,native_pdf,pond_b,0.892003,0.75393,0.611012,0.754971,0.793103,0.727723,0.753623,0.687861,0
3777,evaluation,Moderate,scan,pond_a,0.606988,0.730293,0.232557,0.780515,0.421053,0.666667,0.192308,0.727273,0
3778,evaluation,Moderate,scan,pond_b,0.847648,0.629558,0.678282,0.76153,0.744681,0.521739,0.863158,0.687861,0
3779,evaluation,Simple,scan,pond_b,0.517349,0.852304,0.689188,0.781915,0.338028,0.77027,0.8725,0.727273,0
3780,development,Complex,scan,pond_a,0.786187,0.849694,0.559411,0.827803,0.672131,0.77027,0.681818,0.791444,0
3781,evaluation,Simple,scan,pond_b,0.922731,0.978552,0.811727,0.912112,0.887701,0.933333,0.891117,0.987179,1
3782,evaluation,Complex,native_pdf,pond_b,0.768789,0.888648,0.706968,0.77351,0.591398,0.809353,0.8725,0.727273,0
3783,development,Simple,native_pdf,pond_a,0.689461,0.587106,0.35186,0.76235,0.552632,0.485714,0.435484,0.687861,0
3784,evaluation,Complex,native_pdf,pond_b,0.571829,0.200212,0.213903,0.717834,0.338028,0.415385,0.192308,0.591837,0
3785,development,Simple,scan,pond_b,0.930897,0.996955,0.865222,0.902649,0.887701,0.989848,0.951456,0.937931,1
3786,evaluation,Moderate,scan,pond_b,0.744723,0.950142,0.765427,0.89809,0.591398,0.868421,0.8725,0.937931,1
3787,evaluation,Moderate,scan,pond_b,0.719779,0.976959,0.751955,0.825147,0.552632,0.923077,0.8725,0.791444,0
3788,evaluation,Simple,scan,pond_b,0.861117,0.947577,0.774358,0.877536,0.768421,0.867188,0.8725,0.897233,0
3789,evaluation,Moderate,scan,pond_a,0.617834,0.482055,0.7772,0.788351,0.421053,0.485714,0.891117,0.772487,0
3790,evaluation,Moderate,native_pdf,pond_a,0.86251,0.931184,0.830874,0.819661,0.768421,0.865854,0.891117,0.791444,1
3791,development,Moderate,native_pdf,pond_a,0.961442,0.992374,0.78769,0.79956,0.966942,0.989848,0.891117,0.772487,1
3792,development,Simple,scan,pond_b,0.743767,0.944393,0.512245,0.941853,0.591398,0.867188,0.581673,1.0,0
3793,development,Complex,scan,pond_a,0.53317,0.385657,0.144164,0.793337,0.338028,0.415385,0.12,0.772487,0
3794,development,Simple,native_pdf,pond_b,0.953252,0.994731,0.913462,0.901805,0.945946,0.989848,1.0,0.937931,1
3795,development,Simple,scan,pond_a,0.938561,0.997904,0.900252,0.806512,0.934783,1.0,0.982759,0.772487,1
3796,development,Simple,native_pdf,pond_a,0.937802,0.989256,0.944448,0.774391,0.934783,0.957792,1.0,0.727273,1
3797,development,Simple,native_pdf,pond_b,0.981191,0.997821,0.936706,0.8934,0.977778,1.0,1.0,0.937931,1
3798,development,Complex,native_pdf,pond_b,0.686247,0.896106,0.309203,0.830817,0.552632,0.809353,0.25,0.791444,0
3799,development,Simple,scan,pond_a,0.936148,0.995654,0.909304,0.814739,0.887701,0.989848,0.982759,0.772487,1
3800,evaluation,Moderate,scan,pond_a,0.620956,0.790786,0.414579,0.720358,0.421053,0.727723,0.435484,0.591837,0
3801,development,Simple,native_pdf,pond_a,0.958427,0.932603,0.722044,0.6999,0.966942,0.865854,0.8725,0.527397,1
3802,evaluation,Simple,scan,pond_b,0.796013,0.983375,0.813427,0.909041,0.672727,0.957792,0.891117,0.987179,1
3803,evaluation,Simple,native_pdf,pond_b,0.921643,0.954124,0.800418,0.912378,0.887701,0.88172,0.891117,0.987179,1
3804,development,Complex,scan,pond_b,0.732077,0.251502,0.66006,0.802575,0.552632,0.415385,0.778571,0.772487,0
3805,development,Simple,native_pdf,pond_a,0.931254,0.998002,0.67622,0.714441,0.887701,1.0,0.863158,0.591837,1
3806,development,Moderate,scan,pond_a,0.736124,0.736443,0.415102,0.688303,0.591398,0.727723,0.435484,0.527397,0
3807,development,Complex,native_pdf,pond_b,0.847772,0.982341,0.167985,0.871692,0.744681,0.957792,0.153846,0.897233,0
3808,development,Complex,native_pdf,pond_a,0.536121,0.436764,0.080688,0.49137,0.338028,0.419355,0.0,0.133333,0
3809,development,Simple,native_pdf,pond_b,0.917938,0.981622,0.786338,0.904762,0.857143,0.957792,0.891117,0.937931,1
3810,development,Simple,scan,pond_a,0.850558,0.987568,0.887108,0.765855,0.744681,0.957792,0.982759,0.727273,1
3811,development,Simple,native_pdf,pond_b,0.894621,0.964677,0.903336,0.884363,0.83871,0.88172,0.982759,0.902174,1
3812,development,Moderate,native_pdf,pond_a,0.863961,0.709121,0.72773,0.820673,0.768421,0.567568,0.8725,0.791444,1
3813,evaluation,Complex,native_pdf,pond_b,0.835441,0.892776,0.529124,0.668251,0.738397,0.809353,0.581673,0.527397,0
3814,development,Simple,native_pdf,pond_a,0.965531,0.992339,0.945303,0.82911,0.966942,0.989848,1.0,0.791444,0
3815,development,Simple,scan,pond_b,0.856831,0.984819,0.816888,0.861297,0.768421,0.957792,0.891117,0.897233,1
3816,development,Simple,native_pdf,pond_b,0.926512,0.919473,0.548661,0.883502,0.887701,0.862069,0.681818,0.902174,1
3817,development,Simple,scan,pond_b,0.729793,0.987388,0.860379,0.926458,0.552632,0.957792,0.951456,1.0,1
3818,development,Moderate,native_pdf,pond_a,0.885835,0.503327,0.712751,0.669304,0.789474,0.485714,0.8725,0.527397,0
3819,development,Simple,native_pdf,pond_b,0.811043,0.898228,0.806452,0.852938,0.738397,0.809353,0.891117,0.894737,1
3820,development,Simple,scan,pond_a,0.831277,0.868922,0.798607,0.881251,0.738397,0.809353,0.891117,0.902174,0
3821,development,Simple,native_pdf,pond_b,0.806995,0.566552,0.842398,0.776988,0.672727,0.485714,0.9375,0.727273,0
3822,evaluation,Complex,scan,pond_a,0.549599,0.402973,0.511593,0.582354,0.338028,0.415385,0.581673,0.133333,0
3823,development,Simple,scan,pond_a,0.834867,0.929661,0.89403,0.805092,0.738397,0.865854,0.982759,0.772487,0
3824,evaluation,Simple,scan,pond_a,0.859876,0.933695,0.888228,0.851148,0.768421,0.865854,0.982759,0.868132,1
3825,development,Simple,native_pdf,pond_b,0.799962,0.96612,0.872905,0.917043,0.672727,0.88172,0.979798,0.987179,1
3826,development,Simple,scan,pond_b,0.776604,0.899613,0.6723,0.863612,0.6,0.809353,0.863158,0.897233,1
3827,development,Moderate,scan,pond_a,0.619237,0.741724,0.417292,0.741312,0.421053,0.727723,0.435484,0.591837,0
3828,development,Simple,native_pdf,pond_a,0.965091,0.998131,0.931809,0.860174,0.966942,1.0,1.0,0.894737,1
3829,development,Moderate,scan,pond_a,0.796584,0.954934,0.737891,0.655883,0.672727,0.88172,0.8725,0.527397,0
3830,development,Simple,native_pdf,pond_b,0.867461,0.910347,0.66898,0.755066,0.768421,0.809353,0.863158,0.687861,1
3831,evaluation,Complex,native_pdf,pond_a,0.867677,0.673982,0.547198,0.66559,0.768421,0.54386,0.681818,0.527397,1
3832,development,Simple,native_pdf,pond_a,0.941994,0.977642,0.809562,0.825407,0.934783,0.933333,0.891117,0.791444,1
3833,development,Simple,native_pdf,pond_b,0.919404,0.98596,0.727087,0.899294,0.857143,0.957792,0.8725,0.937931,1
3834,development,Complex,native_pdf,pond_a,0.676855,0.596692,0.200909,0.778558,0.552632,0.485714,0.153846,0.727273,0
3835,evaluation,Complex,native_pdf,pond_b,0.850893,0.933622,0.304881,0.707273,0.744681,0.865854,0.25,0.571429,0
3836,evaluation,Simple,native_pdf,pond_a,0.854654,0.962584,0.941935,0.755537,0.768421,0.88172,1.0,0.687861,0
3837,development,Simple,scan,pond_b,0.843313,0.955635,0.870427,0.880212,0.744681,0.88172,0.979798,0.897233,1
3838,development,Simple,native_pdf,pond_a,0.89181,0.99066,0.724118,0.81259,0.793103,0.957792,0.8725,0.772487,1
3839,evaluation,Complex,native_pdf,pond_b,0.791393,0.253279,0.269546,0.770194,0.672131,0.415385,0.192308,0.727273,0
3840,evaluation,Moderate,native_pdf,pond_a,0.748655,0.726066,0.6252,0.75781,0.591398,0.623189,0.778571,0.687861,0
3841,development,Complex,scan,pond_a,0.396466,0.895153,0.455847,0.599337,0.2,0.809353,0.581673,0.307692,0
3842,evaluation,Simple,native_pdf,pond_b,0.882029,0.931275,0.670989,0.826142,0.789474,0.865854,0.863158,0.791444,1
3843,evaluation,Simple,scan,pond_b,0.792716,0.867738,0.587014,0.858912,0.672727,0.809353,0.753623,0.894737,0
3844,development,Simple,scan,pond_a,0.808599,0.956028,0.651245,0.852464,0.672727,0.88172,0.778571,0.894737,1
3845,development,Simple,native_pdf,pond_b,0.884672,0.952138,0.5039,0.876088,0.789474,0.88172,0.581673,0.897233,1
3846,evaluation,Moderate,native_pdf,pond_b,0.756632,0.455741,0.281347,0.861822,0.591398,0.485714,0.192308,0.897233,0
3847,development,Simple,scan,pond_b,0.777826,0.959662,0.914197,0.804901,0.6,0.88172,1.0,0.772487,0
3848,development,Moderate,scan,pond_a,0.776436,0.726944,0.652599,0.659338,0.6,0.666667,0.778571,0.527397,0
3849,development,Simple,native_pdf,pond_b,0.807695,0.745953,0.464803,0.792251,0.672727,0.727723,0.581673,0.772487,1
3850,evaluation,Moderate,native_pdf,pond_b,0.68376,0.682279,0.213675,0.896736,0.552632,0.567568,0.192308,0.937931,0
3851,development,Complex,native_pdf,pond_b,0.799176,0.397318,0.167867,0.741345,0.672727,0.415385,0.153846,0.591837,0
3852,development,Simple,native_pdf,pond_b,0.941842,0.795788,0.535603,0.861377,0.934783,0.727723,0.581673,0.897233,1
3853,development,Moderate,scan,pond_b,0.739364,0.928838,0.576011,0.893189,0.591398,0.865854,0.753623,0.937931,0
3854,evaluation,Moderate,scan,pond_a,0.63514,0.6479,0.265193,0.770879,0.421053,0.54386,0.192308,0.727273,0
3855,development,Moderate,native_pdf,pond_a,0.824896,0.932374,0.411004,0.761476,0.738397,0.865854,0.435484,0.687861,0
3856,evaluation,Simple,scan,pond_a,0.735996,0.685069,0.583598,0.887422,0.591398,0.567568,0.753623,0.902174,0
3857,development,Moderate,native_pdf,pond_b,0.629969,0.409879,0.206554,0.629235,0.421053,0.415385,0.192308,0.388889,0
3858,development,Simple,scan,pond_b,0.764031,0.937052,0.782016,0.839983,0.591398,0.867188,0.891117,0.80137,0
3859,development,Simple,native_pdf,pond_b,0.950146,0.992927,0.833646,0.914733,0.945946,0.989848,0.891117,0.987179,1
3860,evaluation,Complex,native_pdf,pond_b,0.675118,0.196429,0.226413,0.842272,0.552632,0.415385,0.192308,0.80137,0
3861,development,Simple,scan,pond_a,0.845287,0.955166,0.683103,0.853864,0.744681,0.88172,0.863158,0.894737,1
3862,evaluation,Simple,scan,pond_a,0.783074,0.872622,0.68724,0.655977,0.672131,0.809353,0.8725,0.527397,0
3863,development,Complex,scan,pond_a,0.815054,0.972322,0.769025,0.607187,0.738397,0.88172,0.8725,0.333333,0
3864,development,Simple,scan,pond_a,0.860916,0.938312,0.818416,0.809478,0.768421,0.867188,0.891117,0.772487,1
3865,development,Moderate,native_pdf,pond_a,0.790662,0.892027,0.424897,0.806285,0.672131,0.809353,0.527778,0.772487,1
3866,development,Moderate,scan,pond_a,0.876624,0.970505,0.740127,0.641099,0.777778,0.88172,0.8725,0.388889,1
3867,development,Complex,scan,pond_a,0.699064,0.483145,0.39322,0.746546,0.552632,0.485714,0.435484,0.687861,0
3868,development,Simple,scan,pond_a,0.883686,0.989883,0.624046,0.805318,0.789474,0.957792,0.753623,0.772487,0
3869,development,Simple,native_pdf,pond_a,0.920897,0.983528,0.650715,0.815792,0.887701,0.957792,0.778571,0.772487,1
3870,development,Complex,scan,pond_a,0.702539,0.761511,0.398021,0.666387,0.552632,0.727723,0.435484,0.527397,0
3871,evaluation,Simple,scan,pond_b,0.883522,0.978806,0.555314,0.851857,0.789474,0.933333,0.681818,0.894737,0
3872,development,Simple,scan,pond_b,0.917254,0.996127,0.890105,0.89772,0.857143,0.989848,0.982759,0.937931,1
3873,development,Moderate,native_pdf,pond_b,0.886018,0.953493,0.705558,0.891949,0.789474,0.88172,0.8725,0.937931,1
3874,evaluation,Moderate,native_pdf,pond_b,0.742252,0.561952,0.440741,0.809045,0.591398,0.485714,0.581673,0.772487,0
3875,evaluation,Simple,native_pdf,pond_b,0.962889,0.982153,0.77102,0.849182,0.966942,0.957792,0.8725,0.868132,1
3876,development,Moderate,native_pdf,pond_b,0.898673,0.209577,0.688898,0.796161,0.843284,0.415385,0.8725,0.772487,0
3877,development,Moderate,scan,pond_b,0.757129,0.611861,0.337472,0.800297,0.591398,0.485714,0.375,0.772487,0
3878,development,Moderate,native_pdf,pond_a,0.872908,0.907006,0.272301,0.644869,0.768421,0.809353,0.192308,0.388889,0
3879,development,Moderate,native_pdf,pond_a,0.825891,0.671329,0.386058,0.653749,0.738397,0.54386,0.435484,0.4,0
3880,evaluation,Complex,native_pdf,pond_a,0.714429,0.917842,0.258742,0.709682,0.552632,0.862069,0.192308,0.590909,0
3881,development,Simple,scan,pond_b,0.788567,0.871868,0.511832,0.910869,0.672131,0.809353,0.581673,0.987179,0
3882,development,Moderate,native_pdf,pond_a,0.829594,0.501323,0.270234,0.869547,0.738397,0.485714,0.192308,0.897233,0
3883,development,Simple,scan,pond_b,0.913108,0.963732,0.925226,0.882166,0.857143,0.88172,1.0,0.902174,0
3884,evaluation,Moderate,native_pdf,pond_b,0.882593,0.963331,0.846627,0.869012,0.789474,0.88172,0.9375,0.897233,1
3885,development,Complex,native_pdf,pond_b,0.798851,0.050103,0.297163,0.690267,0.672727,0.0,0.192308,0.527397,0
3886,evaluation,Complex,native_pdf,pond_b,0.685696,0.059703,0.651141,0.834118,0.552632,0.0,0.778571,0.80137,0
3887,evaluation,Simple,native_pdf,pond_b,0.942524,0.980246,0.855217,0.81527,0.934783,0.933333,0.951456,0.772487,1
3888,development,Simple,scan,pond_b,0.904018,0.997433,0.941483,0.870665,0.843284,1.0,1.0,0.897233,1
3889,development,Moderate,native_pdf,pond_a,0.887953,0.950344,0.760903,0.794457,0.789474,0.868421,0.8725,0.772487,1
3890,development,Moderate,scan,pond_b,0.472501,0.173785,0.37986,0.759178,0.235294,0.16,0.435484,0.687861,0
3891,development,Simple,scan,pond_b,0.753891,0.954893,0.673198,0.871578,0.591398,0.88172,0.863158,0.897233,1
3892,development,Moderate,scan,pond_b,0.659288,0.766045,0.749069,0.792424,0.5,0.727723,0.8725,0.772487,1
3893,development,Moderate,native_pdf,pond_a,0.900823,0.951498,0.859584,0.790766,0.843284,0.868421,0.951456,0.772487,1
3894,evaluation,Moderate,native_pdf,pond_a,0.933727,0.963117,0.676806,0.86233,0.887701,0.88172,0.863158,0.897233,0
3895,development,Simple,native_pdf,pond_b,0.958693,0.994353,0.938514,0.907774,0.966942,0.989848,1.0,0.937931,0
3896,development,Complex,native_pdf,pond_b,0.912015,0.75191,0.813589,0.898206,0.857143,0.727723,0.891117,0.937931,1
3897,development,Moderate,scan,pond_b,0.509985,0.947916,0.375282,0.85395,0.338028,0.867188,0.435484,0.894737,0
3898,evaluation,Simple,scan,pond_a,0.938441,0.970077,0.780532,0.800923,0.934783,0.88172,0.891117,0.772487,1
3899,development,Simple,scan,pond_b,0.787291,0.93636,0.745733,0.833421,0.672131,0.867188,0.8725,0.80137,1
3900,development,Complex,scan,pond_a,0.582657,0.892337,0.536198,0.732977,0.421053,0.809353,0.581673,0.591837,0
3901,development,Simple,scan,pond_b,0.927315,0.944387,0.763989,0.891844,0.887701,0.867188,0.8725,0.937931,0
3902,evaluation,Simple,native_pdf,pond_b,0.933061,0.881351,0.797144,0.945608,0.887701,0.809353,0.891117,1.0,1
3903,evaluation,Moderate,scan,pond_b,0.668601,0.616331,0.363616,0.896057,0.552632,0.521739,0.435484,0.937931,1
3904,development,Simple,native_pdf,pond_a,0.912954,0.970508,0.801301,0.742278,0.857143,0.88172,0.891117,0.687861,1
3905,development,Complex,scan,pond_a,0.605351,0.71532,0.615421,0.723544,0.421053,0.567568,0.753623,0.591837,0
3906,development,Simple,native_pdf,pond_b,0.907238,0.350467,0.652785,0.866764,0.843284,0.415385,0.778571,0.897233,0
3907,evaluation,Complex,native_pdf,pond_b,0.890036,0.985528,0.863228,0.831995,0.791673,0.957792,0.951456,0.791444,1
3908,development,Moderate,native_pdf,pond_a,0.903426,0.953993,0.710724,0.845542,0.843284,0.88172,0.8725,0.868132,1
3909,development,Simple,native_pdf,pond_a,0.937871,0.994883,0.900382,0.835487,0.934783,0.989848,0.982759,0.80137,1
3910,evaluation,Moderate,scan,pond_b,0.823127,0.922804,0.716664,0.819978,0.738397,0.862069,0.8725,0.791444,0
3911,development,Moderate,native_pdf,pond_b,0.631383,0.870603,0.524819,0.710264,0.421053,0.809353,0.581673,0.590909,0
3912,development,Simple,native_pdf,pond_a,0.884212,0.879255,0.818382,0.677393,0.789474,0.809353,0.891117,0.527397,1
3913,evaluation,Complex,native_pdf,pond_b,0.836939,0.857724,0.421757,0.848537,0.738397,0.809353,0.527778,0.868132,0
3914,evaluation,Simple,scan,pond_b,0.87008,0.976046,0.866345,0.904624,0.768421,0.923077,0.951456,0.937931,1
3915,development,Moderate,scan,pond_b,0.849771,0.936669,0.58279,0.814902,0.744681,0.867188,0.753623,0.772487,0
3916,development,Moderate,native_pdf,pond_a,0.875892,0.885598,0.809794,0.69767,0.777778,0.809353,0.891117,0.527397,0
3917,development,Simple,scan,pond_b,0.877018,0.884756,0.730886,0.897536,0.777778,0.809353,0.8725,0.937931,1
3918,development,Simple,native_pdf,pond_a,0.926577,0.977201,0.787909,0.793308,0.887701,0.923077,0.891117,0.772487,0
3919,development,Moderate,native_pdf,pond_a,0.860015,0.838981,0.881744,0.70656,0.768421,0.77027,0.979798,0.571429,1
3920,development,Simple,scan,pond_a,0.804325,0.975504,0.616132,0.832769,0.672727,0.923077,0.753623,0.80137,1
3921,evaluation,Simple,native_pdf,pond_a,0.923795,0.973182,0.646004,0.857334,0.887701,0.916667,0.778571,0.894737,1
3922,development,Complex,scan,pond_a,0.730025,0.915202,0.759658,0.61574,0.552632,0.857143,0.8725,0.333333,0
3923,evaluation,Simple,scan,pond_a,0.697725,0.811033,0.805291,0.827756,0.552632,0.727723,0.891117,0.791444,1
3924,development,Moderate,native_pdf,pond_a,0.940851,0.99028,0.870652,0.84551,0.934783,0.957792,0.979798,0.868132,0
3925,development,Simple,native_pdf,pond_a,0.864943,0.90426,0.748807,0.794758,0.768421,0.809353,0.8725,0.772487,1
3926,development,Simple,native_pdf,pond_a,0.888058,0.933054,0.74016,0.837362,0.789474,0.865854,0.8725,0.80137,1
3927,development,Simple,scan,pond_a,0.72291,0.524705,0.556071,0.749627,0.552632,0.485714,0.681818,0.687861,0
3928,development,Moderate,scan,pond_b,0.693109,0.80693,0.226691,0.88496,0.552632,0.727723,0.192308,0.902174,0
3929,development,Simple,native_pdf,pond_b,0.907901,0.863441,0.777816,0.902389,0.843284,0.809353,0.891117,0.937931,1
3930,development,Simple,scan,pond_b,0.891731,0.935002,0.847748,0.885373,0.793103,0.867188,0.9375,0.902174,0
3931,development,Moderate,scan,pond_a,0.668107,0.925651,0.797908,0.694501,0.552632,0.865854,0.891117,0.527397,1
3932,development,Simple,native_pdf,pond_b,0.936581,0.923425,0.529691,0.863644,0.887701,0.862069,0.581673,0.897233,0
3933,development,Moderate,native_pdf,pond_a,0.89143,0.709242,0.507593,0.696027,0.793103,0.567568,0.581673,0.527397,0
3934,development,Moderate,scan,pond_a,0.544862,0.64977,0.527025,0.792426,0.338028,0.54386,0.581673,0.772487,0
3935,evaluation,Complex,native_pdf,pond_a,0.610425,0.208801,0.047086,0.721342,0.421053,0.415385,0.0,0.591837,0
3936,evaluation,Simple,native_pdf,pond_a,0.858237,0.722127,0.70361,0.710486,0.768421,0.567568,0.8725,0.590909,0
3937,development,Simple,native_pdf,pond_a,0.729271,0.807449,0.568054,0.867515,0.552632,0.727723,0.681818,0.897233,1
3938,evaluation,Moderate,native_pdf,pond_a,0.866466,0.96216,0.72497,0.576508,0.768421,0.88172,0.8725,0.133333,0
3939,evaluation,Moderate,scan,pond_b,0.745536,0.75987,0.720915,0.872776,0.591398,0.727723,0.8725,0.897233,1
3940,development,Moderate,scan,pond_b,0.836293,0.960131,0.879196,0.817987,0.738397,0.88172,0.979798,0.791444,1
3941,development,Moderate,native_pdf,pond_a,0.938199,0.980729,0.715215,0.821401,0.934783,0.933333,0.8725,0.791444,1
3942,evaluation,Simple,native_pdf,pond_b,0.819279,0.711199,0.910471,0.881979,0.738397,0.567568,0.982759,0.902174,0
3943,development,Complex,scan,pond_a,0.831225,0.64301,0.251623,0.802851,0.738397,0.54386,0.192308,0.772487,0
3944,development,Simple,native_pdf,pond_b,0.908376,0.958416,0.863186,0.820805,0.843284,0.88172,0.951456,0.791444,0
3945,evaluation,Complex,native_pdf,pond_b,0.849381,0.977474,0.76269,0.829081,0.744681,0.923077,0.8725,0.791444,1
3946,evaluation,Complex,scan,pond_b,0.623618,0.811646,0.144444,0.599879,0.421053,0.727723,0.12,0.307692,0
3947,evaluation,Simple,native_pdf,pond_b,0.887458,0.968382,0.860539,0.895045,0.789474,0.88172,0.951456,0.937931,1
3948,development,Simple,scan,pond_a,0.841371,0.692566,0.732155,0.794528,0.738397,0.567568,0.8725,0.772487,0
3949,development,Complex,scan,pond_a,0.693489,0.909201,0.638205,0.703774,0.552632,0.809353,0.778571,0.571429,0
3950,development,Simple,native_pdf,pond_b,0.944924,0.97287,0.850049,0.891275,0.945946,0.88172,0.951456,0.911111,1
3951,development,Complex,native_pdf,pond_b,0.71116,0.531725,0.489591,0.724179,0.552632,0.485714,0.581673,0.591837,0
3952,evaluation,Simple,native_pdf,pond_a,0.888718,0.985108,0.601556,0.892984,0.789474,0.957792,0.753623,0.937931,0
3953,evaluation,Moderate,scan,pond_a,0.637725,0.83323,0.900065,0.675982,0.421053,0.762962,0.982759,0.527397,1
3954,development,Simple,scan,pond_a,0.855099,0.582488,0.722567,0.768565,0.768421,0.485714,0.8725,0.727273,0
3955,development,Simple,native_pdf,pond_b,0.945796,0.998874,0.878044,0.864694,0.945946,1.0,0.979798,0.897233,1
3956,development,Complex,scan,pond_a,0.644509,0.304648,0.355395,0.5656,0.421053,0.415385,0.435484,0.133333,0
3957,development,Simple,native_pdf,pond_a,0.789293,0.844193,0.708879,0.715805,0.672131,0.77027,0.8725,0.591837,0
3958,development,Simple,scan,pond_b,0.715194,0.803358,0.544386,0.830764,0.552632,0.727723,0.681818,0.791444,0
3959,evaluation,Moderate,native_pdf,pond_a,0.834883,0.582082,0.281174,0.771091,0.738397,0.485714,0.192308,0.727273,0
3960,development,Simple,native_pdf,pond_a,0.922756,0.992841,0.800185,0.736915,0.887701,0.989848,0.891117,0.591837,0
3961,evaluation,Moderate,native_pdf,pond_b,0.763794,0.729093,0.142979,0.886044,0.591398,0.666667,0.12,0.902174,0
3962,evaluation,Moderate,native_pdf,pond_a,0.654002,0.90903,0.551247,0.718205,0.5,0.809353,0.681818,0.591837,0
3963,development,Moderate,scan,pond_a,0.797888,0.945207,0.799413,0.785523,0.672727,0.867188,0.891117,0.772487,1
3964,evaluation,Complex,scan,pond_a,0.725965,0.967819,0.636268,0.687648,0.552632,0.88172,0.778571,0.527397,0
3965,evaluation,Complex,scan,pond_b,0.668751,0.964798,0.69312,0.846323,0.552632,0.88172,0.8725,0.868132,1
3966,evaluation,Simple,native_pdf,pond_a,0.941385,0.982629,0.715635,0.788042,0.934783,0.957792,0.8725,0.772487,1
3967,development,Moderate,native_pdf,pond_a,0.947934,0.989226,0.876696,0.704932,0.945946,0.957792,0.979798,0.571429,0
3968,development,Simple,native_pdf,pond_a,0.980261,0.997071,0.920193,0.672567,0.977778,0.989848,1.0,0.527397,1
3969,development,Simple,scan,pond_a,0.949167,0.998926,0.941269,0.733306,0.945946,1.0,1.0,0.591837,1
3970,evaluation,Complex,native_pdf,pond_b,0.780278,0.728299,0.701341,0.804676,0.672131,0.666667,0.8725,0.772487,0
3971,evaluation,Moderate,scan,pond_a,0.824555,0.784571,0.495378,0.714904,0.738397,0.727723,0.581673,0.591837,1
3972,development,Simple,native_pdf,pond_a,0.953414,0.992484,0.792254,0.799893,0.966942,0.989848,0.891117,0.772487,1
3973,development,Moderate,native_pdf,pond_a,0.846872,0.752249,0.786363,0.649454,0.744681,0.727723,0.891117,0.388889,0
3974,development,Simple,native_pdf,pond_b,0.863839,0.825236,0.694438,0.816419,0.768421,0.727723,0.8725,0.772487,0
3975,evaluation,Complex,native_pdf,pond_a,0.393471,0.061427,0.067027,0.680234,0.2,0.0,0.0,0.527397,0
3976,development,Moderate,scan,pond_b,0.443646,0.92745,0.701591,0.830838,0.235294,0.865854,0.8725,0.791444,1
3977,evaluation,Moderate,scan,pond_b,0.795418,0.931172,0.627905,0.862166,0.672727,0.865854,0.778571,0.897233,0
3978,evaluation,Simple,native_pdf,pond_a,0.810467,0.982167,0.530272,0.83458,0.738397,0.957792,0.581673,0.80137,1
3979,development,Complex,scan,pond_a,0.677347,0.566617,0.26186,0.707195,0.552632,0.485714,0.192308,0.571429,0
3980,development,Simple,native_pdf,pond_b,0.925172,0.934693,0.907482,0.895769,0.887701,0.865854,0.982759,0.937931,1
3981,development,Complex,native_pdf,pond_a,0.786979,0.374794,0.146378,0.569327,0.672131,0.415385,0.12,0.133333,0
3982,evaluation,Complex,native_pdf,pond_a,0.769505,0.394397,0.248031,0.573083,0.591398,0.415385,0.192308,0.133333,0
3983,development,Simple,native_pdf,pond_b,0.970151,0.940957,0.911539,0.822722,0.966942,0.867188,1.0,0.791444,0
3984,development,Moderate,native_pdf,pond_b,0.943051,0.866762,0.76001,0.87695,0.934783,0.809353,0.8725,0.897233,1
3985,development,Simple,native_pdf,pond_b,0.904477,0.884159,0.674107,0.857846,0.843284,0.809353,0.863158,0.894737,1
3986,development,Moderate,scan,pond_b,0.689122,0.86402,0.54263,0.806018,0.552632,0.809353,0.581673,0.772487,0
3987,development,Moderate,native_pdf,pond_a,0.734765,0.618036,0.351222,0.714942,0.591398,0.521739,0.435484,0.591837,1
3988,development,Moderate,scan,pond_a,0.795764,0.891012,0.299215,0.785558,0.672727,0.809353,0.25,0.772487,0
3989,development,Complex,native_pdf,pond_a,0.806165,0.786833,0.418824,0.712208,0.672727,0.727723,0.527778,0.590909,0
3990,development,Simple,scan,pond_b,0.86916,0.99474,0.476427,0.915092,0.768421,0.989848,0.581673,0.987179,0
3991,evaluation,Simple,scan,pond_a,0.914654,0.938856,0.737801,0.751018,0.857143,0.867188,0.8725,0.687861,1
3992,evaluation,Complex,scan,pond_a,0.822992,0.968333,0.651258,0.762487,0.738397,0.88172,0.778571,0.687861,0
3993,development,Simple,scan,pond_b,0.905944,0.979544,0.905113,0.852108,0.843284,0.933333,0.982759,0.894737,1
3994,development,Complex,scan,pond_a,0.558681,0.29574,0.419165,0.705474,0.338028,0.415385,0.527778,0.571429,0
3995,evaluation,Moderate,native_pdf,pond_b,0.826459,0.874343,0.457622,0.85847,0.738397,0.809353,0.581673,0.894737,0
3996,development,Moderate,scan,pond_b,0.843811,0.91943,0.789246,0.877521,0.744681,0.862069,0.891117,0.897233,0
3997,development,Moderate,scan,pond_a,0.785801,0.67126,0.31992,0.757966,0.672131,0.54386,0.294118,0.687861,0
3998,development,Moderate,native_pdf,pond_a,0.885959,0.748912,0.776592,0.761341,0.789474,0.727723,0.891117,0.687861,0
3999,development,Simple,native_pdf,pond_a,0.960039,0.983624,0.929476,0.763593,0.966942,0.957792,1.0,0.687861,1
4000,development,Simple,native_pdf,pond_a,0.88424,0.995089,0.739742,0.804325,0.789474,0.989848,0.8725,0.772487,1
