slug,album,category,country,year,label,assigned,rule_a,rule_b,score
a-pair-of-doves,"Nairobi National Park, October 2025",Wildlife,Kenya,2025,Acacias,0,1,1,1.000
a-pair-of-doves,"Nairobi National Park, October 2025",Wildlife,Kenya,2025,Aircraft,0,0,0,0.000
a-pair-of-doves,"Nairobi National Park, October 2025",Wildlife,Kenya,2025,Antelope,0,0,0,0.000
a-pair-of-doves,"Nairobi National Park, October 2025",Wildlife,Kenya,2025,Autumn,0,0,0,0.000
a-pair-of-doves,"Nairobi National Park, October 2025",Wildlife,Kenya,2025,Bees,0,0,0,0.000
a-pair-of-doves,"Nairobi National Park, October 2025",Wildlife,Kenya,2025,Big Five,0,0,0,0.000
a-pair-of-doves,"Nairobi National Park, October 2025",Wildlife,Kenya,2025,Birds,1,0,0,0.000
a-pair-of-doves,"Nairobi National Park, October 2025",Wildlife,Kenya,2025,Birds in Flight,0,0,0,0.000
a-pair-of-doves,"Nairobi National Park, October 2025",Wildlife,Kenya,2025,Birds of Prey,0,0,0,0.000
a-pair-of-doves,"Nairobi National Park, October 2025",Wildlife,Kenya,2025,Boats and Ships,0,0,0,0.000
a-pair-of-doves,"Nairobi National Park, October 2025",Wildlife,Kenya,2025,Coast and Sea,0,0,0,0.000
a-pair-of-doves,"Nairobi National Park, October 2025",Wildlife,Kenya,2025,Drought,0,0,0,0.000
a-pair-of-doves,"Nairobi National Park, October 2025",Wildlife,Kenya,2025,Elephants,0,0,0,0.000
a-pair-of-doves,"Nairobi National Park, October 2025",Wildlife,Kenya,2025,Feeding,0,0,0,0.000
a-pair-of-doves,"Nairobi National Park, October 2025",Wildlife,Kenya,2025,Flowers,0,0,0,0.000
a-pair-of-doves,"Nairobi National Park, October 2025",Wildlife,Kenya,2025,Fungi,0,0,0,0.000
a-pair-of-doves,"Nairobi National Park, October 2025",Wildlife,Kenya,2025,Gulls,0,0,0,0.000
a-pair-of-doves,"Nairobi National Park, October 2025",Wildlife,Kenya,2025,Insects,0,0,0,0.000
a-pair-of-doves,"Nairobi National Park, October 2025",Wildlife,Kenya,2025,Martello Towers,0,0,0,0.000
a-pair-of-doves,"Nairobi National Park, October 2025",Wildlife,Kenya,2025,Mountains,0,0,0,0.000
a-pair-of-doves,"Nairobi National Park, October 2025",Wildlife,Kenya,2025,Reflections,0,0,0,0.000
a-pair-of-doves,"Nairobi National Park, October 2025",Wildlife,Kenya,2025,Seabirds,0,0,0,0.000
a-pair-of-doves,"Nairobi National Park, October 2025",Wildlife,Kenya,2025,Silhouettes,0,0,0,0.000
a-pair-of-doves,"Nairobi National Park, October 2025",Wildlife,Kenya,2025,Skies and Cloud,0,0,0,0.000
a-pair-of-doves,"Nairobi National Park, October 2025",Wildlife,Kenya,2025,Skylines,0,0,0,0.000
a-pair-of-doves,"Nairobi National Park, October 2025",Wildlife,Kenya,2025,Spring,0,0,0,0.000
a-pair-of-doves,"Nairobi National Park, October 2025",Wildlife,Kenya,2025,Sunrise and Sunset,0,0,0,0.000
a-pair-of-doves,"Nairobi National Park, October 2025",Wildlife,Kenya,2025,Trees,0,0,0,0.000
a-pair-of-doves,"Nairobi National Park, October 2025",Wildlife,Kenya,2025,Waterbirds,0,0,0,0.000
a-pair-of-doves,"Nairobi National Park, October 2025",Wildlife,Kenya,2025,Waterfronts and Harbours,0,0,0,0.000
a-pair-of-doves,"Nairobi National Park, October 2025",Wildlife,Kenya,2025,Wild Cats,0,0,0,0.000
a-pair-of-doves,"Nairobi National Park, October 2025",Wildlife,Kenya,2025,Winter,0,0,0,0.000
a-pair-of-doves,"Nairobi National Park, October 2025",Wildlife,Kenya,2025,Woodland,0,0,0,0.000
a-pair-of-doves,"Nairobi National Park, October 2025",Wildlife,Kenya,2025,Young Animals,0,0,0,0.000
a-single-mushroom,"Massy's Wood, October 2024",Nature,Ireland,2024,Acacias,0,0,0,0.000
a-single-mushroom,"Massy's Wood, October 2024",Nature,Ireland,2024,Aircraft,0,0,0,0.000
a-single-mushroom,"Massy's Wood, October 2024",Nature,Ireland,2024,Antelope,0,0,0,0.000
a-single-mushroom,"Massy's Wood, October 2024",Nature,Ireland,2024,Autumn,0,0,0,0.000
a-single-mushroom,"Massy's Wood, October 2024",Nature,Ireland,2024,Bees,0,0,0,0.000
a-single-mushroom,"Massy's Wood, October 2024",Nature,Ireland,2024,Big Five,0,0,0,0.000
a-single-mushroom,"Massy's Wood, October 2024",Nature,Ireland,2024,Birds,0,0,0,0.000
a-single-mushroom,"Massy's Wood, October 2024",Nature,Ireland,2024,Birds in Flight,0,0,0,0.000
a-single-mushroom,"Massy's Wood, October 2024",Nature,Ireland,2024,Birds of Prey,0,0,0,0.000
a-single-mushroom,"Massy's Wood, October 2024",Nature,Ireland,2024,Boats and Ships,0,0,0,0.000
a-single-mushroom,"Massy's Wood, October 2024",Nature,Ireland,2024,Coast and Sea,0,0,0,0.000
a-single-mushroom,"Massy's Wood, October 2024",Nature,Ireland,2024,Drought,0,0,0,0.000
a-single-mushroom,"Massy's Wood, October 2024",Nature,Ireland,2024,Elephants,0,0,0,0.000
a-single-mushroom,"Massy's Wood, October 2024",Nature,Ireland,2024,Feeding,0,0,0,0.000
a-single-mushroom,"Massy's Wood, October 2024",Nature,Ireland,2024,Flowers,0,0,0,0.000
a-single-mushroom,"Massy's Wood, October 2024",Nature,Ireland,2024,Fungi,1,0,0,0.000
a-single-mushroom,"Massy's Wood, October 2024",Nature,Ireland,2024,Gulls,0,0,0,0.000
a-single-mushroom,"Massy's Wood, October 2024",Nature,Ireland,2024,Insects,0,0,0,0.000
a-single-mushroom,"Massy's Wood, October 2024",Nature,Ireland,2024,Martello Towers,0,0,0,0.000
a-single-mushroom,"Massy's Wood, October 2024",Nature,Ireland,2024,Mountains,0,0,0,0.000
a-single-mushroom,"Massy's Wood, October 2024",Nature,Ireland,2024,Reflections,0,0,0,0.000
a-single-mushroom,"Massy's Wood, October 2024",Nature,Ireland,2024,Seabirds,0,0,0,0.000
a-single-mushroom,"Massy's Wood, October 2024",Nature,Ireland,2024,Silhouettes,0,0,0,0.000
a-single-mushroom,"Massy's Wood, October 2024",Nature,Ireland,2024,Skies and Cloud,0,0,0,0.000
a-single-mushroom,"Massy's Wood, October 2024",Nature,Ireland,2024,Skylines,0,0,0,0.000
a-single-mushroom,"Massy's Wood, October 2024",Nature,Ireland,2024,Spring,0,0,0,0.000
a-single-mushroom,"Massy's Wood, October 2024",Nature,Ireland,2024,Sunrise and Sunset,0,0,0,0.000
a-single-mushroom,"Massy's Wood, October 2024",Nature,Ireland,2024,Trees,0,0,0,0.000
a-single-mushroom,"Massy's Wood, October 2024",Nature,Ireland,2024,Waterbirds,0,0,0,0.000
a-single-mushroom,"Massy's Wood, October 2024",Nature,Ireland,2024,Waterfronts and Harbours,0,0,0,0.000
a-single-mushroom,"Massy's Wood, October 2024",Nature,Ireland,2024,Wild Cats,0,0,0,0.000
a-single-mushroom,"Massy's Wood, October 2024",Nature,Ireland,2024,Winter,0,0,0,0.000
a-single-mushroom,"Massy's Wood, October 2024",Nature,Ireland,2024,Woodland,1,0,0,0.000
a-single-mushroom,"Massy's Wood, October 2024",Nature,Ireland,2024,Young Animals,0,0,0,0.000
above-the-clouds,"Tenerife, January 2026",Landscape,Spain,2026,Acacias,0,0,0,0.000
above-the-clouds,"Tenerife, January 2026",Landscape,Spain,2026,Aircraft,0,0,0,0.000
above-the-clouds,"Tenerife, January 2026",Landscape,Spain,2026,Antelope,0,0,0,0.000
above-the-clouds,"Tenerife, January 2026",Landscape,Spain,2026,Autumn,0,0,0,0.000
above-the-clouds,"Tenerife, January 2026",Landscape,Spain,2026,Bees,0,0,0,0.000
above-the-clouds,"Tenerife, January 2026",Landscape,Spain,2026,Big Five,0,0,0,0.000
above-the-clouds,"Tenerife, January 2026",Landscape,Spain,2026,Birds,0,0,0,0.000
above-the-clouds,"Tenerife, January 2026",Landscape,Spain,2026,Birds in Flight,0,0,0,0.000
above-the-clouds,"Tenerife, January 2026",Landscape,Spain,2026,Birds of Prey,0,0,0,0.000
above-the-clouds,"Tenerife, January 2026",Landscape,Spain,2026,Boats and Ships,0,0,0,0.000
above-the-clouds,"Tenerife, January 2026",Landscape,Spain,2026,Coast and Sea,0,0,0,0.000
above-the-clouds,"Tenerife, January 2026",Landscape,Spain,2026,Drought,0,0,0,0.000
above-the-clouds,"Tenerife, January 2026",Landscape,Spain,2026,Elephants,0,0,0,0.000
above-the-clouds,"Tenerife, January 2026",Landscape,Spain,2026,Feeding,0,0,0,0.000
above-the-clouds,"Tenerife, January 2026",Landscape,Spain,2026,Flowers,0,0,0,0.000
above-the-clouds,"Tenerife, January 2026",Landscape,Spain,2026,Fungi,0,0,0,0.000
above-the-clouds,"Tenerife, January 2026",Landscape,Spain,2026,Gulls,0,0,0,0.000
above-the-clouds,"Tenerife, January 2026",Landscape,Spain,2026,Insects,0,0,0,0.000
above-the-clouds,"Tenerife, January 2026",Landscape,Spain,2026,Martello Towers,0,0,0,0.000
above-the-clouds,"Tenerife, January 2026",Landscape,Spain,2026,Mountains,1,0,0,0.000
above-the-clouds,"Tenerife, January 2026",Landscape,Spain,2026,Reflections,0,0,0,0.000
above-the-clouds,"Tenerife, January 2026",Landscape,Spain,2026,Seabirds,0,0,0,0.000
above-the-clouds,"Tenerife, January 2026",Landscape,Spain,2026,Silhouettes,0,0,0,0.000
above-the-clouds,"Tenerife, January 2026",Landscape,Spain,2026,Skies and Cloud,1,0,1,0.500
above-the-clouds,"Tenerife, January 2026",Landscape,Spain,2026,Skylines,0,0,0,0.000
above-the-clouds,"Tenerife, January 2026",Landscape,Spain,2026,Spring,0,0,0,0.000
above-the-clouds,"Tenerife, January 2026",Landscape,Spain,2026,Sunrise and Sunset,0,0,0,0.000
above-the-clouds,"Tenerife, January 2026",Landscape,Spain,2026,Trees,0,0,0,0.000
above-the-clouds,"Tenerife, January 2026",Landscape,Spain,2026,Waterbirds,0,0,0,0.000
above-the-clouds,"Tenerife, January 2026",Landscape,Spain,2026,Waterfronts and Harbours,0,0,0,0.000
above-the-clouds,"Tenerife, January 2026",Landscape,Spain,2026,Wild Cats,0,0,0,0.000
above-the-clouds,"Tenerife, January 2026",Landscape,Spain,2026,Winter,0,0,0,0.000
above-the-clouds,"Tenerife, January 2026",Landscape,Spain,2026,Woodland,0,0,0,0.000
above-the-clouds,"Tenerife, January 2026",Landscape,Spain,2026,Young Animals,0,0,0,0.000
acacia-in-the-dawn-haze,"Amboseli, October 2025",Landscape,Kenya,2025,Acacias,1,1,1,1.000
acacia-in-the-dawn-haze,"Amboseli, October 2025",Landscape,Kenya,2025,Aircraft,0,0,0,0.000
acacia-in-the-dawn-haze,"Amboseli, October 2025",Landscape,Kenya,2025,Antelope,0,0,0,0.000
acacia-in-the-dawn-haze,"Amboseli, October 2025",Landscape,Kenya,2025,Autumn,0,0,0,0.000
acacia-in-the-dawn-haze,"Amboseli, October 2025",Landscape,Kenya,2025,Bees,0,1,1,1.000
acacia-in-the-dawn-haze,"Amboseli, October 2025",Landscape,Kenya,2025,Big Five,0,0,0,0.000
acacia-in-the-dawn-haze,"Amboseli, October 2025",Landscape,Kenya,2025,Birds,0,0,0,0.000
acacia-in-the-dawn-haze,"Amboseli, October 2025",Landscape,Kenya,2025,Birds in Flight,0,0,0,0.000
acacia-in-the-dawn-haze,"Amboseli, October 2025",Landscape,Kenya,2025,Birds of Prey,0,0,0,0.000
acacia-in-the-dawn-haze,"Amboseli, October 2025",Landscape,Kenya,2025,Boats and Ships,0,0,0,0.000
acacia-in-the-dawn-haze,"Amboseli, October 2025",Landscape,Kenya,2025,Coast and Sea,0,0,0,0.000
acacia-in-the-dawn-haze,"Amboseli, October 2025",Landscape,Kenya,2025,Drought,0,0,0,0.000
acacia-in-the-dawn-haze,"Amboseli, October 2025",Landscape,Kenya,2025,Elephants,0,0,0,0.000
acacia-in-the-dawn-haze,"Amboseli, October 2025",Landscape,Kenya,2025,Feeding,0,0,0,0.000
acacia-in-the-dawn-haze,"Amboseli, October 2025",Landscape,Kenya,2025,Flowers,0,0,0,0.000
acacia-in-the-dawn-haze,"Amboseli, October 2025",Landscape,Kenya,2025,Fungi,0,0,0,0.000
acacia-in-the-dawn-haze,"Amboseli, October 2025",Landscape,Kenya,2025,Gulls,0,0,0,0.000
acacia-in-the-dawn-haze,"Amboseli, October 2025",Landscape,Kenya,2025,Insects,0,0,0,0.000
acacia-in-the-dawn-haze,"Amboseli, October 2025",Landscape,Kenya,2025,Martello Towers,0,0,0,0.000
acacia-in-the-dawn-haze,"Amboseli, October 2025",Landscape,Kenya,2025,Mountains,0,0,0,0.000
acacia-in-the-dawn-haze,"Amboseli, October 2025",Landscape,Kenya,2025,Reflections,0,0,0,0.000
acacia-in-the-dawn-haze,"Amboseli, October 2025",Landscape,Kenya,2025,Seabirds,0,0,0,0.000
acacia-in-the-dawn-haze,"Amboseli, October 2025",Landscape,Kenya,2025,Silhouettes,1,1,1,1.000
acacia-in-the-dawn-haze,"Amboseli, October 2025",Landscape,Kenya,2025,Skies and Cloud,1,0,0,0.000
acacia-in-the-dawn-haze,"Amboseli, October 2025",Landscape,Kenya,2025,Skylines,0,0,0,0.000
acacia-in-the-dawn-haze,"Amboseli, October 2025",Landscape,Kenya,2025,Spring,0,0,0,0.000
acacia-in-the-dawn-haze,"Amboseli, October 2025",Landscape,Kenya,2025,Sunrise and Sunset,1,0,0,0.000
acacia-in-the-dawn-haze,"Amboseli, October 2025",Landscape,Kenya,2025,Trees,1,0,0,0.000
acacia-in-the-dawn-haze,"Amboseli, October 2025",Landscape,Kenya,2025,Waterbirds,0,0,0,0.000
acacia-in-the-dawn-haze,"Amboseli, October 2025",Landscape,Kenya,2025,Waterfronts and Harbours,0,0,0,0.000
acacia-in-the-dawn-haze,"Amboseli, October 2025",Landscape,Kenya,2025,Wild Cats,0,0,1,0.500
acacia-in-the-dawn-haze,"Amboseli, October 2025",Landscape,Kenya,2025,Winter,0,0,0,0.000
acacia-in-the-dawn-haze,"Amboseli, October 2025",Landscape,Kenya,2025,Woodland,0,0,0,0.000
acacia-in-the-dawn-haze,"Amboseli, October 2025",Landscape,Kenya,2025,Young Animals,0,0,0,0.000
acacias-at-dawn,"Maasai Mara, October 2025",Landscape,Kenya,2025,Acacias,1,1,1,1.000
acacias-at-dawn,"Maasai Mara, October 2025",Landscape,Kenya,2025,Aircraft,0,0,0,0.000
acacias-at-dawn,"Maasai Mara, October 2025",Landscape,Kenya,2025,Antelope,0,0,0,0.000
acacias-at-dawn,"Maasai Mara, October 2025",Landscape,Kenya,2025,Autumn,0,0,0,0.000
acacias-at-dawn,"Maasai Mara, October 2025",Landscape,Kenya,2025,Bees,0,0,0,0.000
acacias-at-dawn,"Maasai Mara, October 2025",Landscape,Kenya,2025,Big Five,0,0,0,0.000
acacias-at-dawn,"Maasai Mara, October 2025",Landscape,Kenya,2025,Birds,0,0,0,0.000
acacias-at-dawn,"Maasai Mara, October 2025",Landscape,Kenya,2025,Birds in Flight,0,0,0,0.000
acacias-at-dawn,"Maasai Mara, October 2025",Landscape,Kenya,2025,Birds of Prey,0,0,0,0.000
acacias-at-dawn,"Maasai Mara, October 2025",Landscape,Kenya,2025,Boats and Ships,0,0,0,0.000
acacias-at-dawn,"Maasai Mara, October 2025",Landscape,Kenya,2025,Coast and Sea,0,0,0,0.000
acacias-at-dawn,"Maasai Mara, October 2025",Landscape,Kenya,2025,Drought,0,0,0,0.000
acacias-at-dawn,"Maasai Mara, October 2025",Landscape,Kenya,2025,Elephants,0,0,0,0.000
acacias-at-dawn,"Maasai Mara, October 2025",Landscape,Kenya,2025,Feeding,0,0,0,0.000
acacias-at-dawn,"Maasai Mara, October 2025",Landscape,Kenya,2025,Flowers,0,0,0,0.000
acacias-at-dawn,"Maasai Mara, October 2025",Landscape,Kenya,2025,Fungi,0,0,0,0.000
acacias-at-dawn,"Maasai Mara, October 2025",Landscape,Kenya,2025,Gulls,0,0,0,0.000
acacias-at-dawn,"Maasai Mara, October 2025",Landscape,Kenya,2025,Insects,0,0,0,0.000
acacias-at-dawn,"Maasai Mara, October 2025",Landscape,Kenya,2025,Martello Towers,0,0,0,0.000
acacias-at-dawn,"Maasai Mara, October 2025",Landscape,Kenya,2025,Mountains,0,0,0,0.000
acacias-at-dawn,"Maasai Mara, October 2025",Landscape,Kenya,2025,Reflections,0,0,0,0.000
acacias-at-dawn,"Maasai Mara, October 2025",Landscape,Kenya,2025,Seabirds,0,0,0,0.000
acacias-at-dawn,"Maasai Mara, October 2025",Landscape,Kenya,2025,Silhouettes,1,1,1,1.000
acacias-at-dawn,"Maasai Mara, October 2025",Landscape,Kenya,2025,Skies and Cloud,1,0,0,0.000
acacias-at-dawn,"Maasai Mara, October 2025",Landscape,Kenya,2025,Skylines,0,0,0,0.000
acacias-at-dawn,"Maasai Mara, October 2025",Landscape,Kenya,2025,Spring,0,0,0,0.000
acacias-at-dawn,"Maasai Mara, October 2025",Landscape,Kenya,2025,Sunrise and Sunset,1,0,0,0.000
acacias-at-dawn,"Maasai Mara, October 2025",Landscape,Kenya,2025,Trees,1,1,1,1.000
acacias-at-dawn,"Maasai Mara, October 2025",Landscape,Kenya,2025,Waterbirds,0,0,0,0.000
acacias-at-dawn,"Maasai Mara, October 2025",Landscape,Kenya,2025,Waterfronts and Harbours,0,0,0,0.000
acacias-at-dawn,"Maasai Mara, October 2025",Landscape,Kenya,2025,Wild Cats,0,0,0,0.000
acacias-at-dawn,"Maasai Mara, October 2025",Landscape,Kenya,2025,Winter,0,0,0,0.000
acacias-at-dawn,"Maasai Mara, October 2025",Landscape,Kenya,2025,Woodland,0,0,0,0.000
acacias-at-dawn,"Maasai Mara, October 2025",Landscape,Kenya,2025,Young Animals,0,0,0,0.000
acacias-under-a-storm-sky,"Enkewa, October 2025",Landscape,Kenya,2025,Acacias,1,1,1,1.000
acacias-under-a-storm-sky,"Enkewa, October 2025",Landscape,Kenya,2025,Aircraft,0,0,0,0.000
acacias-under-a-storm-sky,"Enkewa, October 2025",Landscape,Kenya,2025,Antelope,0,0,0,0.000
acacias-under-a-storm-sky,"Enkewa, October 2025",Landscape,Kenya,2025,Autumn,0,0,0,0.000
acacias-under-a-storm-sky,"Enkewa, October 2025",Landscape,Kenya,2025,Bees,0,0,0,0.000
acacias-under-a-storm-sky,"Enkewa, October 2025",Landscape,Kenya,2025,Big Five,0,0,0,0.000
acacias-under-a-storm-sky,"Enkewa, October 2025",Landscape,Kenya,2025,Birds,0,0,0,0.000
acacias-under-a-storm-sky,"Enkewa, October 2025",Landscape,Kenya,2025,Birds in Flight,0,0,0,0.000
acacias-under-a-storm-sky,"Enkewa, October 2025",Landscape,Kenya,2025,Birds of Prey,0,0,0,0.000
acacias-under-a-storm-sky,"Enkewa, October 2025",Landscape,Kenya,2025,Boats and Ships,0,0,0,0.000
acacias-under-a-storm-sky,"Enkewa, October 2025",Landscape,Kenya,2025,Coast and Sea,0,0,0,0.000
acacias-under-a-storm-sky,"Enkewa, October 2025",Landscape,Kenya,2025,Drought,0,0,0,0.000
acacias-under-a-storm-sky,"Enkewa, October 2025",Landscape,Kenya,2025,Elephants,0,0,0,0.000
acacias-under-a-storm-sky,"Enkewa, October 2025",Landscape,Kenya,2025,Feeding,0,0,0,0.000
acacias-under-a-storm-sky,"Enkewa, October 2025",Landscape,Kenya,2025,Flowers,0,0,0,0.000
acacias-under-a-storm-sky,"Enkewa, October 2025",Landscape,Kenya,2025,Fungi,0,0,0,0.000
acacias-under-a-storm-sky,"Enkewa, October 2025",Landscape,Kenya,2025,Gulls,0,0,0,0.000
acacias-under-a-storm-sky,"Enkewa, October 2025",Landscape,Kenya,2025,Insects,0,0,0,0.000
acacias-under-a-storm-sky,"Enkewa, October 2025",Landscape,Kenya,2025,Martello Towers,0,0,0,0.000
acacias-under-a-storm-sky,"Enkewa, October 2025",Landscape,Kenya,2025,Mountains,0,0,0,0.000
acacias-under-a-storm-sky,"Enkewa, October 2025",Landscape,Kenya,2025,Reflections,0,0,0,0.000
acacias-under-a-storm-sky,"Enkewa, October 2025",Landscape,Kenya,2025,Seabirds,0,0,0,0.000
acacias-under-a-storm-sky,"Enkewa, October 2025",Landscape,Kenya,2025,Silhouettes,0,0,0,0.000
acacias-under-a-storm-sky,"Enkewa, October 2025",Landscape,Kenya,2025,Skies and Cloud,1,0,0,0.000
acacias-under-a-storm-sky,"Enkewa, October 2025",Landscape,Kenya,2025,Skylines,0,0,0,0.000
acacias-under-a-storm-sky,"Enkewa, October 2025",Landscape,Kenya,2025,Spring,0,0,0,0.000
acacias-under-a-storm-sky,"Enkewa, October 2025",Landscape,Kenya,2025,Sunrise and Sunset,0,0,0,0.000
acacias-under-a-storm-sky,"Enkewa, October 2025",Landscape,Kenya,2025,Trees,1,0,0,0.000
acacias-under-a-storm-sky,"Enkewa, October 2025",Landscape,Kenya,2025,Waterbirds,0,0,0,0.000
acacias-under-a-storm-sky,"Enkewa, October 2025",Landscape,Kenya,2025,Waterfronts and Harbours,0,0,0,0.000
acacias-under-a-storm-sky,"Enkewa, October 2025",Landscape,Kenya,2025,Wild Cats,0,0,0,0.000
acacias-under-a-storm-sky,"Enkewa, October 2025",Landscape,Kenya,2025,Winter,0,0,0,0.000
acacias-under-a-storm-sky,"Enkewa, October 2025",Landscape,Kenya,2025,Woodland,0,0,0,0.000
acacias-under-a-storm-sky,"Enkewa, October 2025",Landscape,Kenya,2025,Young Animals,0,0,0,0.000
across-the-sound,"Dalkey Island, June 2026",Landscape,Ireland,2026,Acacias,0,0,0,0.000
across-the-sound,"Dalkey Island, June 2026",Landscape,Ireland,2026,Aircraft,0,0,0,0.000
across-the-sound,"Dalkey Island, June 2026",Landscape,Ireland,2026,Antelope,0,0,0,0.000
across-the-sound,"Dalkey Island, June 2026",Landscape,Ireland,2026,Autumn,0,0,0,0.000
across-the-sound,"Dalkey Island, June 2026",Landscape,Ireland,2026,Bees,0,0,0,0.000
across-the-sound,"Dalkey Island, June 2026",Landscape,Ireland,2026,Big Five,0,0,0,0.000
across-the-sound,"Dalkey Island, June 2026",Landscape,Ireland,2026,Birds,0,0,0,0.000
across-the-sound,"Dalkey Island, June 2026",Landscape,Ireland,2026,Birds in Flight,0,0,0,0.000
across-the-sound,"Dalkey Island, June 2026",Landscape,Ireland,2026,Birds of Prey,0,0,0,0.000
across-the-sound,"Dalkey Island, June 2026",Landscape,Ireland,2026,Boats and Ships,0,0,0,0.000
across-the-sound,"Dalkey Island, June 2026",Landscape,Ireland,2026,Coast and Sea,1,0,0,0.000
across-the-sound,"Dalkey Island, June 2026",Landscape,Ireland,2026,Drought,0,0,0,0.000
across-the-sound,"Dalkey Island, June 2026",Landscape,Ireland,2026,Elephants,0,0,0,0.000
across-the-sound,"Dalkey Island, June 2026",Landscape,Ireland,2026,Feeding,0,0,0,0.000
across-the-sound,"Dalkey Island, June 2026",Landscape,Ireland,2026,Flowers,0,0,0,0.000
across-the-sound,"Dalkey Island, June 2026",Landscape,Ireland,2026,Fungi,0,0,0,0.000
across-the-sound,"Dalkey Island, June 2026",Landscape,Ireland,2026,Gulls,0,0,0,0.000
across-the-sound,"Dalkey Island, June 2026",Landscape,Ireland,2026,Insects,0,0,0,0.000
across-the-sound,"Dalkey Island, June 2026",Landscape,Ireland,2026,Martello Towers,0,0,0,0.000
across-the-sound,"Dalkey Island, June 2026",Landscape,Ireland,2026,Mountains,0,0,0,0.000
across-the-sound,"Dalkey Island, June 2026",Landscape,Ireland,2026,Reflections,0,0,0,0.000
across-the-sound,"Dalkey Island, June 2026",Landscape,Ireland,2026,Seabirds,0,0,0,0.000
across-the-sound,"Dalkey Island, June 2026",Landscape,Ireland,2026,Silhouettes,0,0,0,0.000
across-the-sound,"Dalkey Island, June 2026",Landscape,Ireland,2026,Skies and Cloud,0,0,0,0.000
across-the-sound,"Dalkey Island, June 2026",Landscape,Ireland,2026,Skylines,0,0,0,0.000
across-the-sound,"Dalkey Island, June 2026",Landscape,Ireland,2026,Spring,0,0,0,0.000
across-the-sound,"Dalkey Island, June 2026",Landscape,Ireland,2026,Sunrise and Sunset,0,0,0,0.000
across-the-sound,"Dalkey Island, June 2026",Landscape,Ireland,2026,Trees,0,0,0,0.000
across-the-sound,"Dalkey Island, June 2026",Landscape,Ireland,2026,Waterbirds,0,0,0,0.000
across-the-sound,"Dalkey Island, June 2026",Landscape,Ireland,2026,Waterfronts and Harbours,0,0,0,0.000
across-the-sound,"Dalkey Island, June 2026",Landscape,Ireland,2026,Wild Cats,0,0,0,0.000
across-the-sound,"Dalkey Island, June 2026",Landscape,Ireland,2026,Winter,0,0,0,0.000
across-the-sound,"Dalkey Island, June 2026",Landscape,Ireland,2026,Woodland,0,0,0,0.000
across-the-sound,"Dalkey Island, June 2026",Landscape,Ireland,2026,Young Animals,0,0,0,0.000
african-fish-eagle,"Lake Naivasha, October 2025",Wildlife,Kenya,2025,Acacias,0,0,0,0.000
african-fish-eagle,"Lake Naivasha, October 2025",Wildlife,Kenya,2025,Aircraft,0,0,0,0.000
african-fish-eagle,"Lake Naivasha, October 2025",Wildlife,Kenya,2025,Antelope,0,0,0,0.000
african-fish-eagle,"Lake Naivasha, October 2025",Wildlife,Kenya,2025,Autumn,0,0,0,0.000
african-fish-eagle,"Lake Naivasha, October 2025",Wildlife,Kenya,2025,Bees,0,0,0,0.000
african-fish-eagle,"Lake Naivasha, October 2025",Wildlife,Kenya,2025,Big Five,0,0,0,0.000
african-fish-eagle,"Lake Naivasha, October 2025",Wildlife,Kenya,2025,Birds,1,0,0,0.000
african-fish-eagle,"Lake Naivasha, October 2025",Wildlife,Kenya,2025,Birds in Flight,1,0,1,0.500
african-fish-eagle,"Lake Naivasha, October 2025",Wildlife,Kenya,2025,Birds of Prey,1,0,0,0.000
african-fish-eagle,"Lake Naivasha, October 2025",Wildlife,Kenya,2025,Boats and Ships,0,0,0,0.000
african-fish-eagle,"Lake Naivasha, October 2025",Wildlife,Kenya,2025,Coast and Sea,0,0,0,0.000
african-fish-eagle,"Lake Naivasha, October 2025",Wildlife,Kenya,2025,Drought,0,0,0,0.000
african-fish-eagle,"Lake Naivasha, October 2025",Wildlife,Kenya,2025,Elephants,0,0,0,0.000
african-fish-eagle,"Lake Naivasha, October 2025",Wildlife,Kenya,2025,Feeding,0,0,0,0.000
african-fish-eagle,"Lake Naivasha, October 2025",Wildlife,Kenya,2025,Flowers,0,0,0,0.000
african-fish-eagle,"Lake Naivasha, October 2025",Wildlife,Kenya,2025,Fungi,0,0,0,0.000
african-fish-eagle,"Lake Naivasha, October 2025",Wildlife,Kenya,2025,Gulls,0,0,0,0.000
african-fish-eagle,"Lake Naivasha, October 2025",Wildlife,Kenya,2025,Insects,0,0,0,0.000
african-fish-eagle,"Lake Naivasha, October 2025",Wildlife,Kenya,2025,Martello Towers,0,0,0,0.000
african-fish-eagle,"Lake Naivasha, October 2025",Wildlife,Kenya,2025,Mountains,0,0,0,0.000
african-fish-eagle,"Lake Naivasha, October 2025",Wildlife,Kenya,2025,Reflections,0,0,0,0.000
african-fish-eagle,"Lake Naivasha, October 2025",Wildlife,Kenya,2025,Seabirds,0,0,0,0.000
african-fish-eagle,"Lake Naivasha, October 2025",Wildlife,Kenya,2025,Silhouettes,0,0,0,0.000
african-fish-eagle,"Lake Naivasha, October 2025",Wildlife,Kenya,2025,Skies and Cloud,0,0,0,0.000
african-fish-eagle,"Lake Naivasha, October 2025",Wildlife,Kenya,2025,Skylines,0,0,0,0.000
african-fish-eagle,"Lake Naivasha, October 2025",Wildlife,Kenya,2025,Spring,0,0,0,0.000
african-fish-eagle,"Lake Naivasha, October 2025",Wildlife,Kenya,2025,Sunrise and Sunset,0,0,0,0.000
african-fish-eagle,"Lake Naivasha, October 2025",Wildlife,Kenya,2025,Trees,0,0,0,0.000
african-fish-eagle,"Lake Naivasha, October 2025",Wildlife,Kenya,2025,Waterbirds,0,0,0,0.000
african-fish-eagle,"Lake Naivasha, October 2025",Wildlife,Kenya,2025,Waterfronts and Harbours,0,0,0,0.000
african-fish-eagle,"Lake Naivasha, October 2025",Wildlife,Kenya,2025,Wild Cats,0,0,0,0.000
african-fish-eagle,"Lake Naivasha, October 2025",Wildlife,Kenya,2025,Winter,0,0,0,0.000
african-fish-eagle,"Lake Naivasha, October 2025",Wildlife,Kenya,2025,Woodland,0,0,0,0.000
african-fish-eagle,"Lake Naivasha, October 2025",Wildlife,Kenya,2025,Young Animals,0,0,0,0.000
african-jacana,"Amboseli, October 2025",Wildlife,Kenya,2025,Acacias,0,0,0,0.000
african-jacana,"Amboseli, October 2025",Wildlife,Kenya,2025,Aircraft,0,0,0,0.000
african-jacana,"Amboseli, October 2025",Wildlife,Kenya,2025,Antelope,0,0,0,0.000
african-jacana,"Amboseli, October 2025",Wildlife,Kenya,2025,Autumn,0,0,0,0.000
african-jacana,"Amboseli, October 2025",Wildlife,Kenya,2025,Bees,0,0,0,0.000
african-jacana,"Amboseli, October 2025",Wildlife,Kenya,2025,Big Five,0,0,0,0.000
african-jacana,"Amboseli, October 2025",Wildlife,Kenya,2025,Birds,1,0,0,0.000
african-jacana,"Amboseli, October 2025",Wildlife,Kenya,2025,Birds in Flight,0,0,0,0.000
african-jacana,"Amboseli, October 2025",Wildlife,Kenya,2025,Birds of Prey,0,0,0,0.000
african-jacana,"Amboseli, October 2025",Wildlife,Kenya,2025,Boats and Ships,0,0,0,0.000
african-jacana,"Amboseli, October 2025",Wildlife,Kenya,2025,Coast and Sea,0,0,0,0.000
african-jacana,"Amboseli, October 2025",Wildlife,Kenya,2025,Drought,0,0,0,0.000
african-jacana,"Amboseli, October 2025",Wildlife,Kenya,2025,Elephants,0,0,0,0.000
african-jacana,"Amboseli, October 2025",Wildlife,Kenya,2025,Feeding,0,0,0,0.000
african-jacana,"Amboseli, October 2025",Wildlife,Kenya,2025,Flowers,0,0,0,0.000
african-jacana,"Amboseli, October 2025",Wildlife,Kenya,2025,Fungi,0,0,0,0.000
african-jacana,"Amboseli, October 2025",Wildlife,Kenya,2025,Gulls,0,0,0,0.000
african-jacana,"Amboseli, October 2025",Wildlife,Kenya,2025,Insects,0,0,0,0.000
african-jacana,"Amboseli, October 2025",Wildlife,Kenya,2025,Martello Towers,0,0,0,0.000
african-jacana,"Amboseli, October 2025",Wildlife,Kenya,2025,Mountains,0,0,0,0.000
african-jacana,"Amboseli, October 2025",Wildlife,Kenya,2025,Reflections,0,0,0,0.000
african-jacana,"Amboseli, October 2025",Wildlife,Kenya,2025,Seabirds,0,0,0,0.000
african-jacana,"Amboseli, October 2025",Wildlife,Kenya,2025,Silhouettes,0,0,0,0.000
african-jacana,"Amboseli, October 2025",Wildlife,Kenya,2025,Skies and Cloud,0,0,0,0.000
african-jacana,"Amboseli, October 2025",Wildlife,Kenya,2025,Skylines,0,0,0,0.000
african-jacana,"Amboseli, October 2025",Wildlife,Kenya,2025,Spring,0,0,0,0.000
african-jacana,"Amboseli, October 2025",Wildlife,Kenya,2025,Sunrise and Sunset,0,0,0,0.000
african-jacana,"Amboseli, October 2025",Wildlife,Kenya,2025,Trees,0,0,0,0.000
african-jacana,"Amboseli, October 2025",Wildlife,Kenya,2025,Waterbirds,1,0,0,0.000
african-jacana,"Amboseli, October 2025",Wildlife,Kenya,2025,Waterfronts and Harbours,0,0,0,0.000
african-jacana,"Amboseli, October 2025",Wildlife,Kenya,2025,Wild Cats,0,0,0,0.000
african-jacana,"Amboseli, October 2025",Wildlife,Kenya,2025,Winter,0,0,0,0.000
african-jacana,"Amboseli, October 2025",Wildlife,Kenya,2025,Woodland,0,0,0,0.000
african-jacana,"Amboseli, October 2025",Wildlife,Kenya,2025,Young Animals,0,0,0,0.000
almost-symmetry,"Amboseli, October 2025",Wildlife,Kenya,2025,Acacias,0,0,0,0.000
almost-symmetry,"Amboseli, October 2025",Wildlife,Kenya,2025,Aircraft,0,0,0,0.000
almost-symmetry,"Amboseli, October 2025",Wildlife,Kenya,2025,Antelope,0,0,0,0.000
almost-symmetry,"Amboseli, October 2025",Wildlife,Kenya,2025,Autumn,0,0,0,0.000
almost-symmetry,"Amboseli, October 2025",Wildlife,Kenya,2025,Bees,0,0,0,0.000
almost-symmetry,"Amboseli, October 2025",Wildlife,Kenya,2025,Big Five,0,0,0,0.000
almost-symmetry,"Amboseli, October 2025",Wildlife,Kenya,2025,Birds,1,0,0,0.000
almost-symmetry,"Amboseli, October 2025",Wildlife,Kenya,2025,Birds in Flight,0,0,0,0.000
almost-symmetry,"Amboseli, October 2025",Wildlife,Kenya,2025,Birds of Prey,0,0,0,0.000
almost-symmetry,"Amboseli, October 2025",Wildlife,Kenya,2025,Boats and Ships,0,0,0,0.000
almost-symmetry,"Amboseli, October 2025",Wildlife,Kenya,2025,Coast and Sea,0,0,0,0.000
almost-symmetry,"Amboseli, October 2025",Wildlife,Kenya,2025,Drought,0,0,0,0.000
almost-symmetry,"Amboseli, October 2025",Wildlife,Kenya,2025,Elephants,0,0,0,0.000
almost-symmetry,"Amboseli, October 2025",Wildlife,Kenya,2025,Feeding,1,1,1,1.000
almost-symmetry,"Amboseli, October 2025",Wildlife,Kenya,2025,Flowers,0,0,0,0.000
almost-symmetry,"Amboseli, October 2025",Wildlife,Kenya,2025,Fungi,0,0,0,0.000
almost-symmetry,"Amboseli, October 2025",Wildlife,Kenya,2025,Gulls,0,0,0,0.000
almost-symmetry,"Amboseli, October 2025",Wildlife,Kenya,2025,Insects,0,0,0,0.000
almost-symmetry,"Amboseli, October 2025",Wildlife,Kenya,2025,Martello Towers,0,0,0,0.000
almost-symmetry,"Amboseli, October 2025",Wildlife,Kenya,2025,Mountains,0,0,0,0.000
almost-symmetry,"Amboseli, October 2025",Wildlife,Kenya,2025,Reflections,1,0,0,0.000
almost-symmetry,"Amboseli, October 2025",Wildlife,Kenya,2025,Seabirds,0,0,0,0.000
almost-symmetry,"Amboseli, October 2025",Wildlife,Kenya,2025,Silhouettes,0,0,0,0.000
almost-symmetry,"Amboseli, October 2025",Wildlife,Kenya,2025,Skies and Cloud,0,0,0,0.000
almost-symmetry,"Amboseli, October 2025",Wildlife,Kenya,2025,Skylines,0,0,0,0.000
almost-symmetry,"Amboseli, October 2025",Wildlife,Kenya,2025,Spring,0,0,0,0.000
almost-symmetry,"Amboseli, October 2025",Wildlife,Kenya,2025,Sunrise and Sunset,0,0,0,0.000
almost-symmetry,"Amboseli, October 2025",Wildlife,Kenya,2025,Trees,0,0,0,0.000
almost-symmetry,"Amboseli, October 2025",Wildlife,Kenya,2025,Waterbirds,1,0,0,0.000
almost-symmetry,"Amboseli, October 2025",Wildlife,Kenya,2025,Waterfronts and Harbours,0,0,0,0.000
almost-symmetry,"Amboseli, October 2025",Wildlife,Kenya,2025,Wild Cats,0,0,0,0.000
almost-symmetry,"Amboseli, October 2025",Wildlife,Kenya,2025,Winter,0,0,0,0.000
almost-symmetry,"Amboseli, October 2025",Wildlife,Kenya,2025,Woodland,0,0,0,0.000
almost-symmetry,"Amboseli, October 2025",Wildlife,Kenya,2025,Young Animals,0,0,0,0.000
amber-rose-in-dappled-light,"St Anne's Park, July 2026",Macro,Ireland,2026,Acacias,0,0,0,0.000
amber-rose-in-dappled-light,"St Anne's Park, July 2026",Macro,Ireland,2026,Aircraft,0,0,0,0.000
amber-rose-in-dappled-light,"St Anne's Park, July 2026",Macro,Ireland,2026,Antelope,0,0,0,0.000
amber-rose-in-dappled-light,"St Anne's Park, July 2026",Macro,Ireland,2026,Autumn,0,0,0,0.000
amber-rose-in-dappled-light,"St Anne's Park, July 2026",Macro,Ireland,2026,Bees,0,0,0,0.000
amber-rose-in-dappled-light,"St Anne's Park, July 2026",Macro,Ireland,2026,Big Five,0,0,0,0.000
amber-rose-in-dappled-light,"St Anne's Park, July 2026",Macro,Ireland,2026,Birds,0,0,0,0.000
amber-rose-in-dappled-light,"St Anne's Park, July 2026",Macro,Ireland,2026,Birds in Flight,0,0,0,0.000
amber-rose-in-dappled-light,"St Anne's Park, July 2026",Macro,Ireland,2026,Birds of Prey,0,0,0,0.000
amber-rose-in-dappled-light,"St Anne's Park, July 2026",Macro,Ireland,2026,Boats and Ships,0,0,0,0.000
amber-rose-in-dappled-light,"St Anne's Park, July 2026",Macro,Ireland,2026,Coast and Sea,0,0,0,0.000
amber-rose-in-dappled-light,"St Anne's Park, July 2026",Macro,Ireland,2026,Drought,0,0,0,0.000
amber-rose-in-dappled-light,"St Anne's Park, July 2026",Macro,Ireland,2026,Elephants,0,0,0,0.000
amber-rose-in-dappled-light,"St Anne's Park, July 2026",Macro,Ireland,2026,Feeding,0,0,0,0.000
amber-rose-in-dappled-light,"St Anne's Park, July 2026",Macro,Ireland,2026,Flowers,1,0,0,0.000
amber-rose-in-dappled-light,"St Anne's Park, July 2026",Macro,Ireland,2026,Fungi,0,0,0,0.000
amber-rose-in-dappled-light,"St Anne's Park, July 2026",Macro,Ireland,2026,Gulls,0,0,0,0.000
amber-rose-in-dappled-light,"St Anne's Park, July 2026",Macro,Ireland,2026,Insects,0,0,0,0.000
amber-rose-in-dappled-light,"St Anne's Park, July 2026",Macro,Ireland,2026,Martello Towers,0,0,0,0.000
amber-rose-in-dappled-light,"St Anne's Park, July 2026",Macro,Ireland,2026,Mountains,0,0,0,0.000
amber-rose-in-dappled-light,"St Anne's Park, July 2026",Macro,Ireland,2026,Reflections,0,0,0,0.000
amber-rose-in-dappled-light,"St Anne's Park, July 2026",Macro,Ireland,2026,Seabirds,0,0,0,0.000
amber-rose-in-dappled-light,"St Anne's Park, July 2026",Macro,Ireland,2026,Silhouettes,0,0,0,0.000
amber-rose-in-dappled-light,"St Anne's Park, July 2026",Macro,Ireland,2026,Skies and Cloud,0,0,0,0.000
amber-rose-in-dappled-light,"St Anne's Park, July 2026",Macro,Ireland,2026,Skylines,0,0,0,0.000
amber-rose-in-dappled-light,"St Anne's Park, July 2026",Macro,Ireland,2026,Spring,0,0,0,0.000
amber-rose-in-dappled-light,"St Anne's Park, July 2026",Macro,Ireland,2026,Sunrise and Sunset,0,0,0,0.000
amber-rose-in-dappled-light,"St Anne's Park, July 2026",Macro,Ireland,2026,Trees,0,0,0,0.000
amber-rose-in-dappled-light,"St Anne's Park, July 2026",Macro,Ireland,2026,Waterbirds,0,0,0,0.000
amber-rose-in-dappled-light,"St Anne's Park, July 2026",Macro,Ireland,2026,Waterfronts and Harbours,0,0,0,0.000
amber-rose-in-dappled-light,"St Anne's Park, July 2026",Macro,Ireland,2026,Wild Cats,0,0,0,0.000
amber-rose-in-dappled-light,"St Anne's Park, July 2026",Macro,Ireland,2026,Winter,0,0,0,0.000
amber-rose-in-dappled-light,"St Anne's Park, July 2026",Macro,Ireland,2026,Woodland,0,0,0,0.000
amber-rose-in-dappled-light,"St Anne's Park, July 2026",Macro,Ireland,2026,Young Animals,0,0,0,0.000
baboons-at-dawn,"Amboseli, October 2025",Wildlife,Kenya,2025,Acacias,0,0,0,0.000
baboons-at-dawn,"Amboseli, October 2025",Wildlife,Kenya,2025,Aircraft,0,0,0,0.000
baboons-at-dawn,"Amboseli, October 2025",Wildlife,Kenya,2025,Antelope,0,0,0,0.000
baboons-at-dawn,"Amboseli, October 2025",Wildlife,Kenya,2025,Autumn,0,0,0,0.000
baboons-at-dawn,"Amboseli, October 2025",Wildlife,Kenya,2025,Bees,0,0,0,0.000
baboons-at-dawn,"Amboseli, October 2025",Wildlife,Kenya,2025,Big Five,0,0,0,0.000
baboons-at-dawn,"Amboseli, October 2025",Wildlife,Kenya,2025,Birds,0,0,0,0.000
baboons-at-dawn,"Amboseli, October 2025",Wildlife,Kenya,2025,Birds in Flight,0,0,0,0.000
baboons-at-dawn,"Amboseli, October 2025",Wildlife,Kenya,2025,Birds of Prey,0,0,0,0.000
baboons-at-dawn,"Amboseli, October 2025",Wildlife,Kenya,2025,Boats and Ships,0,0,0,0.000
baboons-at-dawn,"Amboseli, October 2025",Wildlife,Kenya,2025,Coast and Sea,0,0,0,0.000
baboons-at-dawn,"Amboseli, October 2025",Wildlife,Kenya,2025,Drought,0,0,0,0.000
baboons-at-dawn,"Amboseli, October 2025",Wildlife,Kenya,2025,Elephants,0,0,0,0.000
baboons-at-dawn,"Amboseli, October 2025",Wildlife,Kenya,2025,Feeding,0,0,0,0.000
baboons-at-dawn,"Amboseli, October 2025",Wildlife,Kenya,2025,Flowers,0,0,0,0.000
baboons-at-dawn,"Amboseli, October 2025",Wildlife,Kenya,2025,Fungi,0,0,0,0.000
baboons-at-dawn,"Amboseli, October 2025",Wildlife,Kenya,2025,Gulls,0,0,0,0.000
baboons-at-dawn,"Amboseli, October 2025",Wildlife,Kenya,2025,Insects,0,0,0,0.000
baboons-at-dawn,"Amboseli, October 2025",Wildlife,Kenya,2025,Martello Towers,0,0,0,0.000
baboons-at-dawn,"Amboseli, October 2025",Wildlife,Kenya,2025,Mountains,0,0,0,0.000
baboons-at-dawn,"Amboseli, October 2025",Wildlife,Kenya,2025,Reflections,0,0,0,0.000
baboons-at-dawn,"Amboseli, October 2025",Wildlife,Kenya,2025,Seabirds,0,0,0,0.000
baboons-at-dawn,"Amboseli, October 2025",Wildlife,Kenya,2025,Silhouettes,0,0,0,0.000
baboons-at-dawn,"Amboseli, October 2025",Wildlife,Kenya,2025,Skies and Cloud,0,0,0,0.000
baboons-at-dawn,"Amboseli, October 2025",Wildlife,Kenya,2025,Skylines,0,0,0,0.000
baboons-at-dawn,"Amboseli, October 2025",Wildlife,Kenya,2025,Spring,0,0,0,0.000
baboons-at-dawn,"Amboseli, October 2025",Wildlife,Kenya,2025,Sunrise and Sunset,0,0,0,0.000
baboons-at-dawn,"Amboseli, October 2025",Wildlife,Kenya,2025,Trees,0,0,0,0.000
baboons-at-dawn,"Amboseli, October 2025",Wildlife,Kenya,2025,Waterbirds,0,0,0,0.000
baboons-at-dawn,"Amboseli, October 2025",Wildlife,Kenya,2025,Waterfronts and Harbours,0,0,0,0.000
baboons-at-dawn,"Amboseli, October 2025",Wildlife,Kenya,2025,Wild Cats,0,0,0,0.000
baboons-at-dawn,"Amboseli, October 2025",Wildlife,Kenya,2025,Winter,0,0,0,0.000
baboons-at-dawn,"Amboseli, October 2025",Wildlife,Kenya,2025,Woodland,0,0,0,0.000
baboons-at-dawn,"Amboseli, October 2025",Wildlife,Kenya,2025,Young Animals,1,0,0,0.000
backlit-fountain,"St Stephen's Green, February 2026",Creative,Ireland,2026,Acacias,0,0,0,0.000
backlit-fountain,"St Stephen's Green, February 2026",Creative,Ireland,2026,Aircraft,0,0,0,0.000
backlit-fountain,"St Stephen's Green, February 2026",Creative,Ireland,2026,Antelope,0,0,0,0.000
backlit-fountain,"St Stephen's Green, February 2026",Creative,Ireland,2026,Autumn,0,0,0,0.000
backlit-fountain,"St Stephen's Green, February 2026",Creative,Ireland,2026,Bees,0,0,0,0.000
backlit-fountain,"St Stephen's Green, February 2026",Creative,Ireland,2026,Big Five,0,0,0,0.000
backlit-fountain,"St Stephen's Green, February 2026",Creative,Ireland,2026,Birds,0,0,0,0.000
backlit-fountain,"St Stephen's Green, February 2026",Creative,Ireland,2026,Birds in Flight,0,0,0,0.000
backlit-fountain,"St Stephen's Green, February 2026",Creative,Ireland,2026,Birds of Prey,0,0,0,0.000
backlit-fountain,"St Stephen's Green, February 2026",Creative,Ireland,2026,Boats and Ships,0,0,0,0.000
backlit-fountain,"St Stephen's Green, February 2026",Creative,Ireland,2026,Coast and Sea,0,0,0,0.000
backlit-fountain,"St Stephen's Green, February 2026",Creative,Ireland,2026,Drought,0,0,0,0.000
backlit-fountain,"St Stephen's Green, February 2026",Creative,Ireland,2026,Elephants,0,0,0,0.000
backlit-fountain,"St Stephen's Green, February 2026",Creative,Ireland,2026,Feeding,0,0,0,0.000
backlit-fountain,"St Stephen's Green, February 2026",Creative,Ireland,2026,Flowers,0,0,0,0.000
backlit-fountain,"St Stephen's Green, February 2026",Creative,Ireland,2026,Fungi,0,0,0,0.000
backlit-fountain,"St Stephen's Green, February 2026",Creative,Ireland,2026,Gulls,0,0,0,0.000
backlit-fountain,"St Stephen's Green, February 2026",Creative,Ireland,2026,Insects,0,0,0,0.000
backlit-fountain,"St Stephen's Green, February 2026",Creative,Ireland,2026,Martello Towers,0,0,0,0.000
backlit-fountain,"St Stephen's Green, February 2026",Creative,Ireland,2026,Mountains,0,0,0,0.000
backlit-fountain,"St Stephen's Green, February 2026",Creative,Ireland,2026,Reflections,0,0,0,0.000
backlit-fountain,"St Stephen's Green, February 2026",Creative,Ireland,2026,Seabirds,0,0,0,0.000
backlit-fountain,"St Stephen's Green, February 2026",Creative,Ireland,2026,Silhouettes,0,0,0,0.000
backlit-fountain,"St Stephen's Green, February 2026",Creative,Ireland,2026,Skies and Cloud,0,0,0,0.000
backlit-fountain,"St Stephen's Green, February 2026",Creative,Ireland,2026,Skylines,0,0,0,0.000
backlit-fountain,"St Stephen's Green, February 2026",Creative,Ireland,2026,Spring,0,0,0,0.000
backlit-fountain,"St Stephen's Green, February 2026",Creative,Ireland,2026,Sunrise and Sunset,0,0,0,0.000
backlit-fountain,"St Stephen's Green, February 2026",Creative,Ireland,2026,Trees,0,1,1,1.000
backlit-fountain,"St Stephen's Green, February 2026",Creative,Ireland,2026,Waterbirds,0,0,0,0.000
backlit-fountain,"St Stephen's Green, February 2026",Creative,Ireland,2026,Waterfronts and Harbours,0,0,0,0.000
backlit-fountain,"St Stephen's Green, February 2026",Creative,Ireland,2026,Wild Cats,0,0,0,0.000
backlit-fountain,"St Stephen's Green, February 2026",Creative,Ireland,2026,Winter,1,1,1,1.000
backlit-fountain,"St Stephen's Green, February 2026",Creative,Ireland,2026,Woodland,0,0,0,0.000
backlit-fountain,"St Stephen's Green, February 2026",Creative,Ireland,2026,Young Animals,0,0,0,0.000
backlit-tree-fern,"Kilmacurragh, August 2026",Nature,Ireland,2026,Acacias,0,0,0,0.000
backlit-tree-fern,"Kilmacurragh, August 2026",Nature,Ireland,2026,Aircraft,0,0,0,0.000
backlit-tree-fern,"Kilmacurragh, August 2026",Nature,Ireland,2026,Antelope,0,0,0,0.000
backlit-tree-fern,"Kilmacurragh, August 2026",Nature,Ireland,2026,Autumn,0,0,0,0.000
backlit-tree-fern,"Kilmacurragh, August 2026",Nature,Ireland,2026,Bees,0,0,0,0.000
backlit-tree-fern,"Kilmacurragh, August 2026",Nature,Ireland,2026,Big Five,0,0,0,0.000
backlit-tree-fern,"Kilmacurragh, August 2026",Nature,Ireland,2026,Birds,0,0,0,0.000
backlit-tree-fern,"Kilmacurragh, August 2026",Nature,Ireland,2026,Birds in Flight,0,0,0,0.000
backlit-tree-fern,"Kilmacurragh, August 2026",Nature,Ireland,2026,Birds of Prey,0,0,0,0.000
backlit-tree-fern,"Kilmacurragh, August 2026",Nature,Ireland,2026,Boats and Ships,0,0,0,0.000
backlit-tree-fern,"Kilmacurragh, August 2026",Nature,Ireland,2026,Coast and Sea,0,0,0,0.000
backlit-tree-fern,"Kilmacurragh, August 2026",Nature,Ireland,2026,Drought,0,0,0,0.000
backlit-tree-fern,"Kilmacurragh, August 2026",Nature,Ireland,2026,Elephants,0,0,0,0.000
backlit-tree-fern,"Kilmacurragh, August 2026",Nature,Ireland,2026,Feeding,0,0,0,0.000
backlit-tree-fern,"Kilmacurragh, August 2026",Nature,Ireland,2026,Flowers,0,0,0,0.000
backlit-tree-fern,"Kilmacurragh, August 2026",Nature,Ireland,2026,Fungi,0,0,0,0.000
backlit-tree-fern,"Kilmacurragh, August 2026",Nature,Ireland,2026,Gulls,0,0,0,0.000
backlit-tree-fern,"Kilmacurragh, August 2026",Nature,Ireland,2026,Insects,0,0,0,0.000
backlit-tree-fern,"Kilmacurragh, August 2026",Nature,Ireland,2026,Martello Towers,0,0,0,0.000
backlit-tree-fern,"Kilmacurragh, August 2026",Nature,Ireland,2026,Mountains,0,0,0,0.000
backlit-tree-fern,"Kilmacurragh, August 2026",Nature,Ireland,2026,Reflections,0,0,0,0.000
backlit-tree-fern,"Kilmacurragh, August 2026",Nature,Ireland,2026,Seabirds,0,0,0,0.000
backlit-tree-fern,"Kilmacurragh, August 2026",Nature,Ireland,2026,Silhouettes,0,0,0,0.000
backlit-tree-fern,"Kilmacurragh, August 2026",Nature,Ireland,2026,Skies and Cloud,0,0,0,0.000
backlit-tree-fern,"Kilmacurragh, August 2026",Nature,Ireland,2026,Skylines,0,0,0,0.000
backlit-tree-fern,"Kilmacurragh, August 2026",Nature,Ireland,2026,Spring,0,0,0,0.000
backlit-tree-fern,"Kilmacurragh, August 2026",Nature,Ireland,2026,Sunrise and Sunset,0,0,0,0.000
backlit-tree-fern,"Kilmacurragh, August 2026",Nature,Ireland,2026,Trees,1,1,1,1.000
backlit-tree-fern,"Kilmacurragh, August 2026",Nature,Ireland,2026,Waterbirds,0,0,0,0.000
backlit-tree-fern,"Kilmacurragh, August 2026",Nature,Ireland,2026,Waterfronts and Harbours,0,0,0,0.000
backlit-tree-fern,"Kilmacurragh, August 2026",Nature,Ireland,2026,Wild Cats,0,0,0,0.000
backlit-tree-fern,"Kilmacurragh, August 2026",Nature,Ireland,2026,Winter,0,0,0,0.000
backlit-tree-fern,"Kilmacurragh, August 2026",Nature,Ireland,2026,Woodland,1,1,1,1.000
backlit-tree-fern,"Kilmacurragh, August 2026",Nature,Ireland,2026,Young Animals,0,0,0,0.000
balloon-over-the-mara,"Maasai Mara, October 2025",Documentary,Kenya,2025,Acacias,0,0,0,0.000
balloon-over-the-mara,"Maasai Mara, October 2025",Documentary,Kenya,2025,Aircraft,0,0,0,0.000
balloon-over-the-mara,"Maasai Mara, October 2025",Documentary,Kenya,2025,Antelope,0,0,0,0.000
balloon-over-the-mara,"Maasai Mara, October 2025",Documentary,Kenya,2025,Autumn,0,0,0,0.000
balloon-over-the-mara,"Maasai Mara, October 2025",Documentary,Kenya,2025,Bees,0,0,0,0.000
balloon-over-the-mara,"Maasai Mara, October 2025",Documentary,Kenya,2025,Big Five,0,0,0,0.000
balloon-over-the-mara,"Maasai Mara, October 2025",Documentary,Kenya,2025,Birds,0,0,0,0.000
balloon-over-the-mara,"Maasai Mara, October 2025",Documentary,Kenya,2025,Birds in Flight,0,0,0,0.000
balloon-over-the-mara,"Maasai Mara, October 2025",Documentary,Kenya,2025,Birds of Prey,0,0,0,0.000
balloon-over-the-mara,"Maasai Mara, October 2025",Documentary,Kenya,2025,Boats and Ships,0,0,0,0.000
balloon-over-the-mara,"Maasai Mara, October 2025",Documentary,Kenya,2025,Coast and Sea,0,0,0,0.000
balloon-over-the-mara,"Maasai Mara, October 2025",Documentary,Kenya,2025,Drought,0,0,0,0.000
balloon-over-the-mara,"Maasai Mara, October 2025",Documentary,Kenya,2025,Elephants,0,0,0,0.000
balloon-over-the-mara,"Maasai Mara, October 2025",Documentary,Kenya,2025,Feeding,0,0,0,0.000
balloon-over-the-mara,"Maasai Mara, October 2025",Documentary,Kenya,2025,Flowers,0,0,0,0.000
balloon-over-the-mara,"Maasai Mara, October 2025",Documentary,Kenya,2025,Fungi,0,0,0,0.000
balloon-over-the-mara,"Maasai Mara, October 2025",Documentary,Kenya,2025,Gulls,0,0,0,0.000
balloon-over-the-mara,"Maasai Mara, October 2025",Documentary,Kenya,2025,Insects,0,0,0,0.000
balloon-over-the-mara,"Maasai Mara, October 2025",Documentary,Kenya,2025,Martello Towers,0,0,0,0.000
balloon-over-the-mara,"Maasai Mara, October 2025",Documentary,Kenya,2025,Mountains,0,0,0,0.000
balloon-over-the-mara,"Maasai Mara, October 2025",Documentary,Kenya,2025,Reflections,0,0,0,0.000
balloon-over-the-mara,"Maasai Mara, October 2025",Documentary,Kenya,2025,Seabirds,0,0,0,0.000
balloon-over-the-mara,"Maasai Mara, October 2025",Documentary,Kenya,2025,Silhouettes,0,0,0,0.000
balloon-over-the-mara,"Maasai Mara, October 2025",Documentary,Kenya,2025,Skies and Cloud,1,0,0,0.000
balloon-over-the-mara,"Maasai Mara, October 2025",Documentary,Kenya,2025,Skylines,0,0,0,0.000
balloon-over-the-mara,"Maasai Mara, October 2025",Documentary,Kenya,2025,Spring,0,0,0,0.000
balloon-over-the-mara,"Maasai Mara, October 2025",Documentary,Kenya,2025,Sunrise and Sunset,0,0,0,0.000
balloon-over-the-mara,"Maasai Mara, October 2025",Documentary,Kenya,2025,Trees,0,0,0,0.000
balloon-over-the-mara,"Maasai Mara, October 2025",Documentary,Kenya,2025,Waterbirds,0,0,0,0.000
balloon-over-the-mara,"Maasai Mara, October 2025",Documentary,Kenya,2025,Waterfronts and Harbours,0,0,0,0.000
balloon-over-the-mara,"Maasai Mara, October 2025",Documentary,Kenya,2025,Wild Cats,0,0,0,0.000
balloon-over-the-mara,"Maasai Mara, October 2025",Documentary,Kenya,2025,Winter,0,0,0,0.000
balloon-over-the-mara,"Maasai Mara, October 2025",Documentary,Kenya,2025,Woodland,0,0,0,0.000
balloon-over-the-mara,"Maasai Mara, October 2025",Documentary,Kenya,2025,Young Animals,0,0,0,0.000
bee-approaching-an-amber-rose,"St Anne's Park, July 2026",Macro,Ireland,2026,Acacias,0,0,0,0.000
bee-approaching-an-amber-rose,"St Anne's Park, July 2026",Macro,Ireland,2026,Aircraft,0,0,0,0.000
bee-approaching-an-amber-rose,"St Anne's Park, July 2026",Macro,Ireland,2026,Antelope,0,0,0,0.000
bee-approaching-an-amber-rose,"St Anne's Park, July 2026",Macro,Ireland,2026,Autumn,0,0,0,0.000
bee-approaching-an-amber-rose,"St Anne's Park, July 2026",Macro,Ireland,2026,Bees,1,1,1,1.000
bee-approaching-an-amber-rose,"St Anne's Park, July 2026",Macro,Ireland,2026,Big Five,0,0,0,0.000
bee-approaching-an-amber-rose,"St Anne's Park, July 2026",Macro,Ireland,2026,Birds,0,0,0,0.000
bee-approaching-an-amber-rose,"St Anne's Park, July 2026",Macro,Ireland,2026,Birds in Flight,0,0,1,0.500
bee-approaching-an-amber-rose,"St Anne's Park, July 2026",Macro,Ireland,2026,Birds of Prey,0,0,0,0.000
bee-approaching-an-amber-rose,"St Anne's Park, July 2026",Macro,Ireland,2026,Boats and Ships,0,0,0,0.000
bee-approaching-an-amber-rose,"St Anne's Park, July 2026",Macro,Ireland,2026,Coast and Sea,0,0,0,0.000
bee-approaching-an-amber-rose,"St Anne's Park, July 2026",Macro,Ireland,2026,Drought,0,0,0,0.000
bee-approaching-an-amber-rose,"St Anne's Park, July 2026",Macro,Ireland,2026,Elephants,0,0,0,0.000
bee-approaching-an-amber-rose,"St Anne's Park, July 2026",Macro,Ireland,2026,Feeding,0,0,0,0.000
bee-approaching-an-amber-rose,"St Anne's Park, July 2026",Macro,Ireland,2026,Flowers,1,0,0,0.000
bee-approaching-an-amber-rose,"St Anne's Park, July 2026",Macro,Ireland,2026,Fungi,0,0,0,0.000
bee-approaching-an-amber-rose,"St Anne's Park, July 2026",Macro,Ireland,2026,Gulls,0,0,0,0.000
bee-approaching-an-amber-rose,"St Anne's Park, July 2026",Macro,Ireland,2026,Insects,1,0,0,0.000
bee-approaching-an-amber-rose,"St Anne's Park, July 2026",Macro,Ireland,2026,Martello Towers,0,0,0,0.000
bee-approaching-an-amber-rose,"St Anne's Park, July 2026",Macro,Ireland,2026,Mountains,0,0,0,0.000
bee-approaching-an-amber-rose,"St Anne's Park, July 2026",Macro,Ireland,2026,Reflections,0,0,0,0.000
bee-approaching-an-amber-rose,"St Anne's Park, July 2026",Macro,Ireland,2026,Seabirds,0,0,0,0.000
bee-approaching-an-amber-rose,"St Anne's Park, July 2026",Macro,Ireland,2026,Silhouettes,0,0,0,0.000
bee-approaching-an-amber-rose,"St Anne's Park, July 2026",Macro,Ireland,2026,Skies and Cloud,0,0,0,0.000
bee-approaching-an-amber-rose,"St Anne's Park, July 2026",Macro,Ireland,2026,Skylines,0,0,0,0.000
bee-approaching-an-amber-rose,"St Anne's Park, July 2026",Macro,Ireland,2026,Spring,0,0,0,0.000
bee-approaching-an-amber-rose,"St Anne's Park, July 2026",Macro,Ireland,2026,Sunrise and Sunset,0,0,0,0.000
bee-approaching-an-amber-rose,"St Anne's Park, July 2026",Macro,Ireland,2026,Trees,0,0,0,0.000
bee-approaching-an-amber-rose,"St Anne's Park, July 2026",Macro,Ireland,2026,Waterbirds,0,0,0,0.000
bee-approaching-an-amber-rose,"St Anne's Park, July 2026",Macro,Ireland,2026,Waterfronts and Harbours,0,0,0,0.000
bee-approaching-an-amber-rose,"St Anne's Park, July 2026",Macro,Ireland,2026,Wild Cats,0,0,0,0.000
bee-approaching-an-amber-rose,"St Anne's Park, July 2026",Macro,Ireland,2026,Winter,0,0,0,0.000
bee-approaching-an-amber-rose,"St Anne's Park, July 2026",Macro,Ireland,2026,Woodland,0,0,0,0.000
bee-approaching-an-amber-rose,"St Anne's Park, July 2026",Macro,Ireland,2026,Young Animals,0,0,0,0.000
bee-foraging-in-a-sunlit-rose,"St Anne's Park, July 2026",Macro,Ireland,2026,Acacias,0,0,0,0.000
bee-foraging-in-a-sunlit-rose,"St Anne's Park, July 2026",Macro,Ireland,2026,Aircraft,0,0,0,0.000
bee-foraging-in-a-sunlit-rose,"St Anne's Park, July 2026",Macro,Ireland,2026,Antelope,0,0,0,0.000
bee-foraging-in-a-sunlit-rose,"St Anne's Park, July 2026",Macro,Ireland,2026,Autumn,0,0,0,0.000
bee-foraging-in-a-sunlit-rose,"St Anne's Park, July 2026",Macro,Ireland,2026,Bees,1,1,1,1.000
bee-foraging-in-a-sunlit-rose,"St Anne's Park, July 2026",Macro,Ireland,2026,Big Five,0,0,0,0.000
bee-foraging-in-a-sunlit-rose,"St Anne's Park, July 2026",Macro,Ireland,2026,Birds,0,0,0,0.000
bee-foraging-in-a-sunlit-rose,"St Anne's Park, July 2026",Macro,Ireland,2026,Birds in Flight,0,0,0,0.000
bee-foraging-in-a-sunlit-rose,"St Anne's Park, July 2026",Macro,Ireland,2026,Birds of Prey,0,0,0,0.000
bee-foraging-in-a-sunlit-rose,"St Anne's Park, July 2026",Macro,Ireland,2026,Boats and Ships,0,0,0,0.000
bee-foraging-in-a-sunlit-rose,"St Anne's Park, July 2026",Macro,Ireland,2026,Coast and Sea,0,0,0,0.000
bee-foraging-in-a-sunlit-rose,"St Anne's Park, July 2026",Macro,Ireland,2026,Drought,0,0,0,0.000
bee-foraging-in-a-sunlit-rose,"St Anne's Park, July 2026",Macro,Ireland,2026,Elephants,0,0,0,0.000
bee-foraging-in-a-sunlit-rose,"St Anne's Park, July 2026",Macro,Ireland,2026,Feeding,0,0,0,0.000
bee-foraging-in-a-sunlit-rose,"St Anne's Park, July 2026",Macro,Ireland,2026,Flowers,1,0,0,0.000
bee-foraging-in-a-sunlit-rose,"St Anne's Park, July 2026",Macro,Ireland,2026,Fungi,0,0,0,0.000
bee-foraging-in-a-sunlit-rose,"St Anne's Park, July 2026",Macro,Ireland,2026,Gulls,0,0,0,0.000
bee-foraging-in-a-sunlit-rose,"St Anne's Park, July 2026",Macro,Ireland,2026,Insects,1,0,0,0.000
bee-foraging-in-a-sunlit-rose,"St Anne's Park, July 2026",Macro,Ireland,2026,Martello Towers,0,0,0,0.000
bee-foraging-in-a-sunlit-rose,"St Anne's Park, July 2026",Macro,Ireland,2026,Mountains,0,0,0,0.000
bee-foraging-in-a-sunlit-rose,"St Anne's Park, July 2026",Macro,Ireland,2026,Reflections,0,0,0,0.000
bee-foraging-in-a-sunlit-rose,"St Anne's Park, July 2026",Macro,Ireland,2026,Seabirds,0,0,0,0.000
bee-foraging-in-a-sunlit-rose,"St Anne's Park, July 2026",Macro,Ireland,2026,Silhouettes,0,0,0,0.000
bee-foraging-in-a-sunlit-rose,"St Anne's Park, July 2026",Macro,Ireland,2026,Skies and Cloud,0,0,0,0.000
bee-foraging-in-a-sunlit-rose,"St Anne's Park, July 2026",Macro,Ireland,2026,Skylines,0,0,0,0.000
bee-foraging-in-a-sunlit-rose,"St Anne's Park, July 2026",Macro,Ireland,2026,Spring,0,0,0,0.000
bee-foraging-in-a-sunlit-rose,"St Anne's Park, July 2026",Macro,Ireland,2026,Sunrise and Sunset,0,0,0,0.000
bee-foraging-in-a-sunlit-rose,"St Anne's Park, July 2026",Macro,Ireland,2026,Trees,0,0,0,0.000
bee-foraging-in-a-sunlit-rose,"St Anne's Park, July 2026",Macro,Ireland,2026,Waterbirds,0,0,0,0.000
bee-foraging-in-a-sunlit-rose,"St Anne's Park, July 2026",Macro,Ireland,2026,Waterfronts and Harbours,0,0,0,0.000
bee-foraging-in-a-sunlit-rose,"St Anne's Park, July 2026",Macro,Ireland,2026,Wild Cats,0,0,0,0.000
bee-foraging-in-a-sunlit-rose,"St Anne's Park, July 2026",Macro,Ireland,2026,Winter,0,0,0,0.000
bee-foraging-in-a-sunlit-rose,"St Anne's Park, July 2026",Macro,Ireland,2026,Woodland,0,0,0,0.000
bee-foraging-in-a-sunlit-rose,"St Anne's Park, July 2026",Macro,Ireland,2026,Young Animals,0,0,0,0.000
beech-leaves-in-autumn,"Massy's Wood, October 2024",Nature,Ireland,2024,Acacias,0,0,0,0.000
beech-leaves-in-autumn,"Massy's Wood, October 2024",Nature,Ireland,2024,Aircraft,0,0,0,0.000
beech-leaves-in-autumn,"Massy's Wood, October 2024",Nature,Ireland,2024,Antelope,0,0,0,0.000
beech-leaves-in-autumn,"Massy's Wood, October 2024",Nature,Ireland,2024,Autumn,1,0,0,0.000
beech-leaves-in-autumn,"Massy's Wood, October 2024",Nature,Ireland,2024,Bees,0,1,1,1.000
beech-leaves-in-autumn,"Massy's Wood, October 2024",Nature,Ireland,2024,Big Five,0,0,0,0.000
beech-leaves-in-autumn,"Massy's Wood, October 2024",Nature,Ireland,2024,Birds,0,0,0,0.000
beech-leaves-in-autumn,"Massy's Wood, October 2024",Nature,Ireland,2024,Birds in Flight,0,0,0,0.000
beech-leaves-in-autumn,"Massy's Wood, October 2024",Nature,Ireland,2024,Birds of Prey,0,0,0,0.000
beech-leaves-in-autumn,"Massy's Wood, October 2024",Nature,Ireland,2024,Boats and Ships,0,0,0,0.000
beech-leaves-in-autumn,"Massy's Wood, October 2024",Nature,Ireland,2024,Coast and Sea,0,0,0,0.000
beech-leaves-in-autumn,"Massy's Wood, October 2024",Nature,Ireland,2024,Drought,0,0,0,0.000
beech-leaves-in-autumn,"Massy's Wood, October 2024",Nature,Ireland,2024,Elephants,0,0,0,0.000
beech-leaves-in-autumn,"Massy's Wood, October 2024",Nature,Ireland,2024,Feeding,0,0,0,0.000
beech-leaves-in-autumn,"Massy's Wood, October 2024",Nature,Ireland,2024,Flowers,0,0,0,0.000
beech-leaves-in-autumn,"Massy's Wood, October 2024",Nature,Ireland,2024,Fungi,0,0,0,0.000
beech-leaves-in-autumn,"Massy's Wood, October 2024",Nature,Ireland,2024,Gulls,0,0,0,0.000
beech-leaves-in-autumn,"Massy's Wood, October 2024",Nature,Ireland,2024,Insects,0,0,0,0.000
beech-leaves-in-autumn,"Massy's Wood, October 2024",Nature,Ireland,2024,Martello Towers,0,0,0,0.000
beech-leaves-in-autumn,"Massy's Wood, October 2024",Nature,Ireland,2024,Mountains,0,0,0,0.000
beech-leaves-in-autumn,"Massy's Wood, October 2024",Nature,Ireland,2024,Reflections,0,0,0,0.000
beech-leaves-in-autumn,"Massy's Wood, October 2024",Nature,Ireland,2024,Seabirds,0,0,0,0.000
beech-leaves-in-autumn,"Massy's Wood, October 2024",Nature,Ireland,2024,Silhouettes,0,0,0,0.000
beech-leaves-in-autumn,"Massy's Wood, October 2024",Nature,Ireland,2024,Skies and Cloud,0,0,0,0.000
beech-leaves-in-autumn,"Massy's Wood, October 2024",Nature,Ireland,2024,Skylines,0,0,0,0.000
beech-leaves-in-autumn,"Massy's Wood, October 2024",Nature,Ireland,2024,Spring,0,0,0,0.000
beech-leaves-in-autumn,"Massy's Wood, October 2024",Nature,Ireland,2024,Sunrise and Sunset,0,0,0,0.000
beech-leaves-in-autumn,"Massy's Wood, October 2024",Nature,Ireland,2024,Trees,1,0,0,0.000
beech-leaves-in-autumn,"Massy's Wood, October 2024",Nature,Ireland,2024,Waterbirds,0,0,0,0.000
beech-leaves-in-autumn,"Massy's Wood, October 2024",Nature,Ireland,2024,Waterfronts and Harbours,0,0,0,0.000
beech-leaves-in-autumn,"Massy's Wood, October 2024",Nature,Ireland,2024,Wild Cats,0,0,0,0.000
beech-leaves-in-autumn,"Massy's Wood, October 2024",Nature,Ireland,2024,Winter,0,0,0,0.000
beech-leaves-in-autumn,"Massy's Wood, October 2024",Nature,Ireland,2024,Woodland,1,0,0,0.000
beech-leaves-in-autumn,"Massy's Wood, October 2024",Nature,Ireland,2024,Young Animals,0,0,0,0.000
before-the-storm,"Maasai Mara, October 2025",Landscape,Kenya,2025,Acacias,1,1,1,1.000
before-the-storm,"Maasai Mara, October 2025",Landscape,Kenya,2025,Aircraft,0,0,0,0.000
before-the-storm,"Maasai Mara, October 2025",Landscape,Kenya,2025,Antelope,0,0,0,0.000
before-the-storm,"Maasai Mara, October 2025",Landscape,Kenya,2025,Autumn,0,0,0,0.000
before-the-storm,"Maasai Mara, October 2025",Landscape,Kenya,2025,Bees,0,0,0,0.000
before-the-storm,"Maasai Mara, October 2025",Landscape,Kenya,2025,Big Five,0,0,0,0.000
before-the-storm,"Maasai Mara, October 2025",Landscape,Kenya,2025,Birds,0,0,0,0.000
before-the-storm,"Maasai Mara, October 2025",Landscape,Kenya,2025,Birds in Flight,0,0,0,0.000
before-the-storm,"Maasai Mara, October 2025",Landscape,Kenya,2025,Birds of Prey,0,0,0,0.000
before-the-storm,"Maasai Mara, October 2025",Landscape,Kenya,2025,Boats and Ships,0,0,0,0.000
before-the-storm,"Maasai Mara, October 2025",Landscape,Kenya,2025,Coast and Sea,0,0,0,0.000
before-the-storm,"Maasai Mara, October 2025",Landscape,Kenya,2025,Drought,0,0,0,0.000
before-the-storm,"Maasai Mara, October 2025",Landscape,Kenya,2025,Elephants,0,0,0,0.000
before-the-storm,"Maasai Mara, October 2025",Landscape,Kenya,2025,Feeding,0,0,0,0.000
before-the-storm,"Maasai Mara, October 2025",Landscape,Kenya,2025,Flowers,0,0,0,0.000
before-the-storm,"Maasai Mara, October 2025",Landscape,Kenya,2025,Fungi,0,0,0,0.000
before-the-storm,"Maasai Mara, October 2025",Landscape,Kenya,2025,Gulls,0,0,0,0.000
before-the-storm,"Maasai Mara, October 2025",Landscape,Kenya,2025,Insects,0,0,0,0.000
before-the-storm,"Maasai Mara, October 2025",Landscape,Kenya,2025,Martello Towers,0,0,0,0.000
before-the-storm,"Maasai Mara, October 2025",Landscape,Kenya,2025,Mountains,0,0,0,0.000
before-the-storm,"Maasai Mara, October 2025",Landscape,Kenya,2025,Reflections,0,0,0,0.000
before-the-storm,"Maasai Mara, October 2025",Landscape,Kenya,2025,Seabirds,0,0,0,0.000
before-the-storm,"Maasai Mara, October 2025",Landscape,Kenya,2025,Silhouettes,0,0,0,0.000
before-the-storm,"Maasai Mara, October 2025",Landscape,Kenya,2025,Skies and Cloud,1,0,0,0.000
before-the-storm,"Maasai Mara, October 2025",Landscape,Kenya,2025,Skylines,0,0,0,0.000
before-the-storm,"Maasai Mara, October 2025",Landscape,Kenya,2025,Spring,0,0,0,0.000
before-the-storm,"Maasai Mara, October 2025",Landscape,Kenya,2025,Sunrise and Sunset,0,0,0,0.000
before-the-storm,"Maasai Mara, October 2025",Landscape,Kenya,2025,Trees,1,0,0,0.000
before-the-storm,"Maasai Mara, October 2025",Landscape,Kenya,2025,Waterbirds,0,0,0,0.000
before-the-storm,"Maasai Mara, October 2025",Landscape,Kenya,2025,Waterfronts and Harbours,0,0,0,0.000
before-the-storm,"Maasai Mara, October 2025",Landscape,Kenya,2025,Wild Cats,0,0,0,0.000
before-the-storm,"Maasai Mara, October 2025",Landscape,Kenya,2025,Winter,0,0,0,0.000
before-the-storm,"Maasai Mara, October 2025",Landscape,Kenya,2025,Woodland,0,0,0,0.000
before-the-storm,"Maasai Mara, October 2025",Landscape,Kenya,2025,Young Animals,0,0,0,0.000
bench-under-the-turning-tree,"Farmleigh, Dublin",Landscape,Ireland,2025,Acacias,0,0,0,0.000
bench-under-the-turning-tree,"Farmleigh, Dublin",Landscape,Ireland,2025,Aircraft,0,0,0,0.000
bench-under-the-turning-tree,"Farmleigh, Dublin",Landscape,Ireland,2025,Antelope,0,0,0,0.000
bench-under-the-turning-tree,"Farmleigh, Dublin",Landscape,Ireland,2025,Autumn,1,0,0,0.000
bench-under-the-turning-tree,"Farmleigh, Dublin",Landscape,Ireland,2025,Bees,0,0,0,0.000
bench-under-the-turning-tree,"Farmleigh, Dublin",Landscape,Ireland,2025,Big Five,0,0,0,0.000
bench-under-the-turning-tree,"Farmleigh, Dublin",Landscape,Ireland,2025,Birds,0,0,0,0.000
bench-under-the-turning-tree,"Farmleigh, Dublin",Landscape,Ireland,2025,Birds in Flight,0,0,0,0.000
bench-under-the-turning-tree,"Farmleigh, Dublin",Landscape,Ireland,2025,Birds of Prey,0,0,0,0.000
bench-under-the-turning-tree,"Farmleigh, Dublin",Landscape,Ireland,2025,Boats and Ships,0,0,0,0.000
bench-under-the-turning-tree,"Farmleigh, Dublin",Landscape,Ireland,2025,Coast and Sea,0,0,0,0.000
bench-under-the-turning-tree,"Farmleigh, Dublin",Landscape,Ireland,2025,Drought,0,0,0,0.000
bench-under-the-turning-tree,"Farmleigh, Dublin",Landscape,Ireland,2025,Elephants,0,0,0,0.000
bench-under-the-turning-tree,"Farmleigh, Dublin",Landscape,Ireland,2025,Feeding,0,0,0,0.000
bench-under-the-turning-tree,"Farmleigh, Dublin",Landscape,Ireland,2025,Flowers,0,0,0,0.000
bench-under-the-turning-tree,"Farmleigh, Dublin",Landscape,Ireland,2025,Fungi,0,0,0,0.000
bench-under-the-turning-tree,"Farmleigh, Dublin",Landscape,Ireland,2025,Gulls,0,0,0,0.000
bench-under-the-turning-tree,"Farmleigh, Dublin",Landscape,Ireland,2025,Insects,0,0,0,0.000
bench-under-the-turning-tree,"Farmleigh, Dublin",Landscape,Ireland,2025,Martello Towers,0,0,0,0.000
bench-under-the-turning-tree,"Farmleigh, Dublin",Landscape,Ireland,2025,Mountains,0,0,0,0.000
bench-under-the-turning-tree,"Farmleigh, Dublin",Landscape,Ireland,2025,Reflections,0,0,0,0.000
bench-under-the-turning-tree,"Farmleigh, Dublin",Landscape,Ireland,2025,Seabirds,0,0,0,0.000
bench-under-the-turning-tree,"Farmleigh, Dublin",Landscape,Ireland,2025,Silhouettes,0,0,0,0.000
bench-under-the-turning-tree,"Farmleigh, Dublin",Landscape,Ireland,2025,Skies and Cloud,0,0,0,0.000
bench-under-the-turning-tree,"Farmleigh, Dublin",Landscape,Ireland,2025,Skylines,0,0,0,0.000
bench-under-the-turning-tree,"Farmleigh, Dublin",Landscape,Ireland,2025,Spring,0,0,0,0.000
bench-under-the-turning-tree,"Farmleigh, Dublin",Landscape,Ireland,2025,Sunrise and Sunset,0,0,0,0.000
bench-under-the-turning-tree,"Farmleigh, Dublin",Landscape,Ireland,2025,Trees,1,1,1,1.000
bench-under-the-turning-tree,"Farmleigh, Dublin",Landscape,Ireland,2025,Waterbirds,0,0,0,0.000
bench-under-the-turning-tree,"Farmleigh, Dublin",Landscape,Ireland,2025,Waterfronts and Harbours,0,0,0,0.000
bench-under-the-turning-tree,"Farmleigh, Dublin",Landscape,Ireland,2025,Wild Cats,0,0,1,0.500
bench-under-the-turning-tree,"Farmleigh, Dublin",Landscape,Ireland,2025,Winter,0,0,0,0.000
bench-under-the-turning-tree,"Farmleigh, Dublin",Landscape,Ireland,2025,Woodland,0,0,0,0.000
bench-under-the-turning-tree,"Farmleigh, Dublin",Landscape,Ireland,2025,Young Animals,0,0,0,0.000
birch-avenue-in-winter,"Farmleigh, Dublin",Landscape,Ireland,2026,Acacias,0,0,0,0.000
birch-avenue-in-winter,"Farmleigh, Dublin",Landscape,Ireland,2026,Aircraft,0,0,0,0.000
birch-avenue-in-winter,"Farmleigh, Dublin",Landscape,Ireland,2026,Antelope,0,0,0,0.000
birch-avenue-in-winter,"Farmleigh, Dublin",Landscape,Ireland,2026,Autumn,0,0,0,0.000
birch-avenue-in-winter,"Farmleigh, Dublin",Landscape,Ireland,2026,Bees,0,0,0,0.000
birch-avenue-in-winter,"Farmleigh, Dublin",Landscape,Ireland,2026,Big Five,0,0,0,0.000
birch-avenue-in-winter,"Farmleigh, Dublin",Landscape,Ireland,2026,Birds,0,0,0,0.000
birch-avenue-in-winter,"Farmleigh, Dublin",Landscape,Ireland,2026,Birds in Flight,0,0,0,0.000
birch-avenue-in-winter,"Farmleigh, Dublin",Landscape,Ireland,2026,Birds of Prey,0,0,0,0.000
birch-avenue-in-winter,"Farmleigh, Dublin",Landscape,Ireland,2026,Boats and Ships,0,0,0,0.000
birch-avenue-in-winter,"Farmleigh, Dublin",Landscape,Ireland,2026,Coast and Sea,0,0,0,0.000
birch-avenue-in-winter,"Farmleigh, Dublin",Landscape,Ireland,2026,Drought,0,0,0,0.000
birch-avenue-in-winter,"Farmleigh, Dublin",Landscape,Ireland,2026,Elephants,0,0,0,0.000
birch-avenue-in-winter,"Farmleigh, Dublin",Landscape,Ireland,2026,Feeding,0,0,0,0.000
birch-avenue-in-winter,"Farmleigh, Dublin",Landscape,Ireland,2026,Flowers,0,0,0,0.000
birch-avenue-in-winter,"Farmleigh, Dublin",Landscape,Ireland,2026,Fungi,0,0,0,0.000
birch-avenue-in-winter,"Farmleigh, Dublin",Landscape,Ireland,2026,Gulls,0,0,0,0.000
birch-avenue-in-winter,"Farmleigh, Dublin",Landscape,Ireland,2026,Insects,0,0,0,0.000
birch-avenue-in-winter,"Farmleigh, Dublin",Landscape,Ireland,2026,Martello Towers,0,0,0,0.000
birch-avenue-in-winter,"Farmleigh, Dublin",Landscape,Ireland,2026,Mountains,0,0,0,0.000
birch-avenue-in-winter,"Farmleigh, Dublin",Landscape,Ireland,2026,Reflections,0,0,0,0.000
birch-avenue-in-winter,"Farmleigh, Dublin",Landscape,Ireland,2026,Seabirds,0,0,0,0.000
birch-avenue-in-winter,"Farmleigh, Dublin",Landscape,Ireland,2026,Silhouettes,0,0,0,0.000
birch-avenue-in-winter,"Farmleigh, Dublin",Landscape,Ireland,2026,Skies and Cloud,0,0,0,0.000
birch-avenue-in-winter,"Farmleigh, Dublin",Landscape,Ireland,2026,Skylines,0,0,0,0.000
birch-avenue-in-winter,"Farmleigh, Dublin",Landscape,Ireland,2026,Spring,0,0,0,0.000
birch-avenue-in-winter,"Farmleigh, Dublin",Landscape,Ireland,2026,Sunrise and Sunset,0,0,0,0.000
birch-avenue-in-winter,"Farmleigh, Dublin",Landscape,Ireland,2026,Trees,1,0,0,0.000
birch-avenue-in-winter,"Farmleigh, Dublin",Landscape,Ireland,2026,Waterbirds,0,0,0,0.000
birch-avenue-in-winter,"Farmleigh, Dublin",Landscape,Ireland,2026,Waterfronts and Harbours,0,0,0,0.000
birch-avenue-in-winter,"Farmleigh, Dublin",Landscape,Ireland,2026,Wild Cats,0,0,0,0.000
birch-avenue-in-winter,"Farmleigh, Dublin",Landscape,Ireland,2026,Winter,1,1,1,1.000
birch-avenue-in-winter,"Farmleigh, Dublin",Landscape,Ireland,2026,Woodland,0,0,0,0.000
birch-avenue-in-winter,"Farmleigh, Dublin",Landscape,Ireland,2026,Young Animals,0,0,0,0.000
bird-of-prey-at-dawn,"Maasai Mara, October 2025",Wildlife,Kenya,2025,Acacias,0,0,0,0.000
bird-of-prey-at-dawn,"Maasai Mara, October 2025",Wildlife,Kenya,2025,Aircraft,0,0,0,0.000
bird-of-prey-at-dawn,"Maasai Mara, October 2025",Wildlife,Kenya,2025,Antelope,0,0,0,0.000
bird-of-prey-at-dawn,"Maasai Mara, October 2025",Wildlife,Kenya,2025,Autumn,0,0,0,0.000
bird-of-prey-at-dawn,"Maasai Mara, October 2025",Wildlife,Kenya,2025,Bees,0,0,0,0.000
bird-of-prey-at-dawn,"Maasai Mara, October 2025",Wildlife,Kenya,2025,Big Five,0,0,0,0.000
bird-of-prey-at-dawn,"Maasai Mara, October 2025",Wildlife,Kenya,2025,Birds,1,1,1,1.000
bird-of-prey-at-dawn,"Maasai Mara, October 2025",Wildlife,Kenya,2025,Birds in Flight,0,0,1,0.500
bird-of-prey-at-dawn,"Maasai Mara, October 2025",Wildlife,Kenya,2025,Birds of Prey,1,0,1,1.000
bird-of-prey-at-dawn,"Maasai Mara, October 2025",Wildlife,Kenya,2025,Boats and Ships,0,0,0,0.000
bird-of-prey-at-dawn,"Maasai Mara, October 2025",Wildlife,Kenya,2025,Coast and Sea,0,0,0,0.000
bird-of-prey-at-dawn,"Maasai Mara, October 2025",Wildlife,Kenya,2025,Drought,0,0,0,0.000
bird-of-prey-at-dawn,"Maasai Mara, October 2025",Wildlife,Kenya,2025,Elephants,0,0,0,0.000
bird-of-prey-at-dawn,"Maasai Mara, October 2025",Wildlife,Kenya,2025,Feeding,0,0,0,0.000
bird-of-prey-at-dawn,"Maasai Mara, October 2025",Wildlife,Kenya,2025,Flowers,0,0,0,0.000
bird-of-prey-at-dawn,"Maasai Mara, October 2025",Wildlife,Kenya,2025,Fungi,0,0,0,0.000
bird-of-prey-at-dawn,"Maasai Mara, October 2025",Wildlife,Kenya,2025,Gulls,0,0,0,0.000
bird-of-prey-at-dawn,"Maasai Mara, October 2025",Wildlife,Kenya,2025,Insects,0,0,0,0.000
bird-of-prey-at-dawn,"Maasai Mara, October 2025",Wildlife,Kenya,2025,Martello Towers,0,0,0,0.000
bird-of-prey-at-dawn,"Maasai Mara, October 2025",Wildlife,Kenya,2025,Mountains,0,0,0,0.000
bird-of-prey-at-dawn,"Maasai Mara, October 2025",Wildlife,Kenya,2025,Reflections,0,0,0,0.000
bird-of-prey-at-dawn,"Maasai Mara, October 2025",Wildlife,Kenya,2025,Seabirds,0,0,0,0.000
bird-of-prey-at-dawn,"Maasai Mara, October 2025",Wildlife,Kenya,2025,Silhouettes,1,1,1,1.000
bird-of-prey-at-dawn,"Maasai Mara, October 2025",Wildlife,Kenya,2025,Skies and Cloud,1,0,0,0.000
bird-of-prey-at-dawn,"Maasai Mara, October 2025",Wildlife,Kenya,2025,Skylines,0,0,0,0.000
bird-of-prey-at-dawn,"Maasai Mara, October 2025",Wildlife,Kenya,2025,Spring,0,0,0,0.000
bird-of-prey-at-dawn,"Maasai Mara, October 2025",Wildlife,Kenya,2025,Sunrise and Sunset,1,0,0,0.000
bird-of-prey-at-dawn,"Maasai Mara, October 2025",Wildlife,Kenya,2025,Trees,0,0,0,0.000
bird-of-prey-at-dawn,"Maasai Mara, October 2025",Wildlife,Kenya,2025,Waterbirds,0,0,0,0.000
bird-of-prey-at-dawn,"Maasai Mara, October 2025",Wildlife,Kenya,2025,Waterfronts and Harbours,0,0,0,0.000
bird-of-prey-at-dawn,"Maasai Mara, October 2025",Wildlife,Kenya,2025,Wild Cats,0,0,0,0.000
bird-of-prey-at-dawn,"Maasai Mara, October 2025",Wildlife,Kenya,2025,Winter,0,0,0,0.000
bird-of-prey-at-dawn,"Maasai Mara, October 2025",Wildlife,Kenya,2025,Woodland,0,0,0,0.000
bird-of-prey-at-dawn,"Maasai Mara, October 2025",Wildlife,Kenya,2025,Young Animals,0,0,0,0.000
black-rhino-on-the-plains,"Maasai Mara, October 2025",Wildlife,Kenya,2025,Acacias,0,1,1,1.000
black-rhino-on-the-plains,"Maasai Mara, October 2025",Wildlife,Kenya,2025,Aircraft,0,0,0,0.000
black-rhino-on-the-plains,"Maasai Mara, October 2025",Wildlife,Kenya,2025,Antelope,0,0,0,0.000
black-rhino-on-the-plains,"Maasai Mara, October 2025",Wildlife,Kenya,2025,Autumn,0,0,0,0.000
black-rhino-on-the-plains,"Maasai Mara, October 2025",Wildlife,Kenya,2025,Bees,0,0,0,0.000
black-rhino-on-the-plains,"Maasai Mara, October 2025",Wildlife,Kenya,2025,Big Five,1,0,0,0.000
black-rhino-on-the-plains,"Maasai Mara, October 2025",Wildlife,Kenya,2025,Birds,0,0,0,0.000
black-rhino-on-the-plains,"Maasai Mara, October 2025",Wildlife,Kenya,2025,Birds in Flight,0,0,0,0.000
black-rhino-on-the-plains,"Maasai Mara, October 2025",Wildlife,Kenya,2025,Birds of Prey,0,0,0,0.000
black-rhino-on-the-plains,"Maasai Mara, October 2025",Wildlife,Kenya,2025,Boats and Ships,0,0,0,0.000
black-rhino-on-the-plains,"Maasai Mara, October 2025",Wildlife,Kenya,2025,Coast and Sea,0,0,0,0.000
black-rhino-on-the-plains,"Maasai Mara, October 2025",Wildlife,Kenya,2025,Drought,0,0,0,0.000
black-rhino-on-the-plains,"Maasai Mara, October 2025",Wildlife,Kenya,2025,Elephants,0,0,0,0.000
black-rhino-on-the-plains,"Maasai Mara, October 2025",Wildlife,Kenya,2025,Feeding,0,0,0,0.000
black-rhino-on-the-plains,"Maasai Mara, October 2025",Wildlife,Kenya,2025,Flowers,0,0,0,0.000
black-rhino-on-the-plains,"Maasai Mara, October 2025",Wildlife,Kenya,2025,Fungi,0,0,0,0.000
black-rhino-on-the-plains,"Maasai Mara, October 2025",Wildlife,Kenya,2025,Gulls,0,0,0,0.000
black-rhino-on-the-plains,"Maasai Mara, October 2025",Wildlife,Kenya,2025,Insects,0,0,0,0.000
black-rhino-on-the-plains,"Maasai Mara, October 2025",Wildlife,Kenya,2025,Martello Towers,0,0,0,0.000
black-rhino-on-the-plains,"Maasai Mara, October 2025",Wildlife,Kenya,2025,Mountains,0,0,0,0.000
black-rhino-on-the-plains,"Maasai Mara, October 2025",Wildlife,Kenya,2025,Reflections,0,0,0,0.000
black-rhino-on-the-plains,"Maasai Mara, October 2025",Wildlife,Kenya,2025,Seabirds,0,0,0,0.000
black-rhino-on-the-plains,"Maasai Mara, October 2025",Wildlife,Kenya,2025,Silhouettes,0,0,0,0.000
black-rhino-on-the-plains,"Maasai Mara, October 2025",Wildlife,Kenya,2025,Skies and Cloud,0,0,0,0.000
black-rhino-on-the-plains,"Maasai Mara, October 2025",Wildlife,Kenya,2025,Skylines,0,0,0,0.000
black-rhino-on-the-plains,"Maasai Mara, October 2025",Wildlife,Kenya,2025,Spring,0,0,0,0.000
black-rhino-on-the-plains,"Maasai Mara, October 2025",Wildlife,Kenya,2025,Sunrise and Sunset,0,0,0,0.000
black-rhino-on-the-plains,"Maasai Mara, October 2025",Wildlife,Kenya,2025,Trees,0,1,1,1.000
black-rhino-on-the-plains,"Maasai Mara, October 2025",Wildlife,Kenya,2025,Waterbirds,0,0,0,0.000
black-rhino-on-the-plains,"Maasai Mara, October 2025",Wildlife,Kenya,2025,Waterfronts and Harbours,0,0,0,0.000
black-rhino-on-the-plains,"Maasai Mara, October 2025",Wildlife,Kenya,2025,Wild Cats,0,0,0,0.000
black-rhino-on-the-plains,"Maasai Mara, October 2025",Wildlife,Kenya,2025,Winter,0,0,0,0.000
black-rhino-on-the-plains,"Maasai Mara, October 2025",Wildlife,Kenya,2025,Woodland,0,0,0,0.000
black-rhino-on-the-plains,"Maasai Mara, October 2025",Wildlife,Kenya,2025,Young Animals,0,0,0,0.000
black-winged-stilt,"Nairobi National Park, October 2025",Wildlife,Kenya,2025,Acacias,0,0,0,0.000
black-winged-stilt,"Nairobi National Park, October 2025",Wildlife,Kenya,2025,Aircraft,0,0,0,0.000
black-winged-stilt,"Nairobi National Park, October 2025",Wildlife,Kenya,2025,Antelope,0,0,0,0.000
black-winged-stilt,"Nairobi National Park, October 2025",Wildlife,Kenya,2025,Autumn,0,0,0,0.000
black-winged-stilt,"Nairobi National Park, October 2025",Wildlife,Kenya,2025,Bees,0,0,0,0.000
black-winged-stilt,"Nairobi National Park, October 2025",Wildlife,Kenya,2025,Big Five,0,0,0,0.000
black-winged-stilt,"Nairobi National Park, October 2025",Wildlife,Kenya,2025,Birds,1,0,0,0.000
black-winged-stilt,"Nairobi National Park, October 2025",Wildlife,Kenya,2025,Birds in Flight,0,0,0,0.000
black-winged-stilt,"Nairobi National Park, October 2025",Wildlife,Kenya,2025,Birds of Prey,0,0,0,0.000
black-winged-stilt,"Nairobi National Park, October 2025",Wildlife,Kenya,2025,Boats and Ships,0,0,0,0.000
black-winged-stilt,"Nairobi National Park, October 2025",Wildlife,Kenya,2025,Coast and Sea,0,0,0,0.000
black-winged-stilt,"Nairobi National Park, October 2025",Wildlife,Kenya,2025,Drought,0,0,0,0.000
black-winged-stilt,"Nairobi National Park, October 2025",Wildlife,Kenya,2025,Elephants,0,0,0,0.000
black-winged-stilt,"Nairobi National Park, October 2025",Wildlife,Kenya,2025,Feeding,0,0,0,0.000
black-winged-stilt,"Nairobi National Park, October 2025",Wildlife,Kenya,2025,Flowers,0,0,0,0.000
black-winged-stilt,"Nairobi National Park, October 2025",Wildlife,Kenya,2025,Fungi,0,0,0,0.000
black-winged-stilt,"Nairobi National Park, October 2025",Wildlife,Kenya,2025,Gulls,0,0,0,0.000
black-winged-stilt,"Nairobi National Park, October 2025",Wildlife,Kenya,2025,Insects,0,0,0,0.000
black-winged-stilt,"Nairobi National Park, October 2025",Wildlife,Kenya,2025,Martello Towers,0,0,0,0.000
black-winged-stilt,"Nairobi National Park, October 2025",Wildlife,Kenya,2025,Mountains,0,0,0,0.000
black-winged-stilt,"Nairobi National Park, October 2025",Wildlife,Kenya,2025,Reflections,1,1,1,1.000
black-winged-stilt,"Nairobi National Park, October 2025",Wildlife,Kenya,2025,Seabirds,0,0,0,0.000
black-winged-stilt,"Nairobi National Park, October 2025",Wildlife,Kenya,2025,Silhouettes,0,0,0,0.000
black-winged-stilt,"Nairobi National Park, October 2025",Wildlife,Kenya,2025,Skies and Cloud,0,0,0,0.000
black-winged-stilt,"Nairobi National Park, October 2025",Wildlife,Kenya,2025,Skylines,0,0,0,0.000
black-winged-stilt,"Nairobi National Park, October 2025",Wildlife,Kenya,2025,Spring,0,0,0,0.000
black-winged-stilt,"Nairobi National Park, October 2025",Wildlife,Kenya,2025,Sunrise and Sunset,0,0,0,0.000
black-winged-stilt,"Nairobi National Park, October 2025",Wildlife,Kenya,2025,Trees,0,0,0,0.000
black-winged-stilt,"Nairobi National Park, October 2025",Wildlife,Kenya,2025,Waterbirds,1,0,0,0.000
black-winged-stilt,"Nairobi National Park, October 2025",Wildlife,Kenya,2025,Waterfronts and Harbours,0,0,0,0.000
black-winged-stilt,"Nairobi National Park, October 2025",Wildlife,Kenya,2025,Wild Cats,0,0,0,0.000
black-winged-stilt,"Nairobi National Park, October 2025",Wildlife,Kenya,2025,Winter,0,0,0,0.000
black-winged-stilt,"Nairobi National Park, October 2025",Wildlife,Kenya,2025,Woodland,0,0,0,0.000
black-winged-stilt,"Nairobi National Park, October 2025",Wildlife,Kenya,2025,Young Animals,0,0,0,0.000
blackbird-singing,"Marlay Park, April 2026",Wildlife,Ireland,2026,Acacias,0,0,0,0.000
blackbird-singing,"Marlay Park, April 2026",Wildlife,Ireland,2026,Aircraft,0,0,0,0.000
blackbird-singing,"Marlay Park, April 2026",Wildlife,Ireland,2026,Antelope,0,0,0,0.000
blackbird-singing,"Marlay Park, April 2026",Wildlife,Ireland,2026,Autumn,0,0,0,0.000
blackbird-singing,"Marlay Park, April 2026",Wildlife,Ireland,2026,Bees,0,0,0,0.000
blackbird-singing,"Marlay Park, April 2026",Wildlife,Ireland,2026,Big Five,0,0,0,0.000
blackbird-singing,"Marlay Park, April 2026",Wildlife,Ireland,2026,Birds,1,1,1,1.000
blackbird-singing,"Marlay Park, April 2026",Wildlife,Ireland,2026,Birds in Flight,0,0,1,0.500
blackbird-singing,"Marlay Park, April 2026",Wildlife,Ireland,2026,Birds of Prey,0,0,1,0.500
blackbird-singing,"Marlay Park, April 2026",Wildlife,Ireland,2026,Boats and Ships,0,0,0,0.000
blackbird-singing,"Marlay Park, April 2026",Wildlife,Ireland,2026,Coast and Sea,0,0,0,0.000
blackbird-singing,"Marlay Park, April 2026",Wildlife,Ireland,2026,Drought,0,0,0,0.000
blackbird-singing,"Marlay Park, April 2026",Wildlife,Ireland,2026,Elephants,0,0,0,0.000
blackbird-singing,"Marlay Park, April 2026",Wildlife,Ireland,2026,Feeding,0,0,0,0.000
blackbird-singing,"Marlay Park, April 2026",Wildlife,Ireland,2026,Flowers,0,0,0,0.000
blackbird-singing,"Marlay Park, April 2026",Wildlife,Ireland,2026,Fungi,0,0,0,0.000
blackbird-singing,"Marlay Park, April 2026",Wildlife,Ireland,2026,Gulls,0,0,0,0.000
blackbird-singing,"Marlay Park, April 2026",Wildlife,Ireland,2026,Insects,0,0,0,0.000
blackbird-singing,"Marlay Park, April 2026",Wildlife,Ireland,2026,Martello Towers,0,0,0,0.000
blackbird-singing,"Marlay Park, April 2026",Wildlife,Ireland,2026,Mountains,0,0,0,0.000
blackbird-singing,"Marlay Park, April 2026",Wildlife,Ireland,2026,Reflections,0,0,0,0.000
blackbird-singing,"Marlay Park, April 2026",Wildlife,Ireland,2026,Seabirds,0,0,0,0.000
blackbird-singing,"Marlay Park, April 2026",Wildlife,Ireland,2026,Silhouettes,1,1,1,1.000
blackbird-singing,"Marlay Park, April 2026",Wildlife,Ireland,2026,Skies and Cloud,1,0,0,0.000
blackbird-singing,"Marlay Park, April 2026",Wildlife,Ireland,2026,Skylines,0,0,0,0.000
blackbird-singing,"Marlay Park, April 2026",Wildlife,Ireland,2026,Spring,0,0,0,0.000
blackbird-singing,"Marlay Park, April 2026",Wildlife,Ireland,2026,Sunrise and Sunset,0,0,0,0.000
blackbird-singing,"Marlay Park, April 2026",Wildlife,Ireland,2026,Trees,0,1,1,1.000
blackbird-singing,"Marlay Park, April 2026",Wildlife,Ireland,2026,Waterbirds,0,0,0,0.000
blackbird-singing,"Marlay Park, April 2026",Wildlife,Ireland,2026,Waterfronts and Harbours,0,0,0,0.000
blackbird-singing,"Marlay Park, April 2026",Wildlife,Ireland,2026,Wild Cats,0,0,0,0.000
blackbird-singing,"Marlay Park, April 2026",Wildlife,Ireland,2026,Winter,0,0,0,0.000
blackbird-singing,"Marlay Park, April 2026",Wildlife,Ireland,2026,Woodland,0,0,0,0.000
blackbird-singing,"Marlay Park, April 2026",Wildlife,Ireland,2026,Young Animals,0,0,0,0.000
blossom-tree-at-farmleigh,"Farmleigh, Dublin",Landscape,Ireland,2024,Acacias,0,0,0,0.000
blossom-tree-at-farmleigh,"Farmleigh, Dublin",Landscape,Ireland,2024,Aircraft,0,0,0,0.000
blossom-tree-at-farmleigh,"Farmleigh, Dublin",Landscape,Ireland,2024,Antelope,0,0,0,0.000
blossom-tree-at-farmleigh,"Farmleigh, Dublin",Landscape,Ireland,2024,Autumn,0,0,0,0.000
blossom-tree-at-farmleigh,"Farmleigh, Dublin",Landscape,Ireland,2024,Bees,0,0,0,0.000
blossom-tree-at-farmleigh,"Farmleigh, Dublin",Landscape,Ireland,2024,Big Five,0,0,0,0.000
blossom-tree-at-farmleigh,"Farmleigh, Dublin",Landscape,Ireland,2024,Birds,0,0,0,0.000
blossom-tree-at-farmleigh,"Farmleigh, Dublin",Landscape,Ireland,2024,Birds in Flight,0,0,0,0.000
blossom-tree-at-farmleigh,"Farmleigh, Dublin",Landscape,Ireland,2024,Birds of Prey,0,0,0,0.000
blossom-tree-at-farmleigh,"Farmleigh, Dublin",Landscape,Ireland,2024,Boats and Ships,0,0,0,0.000
blossom-tree-at-farmleigh,"Farmleigh, Dublin",Landscape,Ireland,2024,Coast and Sea,0,0,0,0.000
blossom-tree-at-farmleigh,"Farmleigh, Dublin",Landscape,Ireland,2024,Drought,0,0,0,0.000
blossom-tree-at-farmleigh,"Farmleigh, Dublin",Landscape,Ireland,2024,Elephants,0,0,0,0.000
blossom-tree-at-farmleigh,"Farmleigh, Dublin",Landscape,Ireland,2024,Feeding,0,0,0,0.000
blossom-tree-at-farmleigh,"Farmleigh, Dublin",Landscape,Ireland,2024,Flowers,1,0,0,0.000
blossom-tree-at-farmleigh,"Farmleigh, Dublin",Landscape,Ireland,2024,Fungi,0,0,0,0.000
blossom-tree-at-farmleigh,"Farmleigh, Dublin",Landscape,Ireland,2024,Gulls,0,0,0,0.000
blossom-tree-at-farmleigh,"Farmleigh, Dublin",Landscape,Ireland,2024,Insects,0,0,0,0.000
blossom-tree-at-farmleigh,"Farmleigh, Dublin",Landscape,Ireland,2024,Martello Towers,0,0,0,0.000
blossom-tree-at-farmleigh,"Farmleigh, Dublin",Landscape,Ireland,2024,Mountains,0,0,0,0.000
blossom-tree-at-farmleigh,"Farmleigh, Dublin",Landscape,Ireland,2024,Reflections,0,0,0,0.000
blossom-tree-at-farmleigh,"Farmleigh, Dublin",Landscape,Ireland,2024,Seabirds,0,0,0,0.000
blossom-tree-at-farmleigh,"Farmleigh, Dublin",Landscape,Ireland,2024,Silhouettes,0,0,0,0.000
blossom-tree-at-farmleigh,"Farmleigh, Dublin",Landscape,Ireland,2024,Skies and Cloud,0,0,0,0.000
blossom-tree-at-farmleigh,"Farmleigh, Dublin",Landscape,Ireland,2024,Skylines,0,0,0,0.000
blossom-tree-at-farmleigh,"Farmleigh, Dublin",Landscape,Ireland,2024,Spring,1,0,0,0.000
blossom-tree-at-farmleigh,"Farmleigh, Dublin",Landscape,Ireland,2024,Sunrise and Sunset,0,0,0,0.000
blossom-tree-at-farmleigh,"Farmleigh, Dublin",Landscape,Ireland,2024,Trees,1,1,1,1.000
blossom-tree-at-farmleigh,"Farmleigh, Dublin",Landscape,Ireland,2024,Waterbirds,0,0,0,0.000
blossom-tree-at-farmleigh,"Farmleigh, Dublin",Landscape,Ireland,2024,Waterfronts and Harbours,0,0,0,0.000
blossom-tree-at-farmleigh,"Farmleigh, Dublin",Landscape,Ireland,2024,Wild Cats,0,0,0,0.000
blossom-tree-at-farmleigh,"Farmleigh, Dublin",Landscape,Ireland,2024,Winter,0,0,0,0.000
blossom-tree-at-farmleigh,"Farmleigh, Dublin",Landscape,Ireland,2024,Woodland,0,0,0,0.000
blossom-tree-at-farmleigh,"Farmleigh, Dublin",Landscape,Ireland,2024,Young Animals,0,0,0,0.000
blush-rose-unfurling,"St Anne's Park, July 2026",Macro,Ireland,2026,Acacias,0,0,0,0.000
blush-rose-unfurling,"St Anne's Park, July 2026",Macro,Ireland,2026,Aircraft,0,0,0,0.000
blush-rose-unfurling,"St Anne's Park, July 2026",Macro,Ireland,2026,Antelope,0,0,0,0.000
blush-rose-unfurling,"St Anne's Park, July 2026",Macro,Ireland,2026,Autumn,0,0,0,0.000
blush-rose-unfurling,"St Anne's Park, July 2026",Macro,Ireland,2026,Bees,0,0,0,0.000
blush-rose-unfurling,"St Anne's Park, July 2026",Macro,Ireland,2026,Big Five,0,0,0,0.000
blush-rose-unfurling,"St Anne's Park, July 2026",Macro,Ireland,2026,Birds,0,0,0,0.000
blush-rose-unfurling,"St Anne's Park, July 2026",Macro,Ireland,2026,Birds in Flight,0,0,0,0.000
blush-rose-unfurling,"St Anne's Park, July 2026",Macro,Ireland,2026,Birds of Prey,0,0,0,0.000
blush-rose-unfurling,"St Anne's Park, July 2026",Macro,Ireland,2026,Boats and Ships,0,0,0,0.000
blush-rose-unfurling,"St Anne's Park, July 2026",Macro,Ireland,2026,Coast and Sea,0,0,0,0.000
blush-rose-unfurling,"St Anne's Park, July 2026",Macro,Ireland,2026,Drought,0,0,0,0.000
blush-rose-unfurling,"St Anne's Park, July 2026",Macro,Ireland,2026,Elephants,0,0,0,0.000
blush-rose-unfurling,"St Anne's Park, July 2026",Macro,Ireland,2026,Feeding,0,0,0,0.000
blush-rose-unfurling,"St Anne's Park, July 2026",Macro,Ireland,2026,Flowers,1,0,0,0.000
blush-rose-unfurling,"St Anne's Park, July 2026",Macro,Ireland,2026,Fungi,0,0,0,0.000
blush-rose-unfurling,"St Anne's Park, July 2026",Macro,Ireland,2026,Gulls,0,0,0,0.000
blush-rose-unfurling,"St Anne's Park, July 2026",Macro,Ireland,2026,Insects,0,0,0,0.000
blush-rose-unfurling,"St Anne's Park, July 2026",Macro,Ireland,2026,Martello Towers,0,0,0,0.000
blush-rose-unfurling,"St Anne's Park, July 2026",Macro,Ireland,2026,Mountains,0,0,0,0.000
blush-rose-unfurling,"St Anne's Park, July 2026",Macro,Ireland,2026,Reflections,0,0,0,0.000
blush-rose-unfurling,"St Anne's Park, July 2026",Macro,Ireland,2026,Seabirds,0,0,0,0.000
blush-rose-unfurling,"St Anne's Park, July 2026",Macro,Ireland,2026,Silhouettes,0,0,0,0.000
blush-rose-unfurling,"St Anne's Park, July 2026",Macro,Ireland,2026,Skies and Cloud,0,0,0,0.000
blush-rose-unfurling,"St Anne's Park, July 2026",Macro,Ireland,2026,Skylines,0,0,0,0.000
blush-rose-unfurling,"St Anne's Park, July 2026",Macro,Ireland,2026,Spring,0,0,0,0.000
blush-rose-unfurling,"St Anne's Park, July 2026",Macro,Ireland,2026,Sunrise and Sunset,0,0,0,0.000
blush-rose-unfurling,"St Anne's Park, July 2026",Macro,Ireland,2026,Trees,0,0,0,0.000
blush-rose-unfurling,"St Anne's Park, July 2026",Macro,Ireland,2026,Waterbirds,0,0,0,0.000
blush-rose-unfurling,"St Anne's Park, July 2026",Macro,Ireland,2026,Waterfronts and Harbours,0,0,0,0.000
blush-rose-unfurling,"St Anne's Park, July 2026",Macro,Ireland,2026,Wild Cats,0,0,0,0.000
blush-rose-unfurling,"St Anne's Park, July 2026",Macro,Ireland,2026,Winter,0,0,0,0.000
blush-rose-unfurling,"St Anne's Park, July 2026",Macro,Ireland,2026,Woodland,0,0,0,0.000
blush-rose-unfurling,"St Anne's Park, July 2026",Macro,Ireland,2026,Young Animals,0,0,0,0.000
bull-elephant-portrait,"Amboseli, October 2025",Wildlife,Kenya,2025,Acacias,0,0,0,0.000
bull-elephant-portrait,"Amboseli, October 2025",Wildlife,Kenya,2025,Aircraft,0,0,0,0.000
bull-elephant-portrait,"Amboseli, October 2025",Wildlife,Kenya,2025,Antelope,0,0,0,0.000
bull-elephant-portrait,"Amboseli, October 2025",Wildlife,Kenya,2025,Autumn,0,0,0,0.000
bull-elephant-portrait,"Amboseli, October 2025",Wildlife,Kenya,2025,Bees,0,0,0,0.000
bull-elephant-portrait,"Amboseli, October 2025",Wildlife,Kenya,2025,Big Five,1,0,0,0.000
bull-elephant-portrait,"Amboseli, October 2025",Wildlife,Kenya,2025,Birds,0,0,0,0.000
bull-elephant-portrait,"Amboseli, October 2025",Wildlife,Kenya,2025,Birds in Flight,0,0,0,0.000
bull-elephant-portrait,"Amboseli, October 2025",Wildlife,Kenya,2025,Birds of Prey,0,0,0,0.000
bull-elephant-portrait,"Amboseli, October 2025",Wildlife,Kenya,2025,Boats and Ships,0,0,0,0.000
bull-elephant-portrait,"Amboseli, October 2025",Wildlife,Kenya,2025,Coast and Sea,0,0,0,0.000
bull-elephant-portrait,"Amboseli, October 2025",Wildlife,Kenya,2025,Drought,0,0,0,0.000
bull-elephant-portrait,"Amboseli, October 2025",Wildlife,Kenya,2025,Elephants,1,1,1,1.000
bull-elephant-portrait,"Amboseli, October 2025",Wildlife,Kenya,2025,Feeding,0,0,0,0.000
bull-elephant-portrait,"Amboseli, October 2025",Wildlife,Kenya,2025,Flowers,0,0,0,0.000
bull-elephant-portrait,"Amboseli, October 2025",Wildlife,Kenya,2025,Fungi,0,0,0,0.000
bull-elephant-portrait,"Amboseli, October 2025",Wildlife,Kenya,2025,Gulls,0,0,0,0.000
bull-elephant-portrait,"Amboseli, October 2025",Wildlife,Kenya,2025,Insects,0,0,0,0.000
bull-elephant-portrait,"Amboseli, October 2025",Wildlife,Kenya,2025,Martello Towers,0,0,0,0.000
bull-elephant-portrait,"Amboseli, October 2025",Wildlife,Kenya,2025,Mountains,0,0,0,0.000
bull-elephant-portrait,"Amboseli, October 2025",Wildlife,Kenya,2025,Reflections,0,0,0,0.000
bull-elephant-portrait,"Amboseli, October 2025",Wildlife,Kenya,2025,Seabirds,0,0,0,0.000
bull-elephant-portrait,"Amboseli, October 2025",Wildlife,Kenya,2025,Silhouettes,0,0,0,0.000
bull-elephant-portrait,"Amboseli, October 2025",Wildlife,Kenya,2025,Skies and Cloud,0,0,0,0.000
bull-elephant-portrait,"Amboseli, October 2025",Wildlife,Kenya,2025,Skylines,0,0,0,0.000
bull-elephant-portrait,"Amboseli, October 2025",Wildlife,Kenya,2025,Spring,0,0,0,0.000
bull-elephant-portrait,"Amboseli, October 2025",Wildlife,Kenya,2025,Sunrise and Sunset,0,0,0,0.000
bull-elephant-portrait,"Amboseli, October 2025",Wildlife,Kenya,2025,Trees,0,0,0,0.000
bull-elephant-portrait,"Amboseli, October 2025",Wildlife,Kenya,2025,Waterbirds,0,0,0,0.000
bull-elephant-portrait,"Amboseli, October 2025",Wildlife,Kenya,2025,Waterfronts and Harbours,0,0,0,0.000
bull-elephant-portrait,"Amboseli, October 2025",Wildlife,Kenya,2025,Wild Cats,0,0,0,0.000
bull-elephant-portrait,"Amboseli, October 2025",Wildlife,Kenya,2025,Winter,0,0,0,0.000
bull-elephant-portrait,"Amboseli, October 2025",Wildlife,Kenya,2025,Woodland,0,0,0,0.000
bull-elephant-portrait,"Amboseli, October 2025",Wildlife,Kenya,2025,Young Animals,0,0,0,0.000
bumblebee-on-giant-scabious,"Farmleigh, Dublin",Nature,Ireland,2024,Acacias,0,0,0,0.000
bumblebee-on-giant-scabious,"Farmleigh, Dublin",Nature,Ireland,2024,Aircraft,0,0,0,0.000
bumblebee-on-giant-scabious,"Farmleigh, Dublin",Nature,Ireland,2024,Antelope,0,0,0,0.000
bumblebee-on-giant-scabious,"Farmleigh, Dublin",Nature,Ireland,2024,Autumn,0,0,0,0.000
bumblebee-on-giant-scabious,"Farmleigh, Dublin",Nature,Ireland,2024,Bees,1,1,1,1.000
bumblebee-on-giant-scabious,"Farmleigh, Dublin",Nature,Ireland,2024,Big Five,0,0,0,0.000
bumblebee-on-giant-scabious,"Farmleigh, Dublin",Nature,Ireland,2024,Birds,0,0,0,0.000
bumblebee-on-giant-scabious,"Farmleigh, Dublin",Nature,Ireland,2024,Birds in Flight,0,0,0,0.000
bumblebee-on-giant-scabious,"Farmleigh, Dublin",Nature,Ireland,2024,Birds of Prey,0,0,0,0.000
bumblebee-on-giant-scabious,"Farmleigh, Dublin",Nature,Ireland,2024,Boats and Ships,0,0,0,0.000
bumblebee-on-giant-scabious,"Farmleigh, Dublin",Nature,Ireland,2024,Coast and Sea,0,0,0,0.000
bumblebee-on-giant-scabious,"Farmleigh, Dublin",Nature,Ireland,2024,Drought,0,0,0,0.000
bumblebee-on-giant-scabious,"Farmleigh, Dublin",Nature,Ireland,2024,Elephants,0,0,0,0.000
bumblebee-on-giant-scabious,"Farmleigh, Dublin",Nature,Ireland,2024,Feeding,0,1,1,1.000
bumblebee-on-giant-scabious,"Farmleigh, Dublin",Nature,Ireland,2024,Flowers,1,1,1,1.000
bumblebee-on-giant-scabious,"Farmleigh, Dublin",Nature,Ireland,2024,Fungi,0,0,0,0.000
bumblebee-on-giant-scabious,"Farmleigh, Dublin",Nature,Ireland,2024,Gulls,0,0,0,0.000
bumblebee-on-giant-scabious,"Farmleigh, Dublin",Nature,Ireland,2024,Insects,1,0,0,0.000
bumblebee-on-giant-scabious,"Farmleigh, Dublin",Nature,Ireland,2024,Martello Towers,0,0,0,0.000
bumblebee-on-giant-scabious,"Farmleigh, Dublin",Nature,Ireland,2024,Mountains,0,0,0,0.000
bumblebee-on-giant-scabious,"Farmleigh, Dublin",Nature,Ireland,2024,Reflections,0,0,0,0.000
bumblebee-on-giant-scabious,"Farmleigh, Dublin",Nature,Ireland,2024,Seabirds,0,0,0,0.000
bumblebee-on-giant-scabious,"Farmleigh, Dublin",Nature,Ireland,2024,Silhouettes,0,0,0,0.000
bumblebee-on-giant-scabious,"Farmleigh, Dublin",Nature,Ireland,2024,Skies and Cloud,0,0,0,0.000
bumblebee-on-giant-scabious,"Farmleigh, Dublin",Nature,Ireland,2024,Skylines,0,0,0,0.000
bumblebee-on-giant-scabious,"Farmleigh, Dublin",Nature,Ireland,2024,Spring,0,0,0,0.000
bumblebee-on-giant-scabious,"Farmleigh, Dublin",Nature,Ireland,2024,Sunrise and Sunset,0,0,0,0.000
bumblebee-on-giant-scabious,"Farmleigh, Dublin",Nature,Ireland,2024,Trees,0,0,0,0.000
bumblebee-on-giant-scabious,"Farmleigh, Dublin",Nature,Ireland,2024,Waterbirds,0,0,0,0.000
bumblebee-on-giant-scabious,"Farmleigh, Dublin",Nature,Ireland,2024,Waterfronts and Harbours,0,0,0,0.000
bumblebee-on-giant-scabious,"Farmleigh, Dublin",Nature,Ireland,2024,Wild Cats,0,0,0,0.000
bumblebee-on-giant-scabious,"Farmleigh, Dublin",Nature,Ireland,2024,Winter,0,0,0,0.000
bumblebee-on-giant-scabious,"Farmleigh, Dublin",Nature,Ireland,2024,Woodland,0,0,0,0.000
bumblebee-on-giant-scabious,"Farmleigh, Dublin",Nature,Ireland,2024,Young Animals,0,0,0,0.000
bumblebee-on-golden-rose,"St Anne's Park, July 2026",Macro,Ireland,2026,Acacias,0,0,0,0.000
bumblebee-on-golden-rose,"St Anne's Park, July 2026",Macro,Ireland,2026,Aircraft,0,0,0,0.000
bumblebee-on-golden-rose,"St Anne's Park, July 2026",Macro,Ireland,2026,Antelope,0,0,0,0.000
bumblebee-on-golden-rose,"St Anne's Park, July 2026",Macro,Ireland,2026,Autumn,0,0,0,0.000
bumblebee-on-golden-rose,"St Anne's Park, July 2026",Macro,Ireland,2026,Bees,1,1,1,1.000
bumblebee-on-golden-rose,"St Anne's Park, July 2026",Macro,Ireland,2026,Big Five,0,0,0,0.000
bumblebee-on-golden-rose,"St Anne's Park, July 2026",Macro,Ireland,2026,Birds,0,0,0,0.000
bumblebee-on-golden-rose,"St Anne's Park, July 2026",Macro,Ireland,2026,Birds in Flight,0,0,0,0.000
bumblebee-on-golden-rose,"St Anne's Park, July 2026",Macro,Ireland,2026,Birds of Prey,0,0,0,0.000
bumblebee-on-golden-rose,"St Anne's Park, July 2026",Macro,Ireland,2026,Boats and Ships,0,0,0,0.000
bumblebee-on-golden-rose,"St Anne's Park, July 2026",Macro,Ireland,2026,Coast and Sea,0,0,0,0.000
bumblebee-on-golden-rose,"St Anne's Park, July 2026",Macro,Ireland,2026,Drought,0,0,0,0.000
bumblebee-on-golden-rose,"St Anne's Park, July 2026",Macro,Ireland,2026,Elephants,0,0,0,0.000
bumblebee-on-golden-rose,"St Anne's Park, July 2026",Macro,Ireland,2026,Feeding,0,0,0,0.000
bumblebee-on-golden-rose,"St Anne's Park, July 2026",Macro,Ireland,2026,Flowers,1,0,0,0.000
bumblebee-on-golden-rose,"St Anne's Park, July 2026",Macro,Ireland,2026,Fungi,0,0,0,0.000
bumblebee-on-golden-rose,"St Anne's Park, July 2026",Macro,Ireland,2026,Gulls,0,0,0,0.000
bumblebee-on-golden-rose,"St Anne's Park, July 2026",Macro,Ireland,2026,Insects,1,0,0,0.000
bumblebee-on-golden-rose,"St Anne's Park, July 2026",Macro,Ireland,2026,Martello Towers,0,0,0,0.000
bumblebee-on-golden-rose,"St Anne's Park, July 2026",Macro,Ireland,2026,Mountains,0,0,0,0.000
bumblebee-on-golden-rose,"St Anne's Park, July 2026",Macro,Ireland,2026,Reflections,0,0,0,0.000
bumblebee-on-golden-rose,"St Anne's Park, July 2026",Macro,Ireland,2026,Seabirds,0,0,0,0.000
bumblebee-on-golden-rose,"St Anne's Park, July 2026",Macro,Ireland,2026,Silhouettes,0,0,0,0.000
bumblebee-on-golden-rose,"St Anne's Park, July 2026",Macro,Ireland,2026,Skies and Cloud,0,0,0,0.000
bumblebee-on-golden-rose,"St Anne's Park, July 2026",Macro,Ireland,2026,Skylines,0,0,0,0.000
bumblebee-on-golden-rose,"St Anne's Park, July 2026",Macro,Ireland,2026,Spring,0,0,0,0.000
bumblebee-on-golden-rose,"St Anne's Park, July 2026",Macro,Ireland,2026,Sunrise and Sunset,0,0,0,0.000
bumblebee-on-golden-rose,"St Anne's Park, July 2026",Macro,Ireland,2026,Trees,0,0,0,0.000
bumblebee-on-golden-rose,"St Anne's Park, July 2026",Macro,Ireland,2026,Waterbirds,0,0,0,0.000
bumblebee-on-golden-rose,"St Anne's Park, July 2026",Macro,Ireland,2026,Waterfronts and Harbours,0,0,0,0.000
bumblebee-on-golden-rose,"St Anne's Park, July 2026",Macro,Ireland,2026,Wild Cats,0,0,0,0.000
bumblebee-on-golden-rose,"St Anne's Park, July 2026",Macro,Ireland,2026,Winter,0,0,0,0.000
bumblebee-on-golden-rose,"St Anne's Park, July 2026",Macro,Ireland,2026,Woodland,0,0,0,0.000
bumblebee-on-golden-rose,"St Anne's Park, July 2026",Macro,Ireland,2026,Young Animals,0,0,0,0.000
cactus-dahlia,"Farmleigh, Dublin",Nature,Ireland,2026,Acacias,0,0,0,0.000
cactus-dahlia,"Farmleigh, Dublin",Nature,Ireland,2026,Aircraft,0,0,0,0.000
cactus-dahlia,"Farmleigh, Dublin",Nature,Ireland,2026,Antelope,0,0,0,0.000
cactus-dahlia,"Farmleigh, Dublin",Nature,Ireland,2026,Autumn,0,0,0,0.000
cactus-dahlia,"Farmleigh, Dublin",Nature,Ireland,2026,Bees,0,0,0,0.000
cactus-dahlia,"Farmleigh, Dublin",Nature,Ireland,2026,Big Five,0,0,0,0.000
cactus-dahlia,"Farmleigh, Dublin",Nature,Ireland,2026,Birds,0,0,0,0.000
cactus-dahlia,"Farmleigh, Dublin",Nature,Ireland,2026,Birds in Flight,0,0,0,0.000
cactus-dahlia,"Farmleigh, Dublin",Nature,Ireland,2026,Birds of Prey,0,0,0,0.000
cactus-dahlia,"Farmleigh, Dublin",Nature,Ireland,2026,Boats and Ships,0,0,0,0.000
cactus-dahlia,"Farmleigh, Dublin",Nature,Ireland,2026,Coast and Sea,0,0,0,0.000
cactus-dahlia,"Farmleigh, Dublin",Nature,Ireland,2026,Drought,0,0,0,0.000
cactus-dahlia,"Farmleigh, Dublin",Nature,Ireland,2026,Elephants,0,0,0,0.000
cactus-dahlia,"Farmleigh, Dublin",Nature,Ireland,2026,Feeding,0,0,0,0.000
cactus-dahlia,"Farmleigh, Dublin",Nature,Ireland,2026,Flowers,1,0,0,0.000
cactus-dahlia,"Farmleigh, Dublin",Nature,Ireland,2026,Fungi,0,0,0,0.000
cactus-dahlia,"Farmleigh, Dublin",Nature,Ireland,2026,Gulls,0,0,0,0.000
cactus-dahlia,"Farmleigh, Dublin",Nature,Ireland,2026,Insects,0,0,0,0.000
cactus-dahlia,"Farmleigh, Dublin",Nature,Ireland,2026,Martello Towers,0,0,0,0.000
cactus-dahlia,"Farmleigh, Dublin",Nature,Ireland,2026,Mountains,0,0,0,0.000
cactus-dahlia,"Farmleigh, Dublin",Nature,Ireland,2026,Reflections,0,0,0,0.000
cactus-dahlia,"Farmleigh, Dublin",Nature,Ireland,2026,Seabirds,0,0,0,0.000
cactus-dahlia,"Farmleigh, Dublin",Nature,Ireland,2026,Silhouettes,0,0,0,0.000
cactus-dahlia,"Farmleigh, Dublin",Nature,Ireland,2026,Skies and Cloud,0,0,0,0.000
cactus-dahlia,"Farmleigh, Dublin",Nature,Ireland,2026,Skylines,0,0,0,0.000
cactus-dahlia,"Farmleigh, Dublin",Nature,Ireland,2026,Spring,0,0,0,0.000
cactus-dahlia,"Farmleigh, Dublin",Nature,Ireland,2026,Sunrise and Sunset,0,0,0,0.000
cactus-dahlia,"Farmleigh, Dublin",Nature,Ireland,2026,Trees,0,0,0,0.000
cactus-dahlia,"Farmleigh, Dublin",Nature,Ireland,2026,Waterbirds,0,0,0,0.000
cactus-dahlia,"Farmleigh, Dublin",Nature,Ireland,2026,Waterfronts and Harbours,0,0,0,0.000
cactus-dahlia,"Farmleigh, Dublin",Nature,Ireland,2026,Wild Cats,0,0,0,0.000
cactus-dahlia,"Farmleigh, Dublin",Nature,Ireland,2026,Winter,0,0,0,0.000
cactus-dahlia,"Farmleigh, Dublin",Nature,Ireland,2026,Woodland,0,0,0,0.000
cactus-dahlia,"Farmleigh, Dublin",Nature,Ireland,2026,Young Animals,0,0,0,0.000
cape-buffalo-in-mono,"Maasai Mara, October 2025",Wildlife,Kenya,2025,Acacias,0,0,0,0.000
cape-buffalo-in-mono,"Maasai Mara, October 2025",Wildlife,Kenya,2025,Aircraft,0,0,0,0.000
cape-buffalo-in-mono,"Maasai Mara, October 2025",Wildlife,Kenya,2025,Antelope,0,0,0,0.000
cape-buffalo-in-mono,"Maasai Mara, October 2025",Wildlife,Kenya,2025,Autumn,0,0,0,0.000
cape-buffalo-in-mono,"Maasai Mara, October 2025",Wildlife,Kenya,2025,Bees,0,0,0,0.000
cape-buffalo-in-mono,"Maasai Mara, October 2025",Wildlife,Kenya,2025,Big Five,1,0,0,0.000
cape-buffalo-in-mono,"Maasai Mara, October 2025",Wildlife,Kenya,2025,Birds,0,0,0,0.000
cape-buffalo-in-mono,"Maasai Mara, October 2025",Wildlife,Kenya,2025,Birds in Flight,0,0,0,0.000
cape-buffalo-in-mono,"Maasai Mara, October 2025",Wildlife,Kenya,2025,Birds of Prey,0,0,0,0.000
cape-buffalo-in-mono,"Maasai Mara, October 2025",Wildlife,Kenya,2025,Boats and Ships,0,0,0,0.000
cape-buffalo-in-mono,"Maasai Mara, October 2025",Wildlife,Kenya,2025,Coast and Sea,0,0,0,0.000
cape-buffalo-in-mono,"Maasai Mara, October 2025",Wildlife,Kenya,2025,Drought,0,0,0,0.000
cape-buffalo-in-mono,"Maasai Mara, October 2025",Wildlife,Kenya,2025,Elephants,0,0,0,0.000
cape-buffalo-in-mono,"Maasai Mara, October 2025",Wildlife,Kenya,2025,Feeding,0,0,0,0.000
cape-buffalo-in-mono,"Maasai Mara, October 2025",Wildlife,Kenya,2025,Flowers,0,0,0,0.000
cape-buffalo-in-mono,"Maasai Mara, October 2025",Wildlife,Kenya,2025,Fungi,0,0,0,0.000
cape-buffalo-in-mono,"Maasai Mara, October 2025",Wildlife,Kenya,2025,Gulls,0,0,0,0.000
cape-buffalo-in-mono,"Maasai Mara, October 2025",Wildlife,Kenya,2025,Insects,0,0,0,0.000
cape-buffalo-in-mono,"Maasai Mara, October 2025",Wildlife,Kenya,2025,Martello Towers,0,0,0,0.000
cape-buffalo-in-mono,"Maasai Mara, October 2025",Wildlife,Kenya,2025,Mountains,0,0,0,0.000
cape-buffalo-in-mono,"Maasai Mara, October 2025",Wildlife,Kenya,2025,Reflections,0,0,0,0.000
cape-buffalo-in-mono,"Maasai Mara, October 2025",Wildlife,Kenya,2025,Seabirds,0,0,0,0.000
cape-buffalo-in-mono,"Maasai Mara, October 2025",Wildlife,Kenya,2025,Silhouettes,0,0,0,0.000
cape-buffalo-in-mono,"Maasai Mara, October 2025",Wildlife,Kenya,2025,Skies and Cloud,0,0,0,0.000
cape-buffalo-in-mono,"Maasai Mara, October 2025",Wildlife,Kenya,2025,Skylines,0,0,0,0.000
cape-buffalo-in-mono,"Maasai Mara, October 2025",Wildlife,Kenya,2025,Spring,0,0,0,0.000
cape-buffalo-in-mono,"Maasai Mara, October 2025",Wildlife,Kenya,2025,Sunrise and Sunset,0,0,0,0.000
cape-buffalo-in-mono,"Maasai Mara, October 2025",Wildlife,Kenya,2025,Trees,0,0,0,0.000
cape-buffalo-in-mono,"Maasai Mara, October 2025",Wildlife,Kenya,2025,Waterbirds,0,0,0,0.000
cape-buffalo-in-mono,"Maasai Mara, October 2025",Wildlife,Kenya,2025,Waterfronts and Harbours,0,0,0,0.000
cape-buffalo-in-mono,"Maasai Mara, October 2025",Wildlife,Kenya,2025,Wild Cats,0,0,0,0.000
cape-buffalo-in-mono,"Maasai Mara, October 2025",Wildlife,Kenya,2025,Winter,0,0,0,0.000
cape-buffalo-in-mono,"Maasai Mara, October 2025",Wildlife,Kenya,2025,Woodland,0,0,0,0.000
cape-buffalo-in-mono,"Maasai Mara, October 2025",Wildlife,Kenya,2025,Young Animals,0,0,0,0.000
cape-buffalo,"Maasai Mara, October 2025",Wildlife,Kenya,2025,Acacias,0,0,0,0.000
cape-buffalo,"Maasai Mara, October 2025",Wildlife,Kenya,2025,Aircraft,0,0,0,0.000
cape-buffalo,"Maasai Mara, October 2025",Wildlife,Kenya,2025,Antelope,0,0,0,0.000
cape-buffalo,"Maasai Mara, October 2025",Wildlife,Kenya,2025,Autumn,0,0,0,0.000
cape-buffalo,"Maasai Mara, October 2025",Wildlife,Kenya,2025,Bees,0,0,0,0.000
cape-buffalo,"Maasai Mara, October 2025",Wildlife,Kenya,2025,Big Five,1,0,0,0.000
cape-buffalo,"Maasai Mara, October 2025",Wildlife,Kenya,2025,Birds,0,0,0,0.000
cape-buffalo,"Maasai Mara, October 2025",Wildlife,Kenya,2025,Birds in Flight,0,0,0,0.000
cape-buffalo,"Maasai Mara, October 2025",Wildlife,Kenya,2025,Birds of Prey,0,0,0,0.000
cape-buffalo,"Maasai Mara, October 2025",Wildlife,Kenya,2025,Boats and Ships,0,0,0,0.000
cape-buffalo,"Maasai Mara, October 2025",Wildlife,Kenya,2025,Coast and Sea,0,0,0,0.000
cape-buffalo,"Maasai Mara, October 2025",Wildlife,Kenya,2025,Drought,0,0,0,0.000
cape-buffalo,"Maasai Mara, October 2025",Wildlife,Kenya,2025,Elephants,0,0,0,0.000
cape-buffalo,"Maasai Mara, October 2025",Wildlife,Kenya,2025,Feeding,0,0,0,0.000
cape-buffalo,"Maasai Mara, October 2025",Wildlife,Kenya,2025,Flowers,0,0,0,0.000
cape-buffalo,"Maasai Mara, October 2025",Wildlife,Kenya,2025,Fungi,0,0,0,0.000
cape-buffalo,"Maasai Mara, October 2025",Wildlife,Kenya,2025,Gulls,0,0,0,0.000
cape-buffalo,"Maasai Mara, October 2025",Wildlife,Kenya,2025,Insects,0,0,0,0.000
cape-buffalo,"Maasai Mara, October 2025",Wildlife,Kenya,2025,Martello Towers,0,0,0,0.000
cape-buffalo,"Maasai Mara, October 2025",Wildlife,Kenya,2025,Mountains,0,0,0,0.000
cape-buffalo,"Maasai Mara, October 2025",Wildlife,Kenya,2025,Reflections,0,0,0,0.000
cape-buffalo,"Maasai Mara, October 2025",Wildlife,Kenya,2025,Seabirds,0,0,0,0.000
cape-buffalo,"Maasai Mara, October 2025",Wildlife,Kenya,2025,Silhouettes,0,0,0,0.000
cape-buffalo,"Maasai Mara, October 2025",Wildlife,Kenya,2025,Skies and Cloud,0,0,0,0.000
cape-buffalo,"Maasai Mara, October 2025",Wildlife,Kenya,2025,Skylines,0,0,0,0.000
cape-buffalo,"Maasai Mara, October 2025",Wildlife,Kenya,2025,Spring,0,0,0,0.000
cape-buffalo,"Maasai Mara, October 2025",Wildlife,Kenya,2025,Sunrise and Sunset,0,0,0,0.000
cape-buffalo,"Maasai Mara, October 2025",Wildlife,Kenya,2025,Trees,0,0,0,0.000
cape-buffalo,"Maasai Mara, October 2025",Wildlife,Kenya,2025,Waterbirds,0,0,0,0.000
cape-buffalo,"Maasai Mara, October 2025",Wildlife,Kenya,2025,Waterfronts and Harbours,0,0,0,0.000
cape-buffalo,"Maasai Mara, October 2025",Wildlife,Kenya,2025,Wild Cats,0,0,0,0.000
cape-buffalo,"Maasai Mara, October 2025",Wildlife,Kenya,2025,Winter,0,0,0,0.000
cape-buffalo,"Maasai Mara, October 2025",Wildlife,Kenya,2025,Woodland,0,0,0,0.000
cape-buffalo,"Maasai Mara, October 2025",Wildlife,Kenya,2025,Young Animals,0,0,0,0.000
cattle-dust,"Amboseli, October 2025",Documentary,Kenya,2025,Acacias,0,0,0,0.000
cattle-dust,"Amboseli, October 2025",Documentary,Kenya,2025,Aircraft,0,0,0,0.000
cattle-dust,"Amboseli, October 2025",Documentary,Kenya,2025,Antelope,0,0,0,0.000
cattle-dust,"Amboseli, October 2025",Documentary,Kenya,2025,Autumn,0,0,0,0.000
cattle-dust,"Amboseli, October 2025",Documentary,Kenya,2025,Bees,0,0,0,0.000
cattle-dust,"Amboseli, October 2025",Documentary,Kenya,2025,Big Five,0,0,0,0.000
cattle-dust,"Amboseli, October 2025",Documentary,Kenya,2025,Birds,0,0,0,0.000
cattle-dust,"Amboseli, October 2025",Documentary,Kenya,2025,Birds in Flight,0,0,0,0.000
cattle-dust,"Amboseli, October 2025",Documentary,Kenya,2025,Birds of Prey,0,0,0,0.000
cattle-dust,"Amboseli, October 2025",Documentary,Kenya,2025,Boats and Ships,0,0,0,0.000
cattle-dust,"Amboseli, October 2025",Documentary,Kenya,2025,Coast and Sea,0,0,0,0.000
cattle-dust,"Amboseli, October 2025",Documentary,Kenya,2025,Drought,1,0,0,0.000
cattle-dust,"Amboseli, October 2025",Documentary,Kenya,2025,Elephants,0,0,0,0.000
cattle-dust,"Amboseli, October 2025",Documentary,Kenya,2025,Feeding,0,0,0,0.000
cattle-dust,"Amboseli, October 2025",Documentary,Kenya,2025,Flowers,0,0,0,0.000
cattle-dust,"Amboseli, October 2025",Documentary,Kenya,2025,Fungi,0,0,0,0.000
cattle-dust,"Amboseli, October 2025",Documentary,Kenya,2025,Gulls,0,0,0,0.000
cattle-dust,"Amboseli, October 2025",Documentary,Kenya,2025,Insects,0,0,0,0.000
cattle-dust,"Amboseli, October 2025",Documentary,Kenya,2025,Martello Towers,0,0,0,0.000
cattle-dust,"Amboseli, October 2025",Documentary,Kenya,2025,Mountains,0,0,0,0.000
cattle-dust,"Amboseli, October 2025",Documentary,Kenya,2025,Reflections,0,0,0,0.000
cattle-dust,"Amboseli, October 2025",Documentary,Kenya,2025,Seabirds,0,0,0,0.000
cattle-dust,"Amboseli, October 2025",Documentary,Kenya,2025,Silhouettes,0,0,0,0.000
cattle-dust,"Amboseli, October 2025",Documentary,Kenya,2025,Skies and Cloud,0,0,1,0.500
cattle-dust,"Amboseli, October 2025",Documentary,Kenya,2025,Skylines,0,0,0,0.000
cattle-dust,"Amboseli, October 2025",Documentary,Kenya,2025,Spring,0,0,0,0.000
cattle-dust,"Amboseli, October 2025",Documentary,Kenya,2025,Sunrise and Sunset,0,0,0,0.000
cattle-dust,"Amboseli, October 2025",Documentary,Kenya,2025,Trees,0,0,0,0.000
cattle-dust,"Amboseli, October 2025",Documentary,Kenya,2025,Waterbirds,0,0,0,0.000
cattle-dust,"Amboseli, October 2025",Documentary,Kenya,2025,Waterfronts and Harbours,0,0,0,0.000
cattle-dust,"Amboseli, October 2025",Documentary,Kenya,2025,Wild Cats,0,0,1,0.500
cattle-dust,"Amboseli, October 2025",Documentary,Kenya,2025,Winter,0,0,0,0.000
cattle-dust,"Amboseli, October 2025",Documentary,Kenya,2025,Woodland,0,0,0,0.000
cattle-dust,"Amboseli, October 2025",Documentary,Kenya,2025,Young Animals,0,0,0,0.000
cheetah-on-the-mound-in-colour,"Maasai Mara, October 2025",Wildlife,Kenya,2025,Acacias,0,0,0,0.000
cheetah-on-the-mound-in-colour,"Maasai Mara, October 2025",Wildlife,Kenya,2025,Aircraft,0,0,0,0.000
cheetah-on-the-mound-in-colour,"Maasai Mara, October 2025",Wildlife,Kenya,2025,Antelope,0,0,0,0.000
cheetah-on-the-mound-in-colour,"Maasai Mara, October 2025",Wildlife,Kenya,2025,Autumn,0,0,0,0.000
cheetah-on-the-mound-in-colour,"Maasai Mara, October 2025",Wildlife,Kenya,2025,Bees,0,0,0,0.000
cheetah-on-the-mound-in-colour,"Maasai Mara, October 2025",Wildlife,Kenya,2025,Big Five,0,0,0,0.000
cheetah-on-the-mound-in-colour,"Maasai Mara, October 2025",Wildlife,Kenya,2025,Birds,0,0,0,0.000
cheetah-on-the-mound-in-colour,"Maasai Mara, October 2025",Wildlife,Kenya,2025,Birds in Flight,0,0,0,0.000
cheetah-on-the-mound-in-colour,"Maasai Mara, October 2025",Wildlife,Kenya,2025,Birds of Prey,0,0,0,0.000
cheetah-on-the-mound-in-colour,"Maasai Mara, October 2025",Wildlife,Kenya,2025,Boats and Ships,0,0,0,0.000
cheetah-on-the-mound-in-colour,"Maasai Mara, October 2025",Wildlife,Kenya,2025,Coast and Sea,0,0,0,0.000
cheetah-on-the-mound-in-colour,"Maasai Mara, October 2025",Wildlife,Kenya,2025,Drought,0,0,0,0.000
cheetah-on-the-mound-in-colour,"Maasai Mara, October 2025",Wildlife,Kenya,2025,Elephants,0,0,0,0.000
cheetah-on-the-mound-in-colour,"Maasai Mara, October 2025",Wildlife,Kenya,2025,Feeding,0,0,0,0.000
cheetah-on-the-mound-in-colour,"Maasai Mara, October 2025",Wildlife,Kenya,2025,Flowers,0,0,0,0.000
cheetah-on-the-mound-in-colour,"Maasai Mara, October 2025",Wildlife,Kenya,2025,Fungi,0,0,0,0.000
cheetah-on-the-mound-in-colour,"Maasai Mara, October 2025",Wildlife,Kenya,2025,Gulls,0,0,0,0.000
cheetah-on-the-mound-in-colour,"Maasai Mara, October 2025",Wildlife,Kenya,2025,Insects,0,0,0,0.000
cheetah-on-the-mound-in-colour,"Maasai Mara, October 2025",Wildlife,Kenya,2025,Martello Towers,0,0,0,0.000
cheetah-on-the-mound-in-colour,"Maasai Mara, October 2025",Wildlife,Kenya,2025,Mountains,0,0,0,0.000
cheetah-on-the-mound-in-colour,"Maasai Mara, October 2025",Wildlife,Kenya,2025,Reflections,0,0,0,0.000
cheetah-on-the-mound-in-colour,"Maasai Mara, October 2025",Wildlife,Kenya,2025,Seabirds,0,0,0,0.000
cheetah-on-the-mound-in-colour,"Maasai Mara, October 2025",Wildlife,Kenya,2025,Silhouettes,0,0,0,0.000
cheetah-on-the-mound-in-colour,"Maasai Mara, October 2025",Wildlife,Kenya,2025,Skies and Cloud,0,0,0,0.000
cheetah-on-the-mound-in-colour,"Maasai Mara, October 2025",Wildlife,Kenya,2025,Skylines,0,0,0,0.000
cheetah-on-the-mound-in-colour,"Maasai Mara, October 2025",Wildlife,Kenya,2025,Spring,0,0,0,0.000
cheetah-on-the-mound-in-colour,"Maasai Mara, October 2025",Wildlife,Kenya,2025,Sunrise and Sunset,0,0,0,0.000
cheetah-on-the-mound-in-colour,"Maasai Mara, October 2025",Wildlife,Kenya,2025,Trees,0,0,0,0.000
cheetah-on-the-mound-in-colour,"Maasai Mara, October 2025",Wildlife,Kenya,2025,Waterbirds,0,0,0,0.000
cheetah-on-the-mound-in-colour,"Maasai Mara, October 2025",Wildlife,Kenya,2025,Waterfronts and Harbours,0,0,0,0.000
cheetah-on-the-mound-in-colour,"Maasai Mara, October 2025",Wildlife,Kenya,2025,Wild Cats,1,0,0,0.000
cheetah-on-the-mound-in-colour,"Maasai Mara, October 2025",Wildlife,Kenya,2025,Winter,0,0,0,0.000
cheetah-on-the-mound-in-colour,"Maasai Mara, October 2025",Wildlife,Kenya,2025,Woodland,0,0,0,0.000
cheetah-on-the-mound-in-colour,"Maasai Mara, October 2025",Wildlife,Kenya,2025,Young Animals,0,0,0,0.000
cheetah-on-the-mound,"Maasai Mara, October 2025",Wildlife,Kenya,2025,Acacias,0,0,0,0.000
cheetah-on-the-mound,"Maasai Mara, October 2025",Wildlife,Kenya,2025,Aircraft,0,0,0,0.000
cheetah-on-the-mound,"Maasai Mara, October 2025",Wildlife,Kenya,2025,Antelope,0,0,0,0.000
cheetah-on-the-mound,"Maasai Mara, October 2025",Wildlife,Kenya,2025,Autumn,0,0,0,0.000
cheetah-on-the-mound,"Maasai Mara, October 2025",Wildlife,Kenya,2025,Bees,0,0,0,0.000
cheetah-on-the-mound,"Maasai Mara, October 2025",Wildlife,Kenya,2025,Big Five,0,0,0,0.000
cheetah-on-the-mound,"Maasai Mara, October 2025",Wildlife,Kenya,2025,Birds,0,0,0,0.000
cheetah-on-the-mound,"Maasai Mara, October 2025",Wildlife,Kenya,2025,Birds in Flight,0,0,0,0.000
cheetah-on-the-mound,"Maasai Mara, October 2025",Wildlife,Kenya,2025,Birds of Prey,0,0,0,0.000
cheetah-on-the-mound,"Maasai Mara, October 2025",Wildlife,Kenya,2025,Boats and Ships,0,0,0,0.000
cheetah-on-the-mound,"Maasai Mara, October 2025",Wildlife,Kenya,2025,Coast and Sea,0,0,0,0.000
cheetah-on-the-mound,"Maasai Mara, October 2025",Wildlife,Kenya,2025,Drought,0,0,0,0.000
cheetah-on-the-mound,"Maasai Mara, October 2025",Wildlife,Kenya,2025,Elephants,0,0,0,0.000
cheetah-on-the-mound,"Maasai Mara, October 2025",Wildlife,Kenya,2025,Feeding,0,0,0,0.000
cheetah-on-the-mound,"Maasai Mara, October 2025",Wildlife,Kenya,2025,Flowers,0,0,0,0.000
cheetah-on-the-mound,"Maasai Mara, October 2025",Wildlife,Kenya,2025,Fungi,0,0,0,0.000
cheetah-on-the-mound,"Maasai Mara, October 2025",Wildlife,Kenya,2025,Gulls,0,0,0,0.000
cheetah-on-the-mound,"Maasai Mara, October 2025",Wildlife,Kenya,2025,Insects,0,0,0,0.000
cheetah-on-the-mound,"Maasai Mara, October 2025",Wildlife,Kenya,2025,Martello Towers,0,0,0,0.000
cheetah-on-the-mound,"Maasai Mara, October 2025",Wildlife,Kenya,2025,Mountains,0,0,0,0.000
cheetah-on-the-mound,"Maasai Mara, October 2025",Wildlife,Kenya,2025,Reflections,0,0,0,0.000
cheetah-on-the-mound,"Maasai Mara, October 2025",Wildlife,Kenya,2025,Seabirds,0,0,0,0.000
cheetah-on-the-mound,"Maasai Mara, October 2025",Wildlife,Kenya,2025,Silhouettes,0,0,0,0.000
cheetah-on-the-mound,"Maasai Mara, October 2025",Wildlife,Kenya,2025,Skies and Cloud,0,0,0,0.000
cheetah-on-the-mound,"Maasai Mara, October 2025",Wildlife,Kenya,2025,Skylines,0,0,0,0.000
cheetah-on-the-mound,"Maasai Mara, October 2025",Wildlife,Kenya,2025,Spring,0,0,0,0.000
cheetah-on-the-mound,"Maasai Mara, October 2025",Wildlife,Kenya,2025,Sunrise and Sunset,0,0,0,0.000
cheetah-on-the-mound,"Maasai Mara, October 2025",Wildlife,Kenya,2025,Trees,0,0,0,0.000
cheetah-on-the-mound,"Maasai Mara, October 2025",Wildlife,Kenya,2025,Waterbirds,0,0,0,0.000
cheetah-on-the-mound,"Maasai Mara, October 2025",Wildlife,Kenya,2025,Waterfronts and Harbours,0,0,0,0.000
cheetah-on-the-mound,"Maasai Mara, October 2025",Wildlife,Kenya,2025,Wild Cats,1,0,0,0.000
cheetah-on-the-mound,"Maasai Mara, October 2025",Wildlife,Kenya,2025,Winter,0,0,0,0.000
cheetah-on-the-mound,"Maasai Mara, October 2025",Wildlife,Kenya,2025,Woodland,0,0,0,0.000
cheetah-on-the-mound,"Maasai Mara, October 2025",Wildlife,Kenya,2025,Young Animals,0,0,0,0.000
chestnut-blossom-branch,"Gothenburg, May 2026",Nature,Sweden,2026,Acacias,0,0,0,0.000
chestnut-blossom-branch,"Gothenburg, May 2026",Nature,Sweden,2026,Aircraft,0,0,0,0.000
chestnut-blossom-branch,"Gothenburg, May 2026",Nature,Sweden,2026,Antelope,0,0,0,0.000
chestnut-blossom-branch,"Gothenburg, May 2026",Nature,Sweden,2026,Autumn,0,0,0,0.000
chestnut-blossom-branch,"Gothenburg, May 2026",Nature,Sweden,2026,Bees,0,0,0,0.000
chestnut-blossom-branch,"Gothenburg, May 2026",Nature,Sweden,2026,Big Five,0,0,0,0.000
chestnut-blossom-branch,"Gothenburg, May 2026",Nature,Sweden,2026,Birds,0,0,0,0.000
chestnut-blossom-branch,"Gothenburg, May 2026",Nature,Sweden,2026,Birds in Flight,0,0,0,0.000
chestnut-blossom-branch,"Gothenburg, May 2026",Nature,Sweden,2026,Birds of Prey,0,0,0,0.000
chestnut-blossom-branch,"Gothenburg, May 2026",Nature,Sweden,2026,Boats and Ships,0,0,0,0.000
chestnut-blossom-branch,"Gothenburg, May 2026",Nature,Sweden,2026,Coast and Sea,0,0,0,0.000
chestnut-blossom-branch,"Gothenburg, May 2026",Nature,Sweden,2026,Drought,0,0,0,0.000
chestnut-blossom-branch,"Gothenburg, May 2026",Nature,Sweden,2026,Elephants,0,0,0,0.000
chestnut-blossom-branch,"Gothenburg, May 2026",Nature,Sweden,2026,Feeding,0,0,0,0.000
chestnut-blossom-branch,"Gothenburg, May 2026",Nature,Sweden,2026,Flowers,1,1,1,1.000
chestnut-blossom-branch,"Gothenburg, May 2026",Nature,Sweden,2026,Fungi,0,0,0,0.000
chestnut-blossom-branch,"Gothenburg, May 2026",Nature,Sweden,2026,Gulls,0,0,0,0.000
chestnut-blossom-branch,"Gothenburg, May 2026",Nature,Sweden,2026,Insects,0,0,0,0.000
chestnut-blossom-branch,"Gothenburg, May 2026",Nature,Sweden,2026,Martello Towers,0,0,0,0.000
chestnut-blossom-branch,"Gothenburg, May 2026",Nature,Sweden,2026,Mountains,0,0,0,0.000
chestnut-blossom-branch,"Gothenburg, May 2026",Nature,Sweden,2026,Reflections,0,0,0,0.000
chestnut-blossom-branch,"Gothenburg, May 2026",Nature,Sweden,2026,Seabirds,0,0,0,0.000
chestnut-blossom-branch,"Gothenburg, May 2026",Nature,Sweden,2026,Silhouettes,0,0,0,0.000
chestnut-blossom-branch,"Gothenburg, May 2026",Nature,Sweden,2026,Skies and Cloud,0,0,0,0.000
chestnut-blossom-branch,"Gothenburg, May 2026",Nature,Sweden,2026,Skylines,0,0,0,0.000
chestnut-blossom-branch,"Gothenburg, May 2026",Nature,Sweden,2026,Spring,1,0,0,0.000
chestnut-blossom-branch,"Gothenburg, May 2026",Nature,Sweden,2026,Sunrise and Sunset,0,0,0,0.000
chestnut-blossom-branch,"Gothenburg, May 2026",Nature,Sweden,2026,Trees,1,0,0,0.000
chestnut-blossom-branch,"Gothenburg, May 2026",Nature,Sweden,2026,Waterbirds,0,0,0,0.000
chestnut-blossom-branch,"Gothenburg, May 2026",Nature,Sweden,2026,Waterfronts and Harbours,0,0,0,0.000
chestnut-blossom-branch,"Gothenburg, May 2026",Nature,Sweden,2026,Wild Cats,0,0,0,0.000
chestnut-blossom-branch,"Gothenburg, May 2026",Nature,Sweden,2026,Winter,0,0,0,0.000
chestnut-blossom-branch,"Gothenburg, May 2026",Nature,Sweden,2026,Woodland,0,0,0,0.000
chestnut-blossom-branch,"Gothenburg, May 2026",Nature,Sweden,2026,Young Animals,0,0,0,0.000
clematis-seedheads,"Farmleigh, Dublin",Nature,Ireland,2026,Acacias,0,0,0,0.000
clematis-seedheads,"Farmleigh, Dublin",Nature,Ireland,2026,Aircraft,0,0,0,0.000
clematis-seedheads,"Farmleigh, Dublin",Nature,Ireland,2026,Antelope,0,0,0,0.000
clematis-seedheads,"Farmleigh, Dublin",Nature,Ireland,2026,Autumn,0,0,0,0.000
clematis-seedheads,"Farmleigh, Dublin",Nature,Ireland,2026,Bees,0,0,0,0.000
clematis-seedheads,"Farmleigh, Dublin",Nature,Ireland,2026,Big Five,0,0,0,0.000
clematis-seedheads,"Farmleigh, Dublin",Nature,Ireland,2026,Birds,0,0,0,0.000
clematis-seedheads,"Farmleigh, Dublin",Nature,Ireland,2026,Birds in Flight,0,0,0,0.000
clematis-seedheads,"Farmleigh, Dublin",Nature,Ireland,2026,Birds of Prey,0,0,0,0.000
clematis-seedheads,"Farmleigh, Dublin",Nature,Ireland,2026,Boats and Ships,0,0,0,0.000
clematis-seedheads,"Farmleigh, Dublin",Nature,Ireland,2026,Coast and Sea,0,0,0,0.000
clematis-seedheads,"Farmleigh, Dublin",Nature,Ireland,2026,Drought,0,0,0,0.000
clematis-seedheads,"Farmleigh, Dublin",Nature,Ireland,2026,Elephants,0,0,0,0.000
clematis-seedheads,"Farmleigh, Dublin",Nature,Ireland,2026,Feeding,0,0,0,0.000
clematis-seedheads,"Farmleigh, Dublin",Nature,Ireland,2026,Flowers,0,0,0,0.000
clematis-seedheads,"Farmleigh, Dublin",Nature,Ireland,2026,Fungi,0,0,0,0.000
clematis-seedheads,"Farmleigh, Dublin",Nature,Ireland,2026,Gulls,0,0,0,0.000
clematis-seedheads,"Farmleigh, Dublin",Nature,Ireland,2026,Insects,0,0,0,0.000
clematis-seedheads,"Farmleigh, Dublin",Nature,Ireland,2026,Martello Towers,0,0,0,0.000
clematis-seedheads,"Farmleigh, Dublin",Nature,Ireland,2026,Mountains,0,0,0,0.000
clematis-seedheads,"Farmleigh, Dublin",Nature,Ireland,2026,Reflections,0,0,0,0.000
clematis-seedheads,"Farmleigh, Dublin",Nature,Ireland,2026,Seabirds,0,0,0,0.000
clematis-seedheads,"Farmleigh, Dublin",Nature,Ireland,2026,Silhouettes,0,0,0,0.000
clematis-seedheads,"Farmleigh, Dublin",Nature,Ireland,2026,Skies and Cloud,0,0,0,0.000
clematis-seedheads,"Farmleigh, Dublin",Nature,Ireland,2026,Skylines,0,0,0,0.000
clematis-seedheads,"Farmleigh, Dublin",Nature,Ireland,2026,Spring,0,0,0,0.000
clematis-seedheads,"Farmleigh, Dublin",Nature,Ireland,2026,Sunrise and Sunset,0,0,0,0.000
clematis-seedheads,"Farmleigh, Dublin",Nature,Ireland,2026,Trees,0,0,0,0.000
clematis-seedheads,"Farmleigh, Dublin",Nature,Ireland,2026,Waterbirds,0,0,0,0.000
clematis-seedheads,"Farmleigh, Dublin",Nature,Ireland,2026,Waterfronts and Harbours,0,0,0,0.000
clematis-seedheads,"Farmleigh, Dublin",Nature,Ireland,2026,Wild Cats,0,0,0,0.000
clematis-seedheads,"Farmleigh, Dublin",Nature,Ireland,2026,Winter,1,1,1,1.000
clematis-seedheads,"Farmleigh, Dublin",Nature,Ireland,2026,Woodland,0,0,0,0.000
clematis-seedheads,"Farmleigh, Dublin",Nature,Ireland,2026,Young Animals,0,0,0,0.000
copenhagen-opera-house,"Copenhagen, May 2026",Architecture,Denmark,2026,Acacias,0,0,0,0.000
copenhagen-opera-house,"Copenhagen, May 2026",Architecture,Denmark,2026,Aircraft,0,0,0,0.000
copenhagen-opera-house,"Copenhagen, May 2026",Architecture,Denmark,2026,Antelope,0,0,0,0.000
copenhagen-opera-house,"Copenhagen, May 2026",Architecture,Denmark,2026,Autumn,0,0,0,0.000
copenhagen-opera-house,"Copenhagen, May 2026",Architecture,Denmark,2026,Bees,0,0,0,0.000
copenhagen-opera-house,"Copenhagen, May 2026",Architecture,Denmark,2026,Big Five,0,0,0,0.000
copenhagen-opera-house,"Copenhagen, May 2026",Architecture,Denmark,2026,Birds,0,0,0,0.000
copenhagen-opera-house,"Copenhagen, May 2026",Architecture,Denmark,2026,Birds in Flight,0,0,0,0.000
copenhagen-opera-house,"Copenhagen, May 2026",Architecture,Denmark,2026,Birds of Prey,0,0,0,0.000
copenhagen-opera-house,"Copenhagen, May 2026",Architecture,Denmark,2026,Boats and Ships,0,0,0,0.000
copenhagen-opera-house,"Copenhagen, May 2026",Architecture,Denmark,2026,Coast and Sea,0,0,0,0.000
copenhagen-opera-house,"Copenhagen, May 2026",Architecture,Denmark,2026,Drought,0,0,0,0.000
copenhagen-opera-house,"Copenhagen, May 2026",Architecture,Denmark,2026,Elephants,0,0,0,0.000
copenhagen-opera-house,"Copenhagen, May 2026",Architecture,Denmark,2026,Feeding,0,0,0,0.000
copenhagen-opera-house,"Copenhagen, May 2026",Architecture,Denmark,2026,Flowers,0,0,0,0.000
copenhagen-opera-house,"Copenhagen, May 2026",Architecture,Denmark,2026,Fungi,0,0,0,0.000
copenhagen-opera-house,"Copenhagen, May 2026",Architecture,Denmark,2026,Gulls,0,0,0,0.000
copenhagen-opera-house,"Copenhagen, May 2026",Architecture,Denmark,2026,Insects,0,0,0,0.000
copenhagen-opera-house,"Copenhagen, May 2026",Architecture,Denmark,2026,Martello Towers,0,0,0,0.000
copenhagen-opera-house,"Copenhagen, May 2026",Architecture,Denmark,2026,Mountains,0,0,0,0.000
copenhagen-opera-house,"Copenhagen, May 2026",Architecture,Denmark,2026,Reflections,0,0,0,0.000
copenhagen-opera-house,"Copenhagen, May 2026",Architecture,Denmark,2026,Seabirds,0,0,0,0.000
copenhagen-opera-house,"Copenhagen, May 2026",Architecture,Denmark,2026,Silhouettes,0,0,0,0.000
copenhagen-opera-house,"Copenhagen, May 2026",Architecture,Denmark,2026,Skies and Cloud,0,0,0,0.000
copenhagen-opera-house,"Copenhagen, May 2026",Architecture,Denmark,2026,Skylines,0,0,0,0.000
copenhagen-opera-house,"Copenhagen, May 2026",Architecture,Denmark,2026,Spring,0,0,0,0.000
copenhagen-opera-house,"Copenhagen, May 2026",Architecture,Denmark,2026,Sunrise and Sunset,0,0,0,0.000
copenhagen-opera-house,"Copenhagen, May 2026",Architecture,Denmark,2026,Trees,0,0,0,0.000
copenhagen-opera-house,"Copenhagen, May 2026",Architecture,Denmark,2026,Waterbirds,0,0,0,0.000
copenhagen-opera-house,"Copenhagen, May 2026",Architecture,Denmark,2026,Waterfronts and Harbours,1,0,1,0.500
copenhagen-opera-house,"Copenhagen, May 2026",Architecture,Denmark,2026,Wild Cats,0,0,0,0.000
copenhagen-opera-house,"Copenhagen, May 2026",Architecture,Denmark,2026,Winter,0,0,0,0.000
copenhagen-opera-house,"Copenhagen, May 2026",Architecture,Denmark,2026,Woodland,0,0,0,0.000
copenhagen-opera-house,"Copenhagen, May 2026",Architecture,Denmark,2026,Young Animals,0,0,0,0.000
coral-rose-among-the-leaves,"St Anne's Park, July 2026",Macro,Ireland,2026,Acacias,0,0,0,0.000
coral-rose-among-the-leaves,"St Anne's Park, July 2026",Macro,Ireland,2026,Aircraft,0,0,0,0.000
coral-rose-among-the-leaves,"St Anne's Park, July 2026",Macro,Ireland,2026,Antelope,0,0,0,0.000
coral-rose-among-the-leaves,"St Anne's Park, July 2026",Macro,Ireland,2026,Autumn,0,0,0,0.000
coral-rose-among-the-leaves,"St Anne's Park, July 2026",Macro,Ireland,2026,Bees,0,0,0,0.000
coral-rose-among-the-leaves,"St Anne's Park, July 2026",Macro,Ireland,2026,Big Five,0,0,0,0.000
coral-rose-among-the-leaves,"St Anne's Park, July 2026",Macro,Ireland,2026,Birds,0,0,0,0.000
coral-rose-among-the-leaves,"St Anne's Park, July 2026",Macro,Ireland,2026,Birds in Flight,0,0,0,0.000
coral-rose-among-the-leaves,"St Anne's Park, July 2026",Macro,Ireland,2026,Birds of Prey,0,0,0,0.000
coral-rose-among-the-leaves,"St Anne's Park, July 2026",Macro,Ireland,2026,Boats and Ships,0,0,0,0.000
coral-rose-among-the-leaves,"St Anne's Park, July 2026",Macro,Ireland,2026,Coast and Sea,0,0,0,0.000
coral-rose-among-the-leaves,"St Anne's Park, July 2026",Macro,Ireland,2026,Drought,0,0,0,0.000
coral-rose-among-the-leaves,"St Anne's Park, July 2026",Macro,Ireland,2026,Elephants,0,0,0,0.000
coral-rose-among-the-leaves,"St Anne's Park, July 2026",Macro,Ireland,2026,Feeding,0,0,0,0.000
coral-rose-among-the-leaves,"St Anne's Park, July 2026",Macro,Ireland,2026,Flowers,1,0,0,0.000
coral-rose-among-the-leaves,"St Anne's Park, July 2026",Macro,Ireland,2026,Fungi,0,0,0,0.000
coral-rose-among-the-leaves,"St Anne's Park, July 2026",Macro,Ireland,2026,Gulls,0,0,0,0.000
coral-rose-among-the-leaves,"St Anne's Park, July 2026",Macro,Ireland,2026,Insects,0,0,0,0.000
coral-rose-among-the-leaves,"St Anne's Park, July 2026",Macro,Ireland,2026,Martello Towers,0,0,0,0.000
coral-rose-among-the-leaves,"St Anne's Park, July 2026",Macro,Ireland,2026,Mountains,0,0,0,0.000
coral-rose-among-the-leaves,"St Anne's Park, July 2026",Macro,Ireland,2026,Reflections,0,0,0,0.000
coral-rose-among-the-leaves,"St Anne's Park, July 2026",Macro,Ireland,2026,Seabirds,0,0,0,0.000
coral-rose-among-the-leaves,"St Anne's Park, July 2026",Macro,Ireland,2026,Silhouettes,0,0,0,0.000
coral-rose-among-the-leaves,"St Anne's Park, July 2026",Macro,Ireland,2026,Skies and Cloud,0,0,0,0.000
coral-rose-among-the-leaves,"St Anne's Park, July 2026",Macro,Ireland,2026,Skylines,0,0,0,0.000
coral-rose-among-the-leaves,"St Anne's Park, July 2026",Macro,Ireland,2026,Spring,0,0,0,0.000
coral-rose-among-the-leaves,"St Anne's Park, July 2026",Macro,Ireland,2026,Sunrise and Sunset,0,0,0,0.000
coral-rose-among-the-leaves,"St Anne's Park, July 2026",Macro,Ireland,2026,Trees,0,0,0,0.000
coral-rose-among-the-leaves,"St Anne's Park, July 2026",Macro,Ireland,2026,Waterbirds,0,0,0,0.000
coral-rose-among-the-leaves,"St Anne's Park, July 2026",Macro,Ireland,2026,Waterfronts and Harbours,0,0,0,0.000
coral-rose-among-the-leaves,"St Anne's Park, July 2026",Macro,Ireland,2026,Wild Cats,0,0,0,0.000
coral-rose-among-the-leaves,"St Anne's Park, July 2026",Macro,Ireland,2026,Winter,0,0,0,0.000
coral-rose-among-the-leaves,"St Anne's Park, July 2026",Macro,Ireland,2026,Woodland,0,0,0,0.000
coral-rose-among-the-leaves,"St Anne's Park, July 2026",Macro,Ireland,2026,Young Animals,0,0,0,0.000
cream-rose-with-crimson-heart,"St Anne's Park, July 2026",Macro,Ireland,2026,Acacias,0,0,0,0.000
cream-rose-with-crimson-heart,"St Anne's Park, July 2026",Macro,Ireland,2026,Aircraft,0,0,0,0.000
cream-rose-with-crimson-heart,"St Anne's Park, July 2026",Macro,Ireland,2026,Antelope,0,0,0,0.000
cream-rose-with-crimson-heart,"St Anne's Park, July 2026",Macro,Ireland,2026,Autumn,0,0,0,0.000
cream-rose-with-crimson-heart,"St Anne's Park, July 2026",Macro,Ireland,2026,Bees,0,0,0,0.000
cream-rose-with-crimson-heart,"St Anne's Park, July 2026",Macro,Ireland,2026,Big Five,0,0,0,0.000
cream-rose-with-crimson-heart,"St Anne's Park, July 2026",Macro,Ireland,2026,Birds,0,0,0,0.000
cream-rose-with-crimson-heart,"St Anne's Park, July 2026",Macro,Ireland,2026,Birds in Flight,0,0,0,0.000
cream-rose-with-crimson-heart,"St Anne's Park, July 2026",Macro,Ireland,2026,Birds of Prey,0,0,0,0.000
cream-rose-with-crimson-heart,"St Anne's Park, July 2026",Macro,Ireland,2026,Boats and Ships,0,0,0,0.000
cream-rose-with-crimson-heart,"St Anne's Park, July 2026",Macro,Ireland,2026,Coast and Sea,0,0,0,0.000
cream-rose-with-crimson-heart,"St Anne's Park, July 2026",Macro,Ireland,2026,Drought,0,0,0,0.000
cream-rose-with-crimson-heart,"St Anne's Park, July 2026",Macro,Ireland,2026,Elephants,0,0,0,0.000
cream-rose-with-crimson-heart,"St Anne's Park, July 2026",Macro,Ireland,2026,Feeding,0,0,0,0.000
cream-rose-with-crimson-heart,"St Anne's Park, July 2026",Macro,Ireland,2026,Flowers,1,0,0,0.000
cream-rose-with-crimson-heart,"St Anne's Park, July 2026",Macro,Ireland,2026,Fungi,0,0,0,0.000
cream-rose-with-crimson-heart,"St Anne's Park, July 2026",Macro,Ireland,2026,Gulls,0,0,0,0.000
cream-rose-with-crimson-heart,"St Anne's Park, July 2026",Macro,Ireland,2026,Insects,0,0,0,0.000
cream-rose-with-crimson-heart,"St Anne's Park, July 2026",Macro,Ireland,2026,Martello Towers,0,0,0,0.000
cream-rose-with-crimson-heart,"St Anne's Park, July 2026",Macro,Ireland,2026,Mountains,0,0,0,0.000
cream-rose-with-crimson-heart,"St Anne's Park, July 2026",Macro,Ireland,2026,Reflections,0,0,0,0.000
cream-rose-with-crimson-heart,"St Anne's Park, July 2026",Macro,Ireland,2026,Seabirds,0,0,0,0.000
cream-rose-with-crimson-heart,"St Anne's Park, July 2026",Macro,Ireland,2026,Silhouettes,0,0,0,0.000
cream-rose-with-crimson-heart,"St Anne's Park, July 2026",Macro,Ireland,2026,Skies and Cloud,0,0,0,0.000
cream-rose-with-crimson-heart,"St Anne's Park, July 2026",Macro,Ireland,2026,Skylines,0,0,0,0.000
cream-rose-with-crimson-heart,"St Anne's Park, July 2026",Macro,Ireland,2026,Spring,0,0,0,0.000
cream-rose-with-crimson-heart,"St Anne's Park, July 2026",Macro,Ireland,2026,Sunrise and Sunset,0,0,0,0.000
cream-rose-with-crimson-heart,"St Anne's Park, July 2026",Macro,Ireland,2026,Trees,0,0,0,0.000
cream-rose-with-crimson-heart,"St Anne's Park, July 2026",Macro,Ireland,2026,Waterbirds,0,0,0,0.000
cream-rose-with-crimson-heart,"St Anne's Park, July 2026",Macro,Ireland,2026,Waterfronts and Harbours,0,0,0,0.000
cream-rose-with-crimson-heart,"St Anne's Park, July 2026",Macro,Ireland,2026,Wild Cats,0,0,1,0.500
cream-rose-with-crimson-heart,"St Anne's Park, July 2026",Macro,Ireland,2026,Winter,0,0,0,0.000
cream-rose-with-crimson-heart,"St Anne's Park, July 2026",Macro,Ireland,2026,Woodland,0,0,0,0.000
cream-rose-with-crimson-heart,"St Anne's Park, July 2026",Macro,Ireland,2026,Young Animals,0,0,0,0.000
cyclists-below-teide,"Tenerife, January 2026",Documentary,Spain,2026,Acacias,0,0,0,0.000
cyclists-below-teide,"Tenerife, January 2026",Documentary,Spain,2026,Aircraft,0,0,0,0.000
cyclists-below-teide,"Tenerife, January 2026",Documentary,Spain,2026,Antelope,0,0,0,0.000
cyclists-below-teide,"Tenerife, January 2026",Documentary,Spain,2026,Autumn,0,0,0,0.000
cyclists-below-teide,"Tenerife, January 2026",Documentary,Spain,2026,Bees,0,0,0,0.000
cyclists-below-teide,"Tenerife, January 2026",Documentary,Spain,2026,Big Five,0,0,0,0.000
cyclists-below-teide,"Tenerife, January 2026",Documentary,Spain,2026,Birds,0,0,0,0.000
cyclists-below-teide,"Tenerife, January 2026",Documentary,Spain,2026,Birds in Flight,0,0,0,0.000
cyclists-below-teide,"Tenerife, January 2026",Documentary,Spain,2026,Birds of Prey,0,0,0,0.000
cyclists-below-teide,"Tenerife, January 2026",Documentary,Spain,2026,Boats and Ships,0,0,0,0.000
cyclists-below-teide,"Tenerife, January 2026",Documentary,Spain,2026,Coast and Sea,0,0,0,0.000
cyclists-below-teide,"Tenerife, January 2026",Documentary,Spain,2026,Drought,0,0,0,0.000
cyclists-below-teide,"Tenerife, January 2026",Documentary,Spain,2026,Elephants,0,0,0,0.000
cyclists-below-teide,"Tenerife, January 2026",Documentary,Spain,2026,Feeding,0,0,0,0.000
cyclists-below-teide,"Tenerife, January 2026",Documentary,Spain,2026,Flowers,0,0,0,0.000
cyclists-below-teide,"Tenerife, January 2026",Documentary,Spain,2026,Fungi,0,0,0,0.000
cyclists-below-teide,"Tenerife, January 2026",Documentary,Spain,2026,Gulls,0,0,0,0.000
cyclists-below-teide,"Tenerife, January 2026",Documentary,Spain,2026,Insects,0,0,0,0.000
cyclists-below-teide,"Tenerife, January 2026",Documentary,Spain,2026,Martello Towers,0,0,0,0.000
cyclists-below-teide,"Tenerife, January 2026",Documentary,Spain,2026,Mountains,1,1,1,1.000
cyclists-below-teide,"Tenerife, January 2026",Documentary,Spain,2026,Reflections,0,0,0,0.000
cyclists-below-teide,"Tenerife, January 2026",Documentary,Spain,2026,Seabirds,0,0,0,0.000
cyclists-below-teide,"Tenerife, January 2026",Documentary,Spain,2026,Silhouettes,0,0,0,0.000
cyclists-below-teide,"Tenerife, January 2026",Documentary,Spain,2026,Skies and Cloud,1,0,1,0.500
cyclists-below-teide,"Tenerife, January 2026",Documentary,Spain,2026,Skylines,0,0,0,0.000
cyclists-below-teide,"Tenerife, January 2026",Documentary,Spain,2026,Spring,0,0,0,0.000
cyclists-below-teide,"Tenerife, January 2026",Documentary,Spain,2026,Sunrise and Sunset,0,0,0,0.000
cyclists-below-teide,"Tenerife, January 2026",Documentary,Spain,2026,Trees,0,0,0,0.000
cyclists-below-teide,"Tenerife, January 2026",Documentary,Spain,2026,Waterbirds,0,0,0,0.000
cyclists-below-teide,"Tenerife, January 2026",Documentary,Spain,2026,Waterfronts and Harbours,0,0,0,0.000
cyclists-below-teide,"Tenerife, January 2026",Documentary,Spain,2026,Wild Cats,0,0,0,0.000
cyclists-below-teide,"Tenerife, January 2026",Documentary,Spain,2026,Winter,0,0,0,0.000
cyclists-below-teide,"Tenerife, January 2026",Documentary,Spain,2026,Woodland,0,0,0,0.000
cyclists-below-teide,"Tenerife, January 2026",Documentary,Spain,2026,Young Animals,0,0,0,0.000
dalkey-island-gull-chicks,"Dalkey Island, June 2026",Wildlife,Ireland,2026,Acacias,0,0,0,0.000
dalkey-island-gull-chicks,"Dalkey Island, June 2026",Wildlife,Ireland,2026,Aircraft,0,0,0,0.000
dalkey-island-gull-chicks,"Dalkey Island, June 2026",Wildlife,Ireland,2026,Antelope,0,0,0,0.000
dalkey-island-gull-chicks,"Dalkey Island, June 2026",Wildlife,Ireland,2026,Autumn,0,0,0,0.000
dalkey-island-gull-chicks,"Dalkey Island, June 2026",Wildlife,Ireland,2026,Bees,0,0,0,0.000
dalkey-island-gull-chicks,"Dalkey Island, June 2026",Wildlife,Ireland,2026,Big Five,0,0,0,0.000
dalkey-island-gull-chicks,"Dalkey Island, June 2026",Wildlife,Ireland,2026,Birds,1,0,0,0.000
dalkey-island-gull-chicks,"Dalkey Island, June 2026",Wildlife,Ireland,2026,Birds in Flight,0,0,0,0.000
dalkey-island-gull-chicks,"Dalkey Island, June 2026",Wildlife,Ireland,2026,Birds of Prey,0,0,0,0.000
dalkey-island-gull-chicks,"Dalkey Island, June 2026",Wildlife,Ireland,2026,Boats and Ships,0,0,0,0.000
dalkey-island-gull-chicks,"Dalkey Island, June 2026",Wildlife,Ireland,2026,Coast and Sea,1,0,0,0.000
dalkey-island-gull-chicks,"Dalkey Island, June 2026",Wildlife,Ireland,2026,Drought,0,0,0,0.000
dalkey-island-gull-chicks,"Dalkey Island, June 2026",Wildlife,Ireland,2026,Elephants,0,0,0,0.000
dalkey-island-gull-chicks,"Dalkey Island, June 2026",Wildlife,Ireland,2026,Feeding,0,0,0,0.000
dalkey-island-gull-chicks,"Dalkey Island, June 2026",Wildlife,Ireland,2026,Flowers,0,0,0,0.000
dalkey-island-gull-chicks,"Dalkey Island, June 2026",Wildlife,Ireland,2026,Fungi,0,0,0,0.000
dalkey-island-gull-chicks,"Dalkey Island, June 2026",Wildlife,Ireland,2026,Gulls,1,1,1,1.000
dalkey-island-gull-chicks,"Dalkey Island, June 2026",Wildlife,Ireland,2026,Insects,0,0,0,0.000
dalkey-island-gull-chicks,"Dalkey Island, June 2026",Wildlife,Ireland,2026,Martello Towers,0,0,0,0.000
dalkey-island-gull-chicks,"Dalkey Island, June 2026",Wildlife,Ireland,2026,Mountains,0,0,0,0.000
dalkey-island-gull-chicks,"Dalkey Island, June 2026",Wildlife,Ireland,2026,Reflections,0,0,0,0.000
dalkey-island-gull-chicks,"Dalkey Island, June 2026",Wildlife,Ireland,2026,Seabirds,1,0,0,0.000
dalkey-island-gull-chicks,"Dalkey Island, June 2026",Wildlife,Ireland,2026,Silhouettes,0,0,0,0.000
dalkey-island-gull-chicks,"Dalkey Island, June 2026",Wildlife,Ireland,2026,Skies and Cloud,0,0,0,0.000
dalkey-island-gull-chicks,"Dalkey Island, June 2026",Wildlife,Ireland,2026,Skylines,0,0,0,0.000
dalkey-island-gull-chicks,"Dalkey Island, June 2026",Wildlife,Ireland,2026,Spring,0,0,0,0.000
dalkey-island-gull-chicks,"Dalkey Island, June 2026",Wildlife,Ireland,2026,Sunrise and Sunset,0,0,0,0.000
dalkey-island-gull-chicks,"Dalkey Island, June 2026",Wildlife,Ireland,2026,Trees,0,0,0,0.000
dalkey-island-gull-chicks,"Dalkey Island, June 2026",Wildlife,Ireland,2026,Waterbirds,0,0,0,0.000
dalkey-island-gull-chicks,"Dalkey Island, June 2026",Wildlife,Ireland,2026,Waterfronts and Harbours,0,0,0,0.000
dalkey-island-gull-chicks,"Dalkey Island, June 2026",Wildlife,Ireland,2026,Wild Cats,0,0,0,0.000
dalkey-island-gull-chicks,"Dalkey Island, June 2026",Wildlife,Ireland,2026,Winter,0,0,0,0.000
dalkey-island-gull-chicks,"Dalkey Island, June 2026",Wildlife,Ireland,2026,Woodland,0,0,0,0.000
dalkey-island-gull-chicks,"Dalkey Island, June 2026",Wildlife,Ireland,2026,Young Animals,1,0,0,0.000
dalkey-island-in-mono,"Dalkey Island, June 2026",Landscape,Ireland,2026,Acacias,0,0,0,0.000
dalkey-island-in-mono,"Dalkey Island, June 2026",Landscape,Ireland,2026,Aircraft,0,0,0,0.000
dalkey-island-in-mono,"Dalkey Island, June 2026",Landscape,Ireland,2026,Antelope,0,0,0,0.000
dalkey-island-in-mono,"Dalkey Island, June 2026",Landscape,Ireland,2026,Autumn,0,0,0,0.000
dalkey-island-in-mono,"Dalkey Island, June 2026",Landscape,Ireland,2026,Bees,0,0,0,0.000
dalkey-island-in-mono,"Dalkey Island, June 2026",Landscape,Ireland,2026,Big Five,0,0,0,0.000
dalkey-island-in-mono,"Dalkey Island, June 2026",Landscape,Ireland,2026,Birds,0,0,0,0.000
dalkey-island-in-mono,"Dalkey Island, June 2026",Landscape,Ireland,2026,Birds in Flight,0,0,0,0.000
dalkey-island-in-mono,"Dalkey Island, June 2026",Landscape,Ireland,2026,Birds of Prey,0,0,0,0.000
dalkey-island-in-mono,"Dalkey Island, June 2026",Landscape,Ireland,2026,Boats and Ships,0,0,0,0.000
dalkey-island-in-mono,"Dalkey Island, June 2026",Landscape,Ireland,2026,Coast and Sea,1,0,0,0.000
dalkey-island-in-mono,"Dalkey Island, June 2026",Landscape,Ireland,2026,Drought,0,0,0,0.000
dalkey-island-in-mono,"Dalkey Island, June 2026",Landscape,Ireland,2026,Elephants,0,0,0,0.000
dalkey-island-in-mono,"Dalkey Island, June 2026",Landscape,Ireland,2026,Feeding,0,0,0,0.000
dalkey-island-in-mono,"Dalkey Island, June 2026",Landscape,Ireland,2026,Flowers,0,0,0,0.000
dalkey-island-in-mono,"Dalkey Island, June 2026",Landscape,Ireland,2026,Fungi,0,0,0,0.000
dalkey-island-in-mono,"Dalkey Island, June 2026",Landscape,Ireland,2026,Gulls,0,0,0,0.000
dalkey-island-in-mono,"Dalkey Island, June 2026",Landscape,Ireland,2026,Insects,0,0,0,0.000
dalkey-island-in-mono,"Dalkey Island, June 2026",Landscape,Ireland,2026,Martello Towers,1,1,1,1.000
dalkey-island-in-mono,"Dalkey Island, June 2026",Landscape,Ireland,2026,Mountains,0,0,0,0.000
dalkey-island-in-mono,"Dalkey Island, June 2026",Landscape,Ireland,2026,Reflections,0,0,0,0.000
dalkey-island-in-mono,"Dalkey Island, June 2026",Landscape,Ireland,2026,Seabirds,0,0,0,0.000
dalkey-island-in-mono,"Dalkey Island, June 2026",Landscape,Ireland,2026,Silhouettes,0,0,0,0.000
dalkey-island-in-mono,"Dalkey Island, June 2026",Landscape,Ireland,2026,Skies and Cloud,1,0,1,0.500
dalkey-island-in-mono,"Dalkey Island, June 2026",Landscape,Ireland,2026,Skylines,0,0,0,0.000
dalkey-island-in-mono,"Dalkey Island, June 2026",Landscape,Ireland,2026,Spring,0,0,0,0.000
dalkey-island-in-mono,"Dalkey Island, June 2026",Landscape,Ireland,2026,Sunrise and Sunset,0,0,0,0.000
dalkey-island-in-mono,"Dalkey Island, June 2026",Landscape,Ireland,2026,Trees,0,0,0,0.000
dalkey-island-in-mono,"Dalkey Island, June 2026",Landscape,Ireland,2026,Waterbirds,0,0,0,0.000
dalkey-island-in-mono,"Dalkey Island, June 2026",Landscape,Ireland,2026,Waterfronts and Harbours,0,0,0,0.000
dalkey-island-in-mono,"Dalkey Island, June 2026",Landscape,Ireland,2026,Wild Cats,0,0,0,0.000
dalkey-island-in-mono,"Dalkey Island, June 2026",Landscape,Ireland,2026,Winter,0,0,0,0.000
dalkey-island-in-mono,"Dalkey Island, June 2026",Landscape,Ireland,2026,Woodland,0,0,0,0.000
dalkey-island-in-mono,"Dalkey Island, June 2026",Landscape,Ireland,2026,Young Animals,0,0,0,0.000
dalkey-island,"Dalkey Island, June 2026",Landscape,Ireland,2026,Acacias,0,0,0,0.000
dalkey-island,"Dalkey Island, June 2026",Landscape,Ireland,2026,Aircraft,0,0,0,0.000
dalkey-island,"Dalkey Island, June 2026",Landscape,Ireland,2026,Antelope,0,0,0,0.000
dalkey-island,"Dalkey Island, June 2026",Landscape,Ireland,2026,Autumn,0,0,0,0.000
dalkey-island,"Dalkey Island, June 2026",Landscape,Ireland,2026,Bees,0,0,0,0.000
dalkey-island,"Dalkey Island, June 2026",Landscape,Ireland,2026,Big Five,0,0,0,0.000
dalkey-island,"Dalkey Island, June 2026",Landscape,Ireland,2026,Birds,0,0,0,0.000
dalkey-island,"Dalkey Island, June 2026",Landscape,Ireland,2026,Birds in Flight,0,0,0,0.000
dalkey-island,"Dalkey Island, June 2026",Landscape,Ireland,2026,Birds of Prey,0,0,0,0.000
dalkey-island,"Dalkey Island, June 2026",Landscape,Ireland,2026,Boats and Ships,0,0,0,0.000
dalkey-island,"Dalkey Island, June 2026",Landscape,Ireland,2026,Coast and Sea,1,0,0,0.000
dalkey-island,"Dalkey Island, June 2026",Landscape,Ireland,2026,Drought,0,0,0,0.000
dalkey-island,"Dalkey Island, June 2026",Landscape,Ireland,2026,Elephants,0,0,0,0.000
dalkey-island,"Dalkey Island, June 2026",Landscape,Ireland,2026,Feeding,0,0,0,0.000
dalkey-island,"Dalkey Island, June 2026",Landscape,Ireland,2026,Flowers,0,0,0,0.000
dalkey-island,"Dalkey Island, June 2026",Landscape,Ireland,2026,Fungi,0,0,0,0.000
dalkey-island,"Dalkey Island, June 2026",Landscape,Ireland,2026,Gulls,0,0,0,0.000
dalkey-island,"Dalkey Island, June 2026",Landscape,Ireland,2026,Insects,0,0,0,0.000
dalkey-island,"Dalkey Island, June 2026",Landscape,Ireland,2026,Martello Towers,1,1,1,1.000
dalkey-island,"Dalkey Island, June 2026",Landscape,Ireland,2026,Mountains,0,0,0,0.000
dalkey-island,"Dalkey Island, June 2026",Landscape,Ireland,2026,Reflections,0,0,0,0.000
dalkey-island,"Dalkey Island, June 2026",Landscape,Ireland,2026,Seabirds,0,0,0,0.000
dalkey-island,"Dalkey Island, June 2026",Landscape,Ireland,2026,Silhouettes,0,0,0,0.000
dalkey-island,"Dalkey Island, June 2026",Landscape,Ireland,2026,Skies and Cloud,1,0,1,0.500
dalkey-island,"Dalkey Island, June 2026",Landscape,Ireland,2026,Skylines,0,0,0,0.000
dalkey-island,"Dalkey Island, June 2026",Landscape,Ireland,2026,Spring,0,0,0,0.000
dalkey-island,"Dalkey Island, June 2026",Landscape,Ireland,2026,Sunrise and Sunset,0,0,0,0.000
dalkey-island,"Dalkey Island, June 2026",Landscape,Ireland,2026,Trees,0,0,0,0.000
dalkey-island,"Dalkey Island, June 2026",Landscape,Ireland,2026,Waterbirds,0,0,0,0.000
dalkey-island,"Dalkey Island, June 2026",Landscape,Ireland,2026,Waterfronts and Harbours,0,0,0,0.000
dalkey-island,"Dalkey Island, June 2026",Landscape,Ireland,2026,Wild Cats,0,0,0,0.000
dalkey-island,"Dalkey Island, June 2026",Landscape,Ireland,2026,Winter,0,0,0,0.000
dalkey-island,"Dalkey Island, June 2026",Landscape,Ireland,2026,Woodland,0,0,0,0.000
dalkey-island,"Dalkey Island, June 2026",Landscape,Ireland,2026,Young Animals,0,0,0,0.000
delphinium-spires,"Farmleigh, Dublin",Nature,Ireland,2024,Acacias,0,0,0,0.000
delphinium-spires,"Farmleigh, Dublin",Nature,Ireland,2024,Aircraft,0,0,0,0.000
delphinium-spires,"Farmleigh, Dublin",Nature,Ireland,2024,Antelope,0,0,0,0.000
delphinium-spires,"Farmleigh, Dublin",Nature,Ireland,2024,Autumn,0,0,0,0.000
delphinium-spires,"Farmleigh, Dublin",Nature,Ireland,2024,Bees,0,0,0,0.000
delphinium-spires,"Farmleigh, Dublin",Nature,Ireland,2024,Big Five,0,0,0,0.000
delphinium-spires,"Farmleigh, Dublin",Nature,Ireland,2024,Birds,0,0,0,0.000
delphinium-spires,"Farmleigh, Dublin",Nature,Ireland,2024,Birds in Flight,0,0,0,0.000
delphinium-spires,"Farmleigh, Dublin",Nature,Ireland,2024,Birds of Prey,0,0,0,0.000
delphinium-spires,"Farmleigh, Dublin",Nature,Ireland,2024,Boats and Ships,0,0,0,0.000
delphinium-spires,"Farmleigh, Dublin",Nature,Ireland,2024,Coast and Sea,0,0,0,0.000
delphinium-spires,"Farmleigh, Dublin",Nature,Ireland,2024,Drought,0,0,0,0.000
delphinium-spires,"Farmleigh, Dublin",Nature,Ireland,2024,Elephants,0,0,0,0.000
delphinium-spires,"Farmleigh, Dublin",Nature,Ireland,2024,Feeding,0,0,0,0.000
delphinium-spires,"Farmleigh, Dublin",Nature,Ireland,2024,Flowers,1,0,0,0.000
delphinium-spires,"Farmleigh, Dublin",Nature,Ireland,2024,Fungi,0,0,0,0.000
delphinium-spires,"Farmleigh, Dublin",Nature,Ireland,2024,Gulls,0,0,0,0.000
delphinium-spires,"Farmleigh, Dublin",Nature,Ireland,2024,Insects,0,0,0,0.000
delphinium-spires,"Farmleigh, Dublin",Nature,Ireland,2024,Martello Towers,0,0,0,0.000
delphinium-spires,"Farmleigh, Dublin",Nature,Ireland,2024,Mountains,0,0,0,0.000
delphinium-spires,"Farmleigh, Dublin",Nature,Ireland,2024,Reflections,0,0,0,0.000
delphinium-spires,"Farmleigh, Dublin",Nature,Ireland,2024,Seabirds,0,0,0,0.000
delphinium-spires,"Farmleigh, Dublin",Nature,Ireland,2024,Silhouettes,0,0,0,0.000
delphinium-spires,"Farmleigh, Dublin",Nature,Ireland,2024,Skies and Cloud,0,0,0,0.000
delphinium-spires,"Farmleigh, Dublin",Nature,Ireland,2024,Skylines,0,0,0,0.000
delphinium-spires,"Farmleigh, Dublin",Nature,Ireland,2024,Spring,0,0,0,0.000
delphinium-spires,"Farmleigh, Dublin",Nature,Ireland,2024,Sunrise and Sunset,0,0,0,0.000
delphinium-spires,"Farmleigh, Dublin",Nature,Ireland,2024,Trees,0,0,0,0.000
delphinium-spires,"Farmleigh, Dublin",Nature,Ireland,2024,Waterbirds,0,0,0,0.000
delphinium-spires,"Farmleigh, Dublin",Nature,Ireland,2024,Waterfronts and Harbours,0,0,0,0.000
delphinium-spires,"Farmleigh, Dublin",Nature,Ireland,2024,Wild Cats,0,0,0,0.000
delphinium-spires,"Farmleigh, Dublin",Nature,Ireland,2024,Winter,0,0,0,0.000
delphinium-spires,"Farmleigh, Dublin",Nature,Ireland,2024,Woodland,0,0,0,0.000
delphinium-spires,"Farmleigh, Dublin",Nature,Ireland,2024,Young Animals,0,0,0,0.000
dublin-bay-from-the-hills,"Fernhill, November 2025",Landscape,Ireland,2025,Acacias,0,0,0,0.000
dublin-bay-from-the-hills,"Fernhill, November 2025",Landscape,Ireland,2025,Aircraft,0,0,0,0.000
dublin-bay-from-the-hills,"Fernhill, November 2025",Landscape,Ireland,2025,Antelope,0,0,0,0.000
dublin-bay-from-the-hills,"Fernhill, November 2025",Landscape,Ireland,2025,Autumn,0,0,0,0.000
dublin-bay-from-the-hills,"Fernhill, November 2025",Landscape,Ireland,2025,Bees,0,0,0,0.000
dublin-bay-from-the-hills,"Fernhill, November 2025",Landscape,Ireland,2025,Big Five,0,0,0,0.000
dublin-bay-from-the-hills,"Fernhill, November 2025",Landscape,Ireland,2025,Birds,0,0,0,0.000
dublin-bay-from-the-hills,"Fernhill, November 2025",Landscape,Ireland,2025,Birds in Flight,0,0,0,0.000
dublin-bay-from-the-hills,"Fernhill, November 2025",Landscape,Ireland,2025,Birds of Prey,0,0,0,0.000
dublin-bay-from-the-hills,"Fernhill, November 2025",Landscape,Ireland,2025,Boats and Ships,0,0,0,0.000
dublin-bay-from-the-hills,"Fernhill, November 2025",Landscape,Ireland,2025,Coast and Sea,0,0,0,0.000
dublin-bay-from-the-hills,"Fernhill, November 2025",Landscape,Ireland,2025,Drought,0,0,0,0.000
dublin-bay-from-the-hills,"Fernhill, November 2025",Landscape,Ireland,2025,Elephants,0,0,0,0.000
dublin-bay-from-the-hills,"Fernhill, November 2025",Landscape,Ireland,2025,Feeding,0,0,0,0.000
dublin-bay-from-the-hills,"Fernhill, November 2025",Landscape,Ireland,2025,Flowers,0,0,0,0.000
dublin-bay-from-the-hills,"Fernhill, November 2025",Landscape,Ireland,2025,Fungi,0,0,0,0.000
dublin-bay-from-the-hills,"Fernhill, November 2025",Landscape,Ireland,2025,Gulls,0,0,0,0.000
dublin-bay-from-the-hills,"Fernhill, November 2025",Landscape,Ireland,2025,Insects,0,0,0,0.000
dublin-bay-from-the-hills,"Fernhill, November 2025",Landscape,Ireland,2025,Martello Towers,0,0,0,0.000
dublin-bay-from-the-hills,"Fernhill, November 2025",Landscape,Ireland,2025,Mountains,0,0,0,0.000
dublin-bay-from-the-hills,"Fernhill, November 2025",Landscape,Ireland,2025,Reflections,0,0,0,0.000
dublin-bay-from-the-hills,"Fernhill, November 2025",Landscape,Ireland,2025,Seabirds,0,0,0,0.000
dublin-bay-from-the-hills,"Fernhill, November 2025",Landscape,Ireland,2025,Silhouettes,0,0,0,0.000
dublin-bay-from-the-hills,"Fernhill, November 2025",Landscape,Ireland,2025,Skies and Cloud,0,0,0,0.000
dublin-bay-from-the-hills,"Fernhill, November 2025",Landscape,Ireland,2025,Skylines,1,0,0,0.000
dublin-bay-from-the-hills,"Fernhill, November 2025",Landscape,Ireland,2025,Spring,0,0,0,0.000
dublin-bay-from-the-hills,"Fernhill, November 2025",Landscape,Ireland,2025,Sunrise and Sunset,0,0,0,0.000
dublin-bay-from-the-hills,"Fernhill, November 2025",Landscape,Ireland,2025,Trees,0,0,0,0.000
dublin-bay-from-the-hills,"Fernhill, November 2025",Landscape,Ireland,2025,Waterbirds,0,0,0,0.000
dublin-bay-from-the-hills,"Fernhill, November 2025",Landscape,Ireland,2025,Waterfronts and Harbours,0,0,0,0.000
dublin-bay-from-the-hills,"Fernhill, November 2025",Landscape,Ireland,2025,Wild Cats,0,0,0,0.000
dublin-bay-from-the-hills,"Fernhill, November 2025",Landscape,Ireland,2025,Winter,0,0,0,0.000
dublin-bay-from-the-hills,"Fernhill, November 2025",Landscape,Ireland,2025,Woodland,0,0,0,0.000
dublin-bay-from-the-hills,"Fernhill, November 2025",Landscape,Ireland,2025,Young Animals,0,0,0,0.000
egret-passing,"Nairobi National Park, October 2025",Wildlife,Kenya,2025,Acacias,0,0,0,0.000
egret-passing,"Nairobi National Park, October 2025",Wildlife,Kenya,2025,Aircraft,0,0,0,0.000
egret-passing,"Nairobi National Park, October 2025",Wildlife,Kenya,2025,Antelope,0,0,0,0.000
egret-passing,"Nairobi National Park, October 2025",Wildlife,Kenya,2025,Autumn,0,0,0,0.000
egret-passing,"Nairobi National Park, October 2025",Wildlife,Kenya,2025,Bees,0,0,0,0.000
egret-passing,"Nairobi National Park, October 2025",Wildlife,Kenya,2025,Big Five,0,0,0,0.000
egret-passing,"Nairobi National Park, October 2025",Wildlife,Kenya,2025,Birds,1,0,0,0.000
egret-passing,"Nairobi National Park, October 2025",Wildlife,Kenya,2025,Birds in Flight,1,0,1,0.500
egret-passing,"Nairobi National Park, October 2025",Wildlife,Kenya,2025,Birds of Prey,0,0,0,0.000
egret-passing,"Nairobi National Park, October 2025",Wildlife,Kenya,2025,Boats and Ships,0,0,0,0.000
egret-passing,"Nairobi National Park, October 2025",Wildlife,Kenya,2025,Coast and Sea,0,0,0,0.000
egret-passing,"Nairobi National Park, October 2025",Wildlife,Kenya,2025,Drought,0,0,0,0.000
egret-passing,"Nairobi National Park, October 2025",Wildlife,Kenya,2025,Elephants,0,0,0,0.000
egret-passing,"Nairobi National Park, October 2025",Wildlife,Kenya,2025,Feeding,0,0,0,0.000
egret-passing,"Nairobi National Park, October 2025",Wildlife,Kenya,2025,Flowers,0,0,0,0.000
egret-passing,"Nairobi National Park, October 2025",Wildlife,Kenya,2025,Fungi,0,0,0,0.000
egret-passing,"Nairobi National Park, October 2025",Wildlife,Kenya,2025,Gulls,0,0,0,0.000
egret-passing,"Nairobi National Park, October 2025",Wildlife,Kenya,2025,Insects,0,0,0,0.000
egret-passing,"Nairobi National Park, October 2025",Wildlife,Kenya,2025,Martello Towers,0,0,0,0.000
egret-passing,"Nairobi National Park, October 2025",Wildlife,Kenya,2025,Mountains,0,0,0,0.000
egret-passing,"Nairobi National Park, October 2025",Wildlife,Kenya,2025,Reflections,0,0,0,0.000
egret-passing,"Nairobi National Park, October 2025",Wildlife,Kenya,2025,Seabirds,0,0,0,0.000
egret-passing,"Nairobi National Park, October 2025",Wildlife,Kenya,2025,Silhouettes,0,0,0,0.000
egret-passing,"Nairobi National Park, October 2025",Wildlife,Kenya,2025,Skies and Cloud,0,0,0,0.000
egret-passing,"Nairobi National Park, October 2025",Wildlife,Kenya,2025,Skylines,0,0,0,0.000
egret-passing,"Nairobi National Park, October 2025",Wildlife,Kenya,2025,Spring,0,0,0,0.000
egret-passing,"Nairobi National Park, October 2025",Wildlife,Kenya,2025,Sunrise and Sunset,0,0,0,0.000
egret-passing,"Nairobi National Park, October 2025",Wildlife,Kenya,2025,Trees,0,0,0,0.000
egret-passing,"Nairobi National Park, October 2025",Wildlife,Kenya,2025,Waterbirds,0,0,0,0.000
egret-passing,"Nairobi National Park, October 2025",Wildlife,Kenya,2025,Waterfronts and Harbours,0,0,0,0.000
egret-passing,"Nairobi National Park, October 2025",Wildlife,Kenya,2025,Wild Cats,0,0,1,0.500
egret-passing,"Nairobi National Park, October 2025",Wildlife,Kenya,2025,Winter,0,0,0,0.000
egret-passing,"Nairobi National Park, October 2025",Wildlife,Kenya,2025,Woodland,0,0,0,0.000
egret-passing,"Nairobi National Park, October 2025",Wildlife,Kenya,2025,Young Animals,0,0,0,0.000
egyptian-goose,"Nairobi National Park, October 2025",Wildlife,Kenya,2025,Acacias,0,0,0,0.000
egyptian-goose,"Nairobi National Park, October 2025",Wildlife,Kenya,2025,Aircraft,0,0,0,0.000
egyptian-goose,"Nairobi National Park, October 2025",Wildlife,Kenya,2025,Antelope,0,0,0,0.000
egyptian-goose,"Nairobi National Park, October 2025",Wildlife,Kenya,2025,Autumn,0,0,0,0.000
egyptian-goose,"Nairobi National Park, October 2025",Wildlife,Kenya,2025,Bees,0,0,0,0.000
egyptian-goose,"Nairobi National Park, October 2025",Wildlife,Kenya,2025,Big Five,0,0,0,0.000
egyptian-goose,"Nairobi National Park, October 2025",Wildlife,Kenya,2025,Birds,1,0,0,0.000
egyptian-goose,"Nairobi National Park, October 2025",Wildlife,Kenya,2025,Birds in Flight,0,0,0,0.000
egyptian-goose,"Nairobi National Park, October 2025",Wildlife,Kenya,2025,Birds of Prey,0,0,0,0.000
egyptian-goose,"Nairobi National Park, October 2025",Wildlife,Kenya,2025,Boats and Ships,0,0,0,0.000
egyptian-goose,"Nairobi National Park, October 2025",Wildlife,Kenya,2025,Coast and Sea,0,0,0,0.000
egyptian-goose,"Nairobi National Park, October 2025",Wildlife,Kenya,2025,Drought,0,0,0,0.000
egyptian-goose,"Nairobi National Park, October 2025",Wildlife,Kenya,2025,Elephants,0,0,0,0.000
egyptian-goose,"Nairobi National Park, October 2025",Wildlife,Kenya,2025,Feeding,0,0,0,0.000
egyptian-goose,"Nairobi National Park, October 2025",Wildlife,Kenya,2025,Flowers,0,0,0,0.000
egyptian-goose,"Nairobi National Park, October 2025",Wildlife,Kenya,2025,Fungi,0,0,0,0.000
egyptian-goose,"Nairobi National Park, October 2025",Wildlife,Kenya,2025,Gulls,0,0,0,0.000
egyptian-goose,"Nairobi National Park, October 2025",Wildlife,Kenya,2025,Insects,0,0,0,0.000
egyptian-goose,"Nairobi National Park, October 2025",Wildlife,Kenya,2025,Martello Towers,0,0,0,0.000
egyptian-goose,"Nairobi National Park, October 2025",Wildlife,Kenya,2025,Mountains,0,0,0,0.000
egyptian-goose,"Nairobi National Park, October 2025",Wildlife,Kenya,2025,Reflections,0,0,0,0.000
egyptian-goose,"Nairobi National Park, October 2025",Wildlife,Kenya,2025,Seabirds,0,0,0,0.000
egyptian-goose,"Nairobi National Park, October 2025",Wildlife,Kenya,2025,Silhouettes,0,0,0,0.000
egyptian-goose,"Nairobi National Park, October 2025",Wildlife,Kenya,2025,Skies and Cloud,0,0,0,0.000
egyptian-goose,"Nairobi National Park, October 2025",Wildlife,Kenya,2025,Skylines,0,0,0,0.000
egyptian-goose,"Nairobi National Park, October 2025",Wildlife,Kenya,2025,Spring,0,0,0,0.000
egyptian-goose,"Nairobi National Park, October 2025",Wildlife,Kenya,2025,Sunrise and Sunset,0,0,0,0.000
egyptian-goose,"Nairobi National Park, October 2025",Wildlife,Kenya,2025,Trees,0,0,0,0.000
egyptian-goose,"Nairobi National Park, October 2025",Wildlife,Kenya,2025,Waterbirds,1,0,0,0.000
egyptian-goose,"Nairobi National Park, October 2025",Wildlife,Kenya,2025,Waterfronts and Harbours,0,0,0,0.000
egyptian-goose,"Nairobi National Park, October 2025",Wildlife,Kenya,2025,Wild Cats,0,0,0,0.000
egyptian-goose,"Nairobi National Park, October 2025",Wildlife,Kenya,2025,Winter,0,0,0,0.000
egyptian-goose,"Nairobi National Park, October 2025",Wildlife,Kenya,2025,Woodland,0,0,0,0.000
egyptian-goose,"Nairobi National Park, October 2025",Wildlife,Kenya,2025,Young Animals,0,0,0,0.000
elephant-at-sunset,"Amboseli, October 2025",Wildlife,Kenya,2025,Acacias,0,0,0,0.000
elephant-at-sunset,"Amboseli, October 2025",Wildlife,Kenya,2025,Aircraft,0,0,0,0.000
elephant-at-sunset,"Amboseli, October 2025",Wildlife,Kenya,2025,Antelope,0,0,0,0.000
elephant-at-sunset,"Amboseli, October 2025",Wildlife,Kenya,2025,Autumn,0,0,0,0.000
elephant-at-sunset,"Amboseli, October 2025",Wildlife,Kenya,2025,Bees,0,0,0,0.000
elephant-at-sunset,"Amboseli, October 2025",Wildlife,Kenya,2025,Big Five,1,0,0,0.000
elephant-at-sunset,"Amboseli, October 2025",Wildlife,Kenya,2025,Birds,0,0,0,0.000
elephant-at-sunset,"Amboseli, October 2025",Wildlife,Kenya,2025,Birds in Flight,0,0,0,0.000
elephant-at-sunset,"Amboseli, October 2025",Wildlife,Kenya,2025,Birds of Prey,0,0,0,0.000
elephant-at-sunset,"Amboseli, October 2025",Wildlife,Kenya,2025,Boats and Ships,0,0,0,0.000
elephant-at-sunset,"Amboseli, October 2025",Wildlife,Kenya,2025,Coast and Sea,0,0,0,0.000
elephant-at-sunset,"Amboseli, October 2025",Wildlife,Kenya,2025,Drought,0,0,0,0.000
elephant-at-sunset,"Amboseli, October 2025",Wildlife,Kenya,2025,Elephants,1,1,1,1.000
elephant-at-sunset,"Amboseli, October 2025",Wildlife,Kenya,2025,Feeding,0,0,0,0.000
elephant-at-sunset,"Amboseli, October 2025",Wildlife,Kenya,2025,Flowers,0,0,0,0.000
elephant-at-sunset,"Amboseli, October 2025",Wildlife,Kenya,2025,Fungi,0,0,0,0.000
elephant-at-sunset,"Amboseli, October 2025",Wildlife,Kenya,2025,Gulls,0,0,0,0.000
elephant-at-sunset,"Amboseli, October 2025",Wildlife,Kenya,2025,Insects,0,0,0,0.000
elephant-at-sunset,"Amboseli, October 2025",Wildlife,Kenya,2025,Martello Towers,0,0,0,0.000
elephant-at-sunset,"Amboseli, October 2025",Wildlife,Kenya,2025,Mountains,0,0,0,0.000
elephant-at-sunset,"Amboseli, October 2025",Wildlife,Kenya,2025,Reflections,0,0,0,0.000
elephant-at-sunset,"Amboseli, October 2025",Wildlife,Kenya,2025,Seabirds,0,0,0,0.000
elephant-at-sunset,"Amboseli, October 2025",Wildlife,Kenya,2025,Silhouettes,1,1,1,1.000
elephant-at-sunset,"Amboseli, October 2025",Wildlife,Kenya,2025,Skies and Cloud,1,0,1,0.500
elephant-at-sunset,"Amboseli, October 2025",Wildlife,Kenya,2025,Skylines,0,0,0,0.000
elephant-at-sunset,"Amboseli, October 2025",Wildlife,Kenya,2025,Spring,0,0,0,0.000
elephant-at-sunset,"Amboseli, October 2025",Wildlife,Kenya,2025,Sunrise and Sunset,1,0,0,0.000
elephant-at-sunset,"Amboseli, October 2025",Wildlife,Kenya,2025,Trees,0,0,0,0.000
elephant-at-sunset,"Amboseli, October 2025",Wildlife,Kenya,2025,Waterbirds,0,0,0,0.000
elephant-at-sunset,"Amboseli, October 2025",Wildlife,Kenya,2025,Waterfronts and Harbours,0,0,0,0.000
elephant-at-sunset,"Amboseli, October 2025",Wildlife,Kenya,2025,Wild Cats,0,0,1,0.500
elephant-at-sunset,"Amboseli, October 2025",Wildlife,Kenya,2025,Winter,0,0,0,0.000
elephant-at-sunset,"Amboseli, October 2025",Wildlife,Kenya,2025,Woodland,0,0,0,0.000
elephant-at-sunset,"Amboseli, October 2025",Wildlife,Kenya,2025,Young Animals,0,0,0,0.000
elephant-family-at-dusk,"Maasai Mara, October 2025",Landscape,Kenya,2025,Acacias,0,0,0,0.000
elephant-family-at-dusk,"Maasai Mara, October 2025",Landscape,Kenya,2025,Aircraft,0,0,0,0.000
elephant-family-at-dusk,"Maasai Mara, October 2025",Landscape,Kenya,2025,Antelope,0,0,0,0.000
elephant-family-at-dusk,"Maasai Mara, October 2025",Landscape,Kenya,2025,Autumn,0,0,0,0.000
elephant-family-at-dusk,"Maasai Mara, October 2025",Landscape,Kenya,2025,Bees,0,0,0,0.000
elephant-family-at-dusk,"Maasai Mara, October 2025",Landscape,Kenya,2025,Big Five,1,0,0,0.000
elephant-family-at-dusk,"Maasai Mara, October 2025",Landscape,Kenya,2025,Birds,0,0,0,0.000
elephant-family-at-dusk,"Maasai Mara, October 2025",Landscape,Kenya,2025,Birds in Flight,0,0,0,0.000
elephant-family-at-dusk,"Maasai Mara, October 2025",Landscape,Kenya,2025,Birds of Prey,0,0,0,0.000
elephant-family-at-dusk,"Maasai Mara, October 2025",Landscape,Kenya,2025,Boats and Ships,0,0,0,0.000
elephant-family-at-dusk,"Maasai Mara, October 2025",Landscape,Kenya,2025,Coast and Sea,0,0,0,0.000
elephant-family-at-dusk,"Maasai Mara, October 2025",Landscape,Kenya,2025,Drought,0,0,0,0.000
elephant-family-at-dusk,"Maasai Mara, October 2025",Landscape,Kenya,2025,Elephants,1,1,1,1.000
elephant-family-at-dusk,"Maasai Mara, October 2025",Landscape,Kenya,2025,Feeding,0,0,0,0.000
elephant-family-at-dusk,"Maasai Mara, October 2025",Landscape,Kenya,2025,Flowers,0,0,0,0.000
elephant-family-at-dusk,"Maasai Mara, October 2025",Landscape,Kenya,2025,Fungi,0,0,0,0.000
elephant-family-at-dusk,"Maasai Mara, October 2025",Landscape,Kenya,2025,Gulls,0,0,0,0.000
elephant-family-at-dusk,"Maasai Mara, October 2025",Landscape,Kenya,2025,Insects,0,0,0,0.000
elephant-family-at-dusk,"Maasai Mara, October 2025",Landscape,Kenya,2025,Martello Towers,0,0,0,0.000
elephant-family-at-dusk,"Maasai Mara, October 2025",Landscape,Kenya,2025,Mountains,0,0,0,0.000
elephant-family-at-dusk,"Maasai Mara, October 2025",Landscape,Kenya,2025,Reflections,0,0,0,0.000
elephant-family-at-dusk,"Maasai Mara, October 2025",Landscape,Kenya,2025,Seabirds,0,0,0,0.000
elephant-family-at-dusk,"Maasai Mara, October 2025",Landscape,Kenya,2025,Silhouettes,1,1,1,1.000
elephant-family-at-dusk,"Maasai Mara, October 2025",Landscape,Kenya,2025,Skies and Cloud,0,0,0,0.000
elephant-family-at-dusk,"Maasai Mara, October 2025",Landscape,Kenya,2025,Skylines,0,0,0,0.000
elephant-family-at-dusk,"Maasai Mara, October 2025",Landscape,Kenya,2025,Spring,0,0,0,0.000
elephant-family-at-dusk,"Maasai Mara, October 2025",Landscape,Kenya,2025,Sunrise and Sunset,1,0,0,0.000
elephant-family-at-dusk,"Maasai Mara, October 2025",Landscape,Kenya,2025,Trees,0,0,0,0.000
elephant-family-at-dusk,"Maasai Mara, October 2025",Landscape,Kenya,2025,Waterbirds,0,0,0,0.000
elephant-family-at-dusk,"Maasai Mara, October 2025",Landscape,Kenya,2025,Waterfronts and Harbours,0,0,0,0.000
elephant-family-at-dusk,"Maasai Mara, October 2025",Landscape,Kenya,2025,Wild Cats,0,0,0,0.000
elephant-family-at-dusk,"Maasai Mara, October 2025",Landscape,Kenya,2025,Winter,0,0,0,0.000
elephant-family-at-dusk,"Maasai Mara, October 2025",Landscape,Kenya,2025,Woodland,0,0,0,0.000
elephant-family-at-dusk,"Maasai Mara, October 2025",Landscape,Kenya,2025,Young Animals,0,0,0,0.000
elephant-with-cattle-egrets,"Amboseli, October 2025",Wildlife,Kenya,2025,Acacias,0,0,0,0.000
elephant-with-cattle-egrets,"Amboseli, October 2025",Wildlife,Kenya,2025,Aircraft,0,0,0,0.000
elephant-with-cattle-egrets,"Amboseli, October 2025",Wildlife,Kenya,2025,Antelope,0,0,0,0.000
elephant-with-cattle-egrets,"Amboseli, October 2025",Wildlife,Kenya,2025,Autumn,0,0,0,0.000
elephant-with-cattle-egrets,"Amboseli, October 2025",Wildlife,Kenya,2025,Bees,0,0,0,0.000
elephant-with-cattle-egrets,"Amboseli, October 2025",Wildlife,Kenya,2025,Big Five,1,0,0,0.000
elephant-with-cattle-egrets,"Amboseli, October 2025",Wildlife,Kenya,2025,Birds,1,0,0,0.000
elephant-with-cattle-egrets,"Amboseli, October 2025",Wildlife,Kenya,2025,Birds in Flight,0,0,0,0.000
elephant-with-cattle-egrets,"Amboseli, October 2025",Wildlife,Kenya,2025,Birds of Prey,0,0,0,0.000
elephant-with-cattle-egrets,"Amboseli, October 2025",Wildlife,Kenya,2025,Boats and Ships,0,0,0,0.000
elephant-with-cattle-egrets,"Amboseli, October 2025",Wildlife,Kenya,2025,Coast and Sea,0,0,0,0.000
elephant-with-cattle-egrets,"Amboseli, October 2025",Wildlife,Kenya,2025,Drought,0,0,0,0.000
elephant-with-cattle-egrets,"Amboseli, October 2025",Wildlife,Kenya,2025,Elephants,1,1,1,1.000
elephant-with-cattle-egrets,"Amboseli, October 2025",Wildlife,Kenya,2025,Feeding,0,0,0,0.000
elephant-with-cattle-egrets,"Amboseli, October 2025",Wildlife,Kenya,2025,Flowers,0,0,0,0.000
elephant-with-cattle-egrets,"Amboseli, October 2025",Wildlife,Kenya,2025,Fungi,0,0,0,0.000
elephant-with-cattle-egrets,"Amboseli, October 2025",Wildlife,Kenya,2025,Gulls,0,0,0,0.000
elephant-with-cattle-egrets,"Amboseli, October 2025",Wildlife,Kenya,2025,Insects,0,0,0,0.000
elephant-with-cattle-egrets,"Amboseli, October 2025",Wildlife,Kenya,2025,Martello Towers,0,0,0,0.000
elephant-with-cattle-egrets,"Amboseli, October 2025",Wildlife,Kenya,2025,Mountains,0,0,0,0.000
elephant-with-cattle-egrets,"Amboseli, October 2025",Wildlife,Kenya,2025,Reflections,0,0,0,0.000
elephant-with-cattle-egrets,"Amboseli, October 2025",Wildlife,Kenya,2025,Seabirds,0,0,0,0.000
elephant-with-cattle-egrets,"Amboseli, October 2025",Wildlife,Kenya,2025,Silhouettes,0,0,0,0.000
elephant-with-cattle-egrets,"Amboseli, October 2025",Wildlife,Kenya,2025,Skies and Cloud,0,0,0,0.000
elephant-with-cattle-egrets,"Amboseli, October 2025",Wildlife,Kenya,2025,Skylines,0,0,0,0.000
elephant-with-cattle-egrets,"Amboseli, October 2025",Wildlife,Kenya,2025,Spring,0,0,0,0.000
elephant-with-cattle-egrets,"Amboseli, October 2025",Wildlife,Kenya,2025,Sunrise and Sunset,0,0,0,0.000
elephant-with-cattle-egrets,"Amboseli, October 2025",Wildlife,Kenya,2025,Trees,0,0,0,0.000
elephant-with-cattle-egrets,"Amboseli, October 2025",Wildlife,Kenya,2025,Waterbirds,0,0,0,0.000
elephant-with-cattle-egrets,"Amboseli, October 2025",Wildlife,Kenya,2025,Waterfronts and Harbours,0,0,0,0.000
elephant-with-cattle-egrets,"Amboseli, October 2025",Wildlife,Kenya,2025,Wild Cats,0,0,1,0.500
elephant-with-cattle-egrets,"Amboseli, October 2025",Wildlife,Kenya,2025,Winter,0,0,0,0.000
elephant-with-cattle-egrets,"Amboseli, October 2025",Wildlife,Kenya,2025,Woodland,0,0,0,0.000
elephant-with-cattle-egrets,"Amboseli, October 2025",Wildlife,Kenya,2025,Young Animals,0,0,0,0.000
elephants-beneath-kilimanjaro,"Amboseli, October 2025",Wildlife,Kenya,2025,Acacias,0,0,0,0.000
elephants-beneath-kilimanjaro,"Amboseli, October 2025",Wildlife,Kenya,2025,Aircraft,0,0,0,0.000
elephants-beneath-kilimanjaro,"Amboseli, October 2025",Wildlife,Kenya,2025,Antelope,0,0,0,0.000
elephants-beneath-kilimanjaro,"Amboseli, October 2025",Wildlife,Kenya,2025,Autumn,0,0,0,0.000
elephants-beneath-kilimanjaro,"Amboseli, October 2025",Wildlife,Kenya,2025,Bees,0,0,0,0.000
elephants-beneath-kilimanjaro,"Amboseli, October 2025",Wildlife,Kenya,2025,Big Five,1,0,0,0.000
elephants-beneath-kilimanjaro,"Amboseli, October 2025",Wildlife,Kenya,2025,Birds,0,0,0,0.000
elephants-beneath-kilimanjaro,"Amboseli, October 2025",Wildlife,Kenya,2025,Birds in Flight,0,0,0,0.000
elephants-beneath-kilimanjaro,"Amboseli, October 2025",Wildlife,Kenya,2025,Birds of Prey,0,0,0,0.000
elephants-beneath-kilimanjaro,"Amboseli, October 2025",Wildlife,Kenya,2025,Boats and Ships,0,0,0,0.000
elephants-beneath-kilimanjaro,"Amboseli, October 2025",Wildlife,Kenya,2025,Coast and Sea,0,0,0,0.000
elephants-beneath-kilimanjaro,"Amboseli, October 2025",Wildlife,Kenya,2025,Drought,0,0,0,0.000
elephants-beneath-kilimanjaro,"Amboseli, October 2025",Wildlife,Kenya,2025,Elephants,1,1,1,1.000
elephants-beneath-kilimanjaro,"Amboseli, October 2025",Wildlife,Kenya,2025,Feeding,0,0,0,0.000
elephants-beneath-kilimanjaro,"Amboseli, October 2025",Wildlife,Kenya,2025,Flowers,0,0,0,0.000
elephants-beneath-kilimanjaro,"Amboseli, October 2025",Wildlife,Kenya,2025,Fungi,0,0,0,0.000
elephants-beneath-kilimanjaro,"Amboseli, October 2025",Wildlife,Kenya,2025,Gulls,0,0,0,0.000
elephants-beneath-kilimanjaro,"Amboseli, October 2025",Wildlife,Kenya,2025,Insects,0,0,0,0.000
elephants-beneath-kilimanjaro,"Amboseli, October 2025",Wildlife,Kenya,2025,Martello Towers,0,0,0,0.000
elephants-beneath-kilimanjaro,"Amboseli, October 2025",Wildlife,Kenya,2025,Mountains,1,0,0,0.000
elephants-beneath-kilimanjaro,"Amboseli, October 2025",Wildlife,Kenya,2025,Reflections,0,0,0,0.000
elephants-beneath-kilimanjaro,"Amboseli, October 2025",Wildlife,Kenya,2025,Seabirds,0,0,0,0.000
elephants-beneath-kilimanjaro,"Amboseli, October 2025",Wildlife,Kenya,2025,Silhouettes,0,0,0,0.000
elephants-beneath-kilimanjaro,"Amboseli, October 2025",Wildlife,Kenya,2025,Skies and Cloud,0,0,0,0.000
elephants-beneath-kilimanjaro,"Amboseli, October 2025",Wildlife,Kenya,2025,Skylines,0,0,0,0.000
elephants-beneath-kilimanjaro,"Amboseli, October 2025",Wildlife,Kenya,2025,Spring,0,0,0,0.000
elephants-beneath-kilimanjaro,"Amboseli, October 2025",Wildlife,Kenya,2025,Sunrise and Sunset,1,0,0,0.000
elephants-beneath-kilimanjaro,"Amboseli, October 2025",Wildlife,Kenya,2025,Trees,0,0,0,0.000
elephants-beneath-kilimanjaro,"Amboseli, October 2025",Wildlife,Kenya,2025,Waterbirds,0,0,0,0.000
elephants-beneath-kilimanjaro,"Amboseli, October 2025",Wildlife,Kenya,2025,Waterfronts and Harbours,0,0,0,0.000
elephants-beneath-kilimanjaro,"Amboseli, October 2025",Wildlife,Kenya,2025,Wild Cats,0,0,0,0.000
elephants-beneath-kilimanjaro,"Amboseli, October 2025",Wildlife,Kenya,2025,Winter,0,0,0,0.000
elephants-beneath-kilimanjaro,"Amboseli, October 2025",Wildlife,Kenya,2025,Woodland,0,0,0,0.000
elephants-beneath-kilimanjaro,"Amboseli, October 2025",Wildlife,Kenya,2025,Young Animals,0,0,0,0.000
empty-bench-greenwich,"London, August 2026",Documentary,England,2026,Acacias,0,0,0,0.000
empty-bench-greenwich,"London, August 2026",Documentary,England,2026,Aircraft,0,0,0,0.000
empty-bench-greenwich,"London, August 2026",Documentary,England,2026,Antelope,0,0,0,0.000
empty-bench-greenwich,"London, August 2026",Documentary,England,2026,Autumn,0,0,0,0.000
empty-bench-greenwich,"London, August 2026",Documentary,England,2026,Bees,0,0,0,0.000
empty-bench-greenwich,"London, August 2026",Documentary,England,2026,Big Five,0,0,0,0.000
empty-bench-greenwich,"London, August 2026",Documentary,England,2026,Birds,0,0,0,0.000
empty-bench-greenwich,"London, August 2026",Documentary,England,2026,Birds in Flight,0,0,0,0.000
empty-bench-greenwich,"London, August 2026",Documentary,England,2026,Birds of Prey,0,0,0,0.000
empty-bench-greenwich,"London, August 2026",Documentary,England,2026,Boats and Ships,0,0,0,0.000
empty-bench-greenwich,"London, August 2026",Documentary,England,2026,Coast and Sea,0,0,0,0.000
empty-bench-greenwich,"London, August 2026",Documentary,England,2026,Drought,1,1,1,1.000
empty-bench-greenwich,"London, August 2026",Documentary,England,2026,Elephants,0,0,0,0.000
empty-bench-greenwich,"London, August 2026",Documentary,England,2026,Feeding,0,0,0,0.000
empty-bench-greenwich,"London, August 2026",Documentary,England,2026,Flowers,0,0,0,0.000
empty-bench-greenwich,"London, August 2026",Documentary,England,2026,Fungi,0,0,0,0.000
empty-bench-greenwich,"London, August 2026",Documentary,England,2026,Gulls,0,0,0,0.000
empty-bench-greenwich,"London, August 2026",Documentary,England,2026,Insects,0,0,0,0.000
empty-bench-greenwich,"London, August 2026",Documentary,England,2026,Martello Towers,0,0,0,0.000
empty-bench-greenwich,"London, August 2026",Documentary,England,2026,Mountains,0,0,0,0.000
empty-bench-greenwich,"London, August 2026",Documentary,England,2026,Reflections,0,0,0,0.000
empty-bench-greenwich,"London, August 2026",Documentary,England,2026,Seabirds,0,0,0,0.000
empty-bench-greenwich,"London, August 2026",Documentary,England,2026,Silhouettes,0,0,0,0.000
empty-bench-greenwich,"London, August 2026",Documentary,England,2026,Skies and Cloud,0,0,0,0.000
empty-bench-greenwich,"London, August 2026",Documentary,England,2026,Skylines,0,0,0,0.000
empty-bench-greenwich,"London, August 2026",Documentary,England,2026,Spring,0,0,0,0.000
empty-bench-greenwich,"London, August 2026",Documentary,England,2026,Sunrise and Sunset,0,0,0,0.000
empty-bench-greenwich,"London, August 2026",Documentary,England,2026,Trees,0,1,1,1.000
empty-bench-greenwich,"London, August 2026",Documentary,England,2026,Waterbirds,0,0,0,0.000
empty-bench-greenwich,"London, August 2026",Documentary,England,2026,Waterfronts and Harbours,0,0,0,0.000
empty-bench-greenwich,"London, August 2026",Documentary,England,2026,Wild Cats,0,0,0,0.000
empty-bench-greenwich,"London, August 2026",Documentary,England,2026,Winter,0,0,0,0.000
empty-bench-greenwich,"London, August 2026",Documentary,England,2026,Woodland,0,0,0,0.000
empty-bench-greenwich,"London, August 2026",Documentary,England,2026,Young Animals,0,0,0,0.000
fern-croziers,"Marlay Park, April 2026",Nature,Ireland,2026,Acacias,0,0,0,0.000
fern-croziers,"Marlay Park, April 2026",Nature,Ireland,2026,Aircraft,0,0,0,0.000
fern-croziers,"Marlay Park, April 2026",Nature,Ireland,2026,Antelope,0,0,0,0.000
fern-croziers,"Marlay Park, April 2026",Nature,Ireland,2026,Autumn,0,0,0,0.000
fern-croziers,"Marlay Park, April 2026",Nature,Ireland,2026,Bees,0,0,0,0.000
fern-croziers,"Marlay Park, April 2026",Nature,Ireland,2026,Big Five,0,0,0,0.000
fern-croziers,"Marlay Park, April 2026",Nature,Ireland,2026,Birds,0,0,0,0.000
fern-croziers,"Marlay Park, April 2026",Nature,Ireland,2026,Birds in Flight,0,0,0,0.000
fern-croziers,"Marlay Park, April 2026",Nature,Ireland,2026,Birds of Prey,0,0,0,0.000
fern-croziers,"Marlay Park, April 2026",Nature,Ireland,2026,Boats and Ships,0,0,0,0.000
fern-croziers,"Marlay Park, April 2026",Nature,Ireland,2026,Coast and Sea,0,0,0,0.000
fern-croziers,"Marlay Park, April 2026",Nature,Ireland,2026,Drought,0,0,0,0.000
fern-croziers,"Marlay Park, April 2026",Nature,Ireland,2026,Elephants,0,0,0,0.000
fern-croziers,"Marlay Park, April 2026",Nature,Ireland,2026,Feeding,0,0,0,0.000
fern-croziers,"Marlay Park, April 2026",Nature,Ireland,2026,Flowers,0,0,0,0.000
fern-croziers,"Marlay Park, April 2026",Nature,Ireland,2026,Fungi,0,0,0,0.000
fern-croziers,"Marlay Park, April 2026",Nature,Ireland,2026,Gulls,0,0,0,0.000
fern-croziers,"Marlay Park, April 2026",Nature,Ireland,2026,Insects,0,0,0,0.000
fern-croziers,"Marlay Park, April 2026",Nature,Ireland,2026,Martello Towers,0,0,0,0.000
fern-croziers,"Marlay Park, April 2026",Nature,Ireland,2026,Mountains,0,0,0,0.000
fern-croziers,"Marlay Park, April 2026",Nature,Ireland,2026,Reflections,0,0,0,0.000
fern-croziers,"Marlay Park, April 2026",Nature,Ireland,2026,Seabirds,0,0,0,0.000
fern-croziers,"Marlay Park, April 2026",Nature,Ireland,2026,Silhouettes,0,0,0,0.000
fern-croziers,"Marlay Park, April 2026",Nature,Ireland,2026,Skies and Cloud,0,0,0,0.000
fern-croziers,"Marlay Park, April 2026",Nature,Ireland,2026,Skylines,0,0,0,0.000
fern-croziers,"Marlay Park, April 2026",Nature,Ireland,2026,Spring,1,0,0,0.000
fern-croziers,"Marlay Park, April 2026",Nature,Ireland,2026,Sunrise and Sunset,0,0,0,0.000
fern-croziers,"Marlay Park, April 2026",Nature,Ireland,2026,Trees,0,0,0,0.000
fern-croziers,"Marlay Park, April 2026",Nature,Ireland,2026,Waterbirds,0,0,0,0.000
fern-croziers,"Marlay Park, April 2026",Nature,Ireland,2026,Waterfronts and Harbours,0,0,0,0.000
fern-croziers,"Marlay Park, April 2026",Nature,Ireland,2026,Wild Cats,0,0,0,0.000
fern-croziers,"Marlay Park, April 2026",Nature,Ireland,2026,Winter,0,0,0,0.000
fern-croziers,"Marlay Park, April 2026",Nature,Ireland,2026,Woodland,0,0,0,0.000
fern-croziers,"Marlay Park, April 2026",Nature,Ireland,2026,Young Animals,0,0,0,0.000
fish-eagle-over-the-drowned-forest,"Lake Naivasha, October 2025",Wildlife,Kenya,2025,Acacias,0,1,1,1.000
fish-eagle-over-the-drowned-forest,"Lake Naivasha, October 2025",Wildlife,Kenya,2025,Aircraft,0,0,0,0.000
fish-eagle-over-the-drowned-forest,"Lake Naivasha, October 2025",Wildlife,Kenya,2025,Antelope,0,0,0,0.000
fish-eagle-over-the-drowned-forest,"Lake Naivasha, October 2025",Wildlife,Kenya,2025,Autumn,0,0,0,0.000
fish-eagle-over-the-drowned-forest,"Lake Naivasha, October 2025",Wildlife,Kenya,2025,Bees,0,0,0,0.000
fish-eagle-over-the-drowned-forest,"Lake Naivasha, October 2025",Wildlife,Kenya,2025,Big Five,0,0,0,0.000
fish-eagle-over-the-drowned-forest,"Lake Naivasha, October 2025",Wildlife,Kenya,2025,Birds,1,0,0,0.000
fish-eagle-over-the-drowned-forest,"Lake Naivasha, October 2025",Wildlife,Kenya,2025,Birds in Flight,1,0,1,0.500
fish-eagle-over-the-drowned-forest,"Lake Naivasha, October 2025",Wildlife,Kenya,2025,Birds of Prey,1,0,0,0.000
fish-eagle-over-the-drowned-forest,"Lake Naivasha, October 2025",Wildlife,Kenya,2025,Boats and Ships,0,0,0,0.000
fish-eagle-over-the-drowned-forest,"Lake Naivasha, October 2025",Wildlife,Kenya,2025,Coast and Sea,0,0,0,0.000
fish-eagle-over-the-drowned-forest,"Lake Naivasha, October 2025",Wildlife,Kenya,2025,Drought,0,0,0,0.000
fish-eagle-over-the-drowned-forest,"Lake Naivasha, October 2025",Wildlife,Kenya,2025,Elephants,0,0,0,0.000
fish-eagle-over-the-drowned-forest,"Lake Naivasha, October 2025",Wildlife,Kenya,2025,Feeding,0,0,0,0.000
fish-eagle-over-the-drowned-forest,"Lake Naivasha, October 2025",Wildlife,Kenya,2025,Flowers,0,0,0,0.000
fish-eagle-over-the-drowned-forest,"Lake Naivasha, October 2025",Wildlife,Kenya,2025,Fungi,0,0,0,0.000
fish-eagle-over-the-drowned-forest,"Lake Naivasha, October 2025",Wildlife,Kenya,2025,Gulls,0,0,0,0.000
fish-eagle-over-the-drowned-forest,"Lake Naivasha, October 2025",Wildlife,Kenya,2025,Insects,0,0,0,0.000
fish-eagle-over-the-drowned-forest,"Lake Naivasha, October 2025",Wildlife,Kenya,2025,Martello Towers,0,0,0,0.000
fish-eagle-over-the-drowned-forest,"Lake Naivasha, October 2025",Wildlife,Kenya,2025,Mountains,0,0,0,0.000
fish-eagle-over-the-drowned-forest,"Lake Naivasha, October 2025",Wildlife,Kenya,2025,Reflections,0,0,0,0.000
fish-eagle-over-the-drowned-forest,"Lake Naivasha, October 2025",Wildlife,Kenya,2025,Seabirds,0,0,0,0.000
fish-eagle-over-the-drowned-forest,"Lake Naivasha, October 2025",Wildlife,Kenya,2025,Silhouettes,0,0,0,0.000
fish-eagle-over-the-drowned-forest,"Lake Naivasha, October 2025",Wildlife,Kenya,2025,Skies and Cloud,0,0,1,0.500
fish-eagle-over-the-drowned-forest,"Lake Naivasha, October 2025",Wildlife,Kenya,2025,Skylines,0,0,0,0.000
fish-eagle-over-the-drowned-forest,"Lake Naivasha, October 2025",Wildlife,Kenya,2025,Spring,0,0,0,0.000
fish-eagle-over-the-drowned-forest,"Lake Naivasha, October 2025",Wildlife,Kenya,2025,Sunrise and Sunset,0,0,0,0.000
fish-eagle-over-the-drowned-forest,"Lake Naivasha, October 2025",Wildlife,Kenya,2025,Trees,0,1,1,1.000
fish-eagle-over-the-drowned-forest,"Lake Naivasha, October 2025",Wildlife,Kenya,2025,Waterbirds,0,0,0,0.000
fish-eagle-over-the-drowned-forest,"Lake Naivasha, October 2025",Wildlife,Kenya,2025,Waterfronts and Harbours,0,0,0,0.000
fish-eagle-over-the-drowned-forest,"Lake Naivasha, October 2025",Wildlife,Kenya,2025,Wild Cats,0,0,1,0.500
fish-eagle-over-the-drowned-forest,"Lake Naivasha, October 2025",Wildlife,Kenya,2025,Winter,0,0,0,0.000
fish-eagle-over-the-drowned-forest,"Lake Naivasha, October 2025",Wildlife,Kenya,2025,Woodland,0,0,0,0.000
fish-eagle-over-the-drowned-forest,"Lake Naivasha, October 2025",Wildlife,Kenya,2025,Young Animals,0,0,0,0.000
fish-eagle-with-a-catch,"Lake Naivasha, October 2025",Wildlife,Kenya,2025,Acacias,0,0,0,0.000
fish-eagle-with-a-catch,"Lake Naivasha, October 2025",Wildlife,Kenya,2025,Aircraft,0,0,0,0.000
fish-eagle-with-a-catch,"Lake Naivasha, October 2025",Wildlife,Kenya,2025,Antelope,0,0,0,0.000
fish-eagle-with-a-catch,"Lake Naivasha, October 2025",Wildlife,Kenya,2025,Autumn,0,0,0,0.000
fish-eagle-with-a-catch,"Lake Naivasha, October 2025",Wildlife,Kenya,2025,Bees,0,0,0,0.000
fish-eagle-with-a-catch,"Lake Naivasha, October 2025",Wildlife,Kenya,2025,Big Five,0,0,0,0.000
fish-eagle-with-a-catch,"Lake Naivasha, October 2025",Wildlife,Kenya,2025,Birds,1,0,0,0.000
fish-eagle-with-a-catch,"Lake Naivasha, October 2025",Wildlife,Kenya,2025,Birds in Flight,1,0,0,0.000
fish-eagle-with-a-catch,"Lake Naivasha, October 2025",Wildlife,Kenya,2025,Birds of Prey,1,0,0,0.000
fish-eagle-with-a-catch,"Lake Naivasha, October 2025",Wildlife,Kenya,2025,Boats and Ships,0,0,0,0.000
fish-eagle-with-a-catch,"Lake Naivasha, October 2025",Wildlife,Kenya,2025,Coast and Sea,0,0,0,0.000
fish-eagle-with-a-catch,"Lake Naivasha, October 2025",Wildlife,Kenya,2025,Drought,0,0,0,0.000
fish-eagle-with-a-catch,"Lake Naivasha, October 2025",Wildlife,Kenya,2025,Elephants,0,0,0,0.000
fish-eagle-with-a-catch,"Lake Naivasha, October 2025",Wildlife,Kenya,2025,Feeding,1,0,0,0.000
fish-eagle-with-a-catch,"Lake Naivasha, October 2025",Wildlife,Kenya,2025,Flowers,0,0,0,0.000
fish-eagle-with-a-catch,"Lake Naivasha, October 2025",Wildlife,Kenya,2025,Fungi,0,0,0,0.000
fish-eagle-with-a-catch,"Lake Naivasha, October 2025",Wildlife,Kenya,2025,Gulls,0,0,0,0.000
fish-eagle-with-a-catch,"Lake Naivasha, October 2025",Wildlife,Kenya,2025,Insects,0,0,0,0.000
fish-eagle-with-a-catch,"Lake Naivasha, October 2025",Wildlife,Kenya,2025,Martello Towers,0,0,0,0.000
fish-eagle-with-a-catch,"Lake Naivasha, October 2025",Wildlife,Kenya,2025,Mountains,0,0,0,0.000
fish-eagle-with-a-catch,"Lake Naivasha, October 2025",Wildlife,Kenya,2025,Reflections,0,0,0,0.000
fish-eagle-with-a-catch,"Lake Naivasha, October 2025",Wildlife,Kenya,2025,Seabirds,0,0,0,0.000
fish-eagle-with-a-catch,"Lake Naivasha, October 2025",Wildlife,Kenya,2025,Silhouettes,0,0,0,0.000
fish-eagle-with-a-catch,"Lake Naivasha, October 2025",Wildlife,Kenya,2025,Skies and Cloud,0,0,0,0.000
fish-eagle-with-a-catch,"Lake Naivasha, October 2025",Wildlife,Kenya,2025,Skylines,0,0,0,0.000
fish-eagle-with-a-catch,"Lake Naivasha, October 2025",Wildlife,Kenya,2025,Spring,0,0,0,0.000
fish-eagle-with-a-catch,"Lake Naivasha, October 2025",Wildlife,Kenya,2025,Sunrise and Sunset,0,0,0,0.000
fish-eagle-with-a-catch,"Lake Naivasha, October 2025",Wildlife,Kenya,2025,Trees,0,0,0,0.000
fish-eagle-with-a-catch,"Lake Naivasha, October 2025",Wildlife,Kenya,2025,Waterbirds,0,0,0,0.000
fish-eagle-with-a-catch,"Lake Naivasha, October 2025",Wildlife,Kenya,2025,Waterfronts and Harbours,0,0,0,0.000
fish-eagle-with-a-catch,"Lake Naivasha, October 2025",Wildlife,Kenya,2025,Wild Cats,0,0,0,0.000
fish-eagle-with-a-catch,"Lake Naivasha, October 2025",Wildlife,Kenya,2025,Winter,0,0,0,0.000
fish-eagle-with-a-catch,"Lake Naivasha, October 2025",Wildlife,Kenya,2025,Woodland,0,0,0,0.000
fish-eagle-with-a-catch,"Lake Naivasha, October 2025",Wildlife,Kenya,2025,Young Animals,0,0,0,0.000
flamingos-feeding,"Amboseli, October 2025",Wildlife,Kenya,2025,Acacias,0,0,0,0.000
flamingos-feeding,"Amboseli, October 2025",Wildlife,Kenya,2025,Aircraft,0,0,0,0.000
flamingos-feeding,"Amboseli, October 2025",Wildlife,Kenya,2025,Antelope,0,0,0,0.000
flamingos-feeding,"Amboseli, October 2025",Wildlife,Kenya,2025,Autumn,0,0,0,0.000
flamingos-feeding,"Amboseli, October 2025",Wildlife,Kenya,2025,Bees,0,0,0,0.000
flamingos-feeding,"Amboseli, October 2025",Wildlife,Kenya,2025,Big Five,0,0,1,1.000
flamingos-feeding,"Amboseli, October 2025",Wildlife,Kenya,2025,Birds,1,1,1,1.000
flamingos-feeding,"Amboseli, October 2025",Wildlife,Kenya,2025,Birds in Flight,0,0,1,0.500
flamingos-feeding,"Amboseli, October 2025",Wildlife,Kenya,2025,Birds of Prey,0,0,1,0.500
flamingos-feeding,"Amboseli, October 2025",Wildlife,Kenya,2025,Boats and Ships,0,0,0,0.000
flamingos-feeding,"Amboseli, October 2025",Wildlife,Kenya,2025,Coast and Sea,0,0,0,0.000
flamingos-feeding,"Amboseli, October 2025",Wildlife,Kenya,2025,Drought,0,0,0,0.000
flamingos-feeding,"Amboseli, October 2025",Wildlife,Kenya,2025,Elephants,0,0,0,0.000
flamingos-feeding,"Amboseli, October 2025",Wildlife,Kenya,2025,Feeding,1,0,0,0.000
flamingos-feeding,"Amboseli, October 2025",Wildlife,Kenya,2025,Flowers,0,0,0,0.000
flamingos-feeding,"Amboseli, October 2025",Wildlife,Kenya,2025,Fungi,0,0,0,0.000
flamingos-feeding,"Amboseli, October 2025",Wildlife,Kenya,2025,Gulls,0,0,0,0.000
flamingos-feeding,"Amboseli, October 2025",Wildlife,Kenya,2025,Insects,0,0,0,0.000
flamingos-feeding,"Amboseli, October 2025",Wildlife,Kenya,2025,Martello Towers,0,0,0,0.000
flamingos-feeding,"Amboseli, October 2025",Wildlife,Kenya,2025,Mountains,0,0,0,0.000
flamingos-feeding,"Amboseli, October 2025",Wildlife,Kenya,2025,Reflections,1,1,1,1.000
flamingos-feeding,"Amboseli, October 2025",Wildlife,Kenya,2025,Seabirds,0,0,0,0.000
flamingos-feeding,"Amboseli, October 2025",Wildlife,Kenya,2025,Silhouettes,0,0,0,0.000
flamingos-feeding,"Amboseli, October 2025",Wildlife,Kenya,2025,Skies and Cloud,0,0,0,0.000
flamingos-feeding,"Amboseli, October 2025",Wildlife,Kenya,2025,Skylines,0,0,0,0.000
flamingos-feeding,"Amboseli, October 2025",Wildlife,Kenya,2025,Spring,0,0,0,0.000
flamingos-feeding,"Amboseli, October 2025",Wildlife,Kenya,2025,Sunrise and Sunset,0,0,0,0.000
flamingos-feeding,"Amboseli, October 2025",Wildlife,Kenya,2025,Trees,0,0,0,0.000
flamingos-feeding,"Amboseli, October 2025",Wildlife,Kenya,2025,Waterbirds,1,0,0,0.000
flamingos-feeding,"Amboseli, October 2025",Wildlife,Kenya,2025,Waterfronts and Harbours,0,0,0,0.000
flamingos-feeding,"Amboseli, October 2025",Wildlife,Kenya,2025,Wild Cats,0,0,1,0.500
flamingos-feeding,"Amboseli, October 2025",Wildlife,Kenya,2025,Winter,0,0,0,0.000
flamingos-feeding,"Amboseli, October 2025",Wildlife,Kenya,2025,Woodland,0,0,0,0.000
flamingos-feeding,"Amboseli, October 2025",Wildlife,Kenya,2025,Young Animals,0,0,0,0.000
flamingos-in-the-shallows,"Amboseli, October 2025",Wildlife,Kenya,2025,Acacias,0,0,0,0.000
flamingos-in-the-shallows,"Amboseli, October 2025",Wildlife,Kenya,2025,Aircraft,0,0,0,0.000
flamingos-in-the-shallows,"Amboseli, October 2025",Wildlife,Kenya,2025,Antelope,0,0,0,0.000
flamingos-in-the-shallows,"Amboseli, October 2025",Wildlife,Kenya,2025,Autumn,0,0,0,0.000
flamingos-in-the-shallows,"Amboseli, October 2025",Wildlife,Kenya,2025,Bees,0,0,0,0.000
flamingos-in-the-shallows,"Amboseli, October 2025",Wildlife,Kenya,2025,Big Five,0,0,0,0.000
flamingos-in-the-shallows,"Amboseli, October 2025",Wildlife,Kenya,2025,Birds,1,0,0,0.000
flamingos-in-the-shallows,"Amboseli, October 2025",Wildlife,Kenya,2025,Birds in Flight,0,0,0,0.000
flamingos-in-the-shallows,"Amboseli, October 2025",Wildlife,Kenya,2025,Birds of Prey,0,0,0,0.000
flamingos-in-the-shallows,"Amboseli, October 2025",Wildlife,Kenya,2025,Boats and Ships,0,0,0,0.000
flamingos-in-the-shallows,"Amboseli, October 2025",Wildlife,Kenya,2025,Coast and Sea,0,0,0,0.000
flamingos-in-the-shallows,"Amboseli, October 2025",Wildlife,Kenya,2025,Drought,0,0,0,0.000
flamingos-in-the-shallows,"Amboseli, October 2025",Wildlife,Kenya,2025,Elephants,0,0,0,0.000
flamingos-in-the-shallows,"Amboseli, October 2025",Wildlife,Kenya,2025,Feeding,0,0,0,0.000
flamingos-in-the-shallows,"Amboseli, October 2025",Wildlife,Kenya,2025,Flowers,0,0,0,0.000
flamingos-in-the-shallows,"Amboseli, October 2025",Wildlife,Kenya,2025,Fungi,0,0,0,0.000
flamingos-in-the-shallows,"Amboseli, October 2025",Wildlife,Kenya,2025,Gulls,0,0,0,0.000
flamingos-in-the-shallows,"Amboseli, October 2025",Wildlife,Kenya,2025,Insects,0,0,0,0.000
flamingos-in-the-shallows,"Amboseli, October 2025",Wildlife,Kenya,2025,Martello Towers,0,0,0,0.000
flamingos-in-the-shallows,"Amboseli, October 2025",Wildlife,Kenya,2025,Mountains,0,0,0,0.000
flamingos-in-the-shallows,"Amboseli, October 2025",Wildlife,Kenya,2025,Reflections,0,0,0,0.000
flamingos-in-the-shallows,"Amboseli, October 2025",Wildlife,Kenya,2025,Seabirds,0,0,0,0.000
flamingos-in-the-shallows,"Amboseli, October 2025",Wildlife,Kenya,2025,Silhouettes,0,0,0,0.000
flamingos-in-the-shallows,"Amboseli, October 2025",Wildlife,Kenya,2025,Skies and Cloud,0,0,0,0.000
flamingos-in-the-shallows,"Amboseli, October 2025",Wildlife,Kenya,2025,Skylines,0,0,0,0.000
flamingos-in-the-shallows,"Amboseli, October 2025",Wildlife,Kenya,2025,Spring,0,0,0,0.000
flamingos-in-the-shallows,"Amboseli, October 2025",Wildlife,Kenya,2025,Sunrise and Sunset,0,0,0,0.000
flamingos-in-the-shallows,"Amboseli, October 2025",Wildlife,Kenya,2025,Trees,0,0,0,0.000
flamingos-in-the-shallows,"Amboseli, October 2025",Wildlife,Kenya,2025,Waterbirds,1,0,0,0.000
flamingos-in-the-shallows,"Amboseli, October 2025",Wildlife,Kenya,2025,Waterfronts and Harbours,0,0,0,0.000
flamingos-in-the-shallows,"Amboseli, October 2025",Wildlife,Kenya,2025,Wild Cats,0,0,0,0.000
flamingos-in-the-shallows,"Amboseli, October 2025",Wildlife,Kenya,2025,Winter,0,0,0,0.000
flamingos-in-the-shallows,"Amboseli, October 2025",Wildlife,Kenya,2025,Woodland,0,0,0,0.000
flamingos-in-the-shallows,"Amboseli, October 2025",Wildlife,Kenya,2025,Young Animals,0,0,0,0.000
fungi-on-a-mossy-stump,"Massy's Wood, October 2024",Nature,Ireland,2024,Acacias,0,0,0,0.000
fungi-on-a-mossy-stump,"Massy's Wood, October 2024",Nature,Ireland,2024,Aircraft,0,0,0,0.000
fungi-on-a-mossy-stump,"Massy's Wood, October 2024",Nature,Ireland,2024,Antelope,0,0,0,0.000
fungi-on-a-mossy-stump,"Massy's Wood, October 2024",Nature,Ireland,2024,Autumn,1,0,0,0.000
fungi-on-a-mossy-stump,"Massy's Wood, October 2024",Nature,Ireland,2024,Bees,0,1,1,1.000
fungi-on-a-mossy-stump,"Massy's Wood, October 2024",Nature,Ireland,2024,Big Five,0,0,0,0.000
fungi-on-a-mossy-stump,"Massy's Wood, October 2024",Nature,Ireland,2024,Birds,0,0,0,0.000
fungi-on-a-mossy-stump,"Massy's Wood, October 2024",Nature,Ireland,2024,Birds in Flight,0,0,0,0.000
fungi-on-a-mossy-stump,"Massy's Wood, October 2024",Nature,Ireland,2024,Birds of Prey,0,0,0,0.000
fungi-on-a-mossy-stump,"Massy's Wood, October 2024",Nature,Ireland,2024,Boats and Ships,0,0,0,0.000
fungi-on-a-mossy-stump,"Massy's Wood, October 2024",Nature,Ireland,2024,Coast and Sea,0,0,0,0.000
fungi-on-a-mossy-stump,"Massy's Wood, October 2024",Nature,Ireland,2024,Drought,0,0,0,0.000
fungi-on-a-mossy-stump,"Massy's Wood, October 2024",Nature,Ireland,2024,Elephants,0,0,0,0.000
fungi-on-a-mossy-stump,"Massy's Wood, October 2024",Nature,Ireland,2024,Feeding,0,0,0,0.000
fungi-on-a-mossy-stump,"Massy's Wood, October 2024",Nature,Ireland,2024,Flowers,0,0,0,0.000
fungi-on-a-mossy-stump,"Massy's Wood, October 2024",Nature,Ireland,2024,Fungi,1,1,1,1.000
fungi-on-a-mossy-stump,"Massy's Wood, October 2024",Nature,Ireland,2024,Gulls,0,0,0,0.000
fungi-on-a-mossy-stump,"Massy's Wood, October 2024",Nature,Ireland,2024,Insects,0,0,0,0.000
fungi-on-a-mossy-stump,"Massy's Wood, October 2024",Nature,Ireland,2024,Martello Towers,0,0,0,0.000
fungi-on-a-mossy-stump,"Massy's Wood, October 2024",Nature,Ireland,2024,Mountains,0,0,0,0.000
fungi-on-a-mossy-stump,"Massy's Wood, October 2024",Nature,Ireland,2024,Reflections,0,0,0,0.000
fungi-on-a-mossy-stump,"Massy's Wood, October 2024",Nature,Ireland,2024,Seabirds,0,0,0,0.000
fungi-on-a-mossy-stump,"Massy's Wood, October 2024",Nature,Ireland,2024,Silhouettes,0,0,0,0.000
fungi-on-a-mossy-stump,"Massy's Wood, October 2024",Nature,Ireland,2024,Skies and Cloud,0,0,0,0.000
fungi-on-a-mossy-stump,"Massy's Wood, October 2024",Nature,Ireland,2024,Skylines,0,0,0,0.000
fungi-on-a-mossy-stump,"Massy's Wood, October 2024",Nature,Ireland,2024,Spring,0,0,0,0.000
fungi-on-a-mossy-stump,"Massy's Wood, October 2024",Nature,Ireland,2024,Sunrise and Sunset,0,0,0,0.000
fungi-on-a-mossy-stump,"Massy's Wood, October 2024",Nature,Ireland,2024,Trees,0,0,0,0.000
fungi-on-a-mossy-stump,"Massy's Wood, October 2024",Nature,Ireland,2024,Waterbirds,0,0,0,0.000
fungi-on-a-mossy-stump,"Massy's Wood, October 2024",Nature,Ireland,2024,Waterfronts and Harbours,0,0,0,0.000
fungi-on-a-mossy-stump,"Massy's Wood, October 2024",Nature,Ireland,2024,Wild Cats,0,0,0,0.000
fungi-on-a-mossy-stump,"Massy's Wood, October 2024",Nature,Ireland,2024,Winter,0,0,0,0.000
fungi-on-a-mossy-stump,"Massy's Wood, October 2024",Nature,Ireland,2024,Woodland,1,0,0,0.000
fungi-on-a-mossy-stump,"Massy's Wood, October 2024",Nature,Ireland,2024,Young Animals,0,0,0,0.000
gannet-and-chick,"Great Saltee, August 2026",Wildlife,Ireland,2026,Acacias,0,0,0,0.000
gannet-and-chick,"Great Saltee, August 2026",Wildlife,Ireland,2026,Aircraft,0,0,0,0.000
gannet-and-chick,"Great Saltee, August 2026",Wildlife,Ireland,2026,Antelope,0,0,0,0.000
gannet-and-chick,"Great Saltee, August 2026",Wildlife,Ireland,2026,Autumn,0,0,0,0.000
gannet-and-chick,"Great Saltee, August 2026",Wildlife,Ireland,2026,Bees,0,0,0,0.000
gannet-and-chick,"Great Saltee, August 2026",Wildlife,Ireland,2026,Big Five,0,0,0,0.000
gannet-and-chick,"Great Saltee, August 2026",Wildlife,Ireland,2026,Birds,1,0,0,0.000
gannet-and-chick,"Great Saltee, August 2026",Wildlife,Ireland,2026,Birds in Flight,0,0,0,0.000
gannet-and-chick,"Great Saltee, August 2026",Wildlife,Ireland,2026,Birds of Prey,0,0,0,0.000
gannet-and-chick,"Great Saltee, August 2026",Wildlife,Ireland,2026,Boats and Ships,0,0,0,0.000
gannet-and-chick,"Great Saltee, August 2026",Wildlife,Ireland,2026,Coast and Sea,1,0,0,0.000
gannet-and-chick,"Great Saltee, August 2026",Wildlife,Ireland,2026,Drought,0,0,0,0.000
gannet-and-chick,"Great Saltee, August 2026",Wildlife,Ireland,2026,Elephants,0,0,0,0.000
gannet-and-chick,"Great Saltee, August 2026",Wildlife,Ireland,2026,Feeding,0,0,0,0.000
gannet-and-chick,"Great Saltee, August 2026",Wildlife,Ireland,2026,Flowers,0,0,0,0.000
gannet-and-chick,"Great Saltee, August 2026",Wildlife,Ireland,2026,Fungi,0,0,0,0.000
gannet-and-chick,"Great Saltee, August 2026",Wildlife,Ireland,2026,Gulls,0,0,0,0.000
gannet-and-chick,"Great Saltee, August 2026",Wildlife,Ireland,2026,Insects,0,0,0,0.000
gannet-and-chick,"Great Saltee, August 2026",Wildlife,Ireland,2026,Martello Towers,0,0,0,0.000
gannet-and-chick,"Great Saltee, August 2026",Wildlife,Ireland,2026,Mountains,0,0,0,0.000
gannet-and-chick,"Great Saltee, August 2026",Wildlife,Ireland,2026,Reflections,0,0,0,0.000
gannet-and-chick,"Great Saltee, August 2026",Wildlife,Ireland,2026,Seabirds,1,0,0,0.000
gannet-and-chick,"Great Saltee, August 2026",Wildlife,Ireland,2026,Silhouettes,0,0,0,0.000
gannet-and-chick,"Great Saltee, August 2026",Wildlife,Ireland,2026,Skies and Cloud,0,0,0,0.000
gannet-and-chick,"Great Saltee, August 2026",Wildlife,Ireland,2026,Skylines,0,0,0,0.000
gannet-and-chick,"Great Saltee, August 2026",Wildlife,Ireland,2026,Spring,0,0,0,0.000
gannet-and-chick,"Great Saltee, August 2026",Wildlife,Ireland,2026,Sunrise and Sunset,0,0,0,0.000
gannet-and-chick,"Great Saltee, August 2026",Wildlife,Ireland,2026,Trees,0,0,0,0.000
gannet-and-chick,"Great Saltee, August 2026",Wildlife,Ireland,2026,Waterbirds,0,0,0,0.000
gannet-and-chick,"Great Saltee, August 2026",Wildlife,Ireland,2026,Waterfronts and Harbours,0,0,0,0.000
gannet-and-chick,"Great Saltee, August 2026",Wildlife,Ireland,2026,Wild Cats,0,0,0,0.000
gannet-and-chick,"Great Saltee, August 2026",Wildlife,Ireland,2026,Winter,0,0,0,0.000
gannet-and-chick,"Great Saltee, August 2026",Wildlife,Ireland,2026,Woodland,0,0,0,0.000
gannet-and-chick,"Great Saltee, August 2026",Wildlife,Ireland,2026,Young Animals,1,0,0,0.000
garachico-rock,"Tenerife, January 2026",Landscape,Spain,2026,Acacias,0,0,0,0.000
garachico-rock,"Tenerife, January 2026",Landscape,Spain,2026,Aircraft,0,0,0,0.000
garachico-rock,"Tenerife, January 2026",Landscape,Spain,2026,Antelope,0,0,0,0.000
garachico-rock,"Tenerife, January 2026",Landscape,Spain,2026,Autumn,0,0,0,0.000
garachico-rock,"Tenerife, January 2026",Landscape,Spain,2026,Bees,0,0,0,0.000
garachico-rock,"Tenerife, January 2026",Landscape,Spain,2026,Big Five,0,0,0,0.000
garachico-rock,"Tenerife, January 2026",Landscape,Spain,2026,Birds,0,0,0,0.000
garachico-rock,"Tenerife, January 2026",Landscape,Spain,2026,Birds in Flight,0,0,0,0.000
garachico-rock,"Tenerife, January 2026",Landscape,Spain,2026,Birds of Prey,0,0,0,0.000
garachico-rock,"Tenerife, January 2026",Landscape,Spain,2026,Boats and Ships,0,0,0,0.000
garachico-rock,"Tenerife, January 2026",Landscape,Spain,2026,Coast and Sea,1,0,0,0.000
garachico-rock,"Tenerife, January 2026",Landscape,Spain,2026,Drought,0,0,0,0.000
garachico-rock,"Tenerife, January 2026",Landscape,Spain,2026,Elephants,0,0,0,0.000
garachico-rock,"Tenerife, January 2026",Landscape,Spain,2026,Feeding,0,0,0,0.000
garachico-rock,"Tenerife, January 2026",Landscape,Spain,2026,Flowers,0,0,0,0.000
garachico-rock,"Tenerife, January 2026",Landscape,Spain,2026,Fungi,0,0,0,0.000
garachico-rock,"Tenerife, January 2026",Landscape,Spain,2026,Gulls,0,0,0,0.000
garachico-rock,"Tenerife, January 2026",Landscape,Spain,2026,Insects,0,0,0,0.000
garachico-rock,"Tenerife, January 2026",Landscape,Spain,2026,Martello Towers,0,0,0,0.000
garachico-rock,"Tenerife, January 2026",Landscape,Spain,2026,Mountains,0,0,0,0.000
garachico-rock,"Tenerife, January 2026",Landscape,Spain,2026,Reflections,0,0,0,0.000
garachico-rock,"Tenerife, January 2026",Landscape,Spain,2026,Seabirds,0,0,0,0.000
garachico-rock,"Tenerife, January 2026",Landscape,Spain,2026,Silhouettes,0,0,0,0.000
garachico-rock,"Tenerife, January 2026",Landscape,Spain,2026,Skies and Cloud,0,0,0,0.000
garachico-rock,"Tenerife, January 2026",Landscape,Spain,2026,Skylines,0,0,0,0.000
garachico-rock,"Tenerife, January 2026",Landscape,Spain,2026,Spring,0,0,0,0.000
garachico-rock,"Tenerife, January 2026",Landscape,Spain,2026,Sunrise and Sunset,0,0,0,0.000
garachico-rock,"Tenerife, January 2026",Landscape,Spain,2026,Trees,0,0,0,0.000
garachico-rock,"Tenerife, January 2026",Landscape,Spain,2026,Waterbirds,0,0,0,0.000
garachico-rock,"Tenerife, January 2026",Landscape,Spain,2026,Waterfronts and Harbours,0,0,0,0.000
garachico-rock,"Tenerife, January 2026",Landscape,Spain,2026,Wild Cats,0,0,0,0.000
garachico-rock,"Tenerife, January 2026",Landscape,Spain,2026,Winter,0,0,0,0.000
garachico-rock,"Tenerife, January 2026",Landscape,Spain,2026,Woodland,0,0,0,0.000
garachico-rock,"Tenerife, January 2026",Landscape,Spain,2026,Young Animals,0,0,0,0.000
ghost-herd,"Nairobi National Park, October 2025",Creative,Kenya,2025,Acacias,0,0,0,0.000
ghost-herd,"Nairobi National Park, October 2025",Creative,Kenya,2025,Aircraft,0,0,0,0.000
ghost-herd,"Nairobi National Park, October 2025",Creative,Kenya,2025,Antelope,1,0,0,0.000
ghost-herd,"Nairobi National Park, October 2025",Creative,Kenya,2025,Autumn,0,0,0,0.000
ghost-herd,"Nairobi National Park, October 2025",Creative,Kenya,2025,Bees,0,0,0,0.000
ghost-herd,"Nairobi National Park, October 2025",Creative,Kenya,2025,Big Five,0,0,0,0.000
ghost-herd,"Nairobi National Park, October 2025",Creative,Kenya,2025,Birds,0,0,0,0.000
ghost-herd,"Nairobi National Park, October 2025",Creative,Kenya,2025,Birds in Flight,0,0,0,0.000
ghost-herd,"Nairobi National Park, October 2025",Creative,Kenya,2025,Birds of Prey,0,0,0,0.000
ghost-herd,"Nairobi National Park, October 2025",Creative,Kenya,2025,Boats and Ships,0,0,0,0.000
ghost-herd,"Nairobi National Park, October 2025",Creative,Kenya,2025,Coast and Sea,0,0,0,0.000
ghost-herd,"Nairobi National Park, October 2025",Creative,Kenya,2025,Drought,0,0,0,0.000
ghost-herd,"Nairobi National Park, October 2025",Creative,Kenya,2025,Elephants,0,0,0,0.000
ghost-herd,"Nairobi National Park, October 2025",Creative,Kenya,2025,Feeding,0,0,0,0.000
ghost-herd,"Nairobi National Park, October 2025",Creative,Kenya,2025,Flowers,0,0,0,0.000
ghost-herd,"Nairobi National Park, October 2025",Creative,Kenya,2025,Fungi,0,0,0,0.000
ghost-herd,"Nairobi National Park, October 2025",Creative,Kenya,2025,Gulls,0,0,0,0.000
ghost-herd,"Nairobi National Park, October 2025",Creative,Kenya,2025,Insects,0,0,0,0.000
ghost-herd,"Nairobi National Park, October 2025",Creative,Kenya,2025,Martello Towers,0,0,0,0.000
ghost-herd,"Nairobi National Park, October 2025",Creative,Kenya,2025,Mountains,0,0,0,0.000
ghost-herd,"Nairobi National Park, October 2025",Creative,Kenya,2025,Reflections,0,0,0,0.000
ghost-herd,"Nairobi National Park, October 2025",Creative,Kenya,2025,Seabirds,0,0,0,0.000
ghost-herd,"Nairobi National Park, October 2025",Creative,Kenya,2025,Silhouettes,0,0,0,0.000
ghost-herd,"Nairobi National Park, October 2025",Creative,Kenya,2025,Skies and Cloud,0,0,0,0.000
ghost-herd,"Nairobi National Park, October 2025",Creative,Kenya,2025,Skylines,0,0,0,0.000
ghost-herd,"Nairobi National Park, October 2025",Creative,Kenya,2025,Spring,0,0,0,0.000
ghost-herd,"Nairobi National Park, October 2025",Creative,Kenya,2025,Sunrise and Sunset,0,0,0,0.000
ghost-herd,"Nairobi National Park, October 2025",Creative,Kenya,2025,Trees,0,0,0,0.000
ghost-herd,"Nairobi National Park, October 2025",Creative,Kenya,2025,Waterbirds,0,0,0,0.000
ghost-herd,"Nairobi National Park, October 2025",Creative,Kenya,2025,Waterfronts and Harbours,0,0,0,0.000
ghost-herd,"Nairobi National Park, October 2025",Creative,Kenya,2025,Wild Cats,0,0,0,0.000
ghost-herd,"Nairobi National Park, October 2025",Creative,Kenya,2025,Winter,0,0,0,0.000
ghost-herd,"Nairobi National Park, October 2025",Creative,Kenya,2025,Woodland,0,0,0,0.000
ghost-herd,"Nairobi National Park, October 2025",Creative,Kenya,2025,Young Animals,0,0,0,0.000
giant-tree,"Marlay Park, April 2026",Nature,Ireland,2026,Acacias,0,0,0,0.000
giant-tree,"Marlay Park, April 2026",Nature,Ireland,2026,Aircraft,0,0,0,0.000
giant-tree,"Marlay Park, April 2026",Nature,Ireland,2026,Antelope,0,0,0,0.000
giant-tree,"Marlay Park, April 2026",Nature,Ireland,2026,Autumn,0,0,0,0.000
giant-tree,"Marlay Park, April 2026",Nature,Ireland,2026,Bees,0,0,0,0.000
giant-tree,"Marlay Park, April 2026",Nature,Ireland,2026,Big Five,0,0,0,0.000
giant-tree,"Marlay Park, April 2026",Nature,Ireland,2026,Birds,0,0,0,0.000
giant-tree,"Marlay Park, April 2026",Nature,Ireland,2026,Birds in Flight,0,0,0,0.000
giant-tree,"Marlay Park, April 2026",Nature,Ireland,2026,Birds of Prey,0,0,0,0.000
giant-tree,"Marlay Park, April 2026",Nature,Ireland,2026,Boats and Ships,0,0,0,0.000
giant-tree,"Marlay Park, April 2026",Nature,Ireland,2026,Coast and Sea,0,0,0,0.000
giant-tree,"Marlay Park, April 2026",Nature,Ireland,2026,Drought,0,0,0,0.000
giant-tree,"Marlay Park, April 2026",Nature,Ireland,2026,Elephants,0,0,0,0.000
giant-tree,"Marlay Park, April 2026",Nature,Ireland,2026,Feeding,0,0,0,0.000
giant-tree,"Marlay Park, April 2026",Nature,Ireland,2026,Flowers,0,0,0,0.000
giant-tree,"Marlay Park, April 2026",Nature,Ireland,2026,Fungi,0,0,0,0.000
giant-tree,"Marlay Park, April 2026",Nature,Ireland,2026,Gulls,0,0,0,0.000
giant-tree,"Marlay Park, April 2026",Nature,Ireland,2026,Insects,0,0,0,0.000
giant-tree,"Marlay Park, April 2026",Nature,Ireland,2026,Martello Towers,0,0,0,0.000
giant-tree,"Marlay Park, April 2026",Nature,Ireland,2026,Mountains,0,0,0,0.000
giant-tree,"Marlay Park, April 2026",Nature,Ireland,2026,Reflections,0,0,0,0.000
giant-tree,"Marlay Park, April 2026",Nature,Ireland,2026,Seabirds,0,0,0,0.000
giant-tree,"Marlay Park, April 2026",Nature,Ireland,2026,Silhouettes,0,0,0,0.000
giant-tree,"Marlay Park, April 2026",Nature,Ireland,2026,Skies and Cloud,0,0,0,0.000
giant-tree,"Marlay Park, April 2026",Nature,Ireland,2026,Skylines,0,0,0,0.000
giant-tree,"Marlay Park, April 2026",Nature,Ireland,2026,Spring,0,0,0,0.000
giant-tree,"Marlay Park, April 2026",Nature,Ireland,2026,Sunrise and Sunset,0,0,0,0.000
giant-tree,"Marlay Park, April 2026",Nature,Ireland,2026,Trees,1,1,1,1.000
giant-tree,"Marlay Park, April 2026",Nature,Ireland,2026,Waterbirds,0,0,0,0.000
giant-tree,"Marlay Park, April 2026",Nature,Ireland,2026,Waterfronts and Harbours,0,0,0,0.000
giant-tree,"Marlay Park, April 2026",Nature,Ireland,2026,Wild Cats,0,0,0,0.000
giant-tree,"Marlay Park, April 2026",Nature,Ireland,2026,Winter,0,0,0,0.000
giant-tree,"Marlay Park, April 2026",Nature,Ireland,2026,Woodland,0,0,0,0.000
giant-tree,"Marlay Park, April 2026",Nature,Ireland,2026,Young Animals,0,0,0,0.000
godwits-roosting,"Wexford Wildfowl Reserve, August 2026",Wildlife,Ireland,2026,Acacias,0,0,0,0.000
godwits-roosting,"Wexford Wildfowl Reserve, August 2026",Wildlife,Ireland,2026,Aircraft,0,0,0,0.000
godwits-roosting,"Wexford Wildfowl Reserve, August 2026",Wildlife,Ireland,2026,Antelope,0,0,0,0.000
godwits-roosting,"Wexford Wildfowl Reserve, August 2026",Wildlife,Ireland,2026,Autumn,0,0,0,0.000
godwits-roosting,"Wexford Wildfowl Reserve, August 2026",Wildlife,Ireland,2026,Bees,0,0,0,0.000
godwits-roosting,"Wexford Wildfowl Reserve, August 2026",Wildlife,Ireland,2026,Big Five,0,0,0,0.000
godwits-roosting,"Wexford Wildfowl Reserve, August 2026",Wildlife,Ireland,2026,Birds,1,0,0,0.000
godwits-roosting,"Wexford Wildfowl Reserve, August 2026",Wildlife,Ireland,2026,Birds in Flight,0,0,0,0.000
godwits-roosting,"Wexford Wildfowl Reserve, August 2026",Wildlife,Ireland,2026,Birds of Prey,0,0,0,0.000
godwits-roosting,"Wexford Wildfowl Reserve, August 2026",Wildlife,Ireland,2026,Boats and Ships,0,0,0,0.000
godwits-roosting,"Wexford Wildfowl Reserve, August 2026",Wildlife,Ireland,2026,Coast and Sea,0,0,0,0.000
godwits-roosting,"Wexford Wildfowl Reserve, August 2026",Wildlife,Ireland,2026,Drought,0,0,0,0.000
godwits-roosting,"Wexford Wildfowl Reserve, August 2026",Wildlife,Ireland,2026,Elephants,0,0,0,0.000
godwits-roosting,"Wexford Wildfowl Reserve, August 2026",Wildlife,Ireland,2026,Feeding,0,0,0,0.000
godwits-roosting,"Wexford Wildfowl Reserve, August 2026",Wildlife,Ireland,2026,Flowers,0,0,0,0.000
godwits-roosting,"Wexford Wildfowl Reserve, August 2026",Wildlife,Ireland,2026,Fungi,0,0,0,0.000
godwits-roosting,"Wexford Wildfowl Reserve, August 2026",Wildlife,Ireland,2026,Gulls,0,0,0,0.000
godwits-roosting,"Wexford Wildfowl Reserve, August 2026",Wildlife,Ireland,2026,Insects,0,0,0,0.000
godwits-roosting,"Wexford Wildfowl Reserve, August 2026",Wildlife,Ireland,2026,Martello Towers,0,0,0,0.000
godwits-roosting,"Wexford Wildfowl Reserve, August 2026",Wildlife,Ireland,2026,Mountains,0,0,0,0.000
godwits-roosting,"Wexford Wildfowl Reserve, August 2026",Wildlife,Ireland,2026,Reflections,1,0,0,0.000
godwits-roosting,"Wexford Wildfowl Reserve, August 2026",Wildlife,Ireland,2026,Seabirds,0,0,0,0.000
godwits-roosting,"Wexford Wildfowl Reserve, August 2026",Wildlife,Ireland,2026,Silhouettes,0,0,0,0.000
godwits-roosting,"Wexford Wildfowl Reserve, August 2026",Wildlife,Ireland,2026,Skies and Cloud,0,0,0,0.000
godwits-roosting,"Wexford Wildfowl Reserve, August 2026",Wildlife,Ireland,2026,Skylines,0,0,0,0.000
godwits-roosting,"Wexford Wildfowl Reserve, August 2026",Wildlife,Ireland,2026,Spring,0,0,0,0.000
godwits-roosting,"Wexford Wildfowl Reserve, August 2026",Wildlife,Ireland,2026,Sunrise and Sunset,0,0,0,0.000
godwits-roosting,"Wexford Wildfowl Reserve, August 2026",Wildlife,Ireland,2026,Trees,0,0,0,0.000
godwits-roosting,"Wexford Wildfowl Reserve, August 2026",Wildlife,Ireland,2026,Waterbirds,1,0,0,0.000
godwits-roosting,"Wexford Wildfowl Reserve, August 2026",Wildlife,Ireland,2026,Waterfronts and Harbours,0,0,0,0.000
godwits-roosting,"Wexford Wildfowl Reserve, August 2026",Wildlife,Ireland,2026,Wild Cats,0,0,0,0.000
godwits-roosting,"Wexford Wildfowl Reserve, August 2026",Wildlife,Ireland,2026,Winter,0,0,0,0.000
godwits-roosting,"Wexford Wildfowl Reserve, August 2026",Wildlife,Ireland,2026,Woodland,0,0,0,0.000
godwits-roosting,"Wexford Wildfowl Reserve, August 2026",Wildlife,Ireland,2026,Young Animals,0,0,0,0.000
golden-rose-in-full-bloom,"St Anne's Park, July 2026",Macro,Ireland,2026,Acacias,0,0,0,0.000
golden-rose-in-full-bloom,"St Anne's Park, July 2026",Macro,Ireland,2026,Aircraft,0,0,0,0.000
golden-rose-in-full-bloom,"St Anne's Park, July 2026",Macro,Ireland,2026,Antelope,0,0,0,0.000
golden-rose-in-full-bloom,"St Anne's Park, July 2026",Macro,Ireland,2026,Autumn,0,0,0,0.000
golden-rose-in-full-bloom,"St Anne's Park, July 2026",Macro,Ireland,2026,Bees,0,0,0,0.000
golden-rose-in-full-bloom,"St Anne's Park, July 2026",Macro,Ireland,2026,Big Five,0,0,0,0.000
golden-rose-in-full-bloom,"St Anne's Park, July 2026",Macro,Ireland,2026,Birds,0,0,0,0.000
golden-rose-in-full-bloom,"St Anne's Park, July 2026",Macro,Ireland,2026,Birds in Flight,0,0,0,0.000
golden-rose-in-full-bloom,"St Anne's Park, July 2026",Macro,Ireland,2026,Birds of Prey,0,0,0,0.000
golden-rose-in-full-bloom,"St Anne's Park, July 2026",Macro,Ireland,2026,Boats and Ships,0,0,0,0.000
golden-rose-in-full-bloom,"St Anne's Park, July 2026",Macro,Ireland,2026,Coast and Sea,0,0,0,0.000
golden-rose-in-full-bloom,"St Anne's Park, July 2026",Macro,Ireland,2026,Drought,0,0,0,0.000
golden-rose-in-full-bloom,"St Anne's Park, July 2026",Macro,Ireland,2026,Elephants,0,0,0,0.000
golden-rose-in-full-bloom,"St Anne's Park, July 2026",Macro,Ireland,2026,Feeding,0,0,0,0.000
golden-rose-in-full-bloom,"St Anne's Park, July 2026",Macro,Ireland,2026,Flowers,1,0,0,0.000
golden-rose-in-full-bloom,"St Anne's Park, July 2026",Macro,Ireland,2026,Fungi,0,0,0,0.000
golden-rose-in-full-bloom,"St Anne's Park, July 2026",Macro,Ireland,2026,Gulls,0,0,0,0.000
golden-rose-in-full-bloom,"St Anne's Park, July 2026",Macro,Ireland,2026,Insects,0,0,0,0.000
golden-rose-in-full-bloom,"St Anne's Park, July 2026",Macro,Ireland,2026,Martello Towers,0,0,0,0.000
golden-rose-in-full-bloom,"St Anne's Park, July 2026",Macro,Ireland,2026,Mountains,0,0,0,0.000
golden-rose-in-full-bloom,"St Anne's Park, July 2026",Macro,Ireland,2026,Reflections,0,0,0,0.000
golden-rose-in-full-bloom,"St Anne's Park, July 2026",Macro,Ireland,2026,Seabirds,0,0,0,0.000
golden-rose-in-full-bloom,"St Anne's Park, July 2026",Macro,Ireland,2026,Silhouettes,0,0,0,0.000
golden-rose-in-full-bloom,"St Anne's Park, July 2026",Macro,Ireland,2026,Skies and Cloud,0,0,0,0.000
golden-rose-in-full-bloom,"St Anne's Park, July 2026",Macro,Ireland,2026,Skylines,0,0,0,0.000
golden-rose-in-full-bloom,"St Anne's Park, July 2026",Macro,Ireland,2026,Spring,0,0,0,0.000
golden-rose-in-full-bloom,"St Anne's Park, July 2026",Macro,Ireland,2026,Sunrise and Sunset,0,0,0,0.000
golden-rose-in-full-bloom,"St Anne's Park, July 2026",Macro,Ireland,2026,Trees,0,0,0,0.000
golden-rose-in-full-bloom,"St Anne's Park, July 2026",Macro,Ireland,2026,Waterbirds,0,0,0,0.000
golden-rose-in-full-bloom,"St Anne's Park, July 2026",Macro,Ireland,2026,Waterfronts and Harbours,0,0,0,0.000
golden-rose-in-full-bloom,"St Anne's Park, July 2026",Macro,Ireland,2026,Wild Cats,0,0,0,0.000
golden-rose-in-full-bloom,"St Anne's Park, July 2026",Macro,Ireland,2026,Winter,0,0,0,0.000
golden-rose-in-full-bloom,"St Anne's Park, July 2026",Macro,Ireland,2026,Woodland,0,0,0,0.000
golden-rose-in-full-bloom,"St Anne's Park, July 2026",Macro,Ireland,2026,Young Animals,0,0,0,0.000
gothenburg-canal-park,"Gothenburg, May 2026",Landscape,Sweden,2026,Acacias,0,0,0,0.000
gothenburg-canal-park,"Gothenburg, May 2026",Landscape,Sweden,2026,Aircraft,0,0,0,0.000
gothenburg-canal-park,"Gothenburg, May 2026",Landscape,Sweden,2026,Antelope,0,0,0,0.000
gothenburg-canal-park,"Gothenburg, May 2026",Landscape,Sweden,2026,Autumn,0,0,0,0.000
gothenburg-canal-park,"Gothenburg, May 2026",Landscape,Sweden,2026,Bees,0,0,0,0.000
gothenburg-canal-park,"Gothenburg, May 2026",Landscape,Sweden,2026,Big Five,0,0,0,0.000
gothenburg-canal-park,"Gothenburg, May 2026",Landscape,Sweden,2026,Birds,0,0,0,0.000
gothenburg-canal-park,"Gothenburg, May 2026",Landscape,Sweden,2026,Birds in Flight,0,0,0,0.000
gothenburg-canal-park,"Gothenburg, May 2026",Landscape,Sweden,2026,Birds of Prey,0,0,0,0.000
gothenburg-canal-park,"Gothenburg, May 2026",Landscape,Sweden,2026,Boats and Ships,0,0,0,0.000
gothenburg-canal-park,"Gothenburg, May 2026",Landscape,Sweden,2026,Coast and Sea,0,0,0,0.000
gothenburg-canal-park,"Gothenburg, May 2026",Landscape,Sweden,2026,Drought,0,0,0,0.000
gothenburg-canal-park,"Gothenburg, May 2026",Landscape,Sweden,2026,Elephants,0,0,0,0.000
gothenburg-canal-park,"Gothenburg, May 2026",Landscape,Sweden,2026,Feeding,0,0,0,0.000
gothenburg-canal-park,"Gothenburg, May 2026",Landscape,Sweden,2026,Flowers,0,0,0,0.000
gothenburg-canal-park,"Gothenburg, May 2026",Landscape,Sweden,2026,Fungi,0,0,0,0.000
gothenburg-canal-park,"Gothenburg, May 2026",Landscape,Sweden,2026,Gulls,0,0,0,0.000
gothenburg-canal-park,"Gothenburg, May 2026",Landscape,Sweden,2026,Insects,0,0,0,0.000
gothenburg-canal-park,"Gothenburg, May 2026",Landscape,Sweden,2026,Martello Towers,0,0,0,0.000
gothenburg-canal-park,"Gothenburg, May 2026",Landscape,Sweden,2026,Mountains,0,0,0,0.000
gothenburg-canal-park,"Gothenburg, May 2026",Landscape,Sweden,2026,Reflections,0,0,0,0.000
gothenburg-canal-park,"Gothenburg, May 2026",Landscape,Sweden,2026,Seabirds,0,0,0,0.000
gothenburg-canal-park,"Gothenburg, May 2026",Landscape,Sweden,2026,Silhouettes,0,0,0,0.000
gothenburg-canal-park,"Gothenburg, May 2026",Landscape,Sweden,2026,Skies and Cloud,0,0,0,0.000
gothenburg-canal-park,"Gothenburg, May 2026",Landscape,Sweden,2026,Skylines,0,0,0,0.000
gothenburg-canal-park,"Gothenburg, May 2026",Landscape,Sweden,2026,Spring,0,0,0,0.000
gothenburg-canal-park,"Gothenburg, May 2026",Landscape,Sweden,2026,Sunrise and Sunset,0,0,0,0.000
gothenburg-canal-park,"Gothenburg, May 2026",Landscape,Sweden,2026,Trees,1,1,1,1.000
gothenburg-canal-park,"Gothenburg, May 2026",Landscape,Sweden,2026,Waterbirds,0,0,0,0.000
gothenburg-canal-park,"Gothenburg, May 2026",Landscape,Sweden,2026,Waterfronts and Harbours,1,0,0,0.000
gothenburg-canal-park,"Gothenburg, May 2026",Landscape,Sweden,2026,Wild Cats,0,0,0,0.000
gothenburg-canal-park,"Gothenburg, May 2026",Landscape,Sweden,2026,Winter,0,0,0,0.000
gothenburg-canal-park,"Gothenburg, May 2026",Landscape,Sweden,2026,Woodland,0,0,0,0.000
gothenburg-canal-park,"Gothenburg, May 2026",Landscape,Sweden,2026,Young Animals,0,0,0,0.000
great-black-backed-gull-with-chick-in-mono,"Dalkey Island, June 2026",Wildlife,Ireland,2026,Acacias,0,0,0,0.000
great-black-backed-gull-with-chick-in-mono,"Dalkey Island, June 2026",Wildlife,Ireland,2026,Aircraft,0,0,0,0.000
great-black-backed-gull-with-chick-in-mono,"Dalkey Island, June 2026",Wildlife,Ireland,2026,Antelope,0,0,0,0.000
great-black-backed-gull-with-chick-in-mono,"Dalkey Island, June 2026",Wildlife,Ireland,2026,Autumn,0,0,0,0.000
great-black-backed-gull-with-chick-in-mono,"Dalkey Island, June 2026",Wildlife,Ireland,2026,Bees,0,0,0,0.000
great-black-backed-gull-with-chick-in-mono,"Dalkey Island, June 2026",Wildlife,Ireland,2026,Big Five,0,0,0,0.000
great-black-backed-gull-with-chick-in-mono,"Dalkey Island, June 2026",Wildlife,Ireland,2026,Birds,1,0,0,0.000
great-black-backed-gull-with-chick-in-mono,"Dalkey Island, June 2026",Wildlife,Ireland,2026,Birds in Flight,0,0,0,0.000
great-black-backed-gull-with-chick-in-mono,"Dalkey Island, June 2026",Wildlife,Ireland,2026,Birds of Prey,0,0,0,0.000
great-black-backed-gull-with-chick-in-mono,"Dalkey Island, June 2026",Wildlife,Ireland,2026,Boats and Ships,0,0,0,0.000
great-black-backed-gull-with-chick-in-mono,"Dalkey Island, June 2026",Wildlife,Ireland,2026,Coast and Sea,1,0,0,0.000
great-black-backed-gull-with-chick-in-mono,"Dalkey Island, June 2026",Wildlife,Ireland,2026,Drought,0,0,0,0.000
great-black-backed-gull-with-chick-in-mono,"Dalkey Island, June 2026",Wildlife,Ireland,2026,Elephants,0,0,0,0.000
great-black-backed-gull-with-chick-in-mono,"Dalkey Island, June 2026",Wildlife,Ireland,2026,Feeding,0,0,0,0.000
great-black-backed-gull-with-chick-in-mono,"Dalkey Island, June 2026",Wildlife,Ireland,2026,Flowers,0,0,0,0.000
great-black-backed-gull-with-chick-in-mono,"Dalkey Island, June 2026",Wildlife,Ireland,2026,Fungi,0,0,0,0.000
great-black-backed-gull-with-chick-in-mono,"Dalkey Island, June 2026",Wildlife,Ireland,2026,Gulls,1,1,1,1.000
great-black-backed-gull-with-chick-in-mono,"Dalkey Island, June 2026",Wildlife,Ireland,2026,Insects,0,0,0,0.000
great-black-backed-gull-with-chick-in-mono,"Dalkey Island, June 2026",Wildlife,Ireland,2026,Martello Towers,0,0,0,0.000
great-black-backed-gull-with-chick-in-mono,"Dalkey Island, June 2026",Wildlife,Ireland,2026,Mountains,0,0,0,0.000
great-black-backed-gull-with-chick-in-mono,"Dalkey Island, June 2026",Wildlife,Ireland,2026,Reflections,0,0,0,0.000
great-black-backed-gull-with-chick-in-mono,"Dalkey Island, June 2026",Wildlife,Ireland,2026,Seabirds,1,0,0,0.000
great-black-backed-gull-with-chick-in-mono,"Dalkey Island, June 2026",Wildlife,Ireland,2026,Silhouettes,0,0,0,0.000
great-black-backed-gull-with-chick-in-mono,"Dalkey Island, June 2026",Wildlife,Ireland,2026,Skies and Cloud,0,0,0,0.000
great-black-backed-gull-with-chick-in-mono,"Dalkey Island, June 2026",Wildlife,Ireland,2026,Skylines,0,0,0,0.000
great-black-backed-gull-with-chick-in-mono,"Dalkey Island, June 2026",Wildlife,Ireland,2026,Spring,0,0,0,0.000
great-black-backed-gull-with-chick-in-mono,"Dalkey Island, June 2026",Wildlife,Ireland,2026,Sunrise and Sunset,0,0,0,0.000
great-black-backed-gull-with-chick-in-mono,"Dalkey Island, June 2026",Wildlife,Ireland,2026,Trees,0,0,0,0.000
great-black-backed-gull-with-chick-in-mono,"Dalkey Island, June 2026",Wildlife,Ireland,2026,Waterbirds,0,0,0,0.000
great-black-backed-gull-with-chick-in-mono,"Dalkey Island, June 2026",Wildlife,Ireland,2026,Waterfronts and Harbours,0,0,0,0.000
great-black-backed-gull-with-chick-in-mono,"Dalkey Island, June 2026",Wildlife,Ireland,2026,Wild Cats,0,0,0,0.000
great-black-backed-gull-with-chick-in-mono,"Dalkey Island, June 2026",Wildlife,Ireland,2026,Winter,0,0,0,0.000
great-black-backed-gull-with-chick-in-mono,"Dalkey Island, June 2026",Wildlife,Ireland,2026,Woodland,0,0,0,0.000
great-black-backed-gull-with-chick-in-mono,"Dalkey Island, June 2026",Wildlife,Ireland,2026,Young Animals,1,0,0,0.000
great-black-backed-gull-with-chick,"Dalkey Island, June 2026",Wildlife,Ireland,2026,Acacias,0,0,0,0.000
great-black-backed-gull-with-chick,"Dalkey Island, June 2026",Wildlife,Ireland,2026,Aircraft,0,0,0,0.000
great-black-backed-gull-with-chick,"Dalkey Island, June 2026",Wildlife,Ireland,2026,Antelope,0,0,0,0.000
great-black-backed-gull-with-chick,"Dalkey Island, June 2026",Wildlife,Ireland,2026,Autumn,0,0,0,0.000
great-black-backed-gull-with-chick,"Dalkey Island, June 2026",Wildlife,Ireland,2026,Bees,0,0,0,0.000
great-black-backed-gull-with-chick,"Dalkey Island, June 2026",Wildlife,Ireland,2026,Big Five,0,0,0,0.000
great-black-backed-gull-with-chick,"Dalkey Island, June 2026",Wildlife,Ireland,2026,Birds,1,0,0,0.000
great-black-backed-gull-with-chick,"Dalkey Island, June 2026",Wildlife,Ireland,2026,Birds in Flight,0,0,0,0.000
great-black-backed-gull-with-chick,"Dalkey Island, June 2026",Wildlife,Ireland,2026,Birds of Prey,0,0,0,0.000
great-black-backed-gull-with-chick,"Dalkey Island, June 2026",Wildlife,Ireland,2026,Boats and Ships,0,0,0,0.000
great-black-backed-gull-with-chick,"Dalkey Island, June 2026",Wildlife,Ireland,2026,Coast and Sea,1,0,0,0.000
great-black-backed-gull-with-chick,"Dalkey Island, June 2026",Wildlife,Ireland,2026,Drought,0,0,0,0.000
great-black-backed-gull-with-chick,"Dalkey Island, June 2026",Wildlife,Ireland,2026,Elephants,0,0,0,0.000
great-black-backed-gull-with-chick,"Dalkey Island, June 2026",Wildlife,Ireland,2026,Feeding,0,0,0,0.000
great-black-backed-gull-with-chick,"Dalkey Island, June 2026",Wildlife,Ireland,2026,Flowers,0,0,0,0.000
great-black-backed-gull-with-chick,"Dalkey Island, June 2026",Wildlife,Ireland,2026,Fungi,0,0,0,0.000
great-black-backed-gull-with-chick,"Dalkey Island, June 2026",Wildlife,Ireland,2026,Gulls,1,1,1,1.000
great-black-backed-gull-with-chick,"Dalkey Island, June 2026",Wildlife,Ireland,2026,Insects,0,0,0,0.000
great-black-backed-gull-with-chick,"Dalkey Island, June 2026",Wildlife,Ireland,2026,Martello Towers,0,0,0,0.000
great-black-backed-gull-with-chick,"Dalkey Island, June 2026",Wildlife,Ireland,2026,Mountains,0,0,0,0.000
great-black-backed-gull-with-chick,"Dalkey Island, June 2026",Wildlife,Ireland,2026,Reflections,0,0,0,0.000
great-black-backed-gull-with-chick,"Dalkey Island, June 2026",Wildlife,Ireland,2026,Seabirds,1,0,0,0.000
great-black-backed-gull-with-chick,"Dalkey Island, June 2026",Wildlife,Ireland,2026,Silhouettes,0,0,0,0.000
great-black-backed-gull-with-chick,"Dalkey Island, June 2026",Wildlife,Ireland,2026,Skies and Cloud,0,0,0,0.000
great-black-backed-gull-with-chick,"Dalkey Island, June 2026",Wildlife,Ireland,2026,Skylines,0,0,0,0.000
great-black-backed-gull-with-chick,"Dalkey Island, June 2026",Wildlife,Ireland,2026,Spring,0,0,0,0.000
great-black-backed-gull-with-chick,"Dalkey Island, June 2026",Wildlife,Ireland,2026,Sunrise and Sunset,0,0,0,0.000
great-black-backed-gull-with-chick,"Dalkey Island, June 2026",Wildlife,Ireland,2026,Trees,0,0,0,0.000
great-black-backed-gull-with-chick,"Dalkey Island, June 2026",Wildlife,Ireland,2026,Waterbirds,0,0,0,0.000
great-black-backed-gull-with-chick,"Dalkey Island, June 2026",Wildlife,Ireland,2026,Waterfronts and Harbours,0,0,0,0.000
great-black-backed-gull-with-chick,"Dalkey Island, June 2026",Wildlife,Ireland,2026,Wild Cats,0,0,0,0.000
great-black-backed-gull-with-chick,"Dalkey Island, June 2026",Wildlife,Ireland,2026,Winter,0,0,0,0.000
great-black-backed-gull-with-chick,"Dalkey Island, June 2026",Wildlife,Ireland,2026,Woodland,0,0,0,0.000
great-black-backed-gull-with-chick,"Dalkey Island, June 2026",Wildlife,Ireland,2026,Young Animals,1,0,0,0.000
great-south-wall-light-track,"Great South Wall, March 2026",Documentary,Ireland,2026,Acacias,0,0,0,0.000
great-south-wall-light-track,"Great South Wall, March 2026",Documentary,Ireland,2026,Aircraft,0,0,0,0.000
great-south-wall-light-track,"Great South Wall, March 2026",Documentary,Ireland,2026,Antelope,0,0,0,0.000
great-south-wall-light-track,"Great South Wall, March 2026",Documentary,Ireland,2026,Autumn,0,0,0,0.000
great-south-wall-light-track,"Great South Wall, March 2026",Documentary,Ireland,2026,Bees,0,0,0,0.000
great-south-wall-light-track,"Great South Wall, March 2026",Documentary,Ireland,2026,Big Five,0,0,0,0.000
great-south-wall-light-track,"Great South Wall, March 2026",Documentary,Ireland,2026,Birds,0,0,0,0.000
great-south-wall-light-track,"Great South Wall, March 2026",Documentary,Ireland,2026,Birds in Flight,0,0,0,0.000
great-south-wall-light-track,"Great South Wall, March 2026",Documentary,Ireland,2026,Birds of Prey,0,0,0,0.000
great-south-wall-light-track,"Great South Wall, March 2026",Documentary,Ireland,2026,Boats and Ships,0,0,0,0.000
great-south-wall-light-track,"Great South Wall, March 2026",Documentary,Ireland,2026,Coast and Sea,1,0,0,0.000
great-south-wall-light-track,"Great South Wall, March 2026",Documentary,Ireland,2026,Drought,0,0,0,0.000
great-south-wall-light-track,"Great South Wall, March 2026",Documentary,Ireland,2026,Elephants,0,0,0,0.000
great-south-wall-light-track,"Great South Wall, March 2026",Documentary,Ireland,2026,Feeding,0,0,0,0.000
great-south-wall-light-track,"Great South Wall, March 2026",Documentary,Ireland,2026,Flowers,0,0,0,0.000
great-south-wall-light-track,"Great South Wall, March 2026",Documentary,Ireland,2026,Fungi,0,0,0,0.000
great-south-wall-light-track,"Great South Wall, March 2026",Documentary,Ireland,2026,Gulls,0,0,0,0.000
great-south-wall-light-track,"Great South Wall, March 2026",Documentary,Ireland,2026,Insects,0,0,0,0.000
great-south-wall-light-track,"Great South Wall, March 2026",Documentary,Ireland,2026,Martello Towers,0,0,0,0.000
great-south-wall-light-track,"Great South Wall, March 2026",Documentary,Ireland,2026,Mountains,0,0,0,0.000
great-south-wall-light-track,"Great South Wall, March 2026",Documentary,Ireland,2026,Reflections,0,0,0,0.000
great-south-wall-light-track,"Great South Wall, March 2026",Documentary,Ireland,2026,Seabirds,0,0,0,0.000
great-south-wall-light-track,"Great South Wall, March 2026",Documentary,Ireland,2026,Silhouettes,0,0,0,0.000
great-south-wall-light-track,"Great South Wall, March 2026",Documentary,Ireland,2026,Skies and Cloud,0,0,0,0.000
great-south-wall-light-track,"Great South Wall, March 2026",Documentary,Ireland,2026,Skylines,0,0,0,0.000
great-south-wall-light-track,"Great South Wall, March 2026",Documentary,Ireland,2026,Spring,0,0,0,0.000
great-south-wall-light-track,"Great South Wall, March 2026",Documentary,Ireland,2026,Sunrise and Sunset,1,0,0,0.000
great-south-wall-light-track,"Great South Wall, March 2026",Documentary,Ireland,2026,Trees,0,0,0,0.000
great-south-wall-light-track,"Great South Wall, March 2026",Documentary,Ireland,2026,Waterbirds,0,0,0,0.000
great-south-wall-light-track,"Great South Wall, March 2026",Documentary,Ireland,2026,Waterfronts and Harbours,0,0,0,0.000
great-south-wall-light-track,"Great South Wall, March 2026",Documentary,Ireland,2026,Wild Cats,0,0,0,0.000
great-south-wall-light-track,"Great South Wall, March 2026",Documentary,Ireland,2026,Winter,0,0,0,0.000
great-south-wall-light-track,"Great South Wall, March 2026",Documentary,Ireland,2026,Woodland,0,0,0,0.000
great-south-wall-light-track,"Great South Wall, March 2026",Documentary,Ireland,2026,Young Animals,0,0,0,0.000
great-white-pelican-on-naivasha,"Lake Naivasha, October 2025",Wildlife,Kenya,2025,Acacias,0,0,0,0.000
great-white-pelican-on-naivasha,"Lake Naivasha, October 2025",Wildlife,Kenya,2025,Aircraft,0,0,0,0.000
great-white-pelican-on-naivasha,"Lake Naivasha, October 2025",Wildlife,Kenya,2025,Antelope,0,0,0,0.000
great-white-pelican-on-naivasha,"Lake Naivasha, October 2025",Wildlife,Kenya,2025,Autumn,0,0,0,0.000
great-white-pelican-on-naivasha,"Lake Naivasha, October 2025",Wildlife,Kenya,2025,Bees,0,0,0,0.000
great-white-pelican-on-naivasha,"Lake Naivasha, October 2025",Wildlife,Kenya,2025,Big Five,0,0,0,0.000
great-white-pelican-on-naivasha,"Lake Naivasha, October 2025",Wildlife,Kenya,2025,Birds,1,0,0,0.000
great-white-pelican-on-naivasha,"Lake Naivasha, October 2025",Wildlife,Kenya,2025,Birds in Flight,0,0,0,0.000
great-white-pelican-on-naivasha,"Lake Naivasha, October 2025",Wildlife,Kenya,2025,Birds of Prey,0,0,0,0.000
great-white-pelican-on-naivasha,"Lake Naivasha, October 2025",Wildlife,Kenya,2025,Boats and Ships,0,0,0,0.000
great-white-pelican-on-naivasha,"Lake Naivasha, October 2025",Wildlife,Kenya,2025,Coast and Sea,0,0,0,0.000
great-white-pelican-on-naivasha,"Lake Naivasha, October 2025",Wildlife,Kenya,2025,Drought,0,0,0,0.000
great-white-pelican-on-naivasha,"Lake Naivasha, October 2025",Wildlife,Kenya,2025,Elephants,0,0,0,0.000
great-white-pelican-on-naivasha,"Lake Naivasha, October 2025",Wildlife,Kenya,2025,Feeding,0,0,0,0.000
great-white-pelican-on-naivasha,"Lake Naivasha, October 2025",Wildlife,Kenya,2025,Flowers,0,0,0,0.000
great-white-pelican-on-naivasha,"Lake Naivasha, October 2025",Wildlife,Kenya,2025,Fungi,0,0,0,0.000
great-white-pelican-on-naivasha,"Lake Naivasha, October 2025",Wildlife,Kenya,2025,Gulls,0,0,0,0.000
great-white-pelican-on-naivasha,"Lake Naivasha, October 2025",Wildlife,Kenya,2025,Insects,0,0,0,0.000
great-white-pelican-on-naivasha,"Lake Naivasha, October 2025",Wildlife,Kenya,2025,Martello Towers,0,0,0,0.000
great-white-pelican-on-naivasha,"Lake Naivasha, October 2025",Wildlife,Kenya,2025,Mountains,0,0,0,0.000
great-white-pelican-on-naivasha,"Lake Naivasha, October 2025",Wildlife,Kenya,2025,Reflections,0,0,0,0.000
great-white-pelican-on-naivasha,"Lake Naivasha, October 2025",Wildlife,Kenya,2025,Seabirds,0,0,0,0.000
great-white-pelican-on-naivasha,"Lake Naivasha, October 2025",Wildlife,Kenya,2025,Silhouettes,0,0,0,0.000
great-white-pelican-on-naivasha,"Lake Naivasha, October 2025",Wildlife,Kenya,2025,Skies and Cloud,0,0,0,0.000
great-white-pelican-on-naivasha,"Lake Naivasha, October 2025",Wildlife,Kenya,2025,Skylines,0,0,0,0.000
great-white-pelican-on-naivasha,"Lake Naivasha, October 2025",Wildlife,Kenya,2025,Spring,0,0,0,0.000
great-white-pelican-on-naivasha,"Lake Naivasha, October 2025",Wildlife,Kenya,2025,Sunrise and Sunset,0,0,0,0.000
great-white-pelican-on-naivasha,"Lake Naivasha, October 2025",Wildlife,Kenya,2025,Trees,0,0,0,0.000
great-white-pelican-on-naivasha,"Lake Naivasha, October 2025",Wildlife,Kenya,2025,Waterbirds,1,0,0,0.000
great-white-pelican-on-naivasha,"Lake Naivasha, October 2025",Wildlife,Kenya,2025,Waterfronts and Harbours,0,0,0,0.000
great-white-pelican-on-naivasha,"Lake Naivasha, October 2025",Wildlife,Kenya,2025,Wild Cats,0,0,0,0.000
great-white-pelican-on-naivasha,"Lake Naivasha, October 2025",Wildlife,Kenya,2025,Winter,0,0,0,0.000
great-white-pelican-on-naivasha,"Lake Naivasha, October 2025",Wildlife,Kenya,2025,Woodland,0,0,0,0.000
great-white-pelican-on-naivasha,"Lake Naivasha, October 2025",Wildlife,Kenya,2025,Young Animals,0,0,0,0.000
great-white-pelicans,"Amboseli, October 2025",Wildlife,Kenya,2025,Acacias,0,0,0,0.000
great-white-pelicans,"Amboseli, October 2025",Wildlife,Kenya,2025,Aircraft,0,0,0,0.000
great-white-pelicans,"Amboseli, October 2025",Wildlife,Kenya,2025,Antelope,0,0,0,0.000
great-white-pelicans,"Amboseli, October 2025",Wildlife,Kenya,2025,Autumn,0,0,0,0.000
great-white-pelicans,"Amboseli, October 2025",Wildlife,Kenya,2025,Bees,0,0,0,0.000
great-white-pelicans,"Amboseli, October 2025",Wildlife,Kenya,2025,Big Five,0,0,0,0.000
great-white-pelicans,"Amboseli, October 2025",Wildlife,Kenya,2025,Birds,1,0,0,0.000
great-white-pelicans,"Amboseli, October 2025",Wildlife,Kenya,2025,Birds in Flight,0,0,0,0.000
great-white-pelicans,"Amboseli, October 2025",Wildlife,Kenya,2025,Birds of Prey,0,0,0,0.000
great-white-pelicans,"Amboseli, October 2025",Wildlife,Kenya,2025,Boats and Ships,0,0,0,0.000
great-white-pelicans,"Amboseli, October 2025",Wildlife,Kenya,2025,Coast and Sea,0,0,0,0.000
great-white-pelicans,"Amboseli, October 2025",Wildlife,Kenya,2025,Drought,0,0,0,0.000
great-white-pelicans,"Amboseli, October 2025",Wildlife,Kenya,2025,Elephants,0,0,0,0.000
great-white-pelicans,"Amboseli, October 2025",Wildlife,Kenya,2025,Feeding,0,0,0,0.000
great-white-pelicans,"Amboseli, October 2025",Wildlife,Kenya,2025,Flowers,0,0,0,0.000
great-white-pelicans,"Amboseli, October 2025",Wildlife,Kenya,2025,Fungi,0,0,0,0.000
great-white-pelicans,"Amboseli, October 2025",Wildlife,Kenya,2025,Gulls,0,0,0,0.000
great-white-pelicans,"Amboseli, October 2025",Wildlife,Kenya,2025,Insects,0,0,0,0.000
great-white-pelicans,"Amboseli, October 2025",Wildlife,Kenya,2025,Martello Towers,0,0,0,0.000
great-white-pelicans,"Amboseli, October 2025",Wildlife,Kenya,2025,Mountains,0,0,0,0.000
great-white-pelicans,"Amboseli, October 2025",Wildlife,Kenya,2025,Reflections,0,0,0,0.000
great-white-pelicans,"Amboseli, October 2025",Wildlife,Kenya,2025,Seabirds,0,0,0,0.000
great-white-pelicans,"Amboseli, October 2025",Wildlife,Kenya,2025,Silhouettes,0,0,0,0.000
great-white-pelicans,"Amboseli, October 2025",Wildlife,Kenya,2025,Skies and Cloud,0,0,0,0.000
great-white-pelicans,"Amboseli, October 2025",Wildlife,Kenya,2025,Skylines,0,0,0,0.000
great-white-pelicans,"Amboseli, October 2025",Wildlife,Kenya,2025,Spring,0,0,0,0.000
great-white-pelicans,"Amboseli, October 2025",Wildlife,Kenya,2025,Sunrise and Sunset,0,0,0,0.000
great-white-pelicans,"Amboseli, October 2025",Wildlife,Kenya,2025,Trees,0,0,0,0.000
great-white-pelicans,"Amboseli, October 2025",Wildlife,Kenya,2025,Waterbirds,1,0,0,0.000
great-white-pelicans,"Amboseli, October 2025",Wildlife,Kenya,2025,Waterfronts and Harbours,0,0,0,0.000
great-white-pelicans,"Amboseli, October 2025",Wildlife,Kenya,2025,Wild Cats,0,0,0,0.000
great-white-pelicans,"Amboseli, October 2025",Wildlife,Kenya,2025,Winter,0,0,0,0.000
great-white-pelicans,"Amboseli, October 2025",Wildlife,Kenya,2025,Woodland,0,0,0,0.000
great-white-pelicans,"Amboseli, October 2025",Wildlife,Kenya,2025,Young Animals,0,0,0,0.000
greenwich-and-canary-wharf,"London, August 2026",Architecture,England,2026,Acacias,0,0,0,0.000
greenwich-and-canary-wharf,"London, August 2026",Architecture,England,2026,Aircraft,0,0,0,0.000
greenwich-and-canary-wharf,"London, August 2026",Architecture,England,2026,Antelope,0,0,0,0.000
greenwich-and-canary-wharf,"London, August 2026",Architecture,England,2026,Autumn,0,0,0,0.000
greenwich-and-canary-wharf,"London, August 2026",Architecture,England,2026,Bees,0,0,0,0.000
greenwich-and-canary-wharf,"London, August 2026",Architecture,England,2026,Big Five,0,0,0,0.000
greenwich-and-canary-wharf,"London, August 2026",Architecture,England,2026,Birds,0,0,0,0.000
greenwich-and-canary-wharf,"London, August 2026",Architecture,England,2026,Birds in Flight,0,0,0,0.000
greenwich-and-canary-wharf,"London, August 2026",Architecture,England,2026,Birds of Prey,0,0,0,0.000
greenwich-and-canary-wharf,"London, August 2026",Architecture,England,2026,Boats and Ships,0,0,0,0.000
greenwich-and-canary-wharf,"London, August 2026",Architecture,England,2026,Coast and Sea,0,0,0,0.000
greenwich-and-canary-wharf,"London, August 2026",Architecture,England,2026,Drought,0,0,0,0.000
greenwich-and-canary-wharf,"London, August 2026",Architecture,England,2026,Elephants,0,0,0,0.000
greenwich-and-canary-wharf,"London, August 2026",Architecture,England,2026,Feeding,0,0,0,0.000
greenwich-and-canary-wharf,"London, August 2026",Architecture,England,2026,Flowers,0,0,0,0.000
greenwich-and-canary-wharf,"London, August 2026",Architecture,England,2026,Fungi,0,0,0,0.000
greenwich-and-canary-wharf,"London, August 2026",Architecture,England,2026,Gulls,0,0,0,0.000
greenwich-and-canary-wharf,"London, August 2026",Architecture,England,2026,Insects,0,0,0,0.000
greenwich-and-canary-wharf,"London, August 2026",Architecture,England,2026,Martello Towers,0,0,0,0.000
greenwich-and-canary-wharf,"London, August 2026",Architecture,England,2026,Mountains,0,0,0,0.000
greenwich-and-canary-wharf,"London, August 2026",Architecture,England,2026,Reflections,0,0,0,0.000
greenwich-and-canary-wharf,"London, August 2026",Architecture,England,2026,Seabirds,0,0,0,0.000
greenwich-and-canary-wharf,"London, August 2026",Architecture,England,2026,Silhouettes,0,0,0,0.000
greenwich-and-canary-wharf,"London, August 2026",Architecture,England,2026,Skies and Cloud,0,0,0,0.000
greenwich-and-canary-wharf,"London, August 2026",Architecture,England,2026,Skylines,1,0,0,0.000
greenwich-and-canary-wharf,"London, August 2026",Architecture,England,2026,Spring,0,0,0,0.000
greenwich-and-canary-wharf,"London, August 2026",Architecture,England,2026,Sunrise and Sunset,0,0,0,0.000
greenwich-and-canary-wharf,"London, August 2026",Architecture,England,2026,Trees,0,0,0,0.000
greenwich-and-canary-wharf,"London, August 2026",Architecture,England,2026,Waterbirds,0,0,0,0.000
greenwich-and-canary-wharf,"London, August 2026",Architecture,England,2026,Waterfronts and Harbours,0,0,0,0.000
greenwich-and-canary-wharf,"London, August 2026",Architecture,England,2026,Wild Cats,0,0,0,0.000
greenwich-and-canary-wharf,"London, August 2026",Architecture,England,2026,Winter,0,0,0,0.000
greenwich-and-canary-wharf,"London, August 2026",Architecture,England,2026,Woodland,0,0,0,0.000
greenwich-and-canary-wharf,"London, August 2026",Architecture,England,2026,Young Animals,0,0,0,0.000
grey-crowned-cranes,"Amboseli, October 2025",Wildlife,Kenya,2025,Acacias,0,0,0,0.000
grey-crowned-cranes,"Amboseli, October 2025",Wildlife,Kenya,2025,Aircraft,0,0,0,0.000
grey-crowned-cranes,"Amboseli, October 2025",Wildlife,Kenya,2025,Antelope,0,0,0,0.000
grey-crowned-cranes,"Amboseli, October 2025",Wildlife,Kenya,2025,Autumn,0,0,0,0.000
grey-crowned-cranes,"Amboseli, October 2025",Wildlife,Kenya,2025,Bees,0,0,0,0.000
grey-crowned-cranes,"Amboseli, October 2025",Wildlife,Kenya,2025,Big Five,0,0,0,0.000
grey-crowned-cranes,"Amboseli, October 2025",Wildlife,Kenya,2025,Birds,1,0,0,0.000
grey-crowned-cranes,"Amboseli, October 2025",Wildlife,Kenya,2025,Birds in Flight,0,0,0,0.000
grey-crowned-cranes,"Amboseli, October 2025",Wildlife,Kenya,2025,Birds of Prey,0,0,0,0.000
grey-crowned-cranes,"Amboseli, October 2025",Wildlife,Kenya,2025,Boats and Ships,0,0,0,0.000
grey-crowned-cranes,"Amboseli, October 2025",Wildlife,Kenya,2025,Coast and Sea,0,0,0,0.000
grey-crowned-cranes,"Amboseli, October 2025",Wildlife,Kenya,2025,Drought,0,0,0,0.000
grey-crowned-cranes,"Amboseli, October 2025",Wildlife,Kenya,2025,Elephants,0,0,0,0.000
grey-crowned-cranes,"Amboseli, October 2025",Wildlife,Kenya,2025,Feeding,0,0,0,0.000
grey-crowned-cranes,"Amboseli, October 2025",Wildlife,Kenya,2025,Flowers,0,0,0,0.000
grey-crowned-cranes,"Amboseli, October 2025",Wildlife,Kenya,2025,Fungi,0,0,0,0.000
grey-crowned-cranes,"Amboseli, October 2025",Wildlife,Kenya,2025,Gulls,0,0,0,0.000
grey-crowned-cranes,"Amboseli, October 2025",Wildlife,Kenya,2025,Insects,0,0,0,0.000
grey-crowned-cranes,"Amboseli, October 2025",Wildlife,Kenya,2025,Martello Towers,0,0,0,0.000
grey-crowned-cranes,"Amboseli, October 2025",Wildlife,Kenya,2025,Mountains,0,0,0,0.000
grey-crowned-cranes,"Amboseli, October 2025",Wildlife,Kenya,2025,Reflections,0,0,0,0.000
grey-crowned-cranes,"Amboseli, October 2025",Wildlife,Kenya,2025,Seabirds,0,0,0,0.000
grey-crowned-cranes,"Amboseli, October 2025",Wildlife,Kenya,2025,Silhouettes,0,0,0,0.000
grey-crowned-cranes,"Amboseli, October 2025",Wildlife,Kenya,2025,Skies and Cloud,0,0,0,0.000
grey-crowned-cranes,"Amboseli, October 2025",Wildlife,Kenya,2025,Skylines,0,0,0,0.000
grey-crowned-cranes,"Amboseli, October 2025",Wildlife,Kenya,2025,Spring,0,0,0,0.000
grey-crowned-cranes,"Amboseli, October 2025",Wildlife,Kenya,2025,Sunrise and Sunset,0,0,0,0.000
grey-crowned-cranes,"Amboseli, October 2025",Wildlife,Kenya,2025,Trees,0,0,0,0.000
grey-crowned-cranes,"Amboseli, October 2025",Wildlife,Kenya,2025,Waterbirds,1,0,0,0.000
grey-crowned-cranes,"Amboseli, October 2025",Wildlife,Kenya,2025,Waterfronts and Harbours,0,0,0,0.000
grey-crowned-cranes,"Amboseli, October 2025",Wildlife,Kenya,2025,Wild Cats,0,0,0,0.000
grey-crowned-cranes,"Amboseli, October 2025",Wildlife,Kenya,2025,Winter,0,0,0,0.000
grey-crowned-cranes,"Amboseli, October 2025",Wildlife,Kenya,2025,Woodland,0,0,0,0.000
grey-crowned-cranes,"Amboseli, October 2025",Wildlife,Kenya,2025,Young Animals,0,0,0,0.000
grey-heron,"Nairobi National Park, October 2025",Wildlife,Kenya,2025,Acacias,0,0,0,0.000
grey-heron,"Nairobi National Park, October 2025",Wildlife,Kenya,2025,Aircraft,0,0,0,0.000
grey-heron,"Nairobi National Park, October 2025",Wildlife,Kenya,2025,Antelope,0,0,0,0.000
grey-heron,"Nairobi National Park, October 2025",Wildlife,Kenya,2025,Autumn,0,0,0,0.000
grey-heron,"Nairobi National Park, October 2025",Wildlife,Kenya,2025,Bees,0,0,0,0.000
grey-heron,"Nairobi National Park, October 2025",Wildlife,Kenya,2025,Big Five,0,0,0,0.000
grey-heron,"Nairobi National Park, October 2025",Wildlife,Kenya,2025,Birds,1,0,0,0.000
grey-heron,"Nairobi National Park, October 2025",Wildlife,Kenya,2025,Birds in Flight,0,0,0,0.000
grey-heron,"Nairobi National Park, October 2025",Wildlife,Kenya,2025,Birds of Prey,0,0,0,0.000
grey-heron,"Nairobi National Park, October 2025",Wildlife,Kenya,2025,Boats and Ships,0,0,0,0.000
grey-heron,"Nairobi National Park, October 2025",Wildlife,Kenya,2025,Coast and Sea,0,0,0,0.000
grey-heron,"Nairobi National Park, October 2025",Wildlife,Kenya,2025,Drought,0,0,0,0.000
grey-heron,"Nairobi National Park, October 2025",Wildlife,Kenya,2025,Elephants,0,0,0,0.000
grey-heron,"Nairobi National Park, October 2025",Wildlife,Kenya,2025,Feeding,0,0,0,0.000
grey-heron,"Nairobi National Park, October 2025",Wildlife,Kenya,2025,Flowers,0,0,0,0.000
grey-heron,"Nairobi National Park, October 2025",Wildlife,Kenya,2025,Fungi,0,0,0,0.000
grey-heron,"Nairobi National Park, October 2025",Wildlife,Kenya,2025,Gulls,0,0,0,0.000
grey-heron,"Nairobi National Park, October 2025",Wildlife,Kenya,2025,Insects,0,0,0,0.000
grey-heron,"Nairobi National Park, October 2025",Wildlife,Kenya,2025,Martello Towers,0,0,0,0.000
grey-heron,"Nairobi National Park, October 2025",Wildlife,Kenya,2025,Mountains,0,0,0,0.000
grey-heron,"Nairobi National Park, October 2025",Wildlife,Kenya,2025,Reflections,0,0,0,0.000
grey-heron,"Nairobi National Park, October 2025",Wildlife,Kenya,2025,Seabirds,0,0,0,0.000
grey-heron,"Nairobi National Park, October 2025",Wildlife,Kenya,2025,Silhouettes,0,0,0,0.000
grey-heron,"Nairobi National Park, October 2025",Wildlife,Kenya,2025,Skies and Cloud,0,0,0,0.000
grey-heron,"Nairobi National Park, October 2025",Wildlife,Kenya,2025,Skylines,0,0,0,0.000
grey-heron,"Nairobi National Park, October 2025",Wildlife,Kenya,2025,Spring,0,0,0,0.000
grey-heron,"Nairobi National Park, October 2025",Wildlife,Kenya,2025,Sunrise and Sunset,0,0,0,0.000
grey-heron,"Nairobi National Park, October 2025",Wildlife,Kenya,2025,Trees,0,0,0,0.000
grey-heron,"Nairobi National Park, October 2025",Wildlife,Kenya,2025,Waterbirds,1,0,0,0.000
grey-heron,"Nairobi National Park, October 2025",Wildlife,Kenya,2025,Waterfronts and Harbours,0,0,0,0.000
grey-heron,"Nairobi National Park, October 2025",Wildlife,Kenya,2025,Wild Cats,0,0,0,0.000
grey-heron,"Nairobi National Park, October 2025",Wildlife,Kenya,2025,Winter,0,0,0,0.000
grey-heron,"Nairobi National Park, October 2025",Wildlife,Kenya,2025,Woodland,0,0,0,0.000
grey-heron,"Nairobi National Park, October 2025",Wildlife,Kenya,2025,Young Animals,0,0,0,0.000
grey-seals-hauled-out,"Ireland's Eye, July 2026",Wildlife,Ireland,2026,Acacias,0,0,0,0.000
grey-seals-hauled-out,"Ireland's Eye, July 2026",Wildlife,Ireland,2026,Aircraft,0,0,0,0.000
grey-seals-hauled-out,"Ireland's Eye, July 2026",Wildlife,Ireland,2026,Antelope,0,0,0,0.000
grey-seals-hauled-out,"Ireland's Eye, July 2026",Wildlife,Ireland,2026,Autumn,0,0,0,0.000
grey-seals-hauled-out,"Ireland's Eye, July 2026",Wildlife,Ireland,2026,Bees,0,0,0,0.000
grey-seals-hauled-out,"Ireland's Eye, July 2026",Wildlife,Ireland,2026,Big Five,0,0,0,0.000
grey-seals-hauled-out,"Ireland's Eye, July 2026",Wildlife,Ireland,2026,Birds,0,0,0,0.000
grey-seals-hauled-out,"Ireland's Eye, July 2026",Wildlife,Ireland,2026,Birds in Flight,0,0,0,0.000
grey-seals-hauled-out,"Ireland's Eye, July 2026",Wildlife,Ireland,2026,Birds of Prey,0,0,0,0.000
grey-seals-hauled-out,"Ireland's Eye, July 2026",Wildlife,Ireland,2026,Boats and Ships,0,0,0,0.000
grey-seals-hauled-out,"Ireland's Eye, July 2026",Wildlife,Ireland,2026,Coast and Sea,1,0,0,0.000
grey-seals-hauled-out,"Ireland's Eye, July 2026",Wildlife,Ireland,2026,Drought,0,0,0,0.000
grey-seals-hauled-out,"Ireland's Eye, July 2026",Wildlife,Ireland,2026,Elephants,0,0,0,0.000
grey-seals-hauled-out,"Ireland's Eye, July 2026",Wildlife,Ireland,2026,Feeding,0,0,0,0.000
grey-seals-hauled-out,"Ireland's Eye, July 2026",Wildlife,Ireland,2026,Flowers,0,0,0,0.000
grey-seals-hauled-out,"Ireland's Eye, July 2026",Wildlife,Ireland,2026,Fungi,0,0,0,0.000
grey-seals-hauled-out,"Ireland's Eye, July 2026",Wildlife,Ireland,2026,Gulls,0,0,0,0.000
grey-seals-hauled-out,"Ireland's Eye, July 2026",Wildlife,Ireland,2026,Insects,0,0,0,0.000
grey-seals-hauled-out,"Ireland's Eye, July 2026",Wildlife,Ireland,2026,Martello Towers,0,0,0,0.000
grey-seals-hauled-out,"Ireland's Eye, July 2026",Wildlife,Ireland,2026,Mountains,0,0,0,0.000
grey-seals-hauled-out,"Ireland's Eye, July 2026",Wildlife,Ireland,2026,Reflections,0,0,0,0.000
grey-seals-hauled-out,"Ireland's Eye, July 2026",Wildlife,Ireland,2026,Seabirds,0,0,0,0.000
grey-seals-hauled-out,"Ireland's Eye, July 2026",Wildlife,Ireland,2026,Silhouettes,0,0,0,0.000
grey-seals-hauled-out,"Ireland's Eye, July 2026",Wildlife,Ireland,2026,Skies and Cloud,0,0,0,0.000
grey-seals-hauled-out,"Ireland's Eye, July 2026",Wildlife,Ireland,2026,Skylines,0,0,0,0.000
grey-seals-hauled-out,"Ireland's Eye, July 2026",Wildlife,Ireland,2026,Spring,0,0,0,0.000
grey-seals-hauled-out,"Ireland's Eye, July 2026",Wildlife,Ireland,2026,Sunrise and Sunset,0,0,0,0.000
grey-seals-hauled-out,"Ireland's Eye, July 2026",Wildlife,Ireland,2026,Trees,0,0,0,0.000
grey-seals-hauled-out,"Ireland's Eye, July 2026",Wildlife,Ireland,2026,Waterbirds,0,0,0,0.000
grey-seals-hauled-out,"Ireland's Eye, July 2026",Wildlife,Ireland,2026,Waterfronts and Harbours,0,0,0,0.000
grey-seals-hauled-out,"Ireland's Eye, July 2026",Wildlife,Ireland,2026,Wild Cats,0,0,0,0.000
grey-seals-hauled-out,"Ireland's Eye, July 2026",Wildlife,Ireland,2026,Winter,0,0,0,0.000
grey-seals-hauled-out,"Ireland's Eye, July 2026",Wildlife,Ireland,2026,Woodland,0,0,0,0.000
grey-seals-hauled-out,"Ireland's Eye, July 2026",Wildlife,Ireland,2026,Young Animals,0,0,0,0.000
helmeted-guineafowl,"Amboseli, October 2025",Wildlife,Kenya,2025,Acacias,0,0,0,0.000
helmeted-guineafowl,"Amboseli, October 2025",Wildlife,Kenya,2025,Aircraft,0,0,0,0.000
helmeted-guineafowl,"Amboseli, October 2025",Wildlife,Kenya,2025,Antelope,0,0,0,0.000
helmeted-guineafowl,"Amboseli, October 2025",Wildlife,Kenya,2025,Autumn,0,0,0,0.000
helmeted-guineafowl,"Amboseli, October 2025",Wildlife,Kenya,2025,Bees,0,0,0,0.000
helmeted-guineafowl,"Amboseli, October 2025",Wildlife,Kenya,2025,Big Five,0,0,0,0.000
helmeted-guineafowl,"Amboseli, October 2025",Wildlife,Kenya,2025,Birds,1,0,0,0.000
helmeted-guineafowl,"Amboseli, October 2025",Wildlife,Kenya,2025,Birds in Flight,0,0,0,0.000
helmeted-guineafowl,"Amboseli, October 2025",Wildlife,Kenya,2025,Birds of Prey,0,0,0,0.000
helmeted-guineafowl,"Amboseli, October 2025",Wildlife,Kenya,2025,Boats and Ships,0,0,0,0.000
helmeted-guineafowl,"Amboseli, October 2025",Wildlife,Kenya,2025,Coast and Sea,0,0,0,0.000
helmeted-guineafowl,"Amboseli, October 2025",Wildlife,Kenya,2025,Drought,0,0,0,0.000
helmeted-guineafowl,"Amboseli, October 2025",Wildlife,Kenya,2025,Elephants,0,0,0,0.000
helmeted-guineafowl,"Amboseli, October 2025",Wildlife,Kenya,2025,Feeding,0,0,0,0.000
helmeted-guineafowl,"Amboseli, October 2025",Wildlife,Kenya,2025,Flowers,0,0,0,0.000
helmeted-guineafowl,"Amboseli, October 2025",Wildlife,Kenya,2025,Fungi,0,0,0,0.000
helmeted-guineafowl,"Amboseli, October 2025",Wildlife,Kenya,2025,Gulls,0,0,0,0.000
helmeted-guineafowl,"Amboseli, October 2025",Wildlife,Kenya,2025,Insects,0,0,0,0.000
helmeted-guineafowl,"Amboseli, October 2025",Wildlife,Kenya,2025,Martello Towers,0,0,0,0.000
helmeted-guineafowl,"Amboseli, October 2025",Wildlife,Kenya,2025,Mountains,0,0,0,0.000
helmeted-guineafowl,"Amboseli, October 2025",Wildlife,Kenya,2025,Reflections,0,0,0,0.000
helmeted-guineafowl,"Amboseli, October 2025",Wildlife,Kenya,2025,Seabirds,0,0,0,0.000
helmeted-guineafowl,"Amboseli, October 2025",Wildlife,Kenya,2025,Silhouettes,0,0,0,0.000
helmeted-guineafowl,"Amboseli, October 2025",Wildlife,Kenya,2025,Skies and Cloud,0,0,0,0.000
helmeted-guineafowl,"Amboseli, October 2025",Wildlife,Kenya,2025,Skylines,0,0,0,0.000
helmeted-guineafowl,"Amboseli, October 2025",Wildlife,Kenya,2025,Spring,0,0,0,0.000
helmeted-guineafowl,"Amboseli, October 2025",Wildlife,Kenya,2025,Sunrise and Sunset,0,0,0,0.000
helmeted-guineafowl,"Amboseli, October 2025",Wildlife,Kenya,2025,Trees,0,0,0,0.000
helmeted-guineafowl,"Amboseli, October 2025",Wildlife,Kenya,2025,Waterbirds,0,0,0,0.000
helmeted-guineafowl,"Amboseli, October 2025",Wildlife,Kenya,2025,Waterfronts and Harbours,0,0,0,0.000
helmeted-guineafowl,"Amboseli, October 2025",Wildlife,Kenya,2025,Wild Cats,0,0,1,0.500
helmeted-guineafowl,"Amboseli, October 2025",Wildlife,Kenya,2025,Winter,0,0,0,0.000
helmeted-guineafowl,"Amboseli, October 2025",Wildlife,Kenya,2025,Woodland,0,0,0,0.000
helmeted-guineafowl,"Amboseli, October 2025",Wildlife,Kenya,2025,Young Animals,0,0,0,0.000
high-water-marks,"Bohernabreena Reservoir, August 2026",Documentary,Ireland,2026,Acacias,0,0,0,0.000
high-water-marks,"Bohernabreena Reservoir, August 2026",Documentary,Ireland,2026,Aircraft,0,0,0,0.000
high-water-marks,"Bohernabreena Reservoir, August 2026",Documentary,Ireland,2026,Antelope,0,0,0,0.000
high-water-marks,"Bohernabreena Reservoir, August 2026",Documentary,Ireland,2026,Autumn,0,0,0,0.000
high-water-marks,"Bohernabreena Reservoir, August 2026",Documentary,Ireland,2026,Bees,0,0,0,0.000
high-water-marks,"Bohernabreena Reservoir, August 2026",Documentary,Ireland,2026,Big Five,0,0,0,0.000
high-water-marks,"Bohernabreena Reservoir, August 2026",Documentary,Ireland,2026,Birds,0,0,0,0.000
high-water-marks,"Bohernabreena Reservoir, August 2026",Documentary,Ireland,2026,Birds in Flight,0,0,0,0.000
high-water-marks,"Bohernabreena Reservoir, August 2026",Documentary,Ireland,2026,Birds of Prey,0,0,0,0.000
high-water-marks,"Bohernabreena Reservoir, August 2026",Documentary,Ireland,2026,Boats and Ships,0,0,0,0.000
high-water-marks,"Bohernabreena Reservoir, August 2026",Documentary,Ireland,2026,Coast and Sea,0,0,0,0.000
high-water-marks,"Bohernabreena Reservoir, August 2026",Documentary,Ireland,2026,Drought,1,0,0,0.000
high-water-marks,"Bohernabreena Reservoir, August 2026",Documentary,Ireland,2026,Elephants,0,0,0,0.000
high-water-marks,"Bohernabreena Reservoir, August 2026",Documentary,Ireland,2026,Feeding,0,0,0,0.000
high-water-marks,"Bohernabreena Reservoir, August 2026",Documentary,Ireland,2026,Flowers,0,0,0,0.000
high-water-marks,"Bohernabreena Reservoir, August 2026",Documentary,Ireland,2026,Fungi,0,0,0,0.000
high-water-marks,"Bohernabreena Reservoir, August 2026",Documentary,Ireland,2026,Gulls,0,0,0,0.000
high-water-marks,"Bohernabreena Reservoir, August 2026",Documentary,Ireland,2026,Insects,0,0,0,0.000
high-water-marks,"Bohernabreena Reservoir, August 2026",Documentary,Ireland,2026,Martello Towers,0,0,1,0.500
high-water-marks,"Bohernabreena Reservoir, August 2026",Documentary,Ireland,2026,Mountains,0,0,0,0.000
high-water-marks,"Bohernabreena Reservoir, August 2026",Documentary,Ireland,2026,Reflections,1,0,0,0.000
high-water-marks,"Bohernabreena Reservoir, August 2026",Documentary,Ireland,2026,Seabirds,0,0,0,0.000
high-water-marks,"Bohernabreena Reservoir, August 2026",Documentary,Ireland,2026,Silhouettes,0,0,0,0.000
high-water-marks,"Bohernabreena Reservoir, August 2026",Documentary,Ireland,2026,Skies and Cloud,0,0,0,0.000
high-water-marks,"Bohernabreena Reservoir, August 2026",Documentary,Ireland,2026,Skylines,0,0,0,0.000
high-water-marks,"Bohernabreena Reservoir, August 2026",Documentary,Ireland,2026,Spring,0,0,0,0.000
high-water-marks,"Bohernabreena Reservoir, August 2026",Documentary,Ireland,2026,Sunrise and Sunset,0,0,0,0.000
high-water-marks,"Bohernabreena Reservoir, August 2026",Documentary,Ireland,2026,Trees,0,0,0,0.000
high-water-marks,"Bohernabreena Reservoir, August 2026",Documentary,Ireland,2026,Waterbirds,0,0,0,0.000
high-water-marks,"Bohernabreena Reservoir, August 2026",Documentary,Ireland,2026,Waterfronts and Harbours,0,0,0,0.000
high-water-marks,"Bohernabreena Reservoir, August 2026",Documentary,Ireland,2026,Wild Cats,0,0,0,0.000
high-water-marks,"Bohernabreena Reservoir, August 2026",Documentary,Ireland,2026,Winter,0,0,0,0.000
high-water-marks,"Bohernabreena Reservoir, August 2026",Documentary,Ireland,2026,Woodland,0,0,0,0.000
high-water-marks,"Bohernabreena Reservoir, August 2026",Documentary,Ireland,2026,Young Animals,0,0,0,0.000
holly-berries,"Farmleigh, Dublin",Nature,Ireland,2025,Acacias,0,0,0,0.000
holly-berries,"Farmleigh, Dublin",Nature,Ireland,2025,Aircraft,0,0,0,0.000
holly-berries,"Farmleigh, Dublin",Nature,Ireland,2025,Antelope,0,0,0,0.000
holly-berries,"Farmleigh, Dublin",Nature,Ireland,2025,Autumn,0,0,0,0.000
holly-berries,"Farmleigh, Dublin",Nature,Ireland,2025,Bees,0,0,0,0.000
holly-berries,"Farmleigh, Dublin",Nature,Ireland,2025,Big Five,0,0,0,0.000
holly-berries,"Farmleigh, Dublin",Nature,Ireland,2025,Birds,0,0,0,0.000
holly-berries,"Farmleigh, Dublin",Nature,Ireland,2025,Birds in Flight,0,0,0,0.000
holly-berries,"Farmleigh, Dublin",Nature,Ireland,2025,Birds of Prey,0,0,0,0.000
holly-berries,"Farmleigh, Dublin",Nature,Ireland,2025,Boats and Ships,0,0,0,0.000
holly-berries,"Farmleigh, Dublin",Nature,Ireland,2025,Coast and Sea,0,0,0,0.000
holly-berries,"Farmleigh, Dublin",Nature,Ireland,2025,Drought,0,0,0,0.000
holly-berries,"Farmleigh, Dublin",Nature,Ireland,2025,Elephants,0,0,0,0.000
holly-berries,"Farmleigh, Dublin",Nature,Ireland,2025,Feeding,0,0,0,0.000
holly-berries,"Farmleigh, Dublin",Nature,Ireland,2025,Flowers,0,0,0,0.000
holly-berries,"Farmleigh, Dublin",Nature,Ireland,2025,Fungi,0,0,0,0.000
holly-berries,"Farmleigh, Dublin",Nature,Ireland,2025,Gulls,0,0,0,0.000
holly-berries,"Farmleigh, Dublin",Nature,Ireland,2025,Insects,0,0,0,0.000
holly-berries,"Farmleigh, Dublin",Nature,Ireland,2025,Martello Towers,0,0,0,0.000
holly-berries,"Farmleigh, Dublin",Nature,Ireland,2025,Mountains,0,0,0,0.000
holly-berries,"Farmleigh, Dublin",Nature,Ireland,2025,Reflections,0,0,0,0.000
holly-berries,"Farmleigh, Dublin",Nature,Ireland,2025,Seabirds,0,0,0,0.000
holly-berries,"Farmleigh, Dublin",Nature,Ireland,2025,Silhouettes,0,0,0,0.000
holly-berries,"Farmleigh, Dublin",Nature,Ireland,2025,Skies and Cloud,0,0,0,0.000
holly-berries,"Farmleigh, Dublin",Nature,Ireland,2025,Skylines,0,0,0,0.000
holly-berries,"Farmleigh, Dublin",Nature,Ireland,2025,Spring,0,0,0,0.000
holly-berries,"Farmleigh, Dublin",Nature,Ireland,2025,Sunrise and Sunset,0,0,0,0.000
holly-berries,"Farmleigh, Dublin",Nature,Ireland,2025,Trees,0,0,0,0.000
holly-berries,"Farmleigh, Dublin",Nature,Ireland,2025,Waterbirds,0,0,0,0.000
holly-berries,"Farmleigh, Dublin",Nature,Ireland,2025,Waterfronts and Harbours,0,0,0,0.000
holly-berries,"Farmleigh, Dublin",Nature,Ireland,2025,Wild Cats,0,0,0,0.000
holly-berries,"Farmleigh, Dublin",Nature,Ireland,2025,Winter,1,0,0,0.000
holly-berries,"Farmleigh, Dublin",Nature,Ireland,2025,Woodland,0,0,0,0.000
holly-berries,"Farmleigh, Dublin",Nature,Ireland,2025,Young Animals,0,0,0,0.000
horse-chestnut-in-bloom,"Gothenburg, May 2026",Nature,Sweden,2026,Acacias,0,0,0,0.000
horse-chestnut-in-bloom,"Gothenburg, May 2026",Nature,Sweden,2026,Aircraft,0,0,0,0.000
horse-chestnut-in-bloom,"Gothenburg, May 2026",Nature,Sweden,2026,Antelope,0,0,0,0.000
horse-chestnut-in-bloom,"Gothenburg, May 2026",Nature,Sweden,2026,Autumn,0,0,0,0.000
horse-chestnut-in-bloom,"Gothenburg, May 2026",Nature,Sweden,2026,Bees,0,0,0,0.000
horse-chestnut-in-bloom,"Gothenburg, May 2026",Nature,Sweden,2026,Big Five,0,0,0,0.000
horse-chestnut-in-bloom,"Gothenburg, May 2026",Nature,Sweden,2026,Birds,0,0,0,0.000
horse-chestnut-in-bloom,"Gothenburg, May 2026",Nature,Sweden,2026,Birds in Flight,0,0,0,0.000
horse-chestnut-in-bloom,"Gothenburg, May 2026",Nature,Sweden,2026,Birds of Prey,0,0,0,0.000
horse-chestnut-in-bloom,"Gothenburg, May 2026",Nature,Sweden,2026,Boats and Ships,0,0,0,0.000
horse-chestnut-in-bloom,"Gothenburg, May 2026",Nature,Sweden,2026,Coast and Sea,0,0,0,0.000
horse-chestnut-in-bloom,"Gothenburg, May 2026",Nature,Sweden,2026,Drought,0,0,0,0.000
horse-chestnut-in-bloom,"Gothenburg, May 2026",Nature,Sweden,2026,Elephants,0,0,0,0.000
horse-chestnut-in-bloom,"Gothenburg, May 2026",Nature,Sweden,2026,Feeding,0,0,0,0.000
horse-chestnut-in-bloom,"Gothenburg, May 2026",Nature,Sweden,2026,Flowers,1,1,1,1.000
horse-chestnut-in-bloom,"Gothenburg, May 2026",Nature,Sweden,2026,Fungi,0,0,0,0.000
horse-chestnut-in-bloom,"Gothenburg, May 2026",Nature,Sweden,2026,Gulls,0,0,0,0.000
horse-chestnut-in-bloom,"Gothenburg, May 2026",Nature,Sweden,2026,Insects,0,0,0,0.000
horse-chestnut-in-bloom,"Gothenburg, May 2026",Nature,Sweden,2026,Martello Towers,0,0,0,0.000
horse-chestnut-in-bloom,"Gothenburg, May 2026",Nature,Sweden,2026,Mountains,0,0,0,0.000
horse-chestnut-in-bloom,"Gothenburg, May 2026",Nature,Sweden,2026,Reflections,0,0,0,0.000
horse-chestnut-in-bloom,"Gothenburg, May 2026",Nature,Sweden,2026,Seabirds,0,0,0,0.000
horse-chestnut-in-bloom,"Gothenburg, May 2026",Nature,Sweden,2026,Silhouettes,0,0,0,0.000
horse-chestnut-in-bloom,"Gothenburg, May 2026",Nature,Sweden,2026,Skies and Cloud,0,0,0,0.000
horse-chestnut-in-bloom,"Gothenburg, May 2026",Nature,Sweden,2026,Skylines,0,0,0,0.000
horse-chestnut-in-bloom,"Gothenburg, May 2026",Nature,Sweden,2026,Spring,1,0,0,0.000
horse-chestnut-in-bloom,"Gothenburg, May 2026",Nature,Sweden,2026,Sunrise and Sunset,0,0,0,0.000
horse-chestnut-in-bloom,"Gothenburg, May 2026",Nature,Sweden,2026,Trees,1,0,0,0.000
horse-chestnut-in-bloom,"Gothenburg, May 2026",Nature,Sweden,2026,Waterbirds,0,0,0,0.000
horse-chestnut-in-bloom,"Gothenburg, May 2026",Nature,Sweden,2026,Waterfronts and Harbours,0,0,0,0.000
horse-chestnut-in-bloom,"Gothenburg, May 2026",Nature,Sweden,2026,Wild Cats,0,0,0,0.000
horse-chestnut-in-bloom,"Gothenburg, May 2026",Nature,Sweden,2026,Winter,0,0,0,0.000
horse-chestnut-in-bloom,"Gothenburg, May 2026",Nature,Sweden,2026,Woodland,0,0,0,0.000
horse-chestnut-in-bloom,"Gothenburg, May 2026",Nature,Sweden,2026,Young Animals,0,0,0,0.000
hoverfly-on-thistle-flower,Thistles & Ladybirds,Macro,Ireland,2026,Acacias,0,0,0,0.000
hoverfly-on-thistle-flower,Thistles & Ladybirds,Macro,Ireland,2026,Aircraft,0,0,0,0.000
hoverfly-on-thistle-flower,Thistles & Ladybirds,Macro,Ireland,2026,Antelope,0,0,0,0.000
hoverfly-on-thistle-flower,Thistles & Ladybirds,Macro,Ireland,2026,Autumn,0,0,0,0.000
hoverfly-on-thistle-flower,Thistles & Ladybirds,Macro,Ireland,2026,Bees,0,0,0,0.000
hoverfly-on-thistle-flower,Thistles & Ladybirds,Macro,Ireland,2026,Big Five,0,0,0,0.000
hoverfly-on-thistle-flower,Thistles & Ladybirds,Macro,Ireland,2026,Birds,0,0,0,0.000
hoverfly-on-thistle-flower,Thistles & Ladybirds,Macro,Ireland,2026,Birds in Flight,0,0,0,0.000
hoverfly-on-thistle-flower,Thistles & Ladybirds,Macro,Ireland,2026,Birds of Prey,0,0,0,0.000
hoverfly-on-thistle-flower,Thistles & Ladybirds,Macro,Ireland,2026,Boats and Ships,0,0,0,0.000
hoverfly-on-thistle-flower,Thistles & Ladybirds,Macro,Ireland,2026,Coast and Sea,0,0,0,0.000
hoverfly-on-thistle-flower,Thistles & Ladybirds,Macro,Ireland,2026,Drought,0,0,0,0.000
hoverfly-on-thistle-flower,Thistles & Ladybirds,Macro,Ireland,2026,Elephants,0,0,0,0.000
hoverfly-on-thistle-flower,Thistles & Ladybirds,Macro,Ireland,2026,Feeding,0,0,0,0.000
hoverfly-on-thistle-flower,Thistles & Ladybirds,Macro,Ireland,2026,Flowers,1,1,1,1.000
hoverfly-on-thistle-flower,Thistles & Ladybirds,Macro,Ireland,2026,Fungi,0,0,0,0.000
hoverfly-on-thistle-flower,Thistles & Ladybirds,Macro,Ireland,2026,Gulls,0,0,0,0.000
hoverfly-on-thistle-flower,Thistles & Ladybirds,Macro,Ireland,2026,Insects,1,0,0,0.000
hoverfly-on-thistle-flower,Thistles & Ladybirds,Macro,Ireland,2026,Martello Towers,0,0,0,0.000
hoverfly-on-thistle-flower,Thistles & Ladybirds,Macro,Ireland,2026,Mountains,0,0,0,0.000
hoverfly-on-thistle-flower,Thistles & Ladybirds,Macro,Ireland,2026,Reflections,0,0,0,0.000
hoverfly-on-thistle-flower,Thistles & Ladybirds,Macro,Ireland,2026,Seabirds,0,0,0,0.000
hoverfly-on-thistle-flower,Thistles & Ladybirds,Macro,Ireland,2026,Silhouettes,0,0,0,0.000
hoverfly-on-thistle-flower,Thistles & Ladybirds,Macro,Ireland,2026,Skies and Cloud,0,0,0,0.000
hoverfly-on-thistle-flower,Thistles & Ladybirds,Macro,Ireland,2026,Skylines,0,0,0,0.000
hoverfly-on-thistle-flower,Thistles & Ladybirds,Macro,Ireland,2026,Spring,0,0,0,0.000
hoverfly-on-thistle-flower,Thistles & Ladybirds,Macro,Ireland,2026,Sunrise and Sunset,0,0,0,0.000
hoverfly-on-thistle-flower,Thistles & Ladybirds,Macro,Ireland,2026,Trees,0,0,0,0.000
hoverfly-on-thistle-flower,Thistles & Ladybirds,Macro,Ireland,2026,Waterbirds,0,0,0,0.000
hoverfly-on-thistle-flower,Thistles & Ladybirds,Macro,Ireland,2026,Waterfronts and Harbours,0,0,0,0.000
hoverfly-on-thistle-flower,Thistles & Ladybirds,Macro,Ireland,2026,Wild Cats,0,0,0,0.000
hoverfly-on-thistle-flower,Thistles & Ladybirds,Macro,Ireland,2026,Winter,0,0,0,0.000
hoverfly-on-thistle-flower,Thistles & Ladybirds,Macro,Ireland,2026,Woodland,0,0,0,0.000
hoverfly-on-thistle-flower,Thistles & Ladybirds,Macro,Ireland,2026,Young Animals,0,0,0,0.000
irelands-eye-great-black-backed-gull,"Ireland's Eye, July 2026",Wildlife,Ireland,2026,Acacias,0,0,0,0.000
irelands-eye-great-black-backed-gull,"Ireland's Eye, July 2026",Wildlife,Ireland,2026,Aircraft,0,0,0,0.000
irelands-eye-great-black-backed-gull,"Ireland's Eye, July 2026",Wildlife,Ireland,2026,Antelope,0,0,0,0.000
irelands-eye-great-black-backed-gull,"Ireland's Eye, July 2026",Wildlife,Ireland,2026,Autumn,0,0,0,0.000
irelands-eye-great-black-backed-gull,"Ireland's Eye, July 2026",Wildlife,Ireland,2026,Bees,0,0,0,0.000
irelands-eye-great-black-backed-gull,"Ireland's Eye, July 2026",Wildlife,Ireland,2026,Big Five,0,0,0,0.000
irelands-eye-great-black-backed-gull,"Ireland's Eye, July 2026",Wildlife,Ireland,2026,Birds,1,0,0,0.000
irelands-eye-great-black-backed-gull,"Ireland's Eye, July 2026",Wildlife,Ireland,2026,Birds in Flight,0,0,0,0.000
irelands-eye-great-black-backed-gull,"Ireland's Eye, July 2026",Wildlife,Ireland,2026,Birds of Prey,0,0,0,0.000
irelands-eye-great-black-backed-gull,"Ireland's Eye, July 2026",Wildlife,Ireland,2026,Boats and Ships,0,0,0,0.000
irelands-eye-great-black-backed-gull,"Ireland's Eye, July 2026",Wildlife,Ireland,2026,Coast and Sea,1,0,0,0.000
irelands-eye-great-black-backed-gull,"Ireland's Eye, July 2026",Wildlife,Ireland,2026,Drought,0,0,0,0.000
irelands-eye-great-black-backed-gull,"Ireland's Eye, July 2026",Wildlife,Ireland,2026,Elephants,0,0,0,0.000
irelands-eye-great-black-backed-gull,"Ireland's Eye, July 2026",Wildlife,Ireland,2026,Feeding,0,0,0,0.000
irelands-eye-great-black-backed-gull,"Ireland's Eye, July 2026",Wildlife,Ireland,2026,Flowers,0,0,0,0.000
irelands-eye-great-black-backed-gull,"Ireland's Eye, July 2026",Wildlife,Ireland,2026,Fungi,0,0,0,0.000
irelands-eye-great-black-backed-gull,"Ireland's Eye, July 2026",Wildlife,Ireland,2026,Gulls,1,1,1,1.000
irelands-eye-great-black-backed-gull,"Ireland's Eye, July 2026",Wildlife,Ireland,2026,Insects,0,0,0,0.000
irelands-eye-great-black-backed-gull,"Ireland's Eye, July 2026",Wildlife,Ireland,2026,Martello Towers,0,0,0,0.000
irelands-eye-great-black-backed-gull,"Ireland's Eye, July 2026",Wildlife,Ireland,2026,Mountains,0,0,0,0.000
irelands-eye-great-black-backed-gull,"Ireland's Eye, July 2026",Wildlife,Ireland,2026,Reflections,0,0,0,0.000
irelands-eye-great-black-backed-gull,"Ireland's Eye, July 2026",Wildlife,Ireland,2026,Seabirds,1,0,0,0.000
irelands-eye-great-black-backed-gull,"Ireland's Eye, July 2026",Wildlife,Ireland,2026,Silhouettes,0,0,0,0.000
irelands-eye-great-black-backed-gull,"Ireland's Eye, July 2026",Wildlife,Ireland,2026,Skies and Cloud,0,0,0,0.000
irelands-eye-great-black-backed-gull,"Ireland's Eye, July 2026",Wildlife,Ireland,2026,Skylines,0,0,0,0.000
irelands-eye-great-black-backed-gull,"Ireland's Eye, July 2026",Wildlife,Ireland,2026,Spring,0,0,0,0.000
irelands-eye-great-black-backed-gull,"Ireland's Eye, July 2026",Wildlife,Ireland,2026,Sunrise and Sunset,0,0,0,0.000
irelands-eye-great-black-backed-gull,"Ireland's Eye, July 2026",Wildlife,Ireland,2026,Trees,0,0,0,0.000
irelands-eye-great-black-backed-gull,"Ireland's Eye, July 2026",Wildlife,Ireland,2026,Waterbirds,0,0,0,0.000
irelands-eye-great-black-backed-gull,"Ireland's Eye, July 2026",Wildlife,Ireland,2026,Waterfronts and Harbours,0,0,0,0.000
irelands-eye-great-black-backed-gull,"Ireland's Eye, July 2026",Wildlife,Ireland,2026,Wild Cats,0,0,0,0.000
irelands-eye-great-black-backed-gull,"Ireland's Eye, July 2026",Wildlife,Ireland,2026,Winter,0,0,0,0.000
irelands-eye-great-black-backed-gull,"Ireland's Eye, July 2026",Wildlife,Ireland,2026,Woodland,0,0,0,0.000
irelands-eye-great-black-backed-gull,"Ireland's Eye, July 2026",Wildlife,Ireland,2026,Young Animals,0,0,0,0.000
irelands-eye-gull-group,"Ireland's Eye, July 2026",Wildlife,Ireland,2026,Acacias,0,0,0,0.000
irelands-eye-gull-group,"Ireland's Eye, July 2026",Wildlife,Ireland,2026,Aircraft,0,0,0,0.000
irelands-eye-gull-group,"Ireland's Eye, July 2026",Wildlife,Ireland,2026,Antelope,0,0,0,0.000
irelands-eye-gull-group,"Ireland's Eye, July 2026",Wildlife,Ireland,2026,Autumn,0,0,0,0.000
irelands-eye-gull-group,"Ireland's Eye, July 2026",Wildlife,Ireland,2026,Bees,0,0,0,0.000
irelands-eye-gull-group,"Ireland's Eye, July 2026",Wildlife,Ireland,2026,Big Five,0,0,0,0.000
irelands-eye-gull-group,"Ireland's Eye, July 2026",Wildlife,Ireland,2026,Birds,1,0,0,0.000
irelands-eye-gull-group,"Ireland's Eye, July 2026",Wildlife,Ireland,2026,Birds in Flight,0,0,0,0.000
irelands-eye-gull-group,"Ireland's Eye, July 2026",Wildlife,Ireland,2026,Birds of Prey,0,0,0,0.000
irelands-eye-gull-group,"Ireland's Eye, July 2026",Wildlife,Ireland,2026,Boats and Ships,0,0,0,0.000
irelands-eye-gull-group,"Ireland's Eye, July 2026",Wildlife,Ireland,2026,Coast and Sea,1,0,0,0.000
irelands-eye-gull-group,"Ireland's Eye, July 2026",Wildlife,Ireland,2026,Drought,0,0,0,0.000
irelands-eye-gull-group,"Ireland's Eye, July 2026",Wildlife,Ireland,2026,Elephants,0,0,0,0.000
irelands-eye-gull-group,"Ireland's Eye, July 2026",Wildlife,Ireland,2026,Feeding,0,0,0,0.000
irelands-eye-gull-group,"Ireland's Eye, July 2026",Wildlife,Ireland,2026,Flowers,0,0,0,0.000
irelands-eye-gull-group,"Ireland's Eye, July 2026",Wildlife,Ireland,2026,Fungi,0,0,0,0.000
irelands-eye-gull-group,"Ireland's Eye, July 2026",Wildlife,Ireland,2026,Gulls,1,1,1,1.000
irelands-eye-gull-group,"Ireland's Eye, July 2026",Wildlife,Ireland,2026,Insects,0,0,0,0.000
irelands-eye-gull-group,"Ireland's Eye, July 2026",Wildlife,Ireland,2026,Martello Towers,0,0,0,0.000
irelands-eye-gull-group,"Ireland's Eye, July 2026",Wildlife,Ireland,2026,Mountains,0,0,0,0.000
irelands-eye-gull-group,"Ireland's Eye, July 2026",Wildlife,Ireland,2026,Reflections,0,0,0,0.000
irelands-eye-gull-group,"Ireland's Eye, July 2026",Wildlife,Ireland,2026,Seabirds,1,0,0,0.000
irelands-eye-gull-group,"Ireland's Eye, July 2026",Wildlife,Ireland,2026,Silhouettes,0,0,0,0.000
irelands-eye-gull-group,"Ireland's Eye, July 2026",Wildlife,Ireland,2026,Skies and Cloud,0,0,0,0.000
irelands-eye-gull-group,"Ireland's Eye, July 2026",Wildlife,Ireland,2026,Skylines,0,0,0,0.000
irelands-eye-gull-group,"Ireland's Eye, July 2026",Wildlife,Ireland,2026,Spring,0,0,0,0.000
irelands-eye-gull-group,"Ireland's Eye, July 2026",Wildlife,Ireland,2026,Sunrise and Sunset,0,0,0,0.000
irelands-eye-gull-group,"Ireland's Eye, July 2026",Wildlife,Ireland,2026,Trees,0,0,0,0.000
irelands-eye-gull-group,"Ireland's Eye, July 2026",Wildlife,Ireland,2026,Waterbirds,0,0,0,0.000
irelands-eye-gull-group,"Ireland's Eye, July 2026",Wildlife,Ireland,2026,Waterfronts and Harbours,0,0,0,0.000
irelands-eye-gull-group,"Ireland's Eye, July 2026",Wildlife,Ireland,2026,Wild Cats,0,0,0,0.000
irelands-eye-gull-group,"Ireland's Eye, July 2026",Wildlife,Ireland,2026,Winter,0,0,0,0.000
irelands-eye-gull-group,"Ireland's Eye, July 2026",Wildlife,Ireland,2026,Woodland,0,0,0,0.000
irelands-eye-gull-group,"Ireland's Eye, July 2026",Wildlife,Ireland,2026,Young Animals,0,0,0,0.000
irelands-eye-herring-gull-calling,"Ireland's Eye, July 2026",Wildlife,Ireland,2026,Acacias,0,0,0,0.000
irelands-eye-herring-gull-calling,"Ireland's Eye, July 2026",Wildlife,Ireland,2026,Aircraft,0,0,0,0.000
irelands-eye-herring-gull-calling,"Ireland's Eye, July 2026",Wildlife,Ireland,2026,Antelope,0,0,0,0.000
irelands-eye-herring-gull-calling,"Ireland's Eye, July 2026",Wildlife,Ireland,2026,Autumn,0,0,0,0.000
irelands-eye-herring-gull-calling,"Ireland's Eye, July 2026",Wildlife,Ireland,2026,Bees,0,0,0,0.000
irelands-eye-herring-gull-calling,"Ireland's Eye, July 2026",Wildlife,Ireland,2026,Big Five,0,0,0,0.000
irelands-eye-herring-gull-calling,"Ireland's Eye, July 2026",Wildlife,Ireland,2026,Birds,1,0,0,0.000
irelands-eye-herring-gull-calling,"Ireland's Eye, July 2026",Wildlife,Ireland,2026,Birds in Flight,0,0,0,0.000
irelands-eye-herring-gull-calling,"Ireland's Eye, July 2026",Wildlife,Ireland,2026,Birds of Prey,0,0,0,0.000
irelands-eye-herring-gull-calling,"Ireland's Eye, July 2026",Wildlife,Ireland,2026,Boats and Ships,0,0,0,0.000
irelands-eye-herring-gull-calling,"Ireland's Eye, July 2026",Wildlife,Ireland,2026,Coast and Sea,1,0,0,0.000
irelands-eye-herring-gull-calling,"Ireland's Eye, July 2026",Wildlife,Ireland,2026,Drought,0,0,0,0.000
irelands-eye-herring-gull-calling,"Ireland's Eye, July 2026",Wildlife,Ireland,2026,Elephants,0,0,0,0.000
irelands-eye-herring-gull-calling,"Ireland's Eye, July 2026",Wildlife,Ireland,2026,Feeding,0,0,0,0.000
irelands-eye-herring-gull-calling,"Ireland's Eye, July 2026",Wildlife,Ireland,2026,Flowers,0,0,0,0.000
irelands-eye-herring-gull-calling,"Ireland's Eye, July 2026",Wildlife,Ireland,2026,Fungi,0,0,0,0.000
irelands-eye-herring-gull-calling,"Ireland's Eye, July 2026",Wildlife,Ireland,2026,Gulls,1,1,1,1.000
irelands-eye-herring-gull-calling,"Ireland's Eye, July 2026",Wildlife,Ireland,2026,Insects,0,0,0,0.000
irelands-eye-herring-gull-calling,"Ireland's Eye, July 2026",Wildlife,Ireland,2026,Martello Towers,0,0,0,0.000
irelands-eye-herring-gull-calling,"Ireland's Eye, July 2026",Wildlife,Ireland,2026,Mountains,0,0,0,0.000
irelands-eye-herring-gull-calling,"Ireland's Eye, July 2026",Wildlife,Ireland,2026,Reflections,0,0,0,0.000
irelands-eye-herring-gull-calling,"Ireland's Eye, July 2026",Wildlife,Ireland,2026,Seabirds,1,0,0,0.000
irelands-eye-herring-gull-calling,"Ireland's Eye, July 2026",Wildlife,Ireland,2026,Silhouettes,0,0,0,0.000
irelands-eye-herring-gull-calling,"Ireland's Eye, July 2026",Wildlife,Ireland,2026,Skies and Cloud,0,0,1,0.500
irelands-eye-herring-gull-calling,"Ireland's Eye, July 2026",Wildlife,Ireland,2026,Skylines,0,0,0,0.000
irelands-eye-herring-gull-calling,"Ireland's Eye, July 2026",Wildlife,Ireland,2026,Spring,0,0,0,0.000
irelands-eye-herring-gull-calling,"Ireland's Eye, July 2026",Wildlife,Ireland,2026,Sunrise and Sunset,0,0,0,0.000
irelands-eye-herring-gull-calling,"Ireland's Eye, July 2026",Wildlife,Ireland,2026,Trees,0,0,0,0.000
irelands-eye-herring-gull-calling,"Ireland's Eye, July 2026",Wildlife,Ireland,2026,Waterbirds,0,0,0,0.000
irelands-eye-herring-gull-calling,"Ireland's Eye, July 2026",Wildlife,Ireland,2026,Waterfronts and Harbours,0,0,0,0.000
irelands-eye-herring-gull-calling,"Ireland's Eye, July 2026",Wildlife,Ireland,2026,Wild Cats,0,0,0,0.000
irelands-eye-herring-gull-calling,"Ireland's Eye, July 2026",Wildlife,Ireland,2026,Winter,0,0,0,0.000
irelands-eye-herring-gull-calling,"Ireland's Eye, July 2026",Wildlife,Ireland,2026,Woodland,0,0,0,0.000
irelands-eye-herring-gull-calling,"Ireland's Eye, July 2026",Wildlife,Ireland,2026,Young Animals,0,0,0,0.000
irelands-eye-herring-gull-portrait,"Ireland's Eye, July 2026",Wildlife,Ireland,2026,Acacias,0,0,0,0.000
irelands-eye-herring-gull-portrait,"Ireland's Eye, July 2026",Wildlife,Ireland,2026,Aircraft,0,0,0,0.000
irelands-eye-herring-gull-portrait,"Ireland's Eye, July 2026",Wildlife,Ireland,2026,Antelope,0,0,0,0.000
irelands-eye-herring-gull-portrait,"Ireland's Eye, July 2026",Wildlife,Ireland,2026,Autumn,0,0,0,0.000
irelands-eye-herring-gull-portrait,"Ireland's Eye, July 2026",Wildlife,Ireland,2026,Bees,0,0,0,0.000
irelands-eye-herring-gull-portrait,"Ireland's Eye, July 2026",Wildlife,Ireland,2026,Big Five,0,0,0,0.000
irelands-eye-herring-gull-portrait,"Ireland's Eye, July 2026",Wildlife,Ireland,2026,Birds,1,0,0,0.000
irelands-eye-herring-gull-portrait,"Ireland's Eye, July 2026",Wildlife,Ireland,2026,Birds in Flight,0,0,0,0.000
irelands-eye-herring-gull-portrait,"Ireland's Eye, July 2026",Wildlife,Ireland,2026,Birds of Prey,0,0,0,0.000
irelands-eye-herring-gull-portrait,"Ireland's Eye, July 2026",Wildlife,Ireland,2026,Boats and Ships,0,0,0,0.000
irelands-eye-herring-gull-portrait,"Ireland's Eye, July 2026",Wildlife,Ireland,2026,Coast and Sea,1,0,0,0.000
irelands-eye-herring-gull-portrait,"Ireland's Eye, July 2026",Wildlife,Ireland,2026,Drought,0,0,0,0.000
irelands-eye-herring-gull-portrait,"Ireland's Eye, July 2026",Wildlife,Ireland,2026,Elephants,0,0,0,0.000
irelands-eye-herring-gull-portrait,"Ireland's Eye, July 2026",Wildlife,Ireland,2026,Feeding,0,0,0,0.000
irelands-eye-herring-gull-portrait,"Ireland's Eye, July 2026",Wildlife,Ireland,2026,Flowers,0,0,0,0.000
irelands-eye-herring-gull-portrait,"Ireland's Eye, July 2026",Wildlife,Ireland,2026,Fungi,0,0,0,0.000
irelands-eye-herring-gull-portrait,"Ireland's Eye, July 2026",Wildlife,Ireland,2026,Gulls,1,1,1,1.000
irelands-eye-herring-gull-portrait,"Ireland's Eye, July 2026",Wildlife,Ireland,2026,Insects,0,0,0,0.000
irelands-eye-herring-gull-portrait,"Ireland's Eye, July 2026",Wildlife,Ireland,2026,Martello Towers,0,0,0,0.000
irelands-eye-herring-gull-portrait,"Ireland's Eye, July 2026",Wildlife,Ireland,2026,Mountains,0,0,0,0.000
irelands-eye-herring-gull-portrait,"Ireland's Eye, July 2026",Wildlife,Ireland,2026,Reflections,0,0,0,0.000
irelands-eye-herring-gull-portrait,"Ireland's Eye, July 2026",Wildlife,Ireland,2026,Seabirds,1,0,0,0.000
irelands-eye-herring-gull-portrait,"Ireland's Eye, July 2026",Wildlife,Ireland,2026,Silhouettes,0,0,0,0.000
irelands-eye-herring-gull-portrait,"Ireland's Eye, July 2026",Wildlife,Ireland,2026,Skies and Cloud,0,0,0,0.000
irelands-eye-herring-gull-portrait,"Ireland's Eye, July 2026",Wildlife,Ireland,2026,Skylines,0,0,0,0.000
irelands-eye-herring-gull-portrait,"Ireland's Eye, July 2026",Wildlife,Ireland,2026,Spring,0,0,0,0.000
irelands-eye-herring-gull-portrait,"Ireland's Eye, July 2026",Wildlife,Ireland,2026,Sunrise and Sunset,0,0,0,0.000
irelands-eye-herring-gull-portrait,"Ireland's Eye, July 2026",Wildlife,Ireland,2026,Trees,0,0,0,0.000
irelands-eye-herring-gull-portrait,"Ireland's Eye, July 2026",Wildlife,Ireland,2026,Waterbirds,0,0,0,0.000
irelands-eye-herring-gull-portrait,"Ireland's Eye, July 2026",Wildlife,Ireland,2026,Waterfronts and Harbours,0,0,0,0.000
irelands-eye-herring-gull-portrait,"Ireland's Eye, July 2026",Wildlife,Ireland,2026,Wild Cats,0,0,0,0.000
irelands-eye-herring-gull-portrait,"Ireland's Eye, July 2026",Wildlife,Ireland,2026,Winter,0,0,0,0.000
irelands-eye-herring-gull-portrait,"Ireland's Eye, July 2026",Wildlife,Ireland,2026,Woodland,0,0,0,0.000
irelands-eye-herring-gull-portrait,"Ireland's Eye, July 2026",Wildlife,Ireland,2026,Young Animals,0,0,0,0.000
irelands-eye-herring-gulls-resting,"Ireland's Eye, July 2026",Wildlife,Ireland,2026,Acacias,0,0,0,0.000
irelands-eye-herring-gulls-resting,"Ireland's Eye, July 2026",Wildlife,Ireland,2026,Aircraft,0,0,0,0.000
irelands-eye-herring-gulls-resting,"Ireland's Eye, July 2026",Wildlife,Ireland,2026,Antelope,0,0,0,0.000
irelands-eye-herring-gulls-resting,"Ireland's Eye, July 2026",Wildlife,Ireland,2026,Autumn,0,0,0,0.000
irelands-eye-herring-gulls-resting,"Ireland's Eye, July 2026",Wildlife,Ireland,2026,Bees,0,0,0,0.000
irelands-eye-herring-gulls-resting,"Ireland's Eye, July 2026",Wildlife,Ireland,2026,Big Five,0,0,0,0.000
irelands-eye-herring-gulls-resting,"Ireland's Eye, July 2026",Wildlife,Ireland,2026,Birds,1,0,0,0.000
irelands-eye-herring-gulls-resting,"Ireland's Eye, July 2026",Wildlife,Ireland,2026,Birds in Flight,0,0,0,0.000
irelands-eye-herring-gulls-resting,"Ireland's Eye, July 2026",Wildlife,Ireland,2026,Birds of Prey,0,0,0,0.000
irelands-eye-herring-gulls-resting,"Ireland's Eye, July 2026",Wildlife,Ireland,2026,Boats and Ships,0,0,0,0.000
irelands-eye-herring-gulls-resting,"Ireland's Eye, July 2026",Wildlife,Ireland,2026,Coast and Sea,1,0,0,0.000
irelands-eye-herring-gulls-resting,"Ireland's Eye, July 2026",Wildlife,Ireland,2026,Drought,0,0,0,0.000
irelands-eye-herring-gulls-resting,"Ireland's Eye, July 2026",Wildlife,Ireland,2026,Elephants,0,0,0,0.000
irelands-eye-herring-gulls-resting,"Ireland's Eye, July 2026",Wildlife,Ireland,2026,Feeding,0,0,0,0.000
irelands-eye-herring-gulls-resting,"Ireland's Eye, July 2026",Wildlife,Ireland,2026,Flowers,0,0,0,0.000
irelands-eye-herring-gulls-resting,"Ireland's Eye, July 2026",Wildlife,Ireland,2026,Fungi,0,0,0,0.000
irelands-eye-herring-gulls-resting,"Ireland's Eye, July 2026",Wildlife,Ireland,2026,Gulls,1,1,1,1.000
irelands-eye-herring-gulls-resting,"Ireland's Eye, July 2026",Wildlife,Ireland,2026,Insects,0,0,0,0.000
irelands-eye-herring-gulls-resting,"Ireland's Eye, July 2026",Wildlife,Ireland,2026,Martello Towers,0,0,0,0.000
irelands-eye-herring-gulls-resting,"Ireland's Eye, July 2026",Wildlife,Ireland,2026,Mountains,0,0,0,0.000
irelands-eye-herring-gulls-resting,"Ireland's Eye, July 2026",Wildlife,Ireland,2026,Reflections,0,0,0,0.000
irelands-eye-herring-gulls-resting,"Ireland's Eye, July 2026",Wildlife,Ireland,2026,Seabirds,1,0,0,0.000
irelands-eye-herring-gulls-resting,"Ireland's Eye, July 2026",Wildlife,Ireland,2026,Silhouettes,0,0,0,0.000
irelands-eye-herring-gulls-resting,"Ireland's Eye, July 2026",Wildlife,Ireland,2026,Skies and Cloud,0,0,0,0.000
irelands-eye-herring-gulls-resting,"Ireland's Eye, July 2026",Wildlife,Ireland,2026,Skylines,0,0,0,0.000
irelands-eye-herring-gulls-resting,"Ireland's Eye, July 2026",Wildlife,Ireland,2026,Spring,0,0,0,0.000
irelands-eye-herring-gulls-resting,"Ireland's Eye, July 2026",Wildlife,Ireland,2026,Sunrise and Sunset,0,0,0,0.000
irelands-eye-herring-gulls-resting,"Ireland's Eye, July 2026",Wildlife,Ireland,2026,Trees,0,0,0,0.000
irelands-eye-herring-gulls-resting,"Ireland's Eye, July 2026",Wildlife,Ireland,2026,Waterbirds,0,0,0,0.000
irelands-eye-herring-gulls-resting,"Ireland's Eye, July 2026",Wildlife,Ireland,2026,Waterfronts and Harbours,0,0,0,0.000
irelands-eye-herring-gulls-resting,"Ireland's Eye, July 2026",Wildlife,Ireland,2026,Wild Cats,0,0,0,0.000
irelands-eye-herring-gulls-resting,"Ireland's Eye, July 2026",Wildlife,Ireland,2026,Winter,0,0,0,0.000
irelands-eye-herring-gulls-resting,"Ireland's Eye, July 2026",Wildlife,Ireland,2026,Woodland,0,0,0,0.000
irelands-eye-herring-gulls-resting,"Ireland's Eye, July 2026",Wildlife,Ireland,2026,Young Animals,0,0,0,0.000
irelands-eye-path-to-tower,"Ireland's Eye, July 2026",Landscape,Ireland,2026,Acacias,0,0,0,0.000
irelands-eye-path-to-tower,"Ireland's Eye, July 2026",Landscape,Ireland,2026,Aircraft,0,0,0,0.000
irelands-eye-path-to-tower,"Ireland's Eye, July 2026",Landscape,Ireland,2026,Antelope,0,0,0,0.000
irelands-eye-path-to-tower,"Ireland's Eye, July 2026",Landscape,Ireland,2026,Autumn,0,0,0,0.000
irelands-eye-path-to-tower,"Ireland's Eye, July 2026",Landscape,Ireland,2026,Bees,0,0,0,0.000
irelands-eye-path-to-tower,"Ireland's Eye, July 2026",Landscape,Ireland,2026,Big Five,0,0,0,0.000
irelands-eye-path-to-tower,"Ireland's Eye, July 2026",Landscape,Ireland,2026,Birds,0,0,0,0.000
irelands-eye-path-to-tower,"Ireland's Eye, July 2026",Landscape,Ireland,2026,Birds in Flight,0,0,0,0.000
irelands-eye-path-to-tower,"Ireland's Eye, July 2026",Landscape,Ireland,2026,Birds of Prey,0,0,0,0.000
irelands-eye-path-to-tower,"Ireland's Eye, July 2026",Landscape,Ireland,2026,Boats and Ships,0,0,1,0.500
irelands-eye-path-to-tower,"Ireland's Eye, July 2026",Landscape,Ireland,2026,Coast and Sea,1,0,0,0.000
irelands-eye-path-to-tower,"Ireland's Eye, July 2026",Landscape,Ireland,2026,Drought,0,0,0,0.000
irelands-eye-path-to-tower,"Ireland's Eye, July 2026",Landscape,Ireland,2026,Elephants,0,0,0,0.000
irelands-eye-path-to-tower,"Ireland's Eye, July 2026",Landscape,Ireland,2026,Feeding,0,0,0,0.000
irelands-eye-path-to-tower,"Ireland's Eye, July 2026",Landscape,Ireland,2026,Flowers,0,0,0,0.000
irelands-eye-path-to-tower,"Ireland's Eye, July 2026",Landscape,Ireland,2026,Fungi,0,0,0,0.000
irelands-eye-path-to-tower,"Ireland's Eye, July 2026",Landscape,Ireland,2026,Gulls,0,0,0,0.000
irelands-eye-path-to-tower,"Ireland's Eye, July 2026",Landscape,Ireland,2026,Insects,0,0,0,0.000
irelands-eye-path-to-tower,"Ireland's Eye, July 2026",Landscape,Ireland,2026,Martello Towers,1,1,1,1.000
irelands-eye-path-to-tower,"Ireland's Eye, July 2026",Landscape,Ireland,2026,Mountains,0,0,0,0.000
irelands-eye-path-to-tower,"Ireland's Eye, July 2026",Landscape,Ireland,2026,Reflections,0,0,0,0.000
irelands-eye-path-to-tower,"Ireland's Eye, July 2026",Landscape,Ireland,2026,Seabirds,0,0,0,0.000
irelands-eye-path-to-tower,"Ireland's Eye, July 2026",Landscape,Ireland,2026,Silhouettes,0,0,0,0.000
irelands-eye-path-to-tower,"Ireland's Eye, July 2026",Landscape,Ireland,2026,Skies and Cloud,0,0,1,0.500
irelands-eye-path-to-tower,"Ireland's Eye, July 2026",Landscape,Ireland,2026,Skylines,0,0,0,0.000
irelands-eye-path-to-tower,"Ireland's Eye, July 2026",Landscape,Ireland,2026,Spring,0,0,0,0.000
irelands-eye-path-to-tower,"Ireland's Eye, July 2026",Landscape,Ireland,2026,Sunrise and Sunset,0,0,0,0.000
irelands-eye-path-to-tower,"Ireland's Eye, July 2026",Landscape,Ireland,2026,Trees,0,0,0,0.000
irelands-eye-path-to-tower,"Ireland's Eye, July 2026",Landscape,Ireland,2026,Waterbirds,0,0,0,0.000
irelands-eye-path-to-tower,"Ireland's Eye, July 2026",Landscape,Ireland,2026,Waterfronts and Harbours,0,0,0,0.000
irelands-eye-path-to-tower,"Ireland's Eye, July 2026",Landscape,Ireland,2026,Wild Cats,0,0,0,0.000
irelands-eye-path-to-tower,"Ireland's Eye, July 2026",Landscape,Ireland,2026,Winter,0,0,0,0.000
irelands-eye-path-to-tower,"Ireland's Eye, July 2026",Landscape,Ireland,2026,Woodland,0,0,0,0.000
irelands-eye-path-to-tower,"Ireland's Eye, July 2026",Landscape,Ireland,2026,Young Animals,0,0,0,0.000
irelands-eye-tower-pigeons,"Ireland's Eye, July 2026",Urban Wildlife,Ireland,2026,Acacias,0,0,0,0.000
irelands-eye-tower-pigeons,"Ireland's Eye, July 2026",Urban Wildlife,Ireland,2026,Aircraft,0,0,0,0.000
irelands-eye-tower-pigeons,"Ireland's Eye, July 2026",Urban Wildlife,Ireland,2026,Antelope,0,0,0,0.000
irelands-eye-tower-pigeons,"Ireland's Eye, July 2026",Urban Wildlife,Ireland,2026,Autumn,0,0,0,0.000
irelands-eye-tower-pigeons,"Ireland's Eye, July 2026",Urban Wildlife,Ireland,2026,Bees,0,0,0,0.000
irelands-eye-tower-pigeons,"Ireland's Eye, July 2026",Urban Wildlife,Ireland,2026,Big Five,0,0,0,0.000
irelands-eye-tower-pigeons,"Ireland's Eye, July 2026",Urban Wildlife,Ireland,2026,Birds,1,0,0,0.000
irelands-eye-tower-pigeons,"Ireland's Eye, July 2026",Urban Wildlife,Ireland,2026,Birds in Flight,0,0,0,0.000
irelands-eye-tower-pigeons,"Ireland's Eye, July 2026",Urban Wildlife,Ireland,2026,Birds of Prey,0,0,0,0.000
irelands-eye-tower-pigeons,"Ireland's Eye, July 2026",Urban Wildlife,Ireland,2026,Boats and Ships,0,0,0,0.000
irelands-eye-tower-pigeons,"Ireland's Eye, July 2026",Urban Wildlife,Ireland,2026,Coast and Sea,0,0,0,0.000
irelands-eye-tower-pigeons,"Ireland's Eye, July 2026",Urban Wildlife,Ireland,2026,Drought,0,0,0,0.000
irelands-eye-tower-pigeons,"Ireland's Eye, July 2026",Urban Wildlife,Ireland,2026,Elephants,0,0,0,0.000
irelands-eye-tower-pigeons,"Ireland's Eye, July 2026",Urban Wildlife,Ireland,2026,Feeding,0,0,0,0.000
irelands-eye-tower-pigeons,"Ireland's Eye, July 2026",Urban Wildlife,Ireland,2026,Flowers,0,0,0,0.000
irelands-eye-tower-pigeons,"Ireland's Eye, July 2026",Urban Wildlife,Ireland,2026,Fungi,0,0,0,0.000
irelands-eye-tower-pigeons,"Ireland's Eye, July 2026",Urban Wildlife,Ireland,2026,Gulls,0,0,0,0.000
irelands-eye-tower-pigeons,"Ireland's Eye, July 2026",Urban Wildlife,Ireland,2026,Insects,0,0,0,0.000
irelands-eye-tower-pigeons,"Ireland's Eye, July 2026",Urban Wildlife,Ireland,2026,Martello Towers,1,1,1,1.000
irelands-eye-tower-pigeons,"Ireland's Eye, July 2026",Urban Wildlife,Ireland,2026,Mountains,0,0,0,0.000
irelands-eye-tower-pigeons,"Ireland's Eye, July 2026",Urban Wildlife,Ireland,2026,Reflections,0,0,0,0.000
irelands-eye-tower-pigeons,"Ireland's Eye, July 2026",Urban Wildlife,Ireland,2026,Seabirds,0,0,0,0.000
irelands-eye-tower-pigeons,"Ireland's Eye, July 2026",Urban Wildlife,Ireland,2026,Silhouettes,0,0,0,0.000
irelands-eye-tower-pigeons,"Ireland's Eye, July 2026",Urban Wildlife,Ireland,2026,Skies and Cloud,0,0,0,0.000
irelands-eye-tower-pigeons,"Ireland's Eye, July 2026",Urban Wildlife,Ireland,2026,Skylines,0,0,0,0.000
irelands-eye-tower-pigeons,"Ireland's Eye, July 2026",Urban Wildlife,Ireland,2026,Spring,0,0,0,0.000
irelands-eye-tower-pigeons,"Ireland's Eye, July 2026",Urban Wildlife,Ireland,2026,Sunrise and Sunset,0,0,0,0.000
irelands-eye-tower-pigeons,"Ireland's Eye, July 2026",Urban Wildlife,Ireland,2026,Trees,0,0,0,0.000
irelands-eye-tower-pigeons,"Ireland's Eye, July 2026",Urban Wildlife,Ireland,2026,Waterbirds,0,0,0,0.000
irelands-eye-tower-pigeons,"Ireland's Eye, July 2026",Urban Wildlife,Ireland,2026,Waterfronts and Harbours,0,0,0,0.000
irelands-eye-tower-pigeons,"Ireland's Eye, July 2026",Urban Wildlife,Ireland,2026,Wild Cats,0,0,0,0.000
irelands-eye-tower-pigeons,"Ireland's Eye, July 2026",Urban Wildlife,Ireland,2026,Winter,0,0,0,0.000
irelands-eye-tower-pigeons,"Ireland's Eye, July 2026",Urban Wildlife,Ireland,2026,Woodland,0,0,0,0.000
irelands-eye-tower-pigeons,"Ireland's Eye, July 2026",Urban Wildlife,Ireland,2026,Young Animals,0,0,0,0.000
jeanie-johnston,"The Liffey, March 2026",Architecture,Ireland,2026,Acacias,0,0,0,0.000
jeanie-johnston,"The Liffey, March 2026",Architecture,Ireland,2026,Aircraft,0,0,0,0.000
jeanie-johnston,"The Liffey, March 2026",Architecture,Ireland,2026,Antelope,0,0,0,0.000
jeanie-johnston,"The Liffey, March 2026",Architecture,Ireland,2026,Autumn,0,0,0,0.000
jeanie-johnston,"The Liffey, March 2026",Architecture,Ireland,2026,Bees,0,0,0,0.000
jeanie-johnston,"The Liffey, March 2026",Architecture,Ireland,2026,Big Five,0,0,0,0.000
jeanie-johnston,"The Liffey, March 2026",Architecture,Ireland,2026,Birds,0,0,0,0.000
jeanie-johnston,"The Liffey, March 2026",Architecture,Ireland,2026,Birds in Flight,0,0,0,0.000
jeanie-johnston,"The Liffey, March 2026",Architecture,Ireland,2026,Birds of Prey,0,0,0,0.000
jeanie-johnston,"The Liffey, March 2026",Architecture,Ireland,2026,Boats and Ships,1,0,1,0.500
jeanie-johnston,"The Liffey, March 2026",Architecture,Ireland,2026,Coast and Sea,0,0,0,0.000
jeanie-johnston,"The Liffey, March 2026",Architecture,Ireland,2026,Drought,0,0,0,0.000
jeanie-johnston,"The Liffey, March 2026",Architecture,Ireland,2026,Elephants,0,0,0,0.000
jeanie-johnston,"The Liffey, March 2026",Architecture,Ireland,2026,Feeding,0,0,0,0.000
jeanie-johnston,"The Liffey, March 2026",Architecture,Ireland,2026,Flowers,0,0,0,0.000
jeanie-johnston,"The Liffey, March 2026",Architecture,Ireland,2026,Fungi,0,0,0,0.000
jeanie-johnston,"The Liffey, March 2026",Architecture,Ireland,2026,Gulls,0,0,0,0.000
jeanie-johnston,"The Liffey, March 2026",Architecture,Ireland,2026,Insects,0,0,0,0.000
jeanie-johnston,"The Liffey, March 2026",Architecture,Ireland,2026,Martello Towers,0,0,0,0.000
jeanie-johnston,"The Liffey, March 2026",Architecture,Ireland,2026,Mountains,0,0,0,0.000
jeanie-johnston,"The Liffey, March 2026",Architecture,Ireland,2026,Reflections,0,0,0,0.000
jeanie-johnston,"The Liffey, March 2026",Architecture,Ireland,2026,Seabirds,0,0,0,0.000
jeanie-johnston,"The Liffey, March 2026",Architecture,Ireland,2026,Silhouettes,0,0,0,0.000
jeanie-johnston,"The Liffey, March 2026",Architecture,Ireland,2026,Skies and Cloud,1,0,1,0.500
jeanie-johnston,"The Liffey, March 2026",Architecture,Ireland,2026,Skylines,0,0,0,0.000
jeanie-johnston,"The Liffey, March 2026",Architecture,Ireland,2026,Spring,0,0,0,0.000
jeanie-johnston,"The Liffey, March 2026",Architecture,Ireland,2026,Sunrise and Sunset,0,0,0,0.000
jeanie-johnston,"The Liffey, March 2026",Architecture,Ireland,2026,Trees,0,0,0,0.000
jeanie-johnston,"The Liffey, March 2026",Architecture,Ireland,2026,Waterbirds,0,0,0,0.000
jeanie-johnston,"The Liffey, March 2026",Architecture,Ireland,2026,Waterfronts and Harbours,1,0,0,0.000
jeanie-johnston,"The Liffey, March 2026",Architecture,Ireland,2026,Wild Cats,0,0,0,0.000
jeanie-johnston,"The Liffey, March 2026",Architecture,Ireland,2026,Winter,0,0,0,0.000
jeanie-johnston,"The Liffey, March 2026",Architecture,Ireland,2026,Woodland,0,0,0,0.000
jeanie-johnston,"The Liffey, March 2026",Architecture,Ireland,2026,Young Animals,0,0,0,0.000
karlatornet-from-the-hilltop,"Gothenburg, May 2026",Architecture,Sweden,2026,Acacias,0,0,0,0.000
karlatornet-from-the-hilltop,"Gothenburg, May 2026",Architecture,Sweden,2026,Aircraft,0,0,0,0.000
karlatornet-from-the-hilltop,"Gothenburg, May 2026",Architecture,Sweden,2026,Antelope,0,0,0,0.000
karlatornet-from-the-hilltop,"Gothenburg, May 2026",Architecture,Sweden,2026,Autumn,0,0,0,0.000
karlatornet-from-the-hilltop,"Gothenburg, May 2026",Architecture,Sweden,2026,Bees,0,0,0,0.000
karlatornet-from-the-hilltop,"Gothenburg, May 2026",Architecture,Sweden,2026,Big Five,0,0,0,0.000
karlatornet-from-the-hilltop,"Gothenburg, May 2026",Architecture,Sweden,2026,Birds,0,0,0,0.000
karlatornet-from-the-hilltop,"Gothenburg, May 2026",Architecture,Sweden,2026,Birds in Flight,0,0,0,0.000
karlatornet-from-the-hilltop,"Gothenburg, May 2026",Architecture,Sweden,2026,Birds of Prey,0,0,0,0.000
karlatornet-from-the-hilltop,"Gothenburg, May 2026",Architecture,Sweden,2026,Boats and Ships,0,0,0,0.000
karlatornet-from-the-hilltop,"Gothenburg, May 2026",Architecture,Sweden,2026,Coast and Sea,0,0,0,0.000
karlatornet-from-the-hilltop,"Gothenburg, May 2026",Architecture,Sweden,2026,Drought,0,0,0,0.000
karlatornet-from-the-hilltop,"Gothenburg, May 2026",Architecture,Sweden,2026,Elephants,0,0,0,0.000
karlatornet-from-the-hilltop,"Gothenburg, May 2026",Architecture,Sweden,2026,Feeding,0,0,0,0.000
karlatornet-from-the-hilltop,"Gothenburg, May 2026",Architecture,Sweden,2026,Flowers,0,0,0,0.000
karlatornet-from-the-hilltop,"Gothenburg, May 2026",Architecture,Sweden,2026,Fungi,0,0,0,0.000
karlatornet-from-the-hilltop,"Gothenburg, May 2026",Architecture,Sweden,2026,Gulls,0,0,0,0.000
karlatornet-from-the-hilltop,"Gothenburg, May 2026",Architecture,Sweden,2026,Insects,0,0,0,0.000
karlatornet-from-the-hilltop,"Gothenburg, May 2026",Architecture,Sweden,2026,Martello Towers,0,0,0,0.000
karlatornet-from-the-hilltop,"Gothenburg, May 2026",Architecture,Sweden,2026,Mountains,0,0,0,0.000
karlatornet-from-the-hilltop,"Gothenburg, May 2026",Architecture,Sweden,2026,Reflections,0,0,0,0.000
karlatornet-from-the-hilltop,"Gothenburg, May 2026",Architecture,Sweden,2026,Seabirds,0,0,0,0.000
karlatornet-from-the-hilltop,"Gothenburg, May 2026",Architecture,Sweden,2026,Silhouettes,0,0,0,0.000
karlatornet-from-the-hilltop,"Gothenburg, May 2026",Architecture,Sweden,2026,Skies and Cloud,0,0,0,0.000
karlatornet-from-the-hilltop,"Gothenburg, May 2026",Architecture,Sweden,2026,Skylines,1,0,0,0.000
karlatornet-from-the-hilltop,"Gothenburg, May 2026",Architecture,Sweden,2026,Spring,0,0,0,0.000
karlatornet-from-the-hilltop,"Gothenburg, May 2026",Architecture,Sweden,2026,Sunrise and Sunset,0,0,0,0.000
karlatornet-from-the-hilltop,"Gothenburg, May 2026",Architecture,Sweden,2026,Trees,0,0,0,0.000
karlatornet-from-the-hilltop,"Gothenburg, May 2026",Architecture,Sweden,2026,Waterbirds,0,0,0,0.000
karlatornet-from-the-hilltop,"Gothenburg, May 2026",Architecture,Sweden,2026,Waterfronts and Harbours,0,0,0,0.000
karlatornet-from-the-hilltop,"Gothenburg, May 2026",Architecture,Sweden,2026,Wild Cats,0,0,0,0.000
karlatornet-from-the-hilltop,"Gothenburg, May 2026",Architecture,Sweden,2026,Winter,0,0,0,0.000
karlatornet-from-the-hilltop,"Gothenburg, May 2026",Architecture,Sweden,2026,Woodland,0,0,0,0.000
karlatornet-from-the-hilltop,"Gothenburg, May 2026",Architecture,Sweden,2026,Young Animals,0,0,0,0.000
ladybird-on-thistle,Thistles & Ladybirds,Macro,Ireland,2026,Acacias,0,0,0,0.000
ladybird-on-thistle,Thistles & Ladybirds,Macro,Ireland,2026,Aircraft,0,0,0,0.000
ladybird-on-thistle,Thistles & Ladybirds,Macro,Ireland,2026,Antelope,0,0,0,0.000
ladybird-on-thistle,Thistles & Ladybirds,Macro,Ireland,2026,Autumn,0,0,0,0.000
ladybird-on-thistle,Thistles & Ladybirds,Macro,Ireland,2026,Bees,0,0,0,0.000
ladybird-on-thistle,Thistles & Ladybirds,Macro,Ireland,2026,Big Five,0,0,0,0.000
ladybird-on-thistle,Thistles & Ladybirds,Macro,Ireland,2026,Birds,0,1,1,1.000
ladybird-on-thistle,Thistles & Ladybirds,Macro,Ireland,2026,Birds in Flight,0,0,1,0.500
ladybird-on-thistle,Thistles & Ladybirds,Macro,Ireland,2026,Birds of Prey,0,0,1,0.500
ladybird-on-thistle,Thistles & Ladybirds,Macro,Ireland,2026,Boats and Ships,0,0,0,0.000
ladybird-on-thistle,Thistles & Ladybirds,Macro,Ireland,2026,Coast and Sea,0,0,0,0.000
ladybird-on-thistle,Thistles & Ladybirds,Macro,Ireland,2026,Drought,0,0,0,0.000
ladybird-on-thistle,Thistles & Ladybirds,Macro,Ireland,2026,Elephants,0,0,0,0.000
ladybird-on-thistle,Thistles & Ladybirds,Macro,Ireland,2026,Feeding,0,0,0,0.000
ladybird-on-thistle,Thistles & Ladybirds,Macro,Ireland,2026,Flowers,0,0,0,0.000
ladybird-on-thistle,Thistles & Ladybirds,Macro,Ireland,2026,Fungi,0,0,0,0.000
ladybird-on-thistle,Thistles & Ladybirds,Macro,Ireland,2026,Gulls,0,0,0,0.000
ladybird-on-thistle,Thistles & Ladybirds,Macro,Ireland,2026,Insects,1,0,0,0.000
ladybird-on-thistle,Thistles & Ladybirds,Macro,Ireland,2026,Martello Towers,0,0,0,0.000
ladybird-on-thistle,Thistles & Ladybirds,Macro,Ireland,2026,Mountains,0,0,0,0.000
ladybird-on-thistle,Thistles & Ladybirds,Macro,Ireland,2026,Reflections,0,0,0,0.000
ladybird-on-thistle,Thistles & Ladybirds,Macro,Ireland,2026,Seabirds,0,0,0,0.000
ladybird-on-thistle,Thistles & Ladybirds,Macro,Ireland,2026,Silhouettes,0,0,0,0.000
ladybird-on-thistle,Thistles & Ladybirds,Macro,Ireland,2026,Skies and Cloud,0,0,0,0.000
ladybird-on-thistle,Thistles & Ladybirds,Macro,Ireland,2026,Skylines,0,0,0,0.000
ladybird-on-thistle,Thistles & Ladybirds,Macro,Ireland,2026,Spring,0,0,0,0.000
ladybird-on-thistle,Thistles & Ladybirds,Macro,Ireland,2026,Sunrise and Sunset,0,0,0,0.000
ladybird-on-thistle,Thistles & Ladybirds,Macro,Ireland,2026,Trees,0,0,0,0.000
ladybird-on-thistle,Thistles & Ladybirds,Macro,Ireland,2026,Waterbirds,0,0,0,0.000
ladybird-on-thistle,Thistles & Ladybirds,Macro,Ireland,2026,Waterfronts and Harbours,0,0,0,0.000
ladybird-on-thistle,Thistles & Ladybirds,Macro,Ireland,2026,Wild Cats,0,0,0,0.000
ladybird-on-thistle,Thistles & Ladybirds,Macro,Ireland,2026,Winter,0,0,0,0.000
ladybird-on-thistle,Thistles & Ladybirds,Macro,Ireland,2026,Woodland,0,0,0,0.000
ladybird-on-thistle,Thistles & Ladybirds,Macro,Ireland,2026,Young Animals,0,0,0,0.000
lappet-faced-vultures,"Maasai Mara, October 2025",Wildlife,Kenya,2025,Acacias,0,0,0,0.000
lappet-faced-vultures,"Maasai Mara, October 2025",Wildlife,Kenya,2025,Aircraft,0,0,0,0.000
lappet-faced-vultures,"Maasai Mara, October 2025",Wildlife,Kenya,2025,Antelope,0,0,0,0.000
lappet-faced-vultures,"Maasai Mara, October 2025",Wildlife,Kenya,2025,Autumn,0,0,0,0.000
lappet-faced-vultures,"Maasai Mara, October 2025",Wildlife,Kenya,2025,Bees,0,0,0,0.000
lappet-faced-vultures,"Maasai Mara, October 2025",Wildlife,Kenya,2025,Big Five,0,0,0,0.000
lappet-faced-vultures,"Maasai Mara, October 2025",Wildlife,Kenya,2025,Birds,1,0,0,0.000
lappet-faced-vultures,"Maasai Mara, October 2025",Wildlife,Kenya,2025,Birds in Flight,0,0,0,0.000
lappet-faced-vultures,"Maasai Mara, October 2025",Wildlife,Kenya,2025,Birds of Prey,1,0,0,0.000
lappet-faced-vultures,"Maasai Mara, October 2025",Wildlife,Kenya,2025,Boats and Ships,0,0,0,0.000
lappet-faced-vultures,"Maasai Mara, October 2025",Wildlife,Kenya,2025,Coast and Sea,0,0,0,0.000
lappet-faced-vultures,"Maasai Mara, October 2025",Wildlife,Kenya,2025,Drought,0,0,0,0.000
lappet-faced-vultures,"Maasai Mara, October 2025",Wildlife,Kenya,2025,Elephants,0,0,0,0.000
lappet-faced-vultures,"Maasai Mara, October 2025",Wildlife,Kenya,2025,Feeding,1,0,0,0.000
lappet-faced-vultures,"Maasai Mara, October 2025",Wildlife,Kenya,2025,Flowers,0,0,0,0.000
lappet-faced-vultures,"Maasai Mara, October 2025",Wildlife,Kenya,2025,Fungi,0,0,0,0.000
lappet-faced-vultures,"Maasai Mara, October 2025",Wildlife,Kenya,2025,Gulls,0,0,0,0.000
lappet-faced-vultures,"Maasai Mara, October 2025",Wildlife,Kenya,2025,Insects,0,0,0,0.000
lappet-faced-vultures,"Maasai Mara, October 2025",Wildlife,Kenya,2025,Martello Towers,0,0,0,0.000
lappet-faced-vultures,"Maasai Mara, October 2025",Wildlife,Kenya,2025,Mountains,0,0,0,0.000
lappet-faced-vultures,"Maasai Mara, October 2025",Wildlife,Kenya,2025,Reflections,0,0,0,0.000
lappet-faced-vultures,"Maasai Mara, October 2025",Wildlife,Kenya,2025,Seabirds,0,0,0,0.000
lappet-faced-vultures,"Maasai Mara, October 2025",Wildlife,Kenya,2025,Silhouettes,0,0,0,0.000
lappet-faced-vultures,"Maasai Mara, October 2025",Wildlife,Kenya,2025,Skies and Cloud,0,0,0,0.000
lappet-faced-vultures,"Maasai Mara, October 2025",Wildlife,Kenya,2025,Skylines,0,0,0,0.000
lappet-faced-vultures,"Maasai Mara, October 2025",Wildlife,Kenya,2025,Spring,0,0,0,0.000
lappet-faced-vultures,"Maasai Mara, October 2025",Wildlife,Kenya,2025,Sunrise and Sunset,0,0,0,0.000
lappet-faced-vultures,"Maasai Mara, October 2025",Wildlife,Kenya,2025,Trees,0,0,0,0.000
lappet-faced-vultures,"Maasai Mara, October 2025",Wildlife,Kenya,2025,Waterbirds,0,0,0,0.000
lappet-faced-vultures,"Maasai Mara, October 2025",Wildlife,Kenya,2025,Waterfronts and Harbours,0,0,0,0.000
lappet-faced-vultures,"Maasai Mara, October 2025",Wildlife,Kenya,2025,Wild Cats,0,0,0,0.000
lappet-faced-vultures,"Maasai Mara, October 2025",Wildlife,Kenya,2025,Winter,0,0,0,0.000
lappet-faced-vultures,"Maasai Mara, October 2025",Wildlife,Kenya,2025,Woodland,0,0,0,0.000
lappet-faced-vultures,"Maasai Mara, October 2025",Wildlife,Kenya,2025,Young Animals,0,0,0,0.000
last-light-on-the-mara,"Maasai Mara, October 2025",Landscape,Kenya,2025,Acacias,0,0,0,0.000
last-light-on-the-mara,"Maasai Mara, October 2025",Landscape,Kenya,2025,Aircraft,0,0,0,0.000
last-light-on-the-mara,"Maasai Mara, October 2025",Landscape,Kenya,2025,Antelope,0,0,0,0.000
last-light-on-the-mara,"Maasai Mara, October 2025",Landscape,Kenya,2025,Autumn,0,0,0,0.000
last-light-on-the-mara,"Maasai Mara, October 2025",Landscape,Kenya,2025,Bees,0,0,0,0.000
last-light-on-the-mara,"Maasai Mara, October 2025",Landscape,Kenya,2025,Big Five,0,0,0,0.000
last-light-on-the-mara,"Maasai Mara, October 2025",Landscape,Kenya,2025,Birds,0,0,0,0.000
last-light-on-the-mara,"Maasai Mara, October 2025",Landscape,Kenya,2025,Birds in Flight,0,0,0,0.000
last-light-on-the-mara,"Maasai Mara, October 2025",Landscape,Kenya,2025,Birds of Prey,0,0,0,0.000
last-light-on-the-mara,"Maasai Mara, October 2025",Landscape,Kenya,2025,Boats and Ships,0,0,0,0.000
last-light-on-the-mara,"Maasai Mara, October 2025",Landscape,Kenya,2025,Coast and Sea,0,0,0,0.000
last-light-on-the-mara,"Maasai Mara, October 2025",Landscape,Kenya,2025,Drought,0,0,0,0.000
last-light-on-the-mara,"Maasai Mara, October 2025",Landscape,Kenya,2025,Elephants,0,0,0,0.000
last-light-on-the-mara,"Maasai Mara, October 2025",Landscape,Kenya,2025,Feeding,0,0,0,0.000
last-light-on-the-mara,"Maasai Mara, October 2025",Landscape,Kenya,2025,Flowers,0,0,0,0.000
last-light-on-the-mara,"Maasai Mara, October 2025",Landscape,Kenya,2025,Fungi,0,0,0,0.000
last-light-on-the-mara,"Maasai Mara, October 2025",Landscape,Kenya,2025,Gulls,0,0,0,0.000
last-light-on-the-mara,"Maasai Mara, October 2025",Landscape,Kenya,2025,Insects,0,0,0,0.000
last-light-on-the-mara,"Maasai Mara, October 2025",Landscape,Kenya,2025,Martello Towers,0,0,0,0.000
last-light-on-the-mara,"Maasai Mara, October 2025",Landscape,Kenya,2025,Mountains,0,0,0,0.000
last-light-on-the-mara,"Maasai Mara, October 2025",Landscape,Kenya,2025,Reflections,0,0,0,0.000
last-light-on-the-mara,"Maasai Mara, October 2025",Landscape,Kenya,2025,Seabirds,0,0,0,0.000
last-light-on-the-mara,"Maasai Mara, October 2025",Landscape,Kenya,2025,Silhouettes,0,0,0,0.000
last-light-on-the-mara,"Maasai Mara, October 2025",Landscape,Kenya,2025,Skies and Cloud,1,0,1,0.500
last-light-on-the-mara,"Maasai Mara, October 2025",Landscape,Kenya,2025,Skylines,0,0,0,0.000
last-light-on-the-mara,"Maasai Mara, October 2025",Landscape,Kenya,2025,Spring,0,0,0,0.000
last-light-on-the-mara,"Maasai Mara, October 2025",Landscape,Kenya,2025,Sunrise and Sunset,1,0,0,0.000
last-light-on-the-mara,"Maasai Mara, October 2025",Landscape,Kenya,2025,Trees,0,0,0,0.000
last-light-on-the-mara,"Maasai Mara, October 2025",Landscape,Kenya,2025,Waterbirds,0,0,0,0.000
last-light-on-the-mara,"Maasai Mara, October 2025",Landscape,Kenya,2025,Waterfronts and Harbours,0,0,0,0.000
last-light-on-the-mara,"Maasai Mara, October 2025",Landscape,Kenya,2025,Wild Cats,0,0,0,0.000
last-light-on-the-mara,"Maasai Mara, October 2025",Landscape,Kenya,2025,Winter,0,0,0,0.000
last-light-on-the-mara,"Maasai Mara, October 2025",Landscape,Kenya,2025,Woodland,0,0,0,0.000
last-light-on-the-mara,"Maasai Mara, October 2025",Landscape,Kenya,2025,Young Animals,0,0,0,0.000
leopard-in-morning-light,"Maasai Mara, October 2025",Wildlife,Kenya,2025,Acacias,0,0,0,0.000
leopard-in-morning-light,"Maasai Mara, October 2025",Wildlife,Kenya,2025,Aircraft,0,0,0,0.000
leopard-in-morning-light,"Maasai Mara, October 2025",Wildlife,Kenya,2025,Antelope,0,0,0,0.000
leopard-in-morning-light,"Maasai Mara, October 2025",Wildlife,Kenya,2025,Autumn,0,0,0,0.000
leopard-in-morning-light,"Maasai Mara, October 2025",Wildlife,Kenya,2025,Bees,0,0,0,0.000
leopard-in-morning-light,"Maasai Mara, October 2025",Wildlife,Kenya,2025,Big Five,1,0,0,0.000
leopard-in-morning-light,"Maasai Mara, October 2025",Wildlife,Kenya,2025,Birds,0,0,0,0.000
leopard-in-morning-light,"Maasai Mara, October 2025",Wildlife,Kenya,2025,Birds in Flight,0,0,0,0.000
leopard-in-morning-light,"Maasai Mara, October 2025",Wildlife,Kenya,2025,Birds of Prey,0,0,0,0.000
leopard-in-morning-light,"Maasai Mara, October 2025",Wildlife,Kenya,2025,Boats and Ships,0,0,0,0.000
leopard-in-morning-light,"Maasai Mara, October 2025",Wildlife,Kenya,2025,Coast and Sea,0,0,0,0.000
leopard-in-morning-light,"Maasai Mara, October 2025",Wildlife,Kenya,2025,Drought,0,0,0,0.000
leopard-in-morning-light,"Maasai Mara, October 2025",Wildlife,Kenya,2025,Elephants,0,0,0,0.000
leopard-in-morning-light,"Maasai Mara, October 2025",Wildlife,Kenya,2025,Feeding,0,0,0,0.000
leopard-in-morning-light,"Maasai Mara, October 2025",Wildlife,Kenya,2025,Flowers,0,0,0,0.000
leopard-in-morning-light,"Maasai Mara, October 2025",Wildlife,Kenya,2025,Fungi,0,0,0,0.000
leopard-in-morning-light,"Maasai Mara, October 2025",Wildlife,Kenya,2025,Gulls,0,0,0,0.000
leopard-in-morning-light,"Maasai Mara, October 2025",Wildlife,Kenya,2025,Insects,0,0,0,0.000
leopard-in-morning-light,"Maasai Mara, October 2025",Wildlife,Kenya,2025,Martello Towers,0,0,0,0.000
leopard-in-morning-light,"Maasai Mara, October 2025",Wildlife,Kenya,2025,Mountains,0,0,0,0.000
leopard-in-morning-light,"Maasai Mara, October 2025",Wildlife,Kenya,2025,Reflections,0,0,0,0.000
leopard-in-morning-light,"Maasai Mara, October 2025",Wildlife,Kenya,2025,Seabirds,0,0,0,0.000
leopard-in-morning-light,"Maasai Mara, October 2025",Wildlife,Kenya,2025,Silhouettes,0,0,0,0.000
leopard-in-morning-light,"Maasai Mara, October 2025",Wildlife,Kenya,2025,Skies and Cloud,0,0,0,0.000
leopard-in-morning-light,"Maasai Mara, October 2025",Wildlife,Kenya,2025,Skylines,0,0,0,0.000
leopard-in-morning-light,"Maasai Mara, October 2025",Wildlife,Kenya,2025,Spring,0,0,0,0.000
leopard-in-morning-light,"Maasai Mara, October 2025",Wildlife,Kenya,2025,Sunrise and Sunset,0,0,1,0.500
leopard-in-morning-light,"Maasai Mara, October 2025",Wildlife,Kenya,2025,Trees,0,0,0,0.000
leopard-in-morning-light,"Maasai Mara, October 2025",Wildlife,Kenya,2025,Waterbirds,0,0,0,0.000
leopard-in-morning-light,"Maasai Mara, October 2025",Wildlife,Kenya,2025,Waterfronts and Harbours,0,0,0,0.000
leopard-in-morning-light,"Maasai Mara, October 2025",Wildlife,Kenya,2025,Wild Cats,1,0,0,0.000
leopard-in-morning-light,"Maasai Mara, October 2025",Wildlife,Kenya,2025,Winter,0,0,0,0.000
leopard-in-morning-light,"Maasai Mara, October 2025",Wildlife,Kenya,2025,Woodland,0,0,0,0.000
leopard-in-morning-light,"Maasai Mara, October 2025",Wildlife,Kenya,2025,Young Animals,0,0,0,0.000
lilac-breasted-roller,"Maasai Mara, October 2025",Wildlife,Kenya,2025,Acacias,0,0,0,0.000
lilac-breasted-roller,"Maasai Mara, October 2025",Wildlife,Kenya,2025,Aircraft,0,0,0,0.000
lilac-breasted-roller,"Maasai Mara, October 2025",Wildlife,Kenya,2025,Antelope,0,0,0,0.000
lilac-breasted-roller,"Maasai Mara, October 2025",Wildlife,Kenya,2025,Autumn,0,0,0,0.000
lilac-breasted-roller,"Maasai Mara, October 2025",Wildlife,Kenya,2025,Bees,0,0,0,0.000
lilac-breasted-roller,"Maasai Mara, October 2025",Wildlife,Kenya,2025,Big Five,0,0,0,0.000
lilac-breasted-roller,"Maasai Mara, October 2025",Wildlife,Kenya,2025,Birds,1,0,0,0.000
lilac-breasted-roller,"Maasai Mara, October 2025",Wildlife,Kenya,2025,Birds in Flight,0,0,0,0.000
lilac-breasted-roller,"Maasai Mara, October 2025",Wildlife,Kenya,2025,Birds of Prey,0,0,0,0.000
lilac-breasted-roller,"Maasai Mara, October 2025",Wildlife,Kenya,2025,Boats and Ships,0,0,0,0.000
lilac-breasted-roller,"Maasai Mara, October 2025",Wildlife,Kenya,2025,Coast and Sea,0,0,0,0.000
lilac-breasted-roller,"Maasai Mara, October 2025",Wildlife,Kenya,2025,Drought,0,0,0,0.000
lilac-breasted-roller,"Maasai Mara, October 2025",Wildlife,Kenya,2025,Elephants,0,0,0,0.000
lilac-breasted-roller,"Maasai Mara, October 2025",Wildlife,Kenya,2025,Feeding,0,0,0,0.000
lilac-breasted-roller,"Maasai Mara, October 2025",Wildlife,Kenya,2025,Flowers,0,0,0,0.000
lilac-breasted-roller,"Maasai Mara, October 2025",Wildlife,Kenya,2025,Fungi,0,0,0,0.000
lilac-breasted-roller,"Maasai Mara, October 2025",Wildlife,Kenya,2025,Gulls,0,0,0,0.000
lilac-breasted-roller,"Maasai Mara, October 2025",Wildlife,Kenya,2025,Insects,0,0,0,0.000
lilac-breasted-roller,"Maasai Mara, October 2025",Wildlife,Kenya,2025,Martello Towers,0,0,0,0.000
lilac-breasted-roller,"Maasai Mara, October 2025",Wildlife,Kenya,2025,Mountains,0,0,0,0.000
lilac-breasted-roller,"Maasai Mara, October 2025",Wildlife,Kenya,2025,Reflections,0,0,0,0.000
lilac-breasted-roller,"Maasai Mara, October 2025",Wildlife,Kenya,2025,Seabirds,0,0,0,0.000
lilac-breasted-roller,"Maasai Mara, October 2025",Wildlife,Kenya,2025,Silhouettes,0,0,0,0.000
lilac-breasted-roller,"Maasai Mara, October 2025",Wildlife,Kenya,2025,Skies and Cloud,0,0,0,0.000
lilac-breasted-roller,"Maasai Mara, October 2025",Wildlife,Kenya,2025,Skylines,0,0,0,0.000
lilac-breasted-roller,"Maasai Mara, October 2025",Wildlife,Kenya,2025,Spring,0,0,0,0.000
lilac-breasted-roller,"Maasai Mara, October 2025",Wildlife,Kenya,2025,Sunrise and Sunset,0,0,0,0.000
lilac-breasted-roller,"Maasai Mara, October 2025",Wildlife,Kenya,2025,Trees,0,0,0,0.000
lilac-breasted-roller,"Maasai Mara, October 2025",Wildlife,Kenya,2025,Waterbirds,0,0,0,0.000
lilac-breasted-roller,"Maasai Mara, October 2025",Wildlife,Kenya,2025,Waterfronts and Harbours,0,0,0,0.000
lilac-breasted-roller,"Maasai Mara, October 2025",Wildlife,Kenya,2025,Wild Cats,0,0,0,0.000
lilac-breasted-roller,"Maasai Mara, October 2025",Wildlife,Kenya,2025,Winter,0,0,0,0.000
lilac-breasted-roller,"Maasai Mara, October 2025",Wildlife,Kenya,2025,Woodland,0,0,0,0.000
lilac-breasted-roller,"Maasai Mara, October 2025",Wildlife,Kenya,2025,Young Animals,0,0,0,0.000
lion-at-golden-hour,"Maasai Mara, October 2025",Wildlife,Kenya,2025,Acacias,1,1,1,1.000
lion-at-golden-hour,"Maasai Mara, October 2025",Wildlife,Kenya,2025,Aircraft,0,0,0,0.000
lion-at-golden-hour,"Maasai Mara, October 2025",Wildlife,Kenya,2025,Antelope,0,0,0,0.000
lion-at-golden-hour,"Maasai Mara, October 2025",Wildlife,Kenya,2025,Autumn,0,0,0,0.000
lion-at-golden-hour,"Maasai Mara, October 2025",Wildlife,Kenya,2025,Bees,0,0,0,0.000
lion-at-golden-hour,"Maasai Mara, October 2025",Wildlife,Kenya,2025,Big Five,1,0,0,0.000
lion-at-golden-hour,"Maasai Mara, October 2025",Wildlife,Kenya,2025,Birds,0,0,0,0.000
lion-at-golden-hour,"Maasai Mara, October 2025",Wildlife,Kenya,2025,Birds in Flight,0,0,0,0.000
lion-at-golden-hour,"Maasai Mara, October 2025",Wildlife,Kenya,2025,Birds of Prey,0,0,0,0.000
lion-at-golden-hour,"Maasai Mara, October 2025",Wildlife,Kenya,2025,Boats and Ships,0,0,0,0.000
lion-at-golden-hour,"Maasai Mara, October 2025",Wildlife,Kenya,2025,Coast and Sea,0,0,0,0.000
lion-at-golden-hour,"Maasai Mara, October 2025",Wildlife,Kenya,2025,Drought,0,0,0,0.000
lion-at-golden-hour,"Maasai Mara, October 2025",Wildlife,Kenya,2025,Elephants,0,0,0,0.000
lion-at-golden-hour,"Maasai Mara, October 2025",Wildlife,Kenya,2025,Feeding,0,0,0,0.000
lion-at-golden-hour,"Maasai Mara, October 2025",Wildlife,Kenya,2025,Flowers,0,0,0,0.000
lion-at-golden-hour,"Maasai Mara, October 2025",Wildlife,Kenya,2025,Fungi,0,0,0,0.000
lion-at-golden-hour,"Maasai Mara, October 2025",Wildlife,Kenya,2025,Gulls,0,0,0,0.000
lion-at-golden-hour,"Maasai Mara, October 2025",Wildlife,Kenya,2025,Insects,0,0,0,0.000
lion-at-golden-hour,"Maasai Mara, October 2025",Wildlife,Kenya,2025,Martello Towers,0,0,0,0.000
lion-at-golden-hour,"Maasai Mara, October 2025",Wildlife,Kenya,2025,Mountains,0,0,0,0.000
lion-at-golden-hour,"Maasai Mara, October 2025",Wildlife,Kenya,2025,Reflections,0,0,0,0.000
lion-at-golden-hour,"Maasai Mara, October 2025",Wildlife,Kenya,2025,Seabirds,0,0,0,0.000
lion-at-golden-hour,"Maasai Mara, October 2025",Wildlife,Kenya,2025,Silhouettes,0,0,0,0.000
lion-at-golden-hour,"Maasai Mara, October 2025",Wildlife,Kenya,2025,Skies and Cloud,0,0,0,0.000
lion-at-golden-hour,"Maasai Mara, October 2025",Wildlife,Kenya,2025,Skylines,0,0,0,0.000
lion-at-golden-hour,"Maasai Mara, October 2025",Wildlife,Kenya,2025,Spring,0,0,0,0.000
lion-at-golden-hour,"Maasai Mara, October 2025",Wildlife,Kenya,2025,Sunrise and Sunset,0,0,0,0.000
lion-at-golden-hour,"Maasai Mara, October 2025",Wildlife,Kenya,2025,Trees,0,0,0,0.000
lion-at-golden-hour,"Maasai Mara, October 2025",Wildlife,Kenya,2025,Waterbirds,0,0,0,0.000
lion-at-golden-hour,"Maasai Mara, October 2025",Wildlife,Kenya,2025,Waterfronts and Harbours,0,0,0,0.000
lion-at-golden-hour,"Maasai Mara, October 2025",Wildlife,Kenya,2025,Wild Cats,1,0,0,0.000
lion-at-golden-hour,"Maasai Mara, October 2025",Wildlife,Kenya,2025,Winter,0,0,0,0.000
lion-at-golden-hour,"Maasai Mara, October 2025",Wildlife,Kenya,2025,Woodland,0,0,0,0.000
lion-at-golden-hour,"Maasai Mara, October 2025",Wildlife,Kenya,2025,Young Animals,0,0,0,0.000
lion-portrait-at-dusk,"Enkewa, October 2025",Wildlife,Kenya,2025,Acacias,0,0,0,0.000
lion-portrait-at-dusk,"Enkewa, October 2025",Wildlife,Kenya,2025,Aircraft,0,0,0,0.000
lion-portrait-at-dusk,"Enkewa, October 2025",Wildlife,Kenya,2025,Antelope,0,0,0,0.000
lion-portrait-at-dusk,"Enkewa, October 2025",Wildlife,Kenya,2025,Autumn,0,0,0,0.000
lion-portrait-at-dusk,"Enkewa, October 2025",Wildlife,Kenya,2025,Bees,0,0,0,0.000
lion-portrait-at-dusk,"Enkewa, October 2025",Wildlife,Kenya,2025,Big Five,1,0,0,0.000
lion-portrait-at-dusk,"Enkewa, October 2025",Wildlife,Kenya,2025,Birds,0,0,0,0.000
lion-portrait-at-dusk,"Enkewa, October 2025",Wildlife,Kenya,2025,Birds in Flight,0,0,0,0.000
lion-portrait-at-dusk,"Enkewa, October 2025",Wildlife,Kenya,2025,Birds of Prey,0,0,0,0.000
lion-portrait-at-dusk,"Enkewa, October 2025",Wildlife,Kenya,2025,Boats and Ships,0,0,0,0.000
lion-portrait-at-dusk,"Enkewa, October 2025",Wildlife,Kenya,2025,Coast and Sea,0,0,0,0.000
lion-portrait-at-dusk,"Enkewa, October 2025",Wildlife,Kenya,2025,Drought,0,0,0,0.000
lion-portrait-at-dusk,"Enkewa, October 2025",Wildlife,Kenya,2025,Elephants,0,0,0,0.000
lion-portrait-at-dusk,"Enkewa, October 2025",Wildlife,Kenya,2025,Feeding,0,0,0,0.000
lion-portrait-at-dusk,"Enkewa, October 2025",Wildlife,Kenya,2025,Flowers,0,0,0,0.000
lion-portrait-at-dusk,"Enkewa, October 2025",Wildlife,Kenya,2025,Fungi,0,0,0,0.000
lion-portrait-at-dusk,"Enkewa, October 2025",Wildlife,Kenya,2025,Gulls,0,0,0,0.000
lion-portrait-at-dusk,"Enkewa, October 2025",Wildlife,Kenya,2025,Insects,0,0,0,0.000
lion-portrait-at-dusk,"Enkewa, October 2025",Wildlife,Kenya,2025,Martello Towers,0,0,0,0.000
lion-portrait-at-dusk,"Enkewa, October 2025",Wildlife,Kenya,2025,Mountains,0,0,0,0.000
lion-portrait-at-dusk,"Enkewa, October 2025",Wildlife,Kenya,2025,Reflections,0,0,0,0.000
lion-portrait-at-dusk,"Enkewa, October 2025",Wildlife,Kenya,2025,Seabirds,0,0,0,0.000
lion-portrait-at-dusk,"Enkewa, October 2025",Wildlife,Kenya,2025,Silhouettes,0,0,0,0.000
lion-portrait-at-dusk,"Enkewa, October 2025",Wildlife,Kenya,2025,Skies and Cloud,0,0,0,0.000
lion-portrait-at-dusk,"Enkewa, October 2025",Wildlife,Kenya,2025,Skylines,0,0,0,0.000
lion-portrait-at-dusk,"Enkewa, October 2025",Wildlife,Kenya,2025,Spring,0,0,0,0.000
lion-portrait-at-dusk,"Enkewa, October 2025",Wildlife,Kenya,2025,Sunrise and Sunset,0,0,0,0.000
lion-portrait-at-dusk,"Enkewa, October 2025",Wildlife,Kenya,2025,Trees,0,0,0,0.000
lion-portrait-at-dusk,"Enkewa, October 2025",Wildlife,Kenya,2025,Waterbirds,0,0,0,0.000
lion-portrait-at-dusk,"Enkewa, October 2025",Wildlife,Kenya,2025,Waterfronts and Harbours,0,0,0,0.000
lion-portrait-at-dusk,"Enkewa, October 2025",Wildlife,Kenya,2025,Wild Cats,1,0,0,0.000
lion-portrait-at-dusk,"Enkewa, October 2025",Wildlife,Kenya,2025,Winter,0,0,0,0.000
lion-portrait-at-dusk,"Enkewa, October 2025",Wildlife,Kenya,2025,Woodland,0,0,0,0.000
lion-portrait-at-dusk,"Enkewa, October 2025",Wildlife,Kenya,2025,Young Animals,0,0,0,0.000
lioness-with-cubs,"Maasai Mara, October 2025",Wildlife,Kenya,2025,Acacias,0,0,0,0.000
lioness-with-cubs,"Maasai Mara, October 2025",Wildlife,Kenya,2025,Aircraft,0,0,0,0.000
lioness-with-cubs,"Maasai Mara, October 2025",Wildlife,Kenya,2025,Antelope,0,0,0,0.000
lioness-with-cubs,"Maasai Mara, October 2025",Wildlife,Kenya,2025,Autumn,0,0,0,0.000
lioness-with-cubs,"Maasai Mara, October 2025",Wildlife,Kenya,2025,Bees,0,0,0,0.000
lioness-with-cubs,"Maasai Mara, October 2025",Wildlife,Kenya,2025,Big Five,1,0,0,0.000
lioness-with-cubs,"Maasai Mara, October 2025",Wildlife,Kenya,2025,Birds,0,0,0,0.000
lioness-with-cubs,"Maasai Mara, October 2025",Wildlife,Kenya,2025,Birds in Flight,0,0,0,0.000
lioness-with-cubs,"Maasai Mara, October 2025",Wildlife,Kenya,2025,Birds of Prey,0,0,0,0.000
lioness-with-cubs,"Maasai Mara, October 2025",Wildlife,Kenya,2025,Boats and Ships,0,0,0,0.000
lioness-with-cubs,"Maasai Mara, October 2025",Wildlife,Kenya,2025,Coast and Sea,0,0,0,0.000
lioness-with-cubs,"Maasai Mara, October 2025",Wildlife,Kenya,2025,Drought,0,0,0,0.000
lioness-with-cubs,"Maasai Mara, October 2025",Wildlife,Kenya,2025,Elephants,0,0,0,0.000
lioness-with-cubs,"Maasai Mara, October 2025",Wildlife,Kenya,2025,Feeding,0,0,0,0.000
lioness-with-cubs,"Maasai Mara, October 2025",Wildlife,Kenya,2025,Flowers,0,0,0,0.000
lioness-with-cubs,"Maasai Mara, October 2025",Wildlife,Kenya,2025,Fungi,0,0,0,0.000
lioness-with-cubs,"Maasai Mara, October 2025",Wildlife,Kenya,2025,Gulls,0,0,0,0.000
lioness-with-cubs,"Maasai Mara, October 2025",Wildlife,Kenya,2025,Insects,0,0,0,0.000
lioness-with-cubs,"Maasai Mara, October 2025",Wildlife,Kenya,2025,Martello Towers,0,0,0,0.000
lioness-with-cubs,"Maasai Mara, October 2025",Wildlife,Kenya,2025,Mountains,0,0,0,0.000
lioness-with-cubs,"Maasai Mara, October 2025",Wildlife,Kenya,2025,Reflections,0,0,0,0.000
lioness-with-cubs,"Maasai Mara, October 2025",Wildlife,Kenya,2025,Seabirds,0,0,0,0.000
lioness-with-cubs,"Maasai Mara, October 2025",Wildlife,Kenya,2025,Silhouettes,0,0,0,0.000
lioness-with-cubs,"Maasai Mara, October 2025",Wildlife,Kenya,2025,Skies and Cloud,0,0,0,0.000
lioness-with-cubs,"Maasai Mara, October 2025",Wildlife,Kenya,2025,Skylines,0,0,0,0.000
lioness-with-cubs,"Maasai Mara, October 2025",Wildlife,Kenya,2025,Spring,0,0,0,0.000
lioness-with-cubs,"Maasai Mara, October 2025",Wildlife,Kenya,2025,Sunrise and Sunset,0,0,0,0.000
lioness-with-cubs,"Maasai Mara, October 2025",Wildlife,Kenya,2025,Trees,0,0,0,0.000
lioness-with-cubs,"Maasai Mara, October 2025",Wildlife,Kenya,2025,Waterbirds,0,0,0,0.000
lioness-with-cubs,"Maasai Mara, October 2025",Wildlife,Kenya,2025,Waterfronts and Harbours,0,0,0,0.000
lioness-with-cubs,"Maasai Mara, October 2025",Wildlife,Kenya,2025,Wild Cats,1,0,0,0.000
lioness-with-cubs,"Maasai Mara, October 2025",Wildlife,Kenya,2025,Winter,0,0,0,0.000
lioness-with-cubs,"Maasai Mara, October 2025",Wildlife,Kenya,2025,Woodland,0,0,0,0.000
lioness-with-cubs,"Maasai Mara, October 2025",Wildlife,Kenya,2025,Young Animals,1,0,0,0.000
low-water-in-glenasmole,"Bohernabreena Reservoir, August 2026",Landscape,Ireland,2026,Acacias,0,0,0,0.000
low-water-in-glenasmole,"Bohernabreena Reservoir, August 2026",Landscape,Ireland,2026,Aircraft,0,0,0,0.000
low-water-in-glenasmole,"Bohernabreena Reservoir, August 2026",Landscape,Ireland,2026,Antelope,0,0,0,0.000
low-water-in-glenasmole,"Bohernabreena Reservoir, August 2026",Landscape,Ireland,2026,Autumn,0,0,0,0.000
low-water-in-glenasmole,"Bohernabreena Reservoir, August 2026",Landscape,Ireland,2026,Bees,0,0,0,0.000
low-water-in-glenasmole,"Bohernabreena Reservoir, August 2026",Landscape,Ireland,2026,Big Five,0,0,0,0.000
low-water-in-glenasmole,"Bohernabreena Reservoir, August 2026",Landscape,Ireland,2026,Birds,0,0,0,0.000
low-water-in-glenasmole,"Bohernabreena Reservoir, August 2026",Landscape,Ireland,2026,Birds in Flight,0,0,0,0.000
low-water-in-glenasmole,"Bohernabreena Reservoir, August 2026",Landscape,Ireland,2026,Birds of Prey,0,0,0,0.000
low-water-in-glenasmole,"Bohernabreena Reservoir, August 2026",Landscape,Ireland,2026,Boats and Ships,0,0,0,0.000
low-water-in-glenasmole,"Bohernabreena Reservoir, August 2026",Landscape,Ireland,2026,Coast and Sea,0,0,0,0.000
low-water-in-glenasmole,"Bohernabreena Reservoir, August 2026",Landscape,Ireland,2026,Drought,1,0,0,0.000
low-water-in-glenasmole,"Bohernabreena Reservoir, August 2026",Landscape,Ireland,2026,Elephants,0,0,0,0.000
low-water-in-glenasmole,"Bohernabreena Reservoir, August 2026",Landscape,Ireland,2026,Feeding,0,0,0,0.000
low-water-in-glenasmole,"Bohernabreena Reservoir, August 2026",Landscape,Ireland,2026,Flowers,0,0,0,0.000
low-water-in-glenasmole,"Bohernabreena Reservoir, August 2026",Landscape,Ireland,2026,Fungi,0,0,0,0.000
low-water-in-glenasmole,"Bohernabreena Reservoir, August 2026",Landscape,Ireland,2026,Gulls,0,0,0,0.000
low-water-in-glenasmole,"Bohernabreena Reservoir, August 2026",Landscape,Ireland,2026,Insects,0,0,0,0.000
low-water-in-glenasmole,"Bohernabreena Reservoir, August 2026",Landscape,Ireland,2026,Martello Towers,0,0,0,0.000
low-water-in-glenasmole,"Bohernabreena Reservoir, August 2026",Landscape,Ireland,2026,Mountains,1,1,1,1.000
low-water-in-glenasmole,"Bohernabreena Reservoir, August 2026",Landscape,Ireland,2026,Reflections,0,0,0,0.000
low-water-in-glenasmole,"Bohernabreena Reservoir, August 2026",Landscape,Ireland,2026,Seabirds,0,0,0,0.000
low-water-in-glenasmole,"Bohernabreena Reservoir, August 2026",Landscape,Ireland,2026,Silhouettes,0,0,0,0.000
low-water-in-glenasmole,"Bohernabreena Reservoir, August 2026",Landscape,Ireland,2026,Skies and Cloud,0,0,0,0.000
low-water-in-glenasmole,"Bohernabreena Reservoir, August 2026",Landscape,Ireland,2026,Skylines,0,0,0,0.000
low-water-in-glenasmole,"Bohernabreena Reservoir, August 2026",Landscape,Ireland,2026,Spring,0,0,0,0.000
low-water-in-glenasmole,"Bohernabreena Reservoir, August 2026",Landscape,Ireland,2026,Sunrise and Sunset,0,0,0,0.000
low-water-in-glenasmole,"Bohernabreena Reservoir, August 2026",Landscape,Ireland,2026,Trees,0,0,0,0.000
low-water-in-glenasmole,"Bohernabreena Reservoir, August 2026",Landscape,Ireland,2026,Waterbirds,0,0,0,0.000
low-water-in-glenasmole,"Bohernabreena Reservoir, August 2026",Landscape,Ireland,2026,Waterfronts and Harbours,0,0,0,0.000
low-water-in-glenasmole,"Bohernabreena Reservoir, August 2026",Landscape,Ireland,2026,Wild Cats,0,0,0,0.000
low-water-in-glenasmole,"Bohernabreena Reservoir, August 2026",Landscape,Ireland,2026,Winter,0,0,0,0.000
low-water-in-glenasmole,"Bohernabreena Reservoir, August 2026",Landscape,Ireland,2026,Woodland,0,0,0,0.000
low-water-in-glenasmole,"Bohernabreena Reservoir, August 2026",Landscape,Ireland,2026,Young Animals,0,0,0,0.000
mallard-preening,"Farmleigh, Dublin",Wildlife,Ireland,2026,Acacias,0,0,0,0.000
mallard-preening,"Farmleigh, Dublin",Wildlife,Ireland,2026,Aircraft,0,0,0,0.000
mallard-preening,"Farmleigh, Dublin",Wildlife,Ireland,2026,Antelope,0,0,0,0.000
mallard-preening,"Farmleigh, Dublin",Wildlife,Ireland,2026,Autumn,0,0,0,0.000
mallard-preening,"Farmleigh, Dublin",Wildlife,Ireland,2026,Bees,0,0,0,0.000
mallard-preening,"Farmleigh, Dublin",Wildlife,Ireland,2026,Big Five,0,0,0,0.000
mallard-preening,"Farmleigh, Dublin",Wildlife,Ireland,2026,Birds,1,0,0,0.000
mallard-preening,"Farmleigh, Dublin",Wildlife,Ireland,2026,Birds in Flight,0,0,0,0.000
mallard-preening,"Farmleigh, Dublin",Wildlife,Ireland,2026,Birds of Prey,0,0,0,0.000
mallard-preening,"Farmleigh, Dublin",Wildlife,Ireland,2026,Boats and Ships,0,0,0,0.000
mallard-preening,"Farmleigh, Dublin",Wildlife,Ireland,2026,Coast and Sea,0,0,0,0.000
mallard-preening,"Farmleigh, Dublin",Wildlife,Ireland,2026,Drought,0,0,0,0.000
mallard-preening,"Farmleigh, Dublin",Wildlife,Ireland,2026,Elephants,0,0,0,0.000
mallard-preening,"Farmleigh, Dublin",Wildlife,Ireland,2026,Feeding,0,0,0,0.000
mallard-preening,"Farmleigh, Dublin",Wildlife,Ireland,2026,Flowers,0,0,0,0.000
mallard-preening,"Farmleigh, Dublin",Wildlife,Ireland,2026,Fungi,0,0,0,0.000
mallard-preening,"Farmleigh, Dublin",Wildlife,Ireland,2026,Gulls,0,0,0,0.000
mallard-preening,"Farmleigh, Dublin",Wildlife,Ireland,2026,Insects,0,0,0,0.000
mallard-preening,"Farmleigh, Dublin",Wildlife,Ireland,2026,Martello Towers,0,0,0,0.000
mallard-preening,"Farmleigh, Dublin",Wildlife,Ireland,2026,Mountains,0,0,0,0.000
mallard-preening,"Farmleigh, Dublin",Wildlife,Ireland,2026,Reflections,1,0,0,0.000
mallard-preening,"Farmleigh, Dublin",Wildlife,Ireland,2026,Seabirds,0,0,0,0.000
mallard-preening,"Farmleigh, Dublin",Wildlife,Ireland,2026,Silhouettes,0,0,0,0.000
mallard-preening,"Farmleigh, Dublin",Wildlife,Ireland,2026,Skies and Cloud,0,0,0,0.000
mallard-preening,"Farmleigh, Dublin",Wildlife,Ireland,2026,Skylines,0,0,0,0.000
mallard-preening,"Farmleigh, Dublin",Wildlife,Ireland,2026,Spring,0,0,0,0.000
mallard-preening,"Farmleigh, Dublin",Wildlife,Ireland,2026,Sunrise and Sunset,0,0,0,0.000
mallard-preening,"Farmleigh, Dublin",Wildlife,Ireland,2026,Trees,0,0,0,0.000
mallard-preening,"Farmleigh, Dublin",Wildlife,Ireland,2026,Waterbirds,1,0,0,0.000
mallard-preening,"Farmleigh, Dublin",Wildlife,Ireland,2026,Waterfronts and Harbours,0,0,0,0.000
mallard-preening,"Farmleigh, Dublin",Wildlife,Ireland,2026,Wild Cats,0,0,0,0.000
mallard-preening,"Farmleigh, Dublin",Wildlife,Ireland,2026,Winter,0,0,0,0.000
mallard-preening,"Farmleigh, Dublin",Wildlife,Ireland,2026,Woodland,0,0,0,0.000
mallard-preening,"Farmleigh, Dublin",Wildlife,Ireland,2026,Young Animals,0,0,0,0.000
malmo-canal-front,"Malmö, May 2026",Architecture,Sweden,2026,Acacias,0,0,0,0.000
malmo-canal-front,"Malmö, May 2026",Architecture,Sweden,2026,Aircraft,0,0,0,0.000
malmo-canal-front,"Malmö, May 2026",Architecture,Sweden,2026,Antelope,0,0,0,0.000
malmo-canal-front,"Malmö, May 2026",Architecture,Sweden,2026,Autumn,0,0,0,0.000
malmo-canal-front,"Malmö, May 2026",Architecture,Sweden,2026,Bees,0,0,0,0.000
malmo-canal-front,"Malmö, May 2026",Architecture,Sweden,2026,Big Five,0,0,0,0.000
malmo-canal-front,"Malmö, May 2026",Architecture,Sweden,2026,Birds,0,0,0,0.000
malmo-canal-front,"Malmö, May 2026",Architecture,Sweden,2026,Birds in Flight,0,0,0,0.000
malmo-canal-front,"Malmö, May 2026",Architecture,Sweden,2026,Birds of Prey,0,0,0,0.000
malmo-canal-front,"Malmö, May 2026",Architecture,Sweden,2026,Boats and Ships,0,0,0,0.000
malmo-canal-front,"Malmö, May 2026",Architecture,Sweden,2026,Coast and Sea,0,0,0,0.000
malmo-canal-front,"Malmö, May 2026",Architecture,Sweden,2026,Drought,0,0,0,0.000
malmo-canal-front,"Malmö, May 2026",Architecture,Sweden,2026,Elephants,0,0,0,0.000
malmo-canal-front,"Malmö, May 2026",Architecture,Sweden,2026,Feeding,0,0,0,0.000
malmo-canal-front,"Malmö, May 2026",Architecture,Sweden,2026,Flowers,0,0,0,0.000
malmo-canal-front,"Malmö, May 2026",Architecture,Sweden,2026,Fungi,0,0,0,0.000
malmo-canal-front,"Malmö, May 2026",Architecture,Sweden,2026,Gulls,0,0,0,0.000
malmo-canal-front,"Malmö, May 2026",Architecture,Sweden,2026,Insects,0,0,0,0.000
malmo-canal-front,"Malmö, May 2026",Architecture,Sweden,2026,Martello Towers,0,0,1,0.500
malmo-canal-front,"Malmö, May 2026",Architecture,Sweden,2026,Mountains,0,0,0,0.000
malmo-canal-front,"Malmö, May 2026",Architecture,Sweden,2026,Reflections,0,0,0,0.000
malmo-canal-front,"Malmö, May 2026",Architecture,Sweden,2026,Seabirds,0,0,0,0.000
malmo-canal-front,"Malmö, May 2026",Architecture,Sweden,2026,Silhouettes,0,0,0,0.000
malmo-canal-front,"Malmö, May 2026",Architecture,Sweden,2026,Skies and Cloud,0,0,0,0.000
malmo-canal-front,"Malmö, May 2026",Architecture,Sweden,2026,Skylines,0,0,0,0.000
malmo-canal-front,"Malmö, May 2026",Architecture,Sweden,2026,Spring,0,0,0,0.000
malmo-canal-front,"Malmö, May 2026",Architecture,Sweden,2026,Sunrise and Sunset,0,0,0,0.000
malmo-canal-front,"Malmö, May 2026",Architecture,Sweden,2026,Trees,0,0,0,0.000
malmo-canal-front,"Malmö, May 2026",Architecture,Sweden,2026,Waterbirds,0,0,0,0.000
malmo-canal-front,"Malmö, May 2026",Architecture,Sweden,2026,Waterfronts and Harbours,1,0,0,0.000
malmo-canal-front,"Malmö, May 2026",Architecture,Sweden,2026,Wild Cats,0,0,0,0.000
malmo-canal-front,"Malmö, May 2026",Architecture,Sweden,2026,Winter,0,0,0,0.000
malmo-canal-front,"Malmö, May 2026",Architecture,Sweden,2026,Woodland,0,0,0,0.000
malmo-canal-front,"Malmö, May 2026",Architecture,Sweden,2026,Young Animals,0,0,0,0.000
malmo-quayside,"Malmö, May 2026",Architecture,Sweden,2026,Acacias,0,0,0,0.000
malmo-quayside,"Malmö, May 2026",Architecture,Sweden,2026,Aircraft,0,0,0,0.000
malmo-quayside,"Malmö, May 2026",Architecture,Sweden,2026,Antelope,0,0,0,0.000
malmo-quayside,"Malmö, May 2026",Architecture,Sweden,2026,Autumn,0,0,0,0.000
malmo-quayside,"Malmö, May 2026",Architecture,Sweden,2026,Bees,0,0,0,0.000
malmo-quayside,"Malmö, May 2026",Architecture,Sweden,2026,Big Five,0,0,0,0.000
malmo-quayside,"Malmö, May 2026",Architecture,Sweden,2026,Birds,0,0,0,0.000
malmo-quayside,"Malmö, May 2026",Architecture,Sweden,2026,Birds in Flight,0,0,0,0.000
malmo-quayside,"Malmö, May 2026",Architecture,Sweden,2026,Birds of Prey,0,0,0,0.000
malmo-quayside,"Malmö, May 2026",Architecture,Sweden,2026,Boats and Ships,0,0,0,0.000
malmo-quayside,"Malmö, May 2026",Architecture,Sweden,2026,Coast and Sea,0,0,0,0.000
malmo-quayside,"Malmö, May 2026",Architecture,Sweden,2026,Drought,0,0,0,0.000
malmo-quayside,"Malmö, May 2026",Architecture,Sweden,2026,Elephants,0,0,0,0.000
malmo-quayside,"Malmö, May 2026",Architecture,Sweden,2026,Feeding,0,0,0,0.000
malmo-quayside,"Malmö, May 2026",Architecture,Sweden,2026,Flowers,0,0,0,0.000
malmo-quayside,"Malmö, May 2026",Architecture,Sweden,2026,Fungi,0,0,0,0.000
malmo-quayside,"Malmö, May 2026",Architecture,Sweden,2026,Gulls,0,0,0,0.000
malmo-quayside,"Malmö, May 2026",Architecture,Sweden,2026,Insects,0,0,0,0.000
malmo-quayside,"Malmö, May 2026",Architecture,Sweden,2026,Martello Towers,0,0,0,0.000
malmo-quayside,"Malmö, May 2026",Architecture,Sweden,2026,Mountains,0,0,0,0.000
malmo-quayside,"Malmö, May 2026",Architecture,Sweden,2026,Reflections,0,0,0,0.000
malmo-quayside,"Malmö, May 2026",Architecture,Sweden,2026,Seabirds,0,0,0,0.000
malmo-quayside,"Malmö, May 2026",Architecture,Sweden,2026,Silhouettes,0,0,0,0.000
malmo-quayside,"Malmö, May 2026",Architecture,Sweden,2026,Skies and Cloud,0,0,0,0.000
malmo-quayside,"Malmö, May 2026",Architecture,Sweden,2026,Skylines,0,0,0,0.000
malmo-quayside,"Malmö, May 2026",Architecture,Sweden,2026,Spring,0,0,0,0.000
malmo-quayside,"Malmö, May 2026",Architecture,Sweden,2026,Sunrise and Sunset,0,0,0,0.000
malmo-quayside,"Malmö, May 2026",Architecture,Sweden,2026,Trees,0,0,0,0.000
malmo-quayside,"Malmö, May 2026",Architecture,Sweden,2026,Waterbirds,0,0,0,0.000
malmo-quayside,"Malmö, May 2026",Architecture,Sweden,2026,Waterfronts and Harbours,1,0,0,0.000
malmo-quayside,"Malmö, May 2026",Architecture,Sweden,2026,Wild Cats,0,0,0,0.000
malmo-quayside,"Malmö, May 2026",Architecture,Sweden,2026,Winter,0,0,0,0.000
malmo-quayside,"Malmö, May 2026",Architecture,Sweden,2026,Woodland,0,0,0,0.000
malmo-quayside,"Malmö, May 2026",Architecture,Sweden,2026,Young Animals,0,0,0,0.000
marabou-at-the-carcass,"Maasai Mara, October 2025",Wildlife,Kenya,2025,Acacias,0,0,0,0.000
marabou-at-the-carcass,"Maasai Mara, October 2025",Wildlife,Kenya,2025,Aircraft,0,0,0,0.000
marabou-at-the-carcass,"Maasai Mara, October 2025",Wildlife,Kenya,2025,Antelope,0,0,0,0.000
marabou-at-the-carcass,"Maasai Mara, October 2025",Wildlife,Kenya,2025,Autumn,0,0,0,0.000
marabou-at-the-carcass,"Maasai Mara, October 2025",Wildlife,Kenya,2025,Bees,0,0,0,0.000
marabou-at-the-carcass,"Maasai Mara, October 2025",Wildlife,Kenya,2025,Big Five,0,0,0,0.000
marabou-at-the-carcass,"Maasai Mara, October 2025",Wildlife,Kenya,2025,Birds,1,0,0,0.000
marabou-at-the-carcass,"Maasai Mara, October 2025",Wildlife,Kenya,2025,Birds in Flight,0,0,0,0.000
marabou-at-the-carcass,"Maasai Mara, October 2025",Wildlife,Kenya,2025,Birds of Prey,1,0,0,0.000
marabou-at-the-carcass,"Maasai Mara, October 2025",Wildlife,Kenya,2025,Boats and Ships,0,0,0,0.000
marabou-at-the-carcass,"Maasai Mara, October 2025",Wildlife,Kenya,2025,Coast and Sea,0,0,0,0.000
marabou-at-the-carcass,"Maasai Mara, October 2025",Wildlife,Kenya,2025,Drought,0,0,0,0.000
marabou-at-the-carcass,"Maasai Mara, October 2025",Wildlife,Kenya,2025,Elephants,0,0,0,0.000
marabou-at-the-carcass,"Maasai Mara, October 2025",Wildlife,Kenya,2025,Feeding,1,1,1,1.000
marabou-at-the-carcass,"Maasai Mara, October 2025",Wildlife,Kenya,2025,Flowers,0,0,0,0.000
marabou-at-the-carcass,"Maasai Mara, October 2025",Wildlife,Kenya,2025,Fungi,0,0,0,0.000
marabou-at-the-carcass,"Maasai Mara, October 2025",Wildlife,Kenya,2025,Gulls,0,0,0,0.000
marabou-at-the-carcass,"Maasai Mara, October 2025",Wildlife,Kenya,2025,Insects,0,0,0,0.000
marabou-at-the-carcass,"Maasai Mara, October 2025",Wildlife,Kenya,2025,Martello Towers,0,0,0,0.000
marabou-at-the-carcass,"Maasai Mara, October 2025",Wildlife,Kenya,2025,Mountains,0,0,0,0.000
marabou-at-the-carcass,"Maasai Mara, October 2025",Wildlife,Kenya,2025,Reflections,0,0,0,0.000
marabou-at-the-carcass,"Maasai Mara, October 2025",Wildlife,Kenya,2025,Seabirds,0,0,0,0.000
marabou-at-the-carcass,"Maasai Mara, October 2025",Wildlife,Kenya,2025,Silhouettes,0,0,0,0.000
marabou-at-the-carcass,"Maasai Mara, October 2025",Wildlife,Kenya,2025,Skies and Cloud,0,0,0,0.000
marabou-at-the-carcass,"Maasai Mara, October 2025",Wildlife,Kenya,2025,Skylines,0,0,0,0.000
marabou-at-the-carcass,"Maasai Mara, October 2025",Wildlife,Kenya,2025,Spring,0,0,0,0.000
marabou-at-the-carcass,"Maasai Mara, October 2025",Wildlife,Kenya,2025,Sunrise and Sunset,0,0,0,0.000
marabou-at-the-carcass,"Maasai Mara, October 2025",Wildlife,Kenya,2025,Trees,0,0,0,0.000
marabou-at-the-carcass,"Maasai Mara, October 2025",Wildlife,Kenya,2025,Waterbirds,0,0,0,0.000
marabou-at-the-carcass,"Maasai Mara, October 2025",Wildlife,Kenya,2025,Waterfronts and Harbours,0,0,0,0.000
marabou-at-the-carcass,"Maasai Mara, October 2025",Wildlife,Kenya,2025,Wild Cats,0,0,0,0.000
marabou-at-the-carcass,"Maasai Mara, October 2025",Wildlife,Kenya,2025,Winter,0,0,0,0.000
marabou-at-the-carcass,"Maasai Mara, October 2025",Wildlife,Kenya,2025,Woodland,0,0,0,0.000
marabou-at-the-carcass,"Maasai Mara, October 2025",Wildlife,Kenya,2025,Young Animals,0,0,0,0.000
marabou-stork,"Nairobi National Park, October 2025",Wildlife,Kenya,2025,Acacias,0,0,0,0.000
marabou-stork,"Nairobi National Park, October 2025",Wildlife,Kenya,2025,Aircraft,0,0,0,0.000
marabou-stork,"Nairobi National Park, October 2025",Wildlife,Kenya,2025,Antelope,0,0,0,0.000
marabou-stork,"Nairobi National Park, October 2025",Wildlife,Kenya,2025,Autumn,0,0,0,0.000
marabou-stork,"Nairobi National Park, October 2025",Wildlife,Kenya,2025,Bees,0,0,0,0.000
marabou-stork,"Nairobi National Park, October 2025",Wildlife,Kenya,2025,Big Five,0,0,0,0.000
marabou-stork,"Nairobi National Park, October 2025",Wildlife,Kenya,2025,Birds,1,0,0,0.000
marabou-stork,"Nairobi National Park, October 2025",Wildlife,Kenya,2025,Birds in Flight,0,0,1,0.500
marabou-stork,"Nairobi National Park, October 2025",Wildlife,Kenya,2025,Birds of Prey,0,0,0,0.000
marabou-stork,"Nairobi National Park, October 2025",Wildlife,Kenya,2025,Boats and Ships,0,0,0,0.000
marabou-stork,"Nairobi National Park, October 2025",Wildlife,Kenya,2025,Coast and Sea,0,0,0,0.000
marabou-stork,"Nairobi National Park, October 2025",Wildlife,Kenya,2025,Drought,0,0,0,0.000
marabou-stork,"Nairobi National Park, October 2025",Wildlife,Kenya,2025,Elephants,0,0,0,0.000
marabou-stork,"Nairobi National Park, October 2025",Wildlife,Kenya,2025,Feeding,0,0,0,0.000
marabou-stork,"Nairobi National Park, October 2025",Wildlife,Kenya,2025,Flowers,0,0,0,0.000
marabou-stork,"Nairobi National Park, October 2025",Wildlife,Kenya,2025,Fungi,0,0,0,0.000
marabou-stork,"Nairobi National Park, October 2025",Wildlife,Kenya,2025,Gulls,0,0,0,0.000
marabou-stork,"Nairobi National Park, October 2025",Wildlife,Kenya,2025,Insects,0,0,0,0.000
marabou-stork,"Nairobi National Park, October 2025",Wildlife,Kenya,2025,Martello Towers,0,0,0,0.000
marabou-stork,"Nairobi National Park, October 2025",Wildlife,Kenya,2025,Mountains,0,0,0,0.000
marabou-stork,"Nairobi National Park, October 2025",Wildlife,Kenya,2025,Reflections,0,0,0,0.000
marabou-stork,"Nairobi National Park, October 2025",Wildlife,Kenya,2025,Seabirds,0,0,0,0.000
marabou-stork,"Nairobi National Park, October 2025",Wildlife,Kenya,2025,Silhouettes,0,0,0,0.000
marabou-stork,"Nairobi National Park, October 2025",Wildlife,Kenya,2025,Skies and Cloud,0,0,0,0.000
marabou-stork,"Nairobi National Park, October 2025",Wildlife,Kenya,2025,Skylines,0,0,0,0.000
marabou-stork,"Nairobi National Park, October 2025",Wildlife,Kenya,2025,Spring,0,0,0,0.000
marabou-stork,"Nairobi National Park, October 2025",Wildlife,Kenya,2025,Sunrise and Sunset,0,0,0,0.000
marabou-stork,"Nairobi National Park, October 2025",Wildlife,Kenya,2025,Trees,0,0,0,0.000
marabou-stork,"Nairobi National Park, October 2025",Wildlife,Kenya,2025,Waterbirds,1,0,0,0.000
marabou-stork,"Nairobi National Park, October 2025",Wildlife,Kenya,2025,Waterfronts and Harbours,0,0,0,0.000
marabou-stork,"Nairobi National Park, October 2025",Wildlife,Kenya,2025,Wild Cats,0,0,0,0.000
marabou-stork,"Nairobi National Park, October 2025",Wildlife,Kenya,2025,Winter,0,0,0,0.000
marabou-stork,"Nairobi National Park, October 2025",Wildlife,Kenya,2025,Woodland,0,0,0,0.000
marabou-stork,"Nairobi National Park, October 2025",Wildlife,Kenya,2025,Young Animals,0,0,0,0.000
martello-through-st-begnets,"Dalkey Island, June 2026",Architecture,Ireland,2026,Acacias,0,0,0,0.000
martello-through-st-begnets,"Dalkey Island, June 2026",Architecture,Ireland,2026,Aircraft,0,0,0,0.000
martello-through-st-begnets,"Dalkey Island, June 2026",Architecture,Ireland,2026,Antelope,0,0,0,0.000
martello-through-st-begnets,"Dalkey Island, June 2026",Architecture,Ireland,2026,Autumn,0,0,0,0.000
martello-through-st-begnets,"Dalkey Island, June 2026",Architecture,Ireland,2026,Bees,0,0,0,0.000
martello-through-st-begnets,"Dalkey Island, June 2026",Architecture,Ireland,2026,Big Five,0,0,0,0.000
martello-through-st-begnets,"Dalkey Island, June 2026",Architecture,Ireland,2026,Birds,0,0,0,0.000
martello-through-st-begnets,"Dalkey Island, June 2026",Architecture,Ireland,2026,Birds in Flight,0,0,0,0.000
martello-through-st-begnets,"Dalkey Island, June 2026",Architecture,Ireland,2026,Birds of Prey,0,0,0,0.000
martello-through-st-begnets,"Dalkey Island, June 2026",Architecture,Ireland,2026,Boats and Ships,0,0,0,0.000
martello-through-st-begnets,"Dalkey Island, June 2026",Architecture,Ireland,2026,Coast and Sea,0,0,0,0.000
martello-through-st-begnets,"Dalkey Island, June 2026",Architecture,Ireland,2026,Drought,0,0,0,0.000
martello-through-st-begnets,"Dalkey Island, June 2026",Architecture,Ireland,2026,Elephants,0,0,0,0.000
martello-through-st-begnets,"Dalkey Island, June 2026",Architecture,Ireland,2026,Feeding,0,0,0,0.000
martello-through-st-begnets,"Dalkey Island, June 2026",Architecture,Ireland,2026,Flowers,0,0,0,0.000
martello-through-st-begnets,"Dalkey Island, June 2026",Architecture,Ireland,2026,Fungi,0,0,0,0.000
martello-through-st-begnets,"Dalkey Island, June 2026",Architecture,Ireland,2026,Gulls,0,0,0,0.000
martello-through-st-begnets,"Dalkey Island, June 2026",Architecture,Ireland,2026,Insects,0,0,0,0.000
martello-through-st-begnets,"Dalkey Island, June 2026",Architecture,Ireland,2026,Martello Towers,1,1,1,1.000
martello-through-st-begnets,"Dalkey Island, June 2026",Architecture,Ireland,2026,Mountains,0,0,0,0.000
martello-through-st-begnets,"Dalkey Island, June 2026",Architecture,Ireland,2026,Reflections,0,0,0,0.000
martello-through-st-begnets,"Dalkey Island, June 2026",Architecture,Ireland,2026,Seabirds,0,0,0,0.000
martello-through-st-begnets,"Dalkey Island, June 2026",Architecture,Ireland,2026,Silhouettes,0,0,0,0.000
martello-through-st-begnets,"Dalkey Island, June 2026",Architecture,Ireland,2026,Skies and Cloud,0,0,0,0.000
martello-through-st-begnets,"Dalkey Island, June 2026",Architecture,Ireland,2026,Skylines,0,0,0,0.000
martello-through-st-begnets,"Dalkey Island, June 2026",Architecture,Ireland,2026,Spring,0,0,0,0.000
martello-through-st-begnets,"Dalkey Island, June 2026",Architecture,Ireland,2026,Sunrise and Sunset,0,0,0,0.000
martello-through-st-begnets,"Dalkey Island, June 2026",Architecture,Ireland,2026,Trees,0,0,0,0.000
martello-through-st-begnets,"Dalkey Island, June 2026",Architecture,Ireland,2026,Waterbirds,0,0,0,0.000
martello-through-st-begnets,"Dalkey Island, June 2026",Architecture,Ireland,2026,Waterfronts and Harbours,0,0,0,0.000
martello-through-st-begnets,"Dalkey Island, June 2026",Architecture,Ireland,2026,Wild Cats,0,0,0,0.000
martello-through-st-begnets,"Dalkey Island, June 2026",Architecture,Ireland,2026,Winter,0,0,0,0.000
martello-through-st-begnets,"Dalkey Island, June 2026",Architecture,Ireland,2026,Woodland,0,0,0,0.000
martello-through-st-begnets,"Dalkey Island, June 2026",Architecture,Ireland,2026,Young Animals,0,0,0,0.000
morning-on-the-marsh,"Amboseli, October 2025",Wildlife,Kenya,2025,Acacias,0,0,0,0.000
morning-on-the-marsh,"Amboseli, October 2025",Wildlife,Kenya,2025,Aircraft,0,0,0,0.000
morning-on-the-marsh,"Amboseli, October 2025",Wildlife,Kenya,2025,Antelope,0,0,0,0.000
morning-on-the-marsh,"Amboseli, October 2025",Wildlife,Kenya,2025,Autumn,0,0,0,0.000
morning-on-the-marsh,"Amboseli, October 2025",Wildlife,Kenya,2025,Bees,0,0,0,0.000
morning-on-the-marsh,"Amboseli, October 2025",Wildlife,Kenya,2025,Big Five,0,0,0,0.000
morning-on-the-marsh,"Amboseli, October 2025",Wildlife,Kenya,2025,Birds,1,0,0,0.000
morning-on-the-marsh,"Amboseli, October 2025",Wildlife,Kenya,2025,Birds in Flight,0,0,0,0.000
morning-on-the-marsh,"Amboseli, October 2025",Wildlife,Kenya,2025,Birds of Prey,0,0,0,0.000
morning-on-the-marsh,"Amboseli, October 2025",Wildlife,Kenya,2025,Boats and Ships,0,0,0,0.000
morning-on-the-marsh,"Amboseli, October 2025",Wildlife,Kenya,2025,Coast and Sea,0,0,0,0.000
morning-on-the-marsh,"Amboseli, October 2025",Wildlife,Kenya,2025,Drought,0,0,0,0.000
morning-on-the-marsh,"Amboseli, October 2025",Wildlife,Kenya,2025,Elephants,0,0,0,0.000
morning-on-the-marsh,"Amboseli, October 2025",Wildlife,Kenya,2025,Feeding,0,1,1,1.000
morning-on-the-marsh,"Amboseli, October 2025",Wildlife,Kenya,2025,Flowers,0,0,0,0.000
morning-on-the-marsh,"Amboseli, October 2025",Wildlife,Kenya,2025,Fungi,0,0,0,0.000
morning-on-the-marsh,"Amboseli, October 2025",Wildlife,Kenya,2025,Gulls,0,0,0,0.000
morning-on-the-marsh,"Amboseli, October 2025",Wildlife,Kenya,2025,Insects,0,0,0,0.000
morning-on-the-marsh,"Amboseli, October 2025",Wildlife,Kenya,2025,Martello Towers,0,0,0,0.000
morning-on-the-marsh,"Amboseli, October 2025",Wildlife,Kenya,2025,Mountains,0,0,0,0.000
morning-on-the-marsh,"Amboseli, October 2025",Wildlife,Kenya,2025,Reflections,1,1,1,1.000
morning-on-the-marsh,"Amboseli, October 2025",Wildlife,Kenya,2025,Seabirds,0,0,0,0.000
morning-on-the-marsh,"Amboseli, October 2025",Wildlife,Kenya,2025,Silhouettes,0,0,0,0.000
morning-on-the-marsh,"Amboseli, October 2025",Wildlife,Kenya,2025,Skies and Cloud,0,0,0,0.000
morning-on-the-marsh,"Amboseli, October 2025",Wildlife,Kenya,2025,Skylines,0,0,0,0.000
morning-on-the-marsh,"Amboseli, October 2025",Wildlife,Kenya,2025,Spring,0,0,0,0.000
morning-on-the-marsh,"Amboseli, October 2025",Wildlife,Kenya,2025,Sunrise and Sunset,0,0,0,0.000
morning-on-the-marsh,"Amboseli, October 2025",Wildlife,Kenya,2025,Trees,0,1,1,1.000
morning-on-the-marsh,"Amboseli, October 2025",Wildlife,Kenya,2025,Waterbirds,1,0,0,0.000
morning-on-the-marsh,"Amboseli, October 2025",Wildlife,Kenya,2025,Waterfronts and Harbours,0,0,0,0.000
morning-on-the-marsh,"Amboseli, October 2025",Wildlife,Kenya,2025,Wild Cats,0,0,0,0.000
morning-on-the-marsh,"Amboseli, October 2025",Wildlife,Kenya,2025,Winter,0,0,0,0.000
morning-on-the-marsh,"Amboseli, October 2025",Wildlife,Kenya,2025,Woodland,0,0,0,0.000
morning-on-the-marsh,"Amboseli, October 2025",Wildlife,Kenya,2025,Young Animals,0,0,0,0.000
national-maritime-museum,"London, August 2026",Architecture,England,2026,Acacias,0,0,0,0.000
national-maritime-museum,"London, August 2026",Architecture,England,2026,Aircraft,0,0,0,0.000
national-maritime-museum,"London, August 2026",Architecture,England,2026,Antelope,0,0,0,0.000
national-maritime-museum,"London, August 2026",Architecture,England,2026,Autumn,0,0,0,0.000
national-maritime-museum,"London, August 2026",Architecture,England,2026,Bees,0,0,0,0.000
national-maritime-museum,"London, August 2026",Architecture,England,2026,Big Five,0,0,0,0.000
national-maritime-museum,"London, August 2026",Architecture,England,2026,Birds,0,0,0,0.000
national-maritime-museum,"London, August 2026",Architecture,England,2026,Birds in Flight,0,0,0,0.000
national-maritime-museum,"London, August 2026",Architecture,England,2026,Birds of Prey,0,0,0,0.000
national-maritime-museum,"London, August 2026",Architecture,England,2026,Boats and Ships,0,0,0,0.000
national-maritime-museum,"London, August 2026",Architecture,England,2026,Coast and Sea,0,0,0,0.000
national-maritime-museum,"London, August 2026",Architecture,England,2026,Drought,1,1,1,1.000
national-maritime-museum,"London, August 2026",Architecture,England,2026,Elephants,0,0,0,0.000
national-maritime-museum,"London, August 2026",Architecture,England,2026,Feeding,0,0,0,0.000
national-maritime-museum,"London, August 2026",Architecture,England,2026,Flowers,0,0,0,0.000
national-maritime-museum,"London, August 2026",Architecture,England,2026,Fungi,0,0,0,0.000
national-maritime-museum,"London, August 2026",Architecture,England,2026,Gulls,0,0,0,0.000
national-maritime-museum,"London, August 2026",Architecture,England,2026,Insects,0,0,0,0.000
national-maritime-museum,"London, August 2026",Architecture,England,2026,Martello Towers,0,0,0,0.000
national-maritime-museum,"London, August 2026",Architecture,England,2026,Mountains,0,0,0,0.000
national-maritime-museum,"London, August 2026",Architecture,England,2026,Reflections,0,0,0,0.000
national-maritime-museum,"London, August 2026",Architecture,England,2026,Seabirds,0,0,0,0.000
national-maritime-museum,"London, August 2026",Architecture,England,2026,Silhouettes,0,0,0,0.000
national-maritime-museum,"London, August 2026",Architecture,England,2026,Skies and Cloud,0,0,0,0.000
national-maritime-museum,"London, August 2026",Architecture,England,2026,Skylines,0,0,0,0.000
national-maritime-museum,"London, August 2026",Architecture,England,2026,Spring,0,0,0,0.000
national-maritime-museum,"London, August 2026",Architecture,England,2026,Sunrise and Sunset,0,0,0,0.000
national-maritime-museum,"London, August 2026",Architecture,England,2026,Trees,0,0,0,0.000
national-maritime-museum,"London, August 2026",Architecture,England,2026,Waterbirds,0,0,0,0.000
national-maritime-museum,"London, August 2026",Architecture,England,2026,Waterfronts and Harbours,0,0,0,0.000
national-maritime-museum,"London, August 2026",Architecture,England,2026,Wild Cats,0,0,0,0.000
national-maritime-museum,"London, August 2026",Architecture,England,2026,Winter,0,0,0,0.000
national-maritime-museum,"London, August 2026",Architecture,England,2026,Woodland,0,0,0,0.000
national-maritime-museum,"London, August 2026",Architecture,England,2026,Young Animals,0,0,0,0.000
nine-mustangs-over-bray,"Bray Air Show, August 2026",Creative,Ireland,2026,Acacias,0,0,0,0.000
nine-mustangs-over-bray,"Bray Air Show, August 2026",Creative,Ireland,2026,Aircraft,1,0,0,0.000
nine-mustangs-over-bray,"Bray Air Show, August 2026",Creative,Ireland,2026,Antelope,0,0,0,0.000
nine-mustangs-over-bray,"Bray Air Show, August 2026",Creative,Ireland,2026,Autumn,0,0,0,0.000
nine-mustangs-over-bray,"Bray Air Show, August 2026",Creative,Ireland,2026,Bees,0,0,0,0.000
nine-mustangs-over-bray,"Bray Air Show, August 2026",Creative,Ireland,2026,Big Five,0,0,0,0.000
nine-mustangs-over-bray,"Bray Air Show, August 2026",Creative,Ireland,2026,Birds,0,0,0,0.000
nine-mustangs-over-bray,"Bray Air Show, August 2026",Creative,Ireland,2026,Birds in Flight,0,0,0,0.000
nine-mustangs-over-bray,"Bray Air Show, August 2026",Creative,Ireland,2026,Birds of Prey,0,0,0,0.000
nine-mustangs-over-bray,"Bray Air Show, August 2026",Creative,Ireland,2026,Boats and Ships,0,0,0,0.000
nine-mustangs-over-bray,"Bray Air Show, August 2026",Creative,Ireland,2026,Coast and Sea,0,0,0,0.000
nine-mustangs-over-bray,"Bray Air Show, August 2026",Creative,Ireland,2026,Drought,0,0,0,0.000
nine-mustangs-over-bray,"Bray Air Show, August 2026",Creative,Ireland,2026,Elephants,0,0,0,0.000
nine-mustangs-over-bray,"Bray Air Show, August 2026",Creative,Ireland,2026,Feeding,0,0,0,0.000
nine-mustangs-over-bray,"Bray Air Show, August 2026",Creative,Ireland,2026,Flowers,0,0,0,0.000
nine-mustangs-over-bray,"Bray Air Show, August 2026",Creative,Ireland,2026,Fungi,0,0,0,0.000
nine-mustangs-over-bray,"Bray Air Show, August 2026",Creative,Ireland,2026,Gulls,0,0,0,0.000
nine-mustangs-over-bray,"Bray Air Show, August 2026",Creative,Ireland,2026,Insects,0,0,0,0.000
nine-mustangs-over-bray,"Bray Air Show, August 2026",Creative,Ireland,2026,Martello Towers,0,0,0,0.000
nine-mustangs-over-bray,"Bray Air Show, August 2026",Creative,Ireland,2026,Mountains,0,0,0,0.000
nine-mustangs-over-bray,"Bray Air Show, August 2026",Creative,Ireland,2026,Reflections,0,0,0,0.000
nine-mustangs-over-bray,"Bray Air Show, August 2026",Creative,Ireland,2026,Seabirds,0,0,0,0.000
nine-mustangs-over-bray,"Bray Air Show, August 2026",Creative,Ireland,2026,Silhouettes,0,0,0,0.000
nine-mustangs-over-bray,"Bray Air Show, August 2026",Creative,Ireland,2026,Skies and Cloud,1,0,0,0.000
nine-mustangs-over-bray,"Bray Air Show, August 2026",Creative,Ireland,2026,Skylines,0,0,0,0.000
nine-mustangs-over-bray,"Bray Air Show, August 2026",Creative,Ireland,2026,Spring,0,0,0,0.000
nine-mustangs-over-bray,"Bray Air Show, August 2026",Creative,Ireland,2026,Sunrise and Sunset,0,0,0,0.000
nine-mustangs-over-bray,"Bray Air Show, August 2026",Creative,Ireland,2026,Trees,0,0,0,0.000
nine-mustangs-over-bray,"Bray Air Show, August 2026",Creative,Ireland,2026,Waterbirds,0,0,0,0.000
nine-mustangs-over-bray,"Bray Air Show, August 2026",Creative,Ireland,2026,Waterfronts and Harbours,0,0,0,0.000
nine-mustangs-over-bray,"Bray Air Show, August 2026",Creative,Ireland,2026,Wild Cats,0,0,0,0.000
nine-mustangs-over-bray,"Bray Air Show, August 2026",Creative,Ireland,2026,Winter,0,0,0,0.000
nine-mustangs-over-bray,"Bray Air Show, August 2026",Creative,Ireland,2026,Woodland,0,0,0,0.000
nine-mustangs-over-bray,"Bray Air Show, August 2026",Creative,Ireland,2026,Young Animals,0,0,0,0.000
old-royal-naval-college,"London, August 2026",Architecture,England,2026,Acacias,0,0,0,0.000
old-royal-naval-college,"London, August 2026",Architecture,England,2026,Aircraft,0,0,0,0.000
old-royal-naval-college,"London, August 2026",Architecture,England,2026,Antelope,0,0,0,0.000
old-royal-naval-college,"London, August 2026",Architecture,England,2026,Autumn,0,0,0,0.000
old-royal-naval-college,"London, August 2026",Architecture,England,2026,Bees,0,0,0,0.000
old-royal-naval-college,"London, August 2026",Architecture,England,2026,Big Five,0,0,0,0.000
old-royal-naval-college,"London, August 2026",Architecture,England,2026,Birds,0,0,0,0.000
old-royal-naval-college,"London, August 2026",Architecture,England,2026,Birds in Flight,0,0,0,0.000
old-royal-naval-college,"London, August 2026",Architecture,England,2026,Birds of Prey,0,0,0,0.000
old-royal-naval-college,"London, August 2026",Architecture,England,2026,Boats and Ships,0,0,0,0.000
old-royal-naval-college,"London, August 2026",Architecture,England,2026,Coast and Sea,0,0,0,0.000
old-royal-naval-college,"London, August 2026",Architecture,England,2026,Drought,1,0,0,0.000
old-royal-naval-college,"London, August 2026",Architecture,England,2026,Elephants,0,0,0,0.000
old-royal-naval-college,"London, August 2026",Architecture,England,2026,Feeding,0,0,0,0.000
old-royal-naval-college,"London, August 2026",Architecture,England,2026,Flowers,0,0,0,0.000
old-royal-naval-college,"London, August 2026",Architecture,England,2026,Fungi,0,0,0,0.000
old-royal-naval-college,"London, August 2026",Architecture,England,2026,Gulls,0,0,0,0.000
old-royal-naval-college,"London, August 2026",Architecture,England,2026,Insects,0,0,0,0.000
old-royal-naval-college,"London, August 2026",Architecture,England,2026,Martello Towers,0,0,1,0.500
old-royal-naval-college,"London, August 2026",Architecture,England,2026,Mountains,0,0,0,0.000
old-royal-naval-college,"London, August 2026",Architecture,England,2026,Reflections,0,0,0,0.000
old-royal-naval-college,"London, August 2026",Architecture,England,2026,Seabirds,0,0,0,0.000
old-royal-naval-college,"London, August 2026",Architecture,England,2026,Silhouettes,0,0,0,0.000
old-royal-naval-college,"London, August 2026",Architecture,England,2026,Skies and Cloud,0,0,0,0.000
old-royal-naval-college,"London, August 2026",Architecture,England,2026,Skylines,1,0,0,0.000
old-royal-naval-college,"London, August 2026",Architecture,England,2026,Spring,0,0,0,0.000
old-royal-naval-college,"London, August 2026",Architecture,England,2026,Sunrise and Sunset,0,0,0,0.000
old-royal-naval-college,"London, August 2026",Architecture,England,2026,Trees,0,1,1,1.000
old-royal-naval-college,"London, August 2026",Architecture,England,2026,Waterbirds,0,0,0,0.000
old-royal-naval-college,"London, August 2026",Architecture,England,2026,Waterfronts and Harbours,0,0,0,0.000
old-royal-naval-college,"London, August 2026",Architecture,England,2026,Wild Cats,0,0,0,0.000
old-royal-naval-college,"London, August 2026",Architecture,England,2026,Winter,0,0,0,0.000
old-royal-naval-college,"London, August 2026",Architecture,England,2026,Woodland,0,0,0,0.000
old-royal-naval-college,"London, August 2026",Architecture,England,2026,Young Animals,0,0,0,0.000
one-mustang-eight-times,"Bray Air Show, August 2026",Creative,Ireland,2026,Acacias,0,0,0,0.000
one-mustang-eight-times,"Bray Air Show, August 2026",Creative,Ireland,2026,Aircraft,1,0,0,0.000
one-mustang-eight-times,"Bray Air Show, August 2026",Creative,Ireland,2026,Antelope,0,0,0,0.000
one-mustang-eight-times,"Bray Air Show, August 2026",Creative,Ireland,2026,Autumn,0,0,0,0.000
one-mustang-eight-times,"Bray Air Show, August 2026",Creative,Ireland,2026,Bees,0,0,0,0.000
one-mustang-eight-times,"Bray Air Show, August 2026",Creative,Ireland,2026,Big Five,0,0,0,0.000
one-mustang-eight-times,"Bray Air Show, August 2026",Creative,Ireland,2026,Birds,0,0,0,0.000
one-mustang-eight-times,"Bray Air Show, August 2026",Creative,Ireland,2026,Birds in Flight,0,0,0,0.000
one-mustang-eight-times,"Bray Air Show, August 2026",Creative,Ireland,2026,Birds of Prey,0,0,0,0.000
one-mustang-eight-times,"Bray Air Show, August 2026",Creative,Ireland,2026,Boats and Ships,0,0,0,0.000
one-mustang-eight-times,"Bray Air Show, August 2026",Creative,Ireland,2026,Coast and Sea,0,0,0,0.000
one-mustang-eight-times,"Bray Air Show, August 2026",Creative,Ireland,2026,Drought,0,0,0,0.000
one-mustang-eight-times,"Bray Air Show, August 2026",Creative,Ireland,2026,Elephants,0,0,0,0.000
one-mustang-eight-times,"Bray Air Show, August 2026",Creative,Ireland,2026,Feeding,0,0,0,0.000
one-mustang-eight-times,"Bray Air Show, August 2026",Creative,Ireland,2026,Flowers,0,0,0,0.000
one-mustang-eight-times,"Bray Air Show, August 2026",Creative,Ireland,2026,Fungi,0,0,0,0.000
one-mustang-eight-times,"Bray Air Show, August 2026",Creative,Ireland,2026,Gulls,0,0,0,0.000
one-mustang-eight-times,"Bray Air Show, August 2026",Creative,Ireland,2026,Insects,0,0,0,0.000
one-mustang-eight-times,"Bray Air Show, August 2026",Creative,Ireland,2026,Martello Towers,0,0,0,0.000
one-mustang-eight-times,"Bray Air Show, August 2026",Creative,Ireland,2026,Mountains,0,0,0,0.000
one-mustang-eight-times,"Bray Air Show, August 2026",Creative,Ireland,2026,Reflections,0,0,0,0.000
one-mustang-eight-times,"Bray Air Show, August 2026",Creative,Ireland,2026,Seabirds,0,0,0,0.000
one-mustang-eight-times,"Bray Air Show, August 2026",Creative,Ireland,2026,Silhouettes,0,0,0,0.000
one-mustang-eight-times,"Bray Air Show, August 2026",Creative,Ireland,2026,Skies and Cloud,1,0,1,0.500
one-mustang-eight-times,"Bray Air Show, August 2026",Creative,Ireland,2026,Skylines,0,0,0,0.000
one-mustang-eight-times,"Bray Air Show, August 2026",Creative,Ireland,2026,Spring,0,0,0,0.000
one-mustang-eight-times,"Bray Air Show, August 2026",Creative,Ireland,2026,Sunrise and Sunset,0,0,0,0.000
one-mustang-eight-times,"Bray Air Show, August 2026",Creative,Ireland,2026,Trees,0,0,0,0.000
one-mustang-eight-times,"Bray Air Show, August 2026",Creative,Ireland,2026,Waterbirds,0,0,0,0.000
one-mustang-eight-times,"Bray Air Show, August 2026",Creative,Ireland,2026,Waterfronts and Harbours,0,0,0,0.000
one-mustang-eight-times,"Bray Air Show, August 2026",Creative,Ireland,2026,Wild Cats,0,0,0,0.000
one-mustang-eight-times,"Bray Air Show, August 2026",Creative,Ireland,2026,Winter,0,0,0,0.000
one-mustang-eight-times,"Bray Air Show, August 2026",Creative,Ireland,2026,Woodland,0,0,0,0.000
one-mustang-eight-times,"Bray Air Show, August 2026",Creative,Ireland,2026,Young Animals,0,0,0,0.000
oslo-havnelageret,"Oslo, May 2026",Architecture,Norway,2026,Acacias,0,0,0,0.000
oslo-havnelageret,"Oslo, May 2026",Architecture,Norway,2026,Aircraft,0,0,0,0.000
oslo-havnelageret,"Oslo, May 2026",Architecture,Norway,2026,Antelope,0,0,0,0.000
oslo-havnelageret,"Oslo, May 2026",Architecture,Norway,2026,Autumn,0,0,0,0.000
oslo-havnelageret,"Oslo, May 2026",Architecture,Norway,2026,Bees,0,0,0,0.000
oslo-havnelageret,"Oslo, May 2026",Architecture,Norway,2026,Big Five,0,0,0,0.000
oslo-havnelageret,"Oslo, May 2026",Architecture,Norway,2026,Birds,0,0,0,0.000
oslo-havnelageret,"Oslo, May 2026",Architecture,Norway,2026,Birds in Flight,0,0,0,0.000
oslo-havnelageret,"Oslo, May 2026",Architecture,Norway,2026,Birds of Prey,0,0,0,0.000
oslo-havnelageret,"Oslo, May 2026",Architecture,Norway,2026,Boats and Ships,0,0,0,0.000
oslo-havnelageret,"Oslo, May 2026",Architecture,Norway,2026,Coast and Sea,0,0,0,0.000
oslo-havnelageret,"Oslo, May 2026",Architecture,Norway,2026,Drought,0,0,0,0.000
oslo-havnelageret,"Oslo, May 2026",Architecture,Norway,2026,Elephants,0,0,0,0.000
oslo-havnelageret,"Oslo, May 2026",Architecture,Norway,2026,Feeding,0,0,0,0.000
oslo-havnelageret,"Oslo, May 2026",Architecture,Norway,2026,Flowers,0,0,0,0.000
oslo-havnelageret,"Oslo, May 2026",Architecture,Norway,2026,Fungi,0,0,0,0.000
oslo-havnelageret,"Oslo, May 2026",Architecture,Norway,2026,Gulls,0,0,0,0.000
oslo-havnelageret,"Oslo, May 2026",Architecture,Norway,2026,Insects,0,0,0,0.000
oslo-havnelageret,"Oslo, May 2026",Architecture,Norway,2026,Martello Towers,0,0,0,0.000
oslo-havnelageret,"Oslo, May 2026",Architecture,Norway,2026,Mountains,0,0,0,0.000
oslo-havnelageret,"Oslo, May 2026",Architecture,Norway,2026,Reflections,0,0,0,0.000
oslo-havnelageret,"Oslo, May 2026",Architecture,Norway,2026,Seabirds,0,0,0,0.000
oslo-havnelageret,"Oslo, May 2026",Architecture,Norway,2026,Silhouettes,0,0,0,0.000
oslo-havnelageret,"Oslo, May 2026",Architecture,Norway,2026,Skies and Cloud,1,0,1,0.500
oslo-havnelageret,"Oslo, May 2026",Architecture,Norway,2026,Skylines,0,0,0,0.000
oslo-havnelageret,"Oslo, May 2026",Architecture,Norway,2026,Spring,0,0,0,0.000
oslo-havnelageret,"Oslo, May 2026",Architecture,Norway,2026,Sunrise and Sunset,0,0,0,0.000
oslo-havnelageret,"Oslo, May 2026",Architecture,Norway,2026,Trees,0,0,0,0.000
oslo-havnelageret,"Oslo, May 2026",Architecture,Norway,2026,Waterbirds,0,0,0,0.000
oslo-havnelageret,"Oslo, May 2026",Architecture,Norway,2026,Waterfronts and Harbours,1,0,1,0.500
oslo-havnelageret,"Oslo, May 2026",Architecture,Norway,2026,Wild Cats,0,0,0,0.000
oslo-havnelageret,"Oslo, May 2026",Architecture,Norway,2026,Winter,0,0,0,0.000
oslo-havnelageret,"Oslo, May 2026",Architecture,Norway,2026,Woodland,0,0,0,0.000
oslo-havnelageret,"Oslo, May 2026",Architecture,Norway,2026,Young Animals,0,0,0,0.000
ostrich-in-the-long-grass,"Nairobi National Park, October 2025",Wildlife,Kenya,2025,Acacias,0,0,0,0.000
ostrich-in-the-long-grass,"Nairobi National Park, October 2025",Wildlife,Kenya,2025,Aircraft,0,0,0,0.000
ostrich-in-the-long-grass,"Nairobi National Park, October 2025",Wildlife,Kenya,2025,Antelope,0,0,0,0.000
ostrich-in-the-long-grass,"Nairobi National Park, October 2025",Wildlife,Kenya,2025,Autumn,0,0,0,0.000
ostrich-in-the-long-grass,"Nairobi National Park, October 2025",Wildlife,Kenya,2025,Bees,0,0,0,0.000
ostrich-in-the-long-grass,"Nairobi National Park, October 2025",Wildlife,Kenya,2025,Big Five,0,0,0,0.000
ostrich-in-the-long-grass,"Nairobi National Park, October 2025",Wildlife,Kenya,2025,Birds,1,0,0,0.000
ostrich-in-the-long-grass,"Nairobi National Park, October 2025",Wildlife,Kenya,2025,Birds in Flight,0,0,0,0.000
ostrich-in-the-long-grass,"Nairobi National Park, October 2025",Wildlife,Kenya,2025,Birds of Prey,0,0,0,0.000
ostrich-in-the-long-grass,"Nairobi National Park, October 2025",Wildlife,Kenya,2025,Boats and Ships,0,0,0,0.000
ostrich-in-the-long-grass,"Nairobi National Park, October 2025",Wildlife,Kenya,2025,Coast and Sea,0,0,0,0.000
ostrich-in-the-long-grass,"Nairobi National Park, October 2025",Wildlife,Kenya,2025,Drought,0,0,0,0.000
ostrich-in-the-long-grass,"Nairobi National Park, October 2025",Wildlife,Kenya,2025,Elephants,0,0,0,0.000
ostrich-in-the-long-grass,"Nairobi National Park, October 2025",Wildlife,Kenya,2025,Feeding,0,0,0,0.000
ostrich-in-the-long-grass,"Nairobi National Park, October 2025",Wildlife,Kenya,2025,Flowers,0,0,0,0.000
ostrich-in-the-long-grass,"Nairobi National Park, October 2025",Wildlife,Kenya,2025,Fungi,0,0,0,0.000
ostrich-in-the-long-grass,"Nairobi National Park, October 2025",Wildlife,Kenya,2025,Gulls,0,0,0,0.000
ostrich-in-the-long-grass,"Nairobi National Park, October 2025",Wildlife,Kenya,2025,Insects,0,0,0,0.000
ostrich-in-the-long-grass,"Nairobi National Park, October 2025",Wildlife,Kenya,2025,Martello Towers,0,0,0,0.000
ostrich-in-the-long-grass,"Nairobi National Park, October 2025",Wildlife,Kenya,2025,Mountains,0,0,0,0.000
ostrich-in-the-long-grass,"Nairobi National Park, October 2025",Wildlife,Kenya,2025,Reflections,0,0,0,0.000
ostrich-in-the-long-grass,"Nairobi National Park, October 2025",Wildlife,Kenya,2025,Seabirds,0,0,0,0.000
ostrich-in-the-long-grass,"Nairobi National Park, October 2025",Wildlife,Kenya,2025,Silhouettes,0,0,0,0.000
ostrich-in-the-long-grass,"Nairobi National Park, October 2025",Wildlife,Kenya,2025,Skies and Cloud,0,0,0,0.000
ostrich-in-the-long-grass,"Nairobi National Park, October 2025",Wildlife,Kenya,2025,Skylines,0,0,0,0.000
ostrich-in-the-long-grass,"Nairobi National Park, October 2025",Wildlife,Kenya,2025,Spring,0,0,0,0.000
ostrich-in-the-long-grass,"Nairobi National Park, October 2025",Wildlife,Kenya,2025,Sunrise and Sunset,0,0,0,0.000
ostrich-in-the-long-grass,"Nairobi National Park, October 2025",Wildlife,Kenya,2025,Trees,0,1,1,1.000
ostrich-in-the-long-grass,"Nairobi National Park, October 2025",Wildlife,Kenya,2025,Waterbirds,0,0,0,0.000
ostrich-in-the-long-grass,"Nairobi National Park, October 2025",Wildlife,Kenya,2025,Waterfronts and Harbours,0,0,0,0.000
ostrich-in-the-long-grass,"Nairobi National Park, October 2025",Wildlife,Kenya,2025,Wild Cats,0,0,0,0.000
ostrich-in-the-long-grass,"Nairobi National Park, October 2025",Wildlife,Kenya,2025,Winter,0,0,0,0.000
ostrich-in-the-long-grass,"Nairobi National Park, October 2025",Wildlife,Kenya,2025,Woodland,0,0,0,0.000
ostrich-in-the-long-grass,"Nairobi National Park, October 2025",Wildlife,Kenya,2025,Young Animals,0,0,0,0.000
palm-sunset-puerto-de-la-cruz,"Tenerife, January 2026",Landscape,Spain,2026,Acacias,0,0,0,0.000
palm-sunset-puerto-de-la-cruz,"Tenerife, January 2026",Landscape,Spain,2026,Aircraft,0,0,0,0.000
palm-sunset-puerto-de-la-cruz,"Tenerife, January 2026",Landscape,Spain,2026,Antelope,0,0,0,0.000
palm-sunset-puerto-de-la-cruz,"Tenerife, January 2026",Landscape,Spain,2026,Autumn,0,0,0,0.000
palm-sunset-puerto-de-la-cruz,"Tenerife, January 2026",Landscape,Spain,2026,Bees,0,0,0,0.000
palm-sunset-puerto-de-la-cruz,"Tenerife, January 2026",Landscape,Spain,2026,Big Five,0,0,0,0.000
palm-sunset-puerto-de-la-cruz,"Tenerife, January 2026",Landscape,Spain,2026,Birds,0,0,0,0.000
palm-sunset-puerto-de-la-cruz,"Tenerife, January 2026",Landscape,Spain,2026,Birds in Flight,0,0,0,0.000
palm-sunset-puerto-de-la-cruz,"Tenerife, January 2026",Landscape,Spain,2026,Birds of Prey,0,0,0,0.000
palm-sunset-puerto-de-la-cruz,"Tenerife, January 2026",Landscape,Spain,2026,Boats and Ships,0,0,0,0.000
palm-sunset-puerto-de-la-cruz,"Tenerife, January 2026",Landscape,Spain,2026,Coast and Sea,0,0,0,0.000
palm-sunset-puerto-de-la-cruz,"Tenerife, January 2026",Landscape,Spain,2026,Drought,0,0,0,0.000
palm-sunset-puerto-de-la-cruz,"Tenerife, January 2026",Landscape,Spain,2026,Elephants,0,0,0,0.000
palm-sunset-puerto-de-la-cruz,"Tenerife, January 2026",Landscape,Spain,2026,Feeding,0,0,0,0.000
palm-sunset-puerto-de-la-cruz,"Tenerife, January 2026",Landscape,Spain,2026,Flowers,0,0,0,0.000
palm-sunset-puerto-de-la-cruz,"Tenerife, January 2026",Landscape,Spain,2026,Fungi,0,0,0,0.000
palm-sunset-puerto-de-la-cruz,"Tenerife, January 2026",Landscape,Spain,2026,Gulls,0,0,0,0.000
palm-sunset-puerto-de-la-cruz,"Tenerife, January 2026",Landscape,Spain,2026,Insects,0,0,0,0.000
palm-sunset-puerto-de-la-cruz,"Tenerife, January 2026",Landscape,Spain,2026,Martello Towers,0,0,0,0.000
palm-sunset-puerto-de-la-cruz,"Tenerife, January 2026",Landscape,Spain,2026,Mountains,0,0,0,0.000
palm-sunset-puerto-de-la-cruz,"Tenerife, January 2026",Landscape,Spain,2026,Reflections,0,0,0,0.000
palm-sunset-puerto-de-la-cruz,"Tenerife, January 2026",Landscape,Spain,2026,Seabirds,0,0,0,0.000
palm-sunset-puerto-de-la-cruz,"Tenerife, January 2026",Landscape,Spain,2026,Silhouettes,1,1,1,1.000
palm-sunset-puerto-de-la-cruz,"Tenerife, January 2026",Landscape,Spain,2026,Skies and Cloud,1,0,0,0.000
palm-sunset-puerto-de-la-cruz,"Tenerife, January 2026",Landscape,Spain,2026,Skylines,0,0,0,0.000
palm-sunset-puerto-de-la-cruz,"Tenerife, January 2026",Landscape,Spain,2026,Spring,0,0,0,0.000
palm-sunset-puerto-de-la-cruz,"Tenerife, January 2026",Landscape,Spain,2026,Sunrise and Sunset,1,0,1,0.500
palm-sunset-puerto-de-la-cruz,"Tenerife, January 2026",Landscape,Spain,2026,Trees,1,1,1,1.000
palm-sunset-puerto-de-la-cruz,"Tenerife, January 2026",Landscape,Spain,2026,Waterbirds,0,0,0,0.000
palm-sunset-puerto-de-la-cruz,"Tenerife, January 2026",Landscape,Spain,2026,Waterfronts and Harbours,0,0,0,0.000
palm-sunset-puerto-de-la-cruz,"Tenerife, January 2026",Landscape,Spain,2026,Wild Cats,0,0,0,0.000
palm-sunset-puerto-de-la-cruz,"Tenerife, January 2026",Landscape,Spain,2026,Winter,0,0,0,0.000
palm-sunset-puerto-de-la-cruz,"Tenerife, January 2026",Landscape,Spain,2026,Woodland,0,0,0,0.000
palm-sunset-puerto-de-la-cruz,"Tenerife, January 2026",Landscape,Spain,2026,Young Animals,0,0,0,0.000
parasol,"Massy's Wood, September 2026",Creative,Ireland,2026,Acacias,0,0,0,0.000
parasol,"Massy's Wood, September 2026",Creative,Ireland,2026,Aircraft,0,0,0,0.000
parasol,"Massy's Wood, September 2026",Creative,Ireland,2026,Antelope,0,0,0,0.000
parasol,"Massy's Wood, September 2026",Creative,Ireland,2026,Autumn,0,0,0,0.000
parasol,"Massy's Wood, September 2026",Creative,Ireland,2026,Bees,0,0,0,0.000
parasol,"Massy's Wood, September 2026",Creative,Ireland,2026,Big Five,0,0,0,0.000
parasol,"Massy's Wood, September 2026",Creative,Ireland,2026,Birds,0,0,0,0.000
parasol,"Massy's Wood, September 2026",Creative,Ireland,2026,Birds in Flight,0,0,0,0.000
parasol,"Massy's Wood, September 2026",Creative,Ireland,2026,Birds of Prey,0,0,0,0.000
parasol,"Massy's Wood, September 2026",Creative,Ireland,2026,Boats and Ships,0,0,0,0.000
parasol,"Massy's Wood, September 2026",Creative,Ireland,2026,Coast and Sea,0,0,0,0.000
parasol,"Massy's Wood, September 2026",Creative,Ireland,2026,Drought,0,0,0,0.000
parasol,"Massy's Wood, September 2026",Creative,Ireland,2026,Elephants,0,0,0,0.000
parasol,"Massy's Wood, September 2026",Creative,Ireland,2026,Feeding,0,0,0,0.000
parasol,"Massy's Wood, September 2026",Creative,Ireland,2026,Flowers,0,0,0,0.000
parasol,"Massy's Wood, September 2026",Creative,Ireland,2026,Fungi,1,0,0,0.000
parasol,"Massy's Wood, September 2026",Creative,Ireland,2026,Gulls,0,0,0,0.000
parasol,"Massy's Wood, September 2026",Creative,Ireland,2026,Insects,0,0,0,0.000
parasol,"Massy's Wood, September 2026",Creative,Ireland,2026,Martello Towers,0,0,0,0.000
parasol,"Massy's Wood, September 2026",Creative,Ireland,2026,Mountains,0,0,0,0.000
parasol,"Massy's Wood, September 2026",Creative,Ireland,2026,Reflections,0,0,0,0.000
parasol,"Massy's Wood, September 2026",Creative,Ireland,2026,Seabirds,0,0,0,0.000
parasol,"Massy's Wood, September 2026",Creative,Ireland,2026,Silhouettes,0,0,0,0.000
parasol,"Massy's Wood, September 2026",Creative,Ireland,2026,Skies and Cloud,0,0,0,0.000
parasol,"Massy's Wood, September 2026",Creative,Ireland,2026,Skylines,0,0,0,0.000
parasol,"Massy's Wood, September 2026",Creative,Ireland,2026,Spring,0,0,0,0.000
parasol,"Massy's Wood, September 2026",Creative,Ireland,2026,Sunrise and Sunset,0,0,0,0.000
parasol,"Massy's Wood, September 2026",Creative,Ireland,2026,Trees,0,0,0,0.000
parasol,"Massy's Wood, September 2026",Creative,Ireland,2026,Waterbirds,0,0,0,0.000
parasol,"Massy's Wood, September 2026",Creative,Ireland,2026,Waterfronts and Harbours,0,0,0,0.000
parasol,"Massy's Wood, September 2026",Creative,Ireland,2026,Wild Cats,0,0,0,0.000
parasol,"Massy's Wood, September 2026",Creative,Ireland,2026,Winter,0,0,0,0.000
parasol,"Massy's Wood, September 2026",Creative,Ireland,2026,Woodland,1,0,0,0.000
parasol,"Massy's Wood, September 2026",Creative,Ireland,2026,Young Animals,0,0,0,0.000
passengers,"Amboseli, October 2025",Wildlife,Kenya,2025,Acacias,0,0,0,0.000
passengers,"Amboseli, October 2025",Wildlife,Kenya,2025,Aircraft,0,0,0,0.000
passengers,"Amboseli, October 2025",Wildlife,Kenya,2025,Antelope,0,0,0,0.000
passengers,"Amboseli, October 2025",Wildlife,Kenya,2025,Autumn,0,0,0,0.000
passengers,"Amboseli, October 2025",Wildlife,Kenya,2025,Bees,0,0,0,0.000
passengers,"Amboseli, October 2025",Wildlife,Kenya,2025,Big Five,0,0,0,0.000
passengers,"Amboseli, October 2025",Wildlife,Kenya,2025,Birds,1,0,0,0.000
passengers,"Amboseli, October 2025",Wildlife,Kenya,2025,Birds in Flight,0,0,0,0.000
passengers,"Amboseli, October 2025",Wildlife,Kenya,2025,Birds of Prey,0,0,0,0.000
passengers,"Amboseli, October 2025",Wildlife,Kenya,2025,Boats and Ships,0,0,0,0.000
passengers,"Amboseli, October 2025",Wildlife,Kenya,2025,Coast and Sea,0,0,0,0.000
passengers,"Amboseli, October 2025",Wildlife,Kenya,2025,Drought,0,0,0,0.000
passengers,"Amboseli, October 2025",Wildlife,Kenya,2025,Elephants,0,0,0,0.000
passengers,"Amboseli, October 2025",Wildlife,Kenya,2025,Feeding,0,0,0,0.000
passengers,"Amboseli, October 2025",Wildlife,Kenya,2025,Flowers,0,0,0,0.000
passengers,"Amboseli, October 2025",Wildlife,Kenya,2025,Fungi,0,0,0,0.000
passengers,"Amboseli, October 2025",Wildlife,Kenya,2025,Gulls,0,0,0,0.000
passengers,"Amboseli, October 2025",Wildlife,Kenya,2025,Insects,0,0,0,0.000
passengers,"Amboseli, October 2025",Wildlife,Kenya,2025,Martello Towers,0,0,0,0.000
passengers,"Amboseli, October 2025",Wildlife,Kenya,2025,Mountains,0,0,0,0.000
passengers,"Amboseli, October 2025",Wildlife,Kenya,2025,Reflections,0,0,0,0.000
passengers,"Amboseli, October 2025",Wildlife,Kenya,2025,Seabirds,0,0,0,0.000
passengers,"Amboseli, October 2025",Wildlife,Kenya,2025,Silhouettes,0,0,0,0.000
passengers,"Amboseli, October 2025",Wildlife,Kenya,2025,Skies and Cloud,0,0,0,0.000
passengers,"Amboseli, October 2025",Wildlife,Kenya,2025,Skylines,0,0,0,0.000
passengers,"Amboseli, October 2025",Wildlife,Kenya,2025,Spring,0,0,0,0.000
passengers,"Amboseli, October 2025",Wildlife,Kenya,2025,Sunrise and Sunset,0,0,0,0.000
passengers,"Amboseli, October 2025",Wildlife,Kenya,2025,Trees,0,0,0,0.000
passengers,"Amboseli, October 2025",Wildlife,Kenya,2025,Waterbirds,1,0,0,0.000
passengers,"Amboseli, October 2025",Wildlife,Kenya,2025,Waterfronts and Harbours,0,0,0,0.000
passengers,"Amboseli, October 2025",Wildlife,Kenya,2025,Wild Cats,0,0,0,0.000
passengers,"Amboseli, October 2025",Wildlife,Kenya,2025,Winter,0,0,0,0.000
passengers,"Amboseli, October 2025",Wildlife,Kenya,2025,Woodland,0,0,0,0.000
passengers,"Amboseli, October 2025",Wildlife,Kenya,2025,Young Animals,0,0,0,0.000
pigeon-at-the-cafe-table,"Malmö, May 2026",Urban Wildlife,Sweden,2026,Acacias,0,0,0,0.000
pigeon-at-the-cafe-table,"Malmö, May 2026",Urban Wildlife,Sweden,2026,Aircraft,0,0,0,0.000
pigeon-at-the-cafe-table,"Malmö, May 2026",Urban Wildlife,Sweden,2026,Antelope,0,0,0,0.000
pigeon-at-the-cafe-table,"Malmö, May 2026",Urban Wildlife,Sweden,2026,Autumn,0,0,0,0.000
pigeon-at-the-cafe-table,"Malmö, May 2026",Urban Wildlife,Sweden,2026,Bees,0,0,0,0.000
pigeon-at-the-cafe-table,"Malmö, May 2026",Urban Wildlife,Sweden,2026,Big Five,0,0,0,0.000
pigeon-at-the-cafe-table,"Malmö, May 2026",Urban Wildlife,Sweden,2026,Birds,1,0,0,0.000
pigeon-at-the-cafe-table,"Malmö, May 2026",Urban Wildlife,Sweden,2026,Birds in Flight,0,0,0,0.000
pigeon-at-the-cafe-table,"Malmö, May 2026",Urban Wildlife,Sweden,2026,Birds of Prey,0,0,0,0.000
pigeon-at-the-cafe-table,"Malmö, May 2026",Urban Wildlife,Sweden,2026,Boats and Ships,0,0,0,0.000
pigeon-at-the-cafe-table,"Malmö, May 2026",Urban Wildlife,Sweden,2026,Coast and Sea,0,0,0,0.000
pigeon-at-the-cafe-table,"Malmö, May 2026",Urban Wildlife,Sweden,2026,Drought,0,0,0,0.000
pigeon-at-the-cafe-table,"Malmö, May 2026",Urban Wildlife,Sweden,2026,Elephants,0,0,0,0.000
pigeon-at-the-cafe-table,"Malmö, May 2026",Urban Wildlife,Sweden,2026,Feeding,0,0,0,0.000
pigeon-at-the-cafe-table,"Malmö, May 2026",Urban Wildlife,Sweden,2026,Flowers,0,0,0,0.000
pigeon-at-the-cafe-table,"Malmö, May 2026",Urban Wildlife,Sweden,2026,Fungi,0,0,0,0.000
pigeon-at-the-cafe-table,"Malmö, May 2026",Urban Wildlife,Sweden,2026,Gulls,0,0,0,0.000
pigeon-at-the-cafe-table,"Malmö, May 2026",Urban Wildlife,Sweden,2026,Insects,0,0,0,0.000
pigeon-at-the-cafe-table,"Malmö, May 2026",Urban Wildlife,Sweden,2026,Martello Towers,0,0,0,0.000
pigeon-at-the-cafe-table,"Malmö, May 2026",Urban Wildlife,Sweden,2026,Mountains,0,0,0,0.000
pigeon-at-the-cafe-table,"Malmö, May 2026",Urban Wildlife,Sweden,2026,Reflections,0,0,0,0.000
pigeon-at-the-cafe-table,"Malmö, May 2026",Urban Wildlife,Sweden,2026,Seabirds,0,0,0,0.000
pigeon-at-the-cafe-table,"Malmö, May 2026",Urban Wildlife,Sweden,2026,Silhouettes,0,0,0,0.000
pigeon-at-the-cafe-table,"Malmö, May 2026",Urban Wildlife,Sweden,2026,Skies and Cloud,0,0,0,0.000
pigeon-at-the-cafe-table,"Malmö, May 2026",Urban Wildlife,Sweden,2026,Skylines,0,0,0,0.000
pigeon-at-the-cafe-table,"Malmö, May 2026",Urban Wildlife,Sweden,2026,Spring,0,0,0,0.000
pigeon-at-the-cafe-table,"Malmö, May 2026",Urban Wildlife,Sweden,2026,Sunrise and Sunset,0,0,0,0.000
pigeon-at-the-cafe-table,"Malmö, May 2026",Urban Wildlife,Sweden,2026,Trees,0,1,1,1.000
pigeon-at-the-cafe-table,"Malmö, May 2026",Urban Wildlife,Sweden,2026,Waterbirds,0,0,0,0.000
pigeon-at-the-cafe-table,"Malmö, May 2026",Urban Wildlife,Sweden,2026,Waterfronts and Harbours,0,0,0,0.000
pigeon-at-the-cafe-table,"Malmö, May 2026",Urban Wildlife,Sweden,2026,Wild Cats,0,0,0,0.000
pigeon-at-the-cafe-table,"Malmö, May 2026",Urban Wildlife,Sweden,2026,Winter,0,0,0,0.000
pigeon-at-the-cafe-table,"Malmö, May 2026",Urban Wildlife,Sweden,2026,Woodland,0,0,0,0.000
pigeon-at-the-cafe-table,"Malmö, May 2026",Urban Wildlife,Sweden,2026,Young Animals,0,0,0,0.000
pigeon-on-the-cafe-tray,"Malmö, May 2026",Urban Wildlife,Sweden,2026,Acacias,0,0,0,0.000
pigeon-on-the-cafe-tray,"Malmö, May 2026",Urban Wildlife,Sweden,2026,Aircraft,0,0,0,0.000
pigeon-on-the-cafe-tray,"Malmö, May 2026",Urban Wildlife,Sweden,2026,Antelope,0,0,0,0.000
pigeon-on-the-cafe-tray,"Malmö, May 2026",Urban Wildlife,Sweden,2026,Autumn,0,0,0,0.000
pigeon-on-the-cafe-tray,"Malmö, May 2026",Urban Wildlife,Sweden,2026,Bees,0,0,0,0.000
pigeon-on-the-cafe-tray,"Malmö, May 2026",Urban Wildlife,Sweden,2026,Big Five,0,0,0,0.000
pigeon-on-the-cafe-tray,"Malmö, May 2026",Urban Wildlife,Sweden,2026,Birds,1,0,0,0.000
pigeon-on-the-cafe-tray,"Malmö, May 2026",Urban Wildlife,Sweden,2026,Birds in Flight,0,0,0,0.000
pigeon-on-the-cafe-tray,"Malmö, May 2026",Urban Wildlife,Sweden,2026,Birds of Prey,0,0,0,0.000
pigeon-on-the-cafe-tray,"Malmö, May 2026",Urban Wildlife,Sweden,2026,Boats and Ships,0,0,0,0.000
pigeon-on-the-cafe-tray,"Malmö, May 2026",Urban Wildlife,Sweden,2026,Coast and Sea,0,0,0,0.000
pigeon-on-the-cafe-tray,"Malmö, May 2026",Urban Wildlife,Sweden,2026,Drought,0,0,0,0.000
pigeon-on-the-cafe-tray,"Malmö, May 2026",Urban Wildlife,Sweden,2026,Elephants,0,0,0,0.000
pigeon-on-the-cafe-tray,"Malmö, May 2026",Urban Wildlife,Sweden,2026,Feeding,0,0,0,0.000
pigeon-on-the-cafe-tray,"Malmö, May 2026",Urban Wildlife,Sweden,2026,Flowers,0,0,0,0.000
pigeon-on-the-cafe-tray,"Malmö, May 2026",Urban Wildlife,Sweden,2026,Fungi,0,0,0,0.000
pigeon-on-the-cafe-tray,"Malmö, May 2026",Urban Wildlife,Sweden,2026,Gulls,0,0,0,0.000
pigeon-on-the-cafe-tray,"Malmö, May 2026",Urban Wildlife,Sweden,2026,Insects,0,0,0,0.000
pigeon-on-the-cafe-tray,"Malmö, May 2026",Urban Wildlife,Sweden,2026,Martello Towers,0,0,0,0.000
pigeon-on-the-cafe-tray,"Malmö, May 2026",Urban Wildlife,Sweden,2026,Mountains,0,0,0,0.000
pigeon-on-the-cafe-tray,"Malmö, May 2026",Urban Wildlife,Sweden,2026,Reflections,0,0,0,0.000
pigeon-on-the-cafe-tray,"Malmö, May 2026",Urban Wildlife,Sweden,2026,Seabirds,0,0,0,0.000
pigeon-on-the-cafe-tray,"Malmö, May 2026",Urban Wildlife,Sweden,2026,Silhouettes,0,0,0,0.000
pigeon-on-the-cafe-tray,"Malmö, May 2026",Urban Wildlife,Sweden,2026,Skies and Cloud,0,0,0,0.000
pigeon-on-the-cafe-tray,"Malmö, May 2026",Urban Wildlife,Sweden,2026,Skylines,0,0,0,0.000
pigeon-on-the-cafe-tray,"Malmö, May 2026",Urban Wildlife,Sweden,2026,Spring,0,0,0,0.000
pigeon-on-the-cafe-tray,"Malmö, May 2026",Urban Wildlife,Sweden,2026,Sunrise and Sunset,0,0,0,0.000
pigeon-on-the-cafe-tray,"Malmö, May 2026",Urban Wildlife,Sweden,2026,Trees,0,0,0,0.000
pigeon-on-the-cafe-tray,"Malmö, May 2026",Urban Wildlife,Sweden,2026,Waterbirds,0,0,0,0.000
pigeon-on-the-cafe-tray,"Malmö, May 2026",Urban Wildlife,Sweden,2026,Waterfronts and Harbours,0,0,0,0.000
pigeon-on-the-cafe-tray,"Malmö, May 2026",Urban Wildlife,Sweden,2026,Wild Cats,0,0,0,0.000
pigeon-on-the-cafe-tray,"Malmö, May 2026",Urban Wildlife,Sweden,2026,Winter,0,0,0,0.000
pigeon-on-the-cafe-tray,"Malmö, May 2026",Urban Wildlife,Sweden,2026,Woodland,0,0,0,0.000
pigeon-on-the-cafe-tray,"Malmö, May 2026",Urban Wildlife,Sweden,2026,Young Animals,0,0,0,0.000
poolbeg-watchers-at-sunrise,"Great South Wall, March 2026",Documentary,Ireland,2026,Acacias,0,0,0,0.000
poolbeg-watchers-at-sunrise,"Great South Wall, March 2026",Documentary,Ireland,2026,Aircraft,0,0,0,0.000
poolbeg-watchers-at-sunrise,"Great South Wall, March 2026",Documentary,Ireland,2026,Antelope,0,0,0,0.000
poolbeg-watchers-at-sunrise,"Great South Wall, March 2026",Documentary,Ireland,2026,Autumn,0,0,0,0.000
poolbeg-watchers-at-sunrise,"Great South Wall, March 2026",Documentary,Ireland,2026,Bees,0,0,0,0.000
poolbeg-watchers-at-sunrise,"Great South Wall, March 2026",Documentary,Ireland,2026,Big Five,0,0,0,0.000
poolbeg-watchers-at-sunrise,"Great South Wall, March 2026",Documentary,Ireland,2026,Birds,0,0,0,0.000
poolbeg-watchers-at-sunrise,"Great South Wall, March 2026",Documentary,Ireland,2026,Birds in Flight,0,0,0,0.000
poolbeg-watchers-at-sunrise,"Great South Wall, March 2026",Documentary,Ireland,2026,Birds of Prey,0,0,0,0.000
poolbeg-watchers-at-sunrise,"Great South Wall, March 2026",Documentary,Ireland,2026,Boats and Ships,0,0,0,0.000
poolbeg-watchers-at-sunrise,"Great South Wall, March 2026",Documentary,Ireland,2026,Coast and Sea,1,0,0,0.000
poolbeg-watchers-at-sunrise,"Great South Wall, March 2026",Documentary,Ireland,2026,Drought,0,0,0,0.000
poolbeg-watchers-at-sunrise,"Great South Wall, March 2026",Documentary,Ireland,2026,Elephants,0,0,0,0.000
poolbeg-watchers-at-sunrise,"Great South Wall, March 2026",Documentary,Ireland,2026,Feeding,0,0,0,0.000
poolbeg-watchers-at-sunrise,"Great South Wall, March 2026",Documentary,Ireland,2026,Flowers,0,0,0,0.000
poolbeg-watchers-at-sunrise,"Great South Wall, March 2026",Documentary,Ireland,2026,Fungi,0,0,0,0.000
poolbeg-watchers-at-sunrise,"Great South Wall, March 2026",Documentary,Ireland,2026,Gulls,0,0,0,0.000
poolbeg-watchers-at-sunrise,"Great South Wall, March 2026",Documentary,Ireland,2026,Insects,0,0,0,0.000
poolbeg-watchers-at-sunrise,"Great South Wall, March 2026",Documentary,Ireland,2026,Martello Towers,0,0,0,0.000
poolbeg-watchers-at-sunrise,"Great South Wall, March 2026",Documentary,Ireland,2026,Mountains,0,0,0,0.000
poolbeg-watchers-at-sunrise,"Great South Wall, March 2026",Documentary,Ireland,2026,Reflections,0,0,0,0.000
poolbeg-watchers-at-sunrise,"Great South Wall, March 2026",Documentary,Ireland,2026,Seabirds,0,0,0,0.000
poolbeg-watchers-at-sunrise,"Great South Wall, March 2026",Documentary,Ireland,2026,Silhouettes,1,1,1,1.000
poolbeg-watchers-at-sunrise,"Great South Wall, March 2026",Documentary,Ireland,2026,Skies and Cloud,1,0,0,0.000
poolbeg-watchers-at-sunrise,"Great South Wall, March 2026",Documentary,Ireland,2026,Skylines,0,0,0,0.000
poolbeg-watchers-at-sunrise,"Great South Wall, March 2026",Documentary,Ireland,2026,Spring,0,0,0,0.000
poolbeg-watchers-at-sunrise,"Great South Wall, March 2026",Documentary,Ireland,2026,Sunrise and Sunset,1,0,1,0.500
poolbeg-watchers-at-sunrise,"Great South Wall, March 2026",Documentary,Ireland,2026,Trees,0,0,0,0.000
poolbeg-watchers-at-sunrise,"Great South Wall, March 2026",Documentary,Ireland,2026,Waterbirds,0,0,0,0.000
poolbeg-watchers-at-sunrise,"Great South Wall, March 2026",Documentary,Ireland,2026,Waterfronts and Harbours,0,0,0,0.000
poolbeg-watchers-at-sunrise,"Great South Wall, March 2026",Documentary,Ireland,2026,Wild Cats,0,0,0,0.000
poolbeg-watchers-at-sunrise,"Great South Wall, March 2026",Documentary,Ireland,2026,Winter,0,0,0,0.000
poolbeg-watchers-at-sunrise,"Great South Wall, March 2026",Documentary,Ireland,2026,Woodland,0,0,0,0.000
poolbeg-watchers-at-sunrise,"Great South Wall, March 2026",Documentary,Ireland,2026,Young Animals,0,0,0,0.000
puffball-with-a-fly,"Massy's Wood, October 2024",Nature,Ireland,2024,Acacias,0,0,0,0.000
puffball-with-a-fly,"Massy's Wood, October 2024",Nature,Ireland,2024,Aircraft,0,0,0,0.000
puffball-with-a-fly,"Massy's Wood, October 2024",Nature,Ireland,2024,Antelope,0,0,0,0.000
puffball-with-a-fly,"Massy's Wood, October 2024",Nature,Ireland,2024,Autumn,1,0,0,0.000
puffball-with-a-fly,"Massy's Wood, October 2024",Nature,Ireland,2024,Bees,0,1,1,1.000
puffball-with-a-fly,"Massy's Wood, October 2024",Nature,Ireland,2024,Big Five,0,0,0,0.000
puffball-with-a-fly,"Massy's Wood, October 2024",Nature,Ireland,2024,Birds,0,0,0,0.000
puffball-with-a-fly,"Massy's Wood, October 2024",Nature,Ireland,2024,Birds in Flight,0,0,0,0.000
puffball-with-a-fly,"Massy's Wood, October 2024",Nature,Ireland,2024,Birds of Prey,0,0,0,0.000
puffball-with-a-fly,"Massy's Wood, October 2024",Nature,Ireland,2024,Boats and Ships,0,0,0,0.000
puffball-with-a-fly,"Massy's Wood, October 2024",Nature,Ireland,2024,Coast and Sea,0,0,0,0.000
puffball-with-a-fly,"Massy's Wood, October 2024",Nature,Ireland,2024,Drought,0,0,0,0.000
puffball-with-a-fly,"Massy's Wood, October 2024",Nature,Ireland,2024,Elephants,0,0,0,0.000
puffball-with-a-fly,"Massy's Wood, October 2024",Nature,Ireland,2024,Feeding,0,0,0,0.000
puffball-with-a-fly,"Massy's Wood, October 2024",Nature,Ireland,2024,Flowers,0,0,0,0.000
puffball-with-a-fly,"Massy's Wood, October 2024",Nature,Ireland,2024,Fungi,1,0,0,0.000
puffball-with-a-fly,"Massy's Wood, October 2024",Nature,Ireland,2024,Gulls,0,0,0,0.000
puffball-with-a-fly,"Massy's Wood, October 2024",Nature,Ireland,2024,Insects,1,0,0,0.000
puffball-with-a-fly,"Massy's Wood, October 2024",Nature,Ireland,2024,Martello Towers,0,0,0,0.000
puffball-with-a-fly,"Massy's Wood, October 2024",Nature,Ireland,2024,Mountains,0,0,0,0.000
puffball-with-a-fly,"Massy's Wood, October 2024",Nature,Ireland,2024,Reflections,0,0,0,0.000
puffball-with-a-fly,"Massy's Wood, October 2024",Nature,Ireland,2024,Seabirds,0,0,0,0.000
puffball-with-a-fly,"Massy's Wood, October 2024",Nature,Ireland,2024,Silhouettes,0,0,0,0.000
puffball-with-a-fly,"Massy's Wood, October 2024",Nature,Ireland,2024,Skies and Cloud,0,0,0,0.000
puffball-with-a-fly,"Massy's Wood, October 2024",Nature,Ireland,2024,Skylines,0,0,0,0.000
puffball-with-a-fly,"Massy's Wood, October 2024",Nature,Ireland,2024,Spring,0,0,0,0.000
puffball-with-a-fly,"Massy's Wood, October 2024",Nature,Ireland,2024,Sunrise and Sunset,0,0,0,0.000
puffball-with-a-fly,"Massy's Wood, October 2024",Nature,Ireland,2024,Trees,0,0,0,0.000
puffball-with-a-fly,"Massy's Wood, October 2024",Nature,Ireland,2024,Waterbirds,0,0,0,0.000
puffball-with-a-fly,"Massy's Wood, October 2024",Nature,Ireland,2024,Waterfronts and Harbours,0,0,0,0.000
puffball-with-a-fly,"Massy's Wood, October 2024",Nature,Ireland,2024,Wild Cats,0,0,0,0.000
puffball-with-a-fly,"Massy's Wood, October 2024",Nature,Ireland,2024,Winter,0,0,0,0.000
puffball-with-a-fly,"Massy's Wood, October 2024",Nature,Ireland,2024,Woodland,1,1,1,1.000
puffball-with-a-fly,"Massy's Wood, October 2024",Nature,Ireland,2024,Young Animals,0,0,0,0.000
purple-rhododendron,"Marlay Park, April 2026",Nature,Ireland,2026,Acacias,0,0,0,0.000
purple-rhododendron,"Marlay Park, April 2026",Nature,Ireland,2026,Aircraft,0,0,0,0.000
purple-rhododendron,"Marlay Park, April 2026",Nature,Ireland,2026,Antelope,0,0,0,0.000
purple-rhododendron,"Marlay Park, April 2026",Nature,Ireland,2026,Autumn,0,0,0,0.000
purple-rhododendron,"Marlay Park, April 2026",Nature,Ireland,2026,Bees,0,0,0,0.000
purple-rhododendron,"Marlay Park, April 2026",Nature,Ireland,2026,Big Five,0,0,0,0.000
purple-rhododendron,"Marlay Park, April 2026",Nature,Ireland,2026,Birds,0,0,0,0.000
purple-rhododendron,"Marlay Park, April 2026",Nature,Ireland,2026,Birds in Flight,0,0,0,0.000
purple-rhododendron,"Marlay Park, April 2026",Nature,Ireland,2026,Birds of Prey,0,0,0,0.000
purple-rhododendron,"Marlay Park, April 2026",Nature,Ireland,2026,Boats and Ships,0,0,0,0.000
purple-rhododendron,"Marlay Park, April 2026",Nature,Ireland,2026,Coast and Sea,0,0,0,0.000
purple-rhododendron,"Marlay Park, April 2026",Nature,Ireland,2026,Drought,0,0,0,0.000
purple-rhododendron,"Marlay Park, April 2026",Nature,Ireland,2026,Elephants,0,0,0,0.000
purple-rhododendron,"Marlay Park, April 2026",Nature,Ireland,2026,Feeding,0,0,0,0.000
purple-rhododendron,"Marlay Park, April 2026",Nature,Ireland,2026,Flowers,1,1,1,1.000
purple-rhododendron,"Marlay Park, April 2026",Nature,Ireland,2026,Fungi,0,0,0,0.000
purple-rhododendron,"Marlay Park, April 2026",Nature,Ireland,2026,Gulls,0,0,0,0.000
purple-rhododendron,"Marlay Park, April 2026",Nature,Ireland,2026,Insects,0,0,0,0.000
purple-rhododendron,"Marlay Park, April 2026",Nature,Ireland,2026,Martello Towers,0,0,0,0.000
purple-rhododendron,"Marlay Park, April 2026",Nature,Ireland,2026,Mountains,0,0,0,0.000
purple-rhododendron,"Marlay Park, April 2026",Nature,Ireland,2026,Reflections,0,0,0,0.000
purple-rhododendron,"Marlay Park, April 2026",Nature,Ireland,2026,Seabirds,0,0,0,0.000
purple-rhododendron,"Marlay Park, April 2026",Nature,Ireland,2026,Silhouettes,0,0,0,0.000
purple-rhododendron,"Marlay Park, April 2026",Nature,Ireland,2026,Skies and Cloud,0,0,0,0.000
purple-rhododendron,"Marlay Park, April 2026",Nature,Ireland,2026,Skylines,0,0,0,0.000
purple-rhododendron,"Marlay Park, April 2026",Nature,Ireland,2026,Spring,1,0,0,0.000
purple-rhododendron,"Marlay Park, April 2026",Nature,Ireland,2026,Sunrise and Sunset,0,0,0,0.000
purple-rhododendron,"Marlay Park, April 2026",Nature,Ireland,2026,Trees,0,0,0,0.000
purple-rhododendron,"Marlay Park, April 2026",Nature,Ireland,2026,Waterbirds,0,0,0,0.000
purple-rhododendron,"Marlay Park, April 2026",Nature,Ireland,2026,Waterfronts and Harbours,0,0,0,0.000
purple-rhododendron,"Marlay Park, April 2026",Nature,Ireland,2026,Wild Cats,0,0,0,0.000
purple-rhododendron,"Marlay Park, April 2026",Nature,Ireland,2026,Winter,0,0,0,0.000
purple-rhododendron,"Marlay Park, April 2026",Nature,Ireland,2026,Woodland,0,0,0,0.000
purple-rhododendron,"Marlay Park, April 2026",Nature,Ireland,2026,Young Animals,0,0,0,0.000
rhododendron-arch,"Marlay Park, April 2026",Nature,Ireland,2026,Acacias,0,0,0,0.000
rhododendron-arch,"Marlay Park, April 2026",Nature,Ireland,2026,Aircraft,0,0,0,0.000
rhododendron-arch,"Marlay Park, April 2026",Nature,Ireland,2026,Antelope,0,0,0,0.000
rhododendron-arch,"Marlay Park, April 2026",Nature,Ireland,2026,Autumn,0,0,0,0.000
rhododendron-arch,"Marlay Park, April 2026",Nature,Ireland,2026,Bees,0,0,0,0.000
rhododendron-arch,"Marlay Park, April 2026",Nature,Ireland,2026,Big Five,0,0,0,0.000
rhododendron-arch,"Marlay Park, April 2026",Nature,Ireland,2026,Birds,0,0,0,0.000
rhododendron-arch,"Marlay Park, April 2026",Nature,Ireland,2026,Birds in Flight,0,0,0,0.000
rhododendron-arch,"Marlay Park, April 2026",Nature,Ireland,2026,Birds of Prey,0,0,0,0.000
rhododendron-arch,"Marlay Park, April 2026",Nature,Ireland,2026,Boats and Ships,0,0,0,0.000
rhododendron-arch,"Marlay Park, April 2026",Nature,Ireland,2026,Coast and Sea,0,0,0,0.000
rhododendron-arch,"Marlay Park, April 2026",Nature,Ireland,2026,Drought,0,0,0,0.000
rhododendron-arch,"Marlay Park, April 2026",Nature,Ireland,2026,Elephants,0,0,0,0.000
rhododendron-arch,"Marlay Park, April 2026",Nature,Ireland,2026,Feeding,0,0,0,0.000
rhododendron-arch,"Marlay Park, April 2026",Nature,Ireland,2026,Flowers,1,0,0,0.000
rhododendron-arch,"Marlay Park, April 2026",Nature,Ireland,2026,Fungi,0,0,0,0.000
rhododendron-arch,"Marlay Park, April 2026",Nature,Ireland,2026,Gulls,0,0,0,0.000
rhododendron-arch,"Marlay Park, April 2026",Nature,Ireland,2026,Insects,0,0,0,0.000
rhododendron-arch,"Marlay Park, April 2026",Nature,Ireland,2026,Martello Towers,0,0,0,0.000
rhododendron-arch,"Marlay Park, April 2026",Nature,Ireland,2026,Mountains,0,0,0,0.000
rhododendron-arch,"Marlay Park, April 2026",Nature,Ireland,2026,Reflections,0,0,0,0.000
rhododendron-arch,"Marlay Park, April 2026",Nature,Ireland,2026,Seabirds,0,0,0,0.000
rhododendron-arch,"Marlay Park, April 2026",Nature,Ireland,2026,Silhouettes,0,0,0,0.000
rhododendron-arch,"Marlay Park, April 2026",Nature,Ireland,2026,Skies and Cloud,0,0,0,0.000
rhododendron-arch,"Marlay Park, April 2026",Nature,Ireland,2026,Skylines,0,0,0,0.000
rhododendron-arch,"Marlay Park, April 2026",Nature,Ireland,2026,Spring,1,0,0,0.000
rhododendron-arch,"Marlay Park, April 2026",Nature,Ireland,2026,Sunrise and Sunset,0,0,0,0.000
rhododendron-arch,"Marlay Park, April 2026",Nature,Ireland,2026,Trees,1,0,0,0.000
rhododendron-arch,"Marlay Park, April 2026",Nature,Ireland,2026,Waterbirds,0,0,0,0.000
rhododendron-arch,"Marlay Park, April 2026",Nature,Ireland,2026,Waterfronts and Harbours,0,0,0,0.000
rhododendron-arch,"Marlay Park, April 2026",Nature,Ireland,2026,Wild Cats,0,0,1,0.500
rhododendron-arch,"Marlay Park, April 2026",Nature,Ireland,2026,Winter,0,0,0,0.000
rhododendron-arch,"Marlay Park, April 2026",Nature,Ireland,2026,Woodland,0,0,0,0.000
rhododendron-arch,"Marlay Park, April 2026",Nature,Ireland,2026,Young Animals,0,0,0,0.000
secretary-bird,"Maasai Mara, October 2025",Wildlife,Kenya,2025,Acacias,0,0,0,0.000
secretary-bird,"Maasai Mara, October 2025",Wildlife,Kenya,2025,Aircraft,0,0,0,0.000
secretary-bird,"Maasai Mara, October 2025",Wildlife,Kenya,2025,Antelope,0,0,0,0.000
secretary-bird,"Maasai Mara, October 2025",Wildlife,Kenya,2025,Autumn,0,0,0,0.000
secretary-bird,"Maasai Mara, October 2025",Wildlife,Kenya,2025,Bees,0,0,0,0.000
secretary-bird,"Maasai Mara, October 2025",Wildlife,Kenya,2025,Big Five,0,0,0,0.000
secretary-bird,"Maasai Mara, October 2025",Wildlife,Kenya,2025,Birds,1,1,1,1.000
secretary-bird,"Maasai Mara, October 2025",Wildlife,Kenya,2025,Birds in Flight,0,0,1,0.500
secretary-bird,"Maasai Mara, October 2025",Wildlife,Kenya,2025,Birds of Prey,1,0,1,0.500
secretary-bird,"Maasai Mara, October 2025",Wildlife,Kenya,2025,Boats and Ships,0,0,0,0.000
secretary-bird,"Maasai Mara, October 2025",Wildlife,Kenya,2025,Coast and Sea,0,0,0,0.000
secretary-bird,"Maasai Mara, October 2025",Wildlife,Kenya,2025,Drought,0,0,0,0.000
secretary-bird,"Maasai Mara, October 2025",Wildlife,Kenya,2025,Elephants,0,0,0,0.000
secretary-bird,"Maasai Mara, October 2025",Wildlife,Kenya,2025,Feeding,0,0,0,0.000
secretary-bird,"Maasai Mara, October 2025",Wildlife,Kenya,2025,Flowers,0,0,0,0.000
secretary-bird,"Maasai Mara, October 2025",Wildlife,Kenya,2025,Fungi,0,0,0,0.000
secretary-bird,"Maasai Mara, October 2025",Wildlife,Kenya,2025,Gulls,0,0,0,0.000
secretary-bird,"Maasai Mara, October 2025",Wildlife,Kenya,2025,Insects,0,0,0,0.000
secretary-bird,"Maasai Mara, October 2025",Wildlife,Kenya,2025,Martello Towers,0,0,0,0.000
secretary-bird,"Maasai Mara, October 2025",Wildlife,Kenya,2025,Mountains,0,0,0,0.000
secretary-bird,"Maasai Mara, October 2025",Wildlife,Kenya,2025,Reflections,0,0,0,0.000
secretary-bird,"Maasai Mara, October 2025",Wildlife,Kenya,2025,Seabirds,0,0,0,0.000
secretary-bird,"Maasai Mara, October 2025",Wildlife,Kenya,2025,Silhouettes,0,0,0,0.000
secretary-bird,"Maasai Mara, October 2025",Wildlife,Kenya,2025,Skies and Cloud,0,0,0,0.000
secretary-bird,"Maasai Mara, October 2025",Wildlife,Kenya,2025,Skylines,0,0,0,0.000
secretary-bird,"Maasai Mara, October 2025",Wildlife,Kenya,2025,Spring,0,0,0,0.000
secretary-bird,"Maasai Mara, October 2025",Wildlife,Kenya,2025,Sunrise and Sunset,0,0,0,0.000
secretary-bird,"Maasai Mara, October 2025",Wildlife,Kenya,2025,Trees,0,0,0,0.000
secretary-bird,"Maasai Mara, October 2025",Wildlife,Kenya,2025,Waterbirds,0,0,0,0.000
secretary-bird,"Maasai Mara, October 2025",Wildlife,Kenya,2025,Waterfronts and Harbours,0,0,0,0.000
secretary-bird,"Maasai Mara, October 2025",Wildlife,Kenya,2025,Wild Cats,0,0,0,0.000
secretary-bird,"Maasai Mara, October 2025",Wildlife,Kenya,2025,Winter,0,0,0,0.000
secretary-bird,"Maasai Mara, October 2025",Wildlife,Kenya,2025,Woodland,0,0,0,0.000
secretary-bird,"Maasai Mara, October 2025",Wildlife,Kenya,2025,Young Animals,0,0,0,0.000
serval-in-the-long-grass,"Maasai Mara, October 2025",Wildlife,Kenya,2025,Acacias,0,0,0,0.000
serval-in-the-long-grass,"Maasai Mara, October 2025",Wildlife,Kenya,2025,Aircraft,0,0,0,0.000
serval-in-the-long-grass,"Maasai Mara, October 2025",Wildlife,Kenya,2025,Antelope,0,0,0,0.000
serval-in-the-long-grass,"Maasai Mara, October 2025",Wildlife,Kenya,2025,Autumn,0,0,0,0.000
serval-in-the-long-grass,"Maasai Mara, October 2025",Wildlife,Kenya,2025,Bees,0,0,0,0.000
serval-in-the-long-grass,"Maasai Mara, October 2025",Wildlife,Kenya,2025,Big Five,0,0,0,0.000
serval-in-the-long-grass,"Maasai Mara, October 2025",Wildlife,Kenya,2025,Birds,0,0,0,0.000
serval-in-the-long-grass,"Maasai Mara, October 2025",Wildlife,Kenya,2025,Birds in Flight,0,0,0,0.000
serval-in-the-long-grass,"Maasai Mara, October 2025",Wildlife,Kenya,2025,Birds of Prey,0,0,0,0.000
serval-in-the-long-grass,"Maasai Mara, October 2025",Wildlife,Kenya,2025,Boats and Ships,0,0,0,0.000
serval-in-the-long-grass,"Maasai Mara, October 2025",Wildlife,Kenya,2025,Coast and Sea,0,0,0,0.000
serval-in-the-long-grass,"Maasai Mara, October 2025",Wildlife,Kenya,2025,Drought,0,0,0,0.000
serval-in-the-long-grass,"Maasai Mara, October 2025",Wildlife,Kenya,2025,Elephants,0,0,0,0.000
serval-in-the-long-grass,"Maasai Mara, October 2025",Wildlife,Kenya,2025,Feeding,0,0,0,0.000
serval-in-the-long-grass,"Maasai Mara, October 2025",Wildlife,Kenya,2025,Flowers,0,0,0,0.000
serval-in-the-long-grass,"Maasai Mara, October 2025",Wildlife,Kenya,2025,Fungi,0,0,0,0.000
serval-in-the-long-grass,"Maasai Mara, October 2025",Wildlife,Kenya,2025,Gulls,0,0,0,0.000
serval-in-the-long-grass,"Maasai Mara, October 2025",Wildlife,Kenya,2025,Insects,0,0,0,0.000
serval-in-the-long-grass,"Maasai Mara, October 2025",Wildlife,Kenya,2025,Martello Towers,0,0,0,0.000
serval-in-the-long-grass,"Maasai Mara, October 2025",Wildlife,Kenya,2025,Mountains,0,0,0,0.000
serval-in-the-long-grass,"Maasai Mara, October 2025",Wildlife,Kenya,2025,Reflections,0,0,0,0.000
serval-in-the-long-grass,"Maasai Mara, October 2025",Wildlife,Kenya,2025,Seabirds,0,0,0,0.000
serval-in-the-long-grass,"Maasai Mara, October 2025",Wildlife,Kenya,2025,Silhouettes,0,0,0,0.000
serval-in-the-long-grass,"Maasai Mara, October 2025",Wildlife,Kenya,2025,Skies and Cloud,0,0,0,0.000
serval-in-the-long-grass,"Maasai Mara, October 2025",Wildlife,Kenya,2025,Skylines,0,0,0,0.000
serval-in-the-long-grass,"Maasai Mara, October 2025",Wildlife,Kenya,2025,Spring,0,0,0,0.000
serval-in-the-long-grass,"Maasai Mara, October 2025",Wildlife,Kenya,2025,Sunrise and Sunset,0,0,0,0.000
serval-in-the-long-grass,"Maasai Mara, October 2025",Wildlife,Kenya,2025,Trees,0,0,0,0.000
serval-in-the-long-grass,"Maasai Mara, October 2025",Wildlife,Kenya,2025,Waterbirds,0,0,0,0.000
serval-in-the-long-grass,"Maasai Mara, October 2025",Wildlife,Kenya,2025,Waterfronts and Harbours,0,0,0,0.000
serval-in-the-long-grass,"Maasai Mara, October 2025",Wildlife,Kenya,2025,Wild Cats,1,0,0,0.000
serval-in-the-long-grass,"Maasai Mara, October 2025",Wildlife,Kenya,2025,Winter,0,0,0,0.000
serval-in-the-long-grass,"Maasai Mara, October 2025",Wildlife,Kenya,2025,Woodland,0,0,0,0.000
serval-in-the-long-grass,"Maasai Mara, October 2025",Wildlife,Kenya,2025,Young Animals,0,0,0,0.000
shags-in-the-surf,"Great Saltee, August 2026",Wildlife,Ireland,2026,Acacias,0,0,0,0.000
shags-in-the-surf,"Great Saltee, August 2026",Wildlife,Ireland,2026,Aircraft,0,0,0,0.000
shags-in-the-surf,"Great Saltee, August 2026",Wildlife,Ireland,2026,Antelope,0,0,0,0.000
shags-in-the-surf,"Great Saltee, August 2026",Wildlife,Ireland,2026,Autumn,0,0,0,0.000
shags-in-the-surf,"Great Saltee, August 2026",Wildlife,Ireland,2026,Bees,0,0,0,0.000
shags-in-the-surf,"Great Saltee, August 2026",Wildlife,Ireland,2026,Big Five,0,0,0,0.000
shags-in-the-surf,"Great Saltee, August 2026",Wildlife,Ireland,2026,Birds,1,1,1,1.000
shags-in-the-surf,"Great Saltee, August 2026",Wildlife,Ireland,2026,Birds in Flight,0,0,1,0.500
shags-in-the-surf,"Great Saltee, August 2026",Wildlife,Ireland,2026,Birds of Prey,0,0,1,0.500
shags-in-the-surf,"Great Saltee, August 2026",Wildlife,Ireland,2026,Boats and Ships,0,0,0,0.000
shags-in-the-surf,"Great Saltee, August 2026",Wildlife,Ireland,2026,Coast and Sea,1,0,0,0.000
shags-in-the-surf,"Great Saltee, August 2026",Wildlife,Ireland,2026,Drought,0,0,0,0.000
shags-in-the-surf,"Great Saltee, August 2026",Wildlife,Ireland,2026,Elephants,0,0,0,0.000
shags-in-the-surf,"Great Saltee, August 2026",Wildlife,Ireland,2026,Feeding,0,0,0,0.000
shags-in-the-surf,"Great Saltee, August 2026",Wildlife,Ireland,2026,Flowers,0,0,0,0.000
shags-in-the-surf,"Great Saltee, August 2026",Wildlife,Ireland,2026,Fungi,0,0,0,0.000
shags-in-the-surf,"Great Saltee, August 2026",Wildlife,Ireland,2026,Gulls,0,0,0,0.000
shags-in-the-surf,"Great Saltee, August 2026",Wildlife,Ireland,2026,Insects,0,0,0,0.000
shags-in-the-surf,"Great Saltee, August 2026",Wildlife,Ireland,2026,Martello Towers,0,0,0,0.000
shags-in-the-surf,"Great Saltee, August 2026",Wildlife,Ireland,2026,Mountains,0,0,0,0.000
shags-in-the-surf,"Great Saltee, August 2026",Wildlife,Ireland,2026,Reflections,0,0,0,0.000
shags-in-the-surf,"Great Saltee, August 2026",Wildlife,Ireland,2026,Seabirds,1,0,0,0.000
shags-in-the-surf,"Great Saltee, August 2026",Wildlife,Ireland,2026,Silhouettes,0,0,0,0.000
shags-in-the-surf,"Great Saltee, August 2026",Wildlife,Ireland,2026,Skies and Cloud,0,0,0,0.000
shags-in-the-surf,"Great Saltee, August 2026",Wildlife,Ireland,2026,Skylines,0,0,0,0.000
shags-in-the-surf,"Great Saltee, August 2026",Wildlife,Ireland,2026,Spring,0,0,0,0.000
shags-in-the-surf,"Great Saltee, August 2026",Wildlife,Ireland,2026,Sunrise and Sunset,0,0,0,0.000
shags-in-the-surf,"Great Saltee, August 2026",Wildlife,Ireland,2026,Trees,0,0,0,0.000
shags-in-the-surf,"Great Saltee, August 2026",Wildlife,Ireland,2026,Waterbirds,0,0,0,0.000
shags-in-the-surf,"Great Saltee, August 2026",Wildlife,Ireland,2026,Waterfronts and Harbours,0,0,0,0.000
shags-in-the-surf,"Great Saltee, August 2026",Wildlife,Ireland,2026,Wild Cats,0,0,0,0.000
shags-in-the-surf,"Great Saltee, August 2026",Wildlife,Ireland,2026,Winter,0,0,0,0.000
shags-in-the-surf,"Great Saltee, August 2026",Wildlife,Ireland,2026,Woodland,0,0,0,0.000
shags-in-the-surf,"Great Saltee, August 2026",Wildlife,Ireland,2026,Young Animals,0,0,0,0.000
skagen-groynes,"Skagen, May 2026",Landscape,Denmark,2026,Acacias,0,0,0,0.000
skagen-groynes,"Skagen, May 2026",Landscape,Denmark,2026,Aircraft,0,0,0,0.000
skagen-groynes,"Skagen, May 2026",Landscape,Denmark,2026,Antelope,0,0,0,0.000
skagen-groynes,"Skagen, May 2026",Landscape,Denmark,2026,Autumn,0,0,0,0.000
skagen-groynes,"Skagen, May 2026",Landscape,Denmark,2026,Bees,0,0,0,0.000
skagen-groynes,"Skagen, May 2026",Landscape,Denmark,2026,Big Five,0,0,0,0.000
skagen-groynes,"Skagen, May 2026",Landscape,Denmark,2026,Birds,0,0,0,0.000
skagen-groynes,"Skagen, May 2026",Landscape,Denmark,2026,Birds in Flight,0,0,0,0.000
skagen-groynes,"Skagen, May 2026",Landscape,Denmark,2026,Birds of Prey,0,0,0,0.000
skagen-groynes,"Skagen, May 2026",Landscape,Denmark,2026,Boats and Ships,0,0,0,0.000
skagen-groynes,"Skagen, May 2026",Landscape,Denmark,2026,Coast and Sea,1,0,0,0.000
skagen-groynes,"Skagen, May 2026",Landscape,Denmark,2026,Drought,0,0,0,0.000
skagen-groynes,"Skagen, May 2026",Landscape,Denmark,2026,Elephants,0,0,0,0.000
skagen-groynes,"Skagen, May 2026",Landscape,Denmark,2026,Feeding,0,0,0,0.000
skagen-groynes,"Skagen, May 2026",Landscape,Denmark,2026,Flowers,0,0,0,0.000
skagen-groynes,"Skagen, May 2026",Landscape,Denmark,2026,Fungi,0,0,0,0.000
skagen-groynes,"Skagen, May 2026",Landscape,Denmark,2026,Gulls,0,0,0,0.000
skagen-groynes,"Skagen, May 2026",Landscape,Denmark,2026,Insects,0,0,0,0.000
skagen-groynes,"Skagen, May 2026",Landscape,Denmark,2026,Martello Towers,0,0,0,0.000
skagen-groynes,"Skagen, May 2026",Landscape,Denmark,2026,Mountains,0,0,0,0.000
skagen-groynes,"Skagen, May 2026",Landscape,Denmark,2026,Reflections,0,0,0,0.000
skagen-groynes,"Skagen, May 2026",Landscape,Denmark,2026,Seabirds,0,0,0,0.000
skagen-groynes,"Skagen, May 2026",Landscape,Denmark,2026,Silhouettes,0,0,0,0.000
skagen-groynes,"Skagen, May 2026",Landscape,Denmark,2026,Skies and Cloud,0,0,0,0.000
skagen-groynes,"Skagen, May 2026",Landscape,Denmark,2026,Skylines,0,0,0,0.000
skagen-groynes,"Skagen, May 2026",Landscape,Denmark,2026,Spring,0,0,0,0.000
skagen-groynes,"Skagen, May 2026",Landscape,Denmark,2026,Sunrise and Sunset,0,0,0,0.000
skagen-groynes,"Skagen, May 2026",Landscape,Denmark,2026,Trees,0,0,0,0.000
skagen-groynes,"Skagen, May 2026",Landscape,Denmark,2026,Waterbirds,0,0,0,0.000
skagen-groynes,"Skagen, May 2026",Landscape,Denmark,2026,Waterfronts and Harbours,0,0,0,0.000
skagen-groynes,"Skagen, May 2026",Landscape,Denmark,2026,Wild Cats,0,0,0,0.000
skagen-groynes,"Skagen, May 2026",Landscape,Denmark,2026,Winter,0,0,0,0.000
skagen-groynes,"Skagen, May 2026",Landscape,Denmark,2026,Woodland,0,0,0,0.000
skagen-groynes,"Skagen, May 2026",Landscape,Denmark,2026,Young Animals,0,0,0,0.000
snowdrops-at-farmleigh,"Farmleigh, Dublin",Nature,Ireland,2026,Acacias,0,0,0,0.000
snowdrops-at-farmleigh,"Farmleigh, Dublin",Nature,Ireland,2026,Aircraft,0,0,0,0.000
snowdrops-at-farmleigh,"Farmleigh, Dublin",Nature,Ireland,2026,Antelope,0,0,0,0.000
snowdrops-at-farmleigh,"Farmleigh, Dublin",Nature,Ireland,2026,Autumn,0,0,0,0.000
snowdrops-at-farmleigh,"Farmleigh, Dublin",Nature,Ireland,2026,Bees,0,0,0,0.000
snowdrops-at-farmleigh,"Farmleigh, Dublin",Nature,Ireland,2026,Big Five,0,0,0,0.000
snowdrops-at-farmleigh,"Farmleigh, Dublin",Nature,Ireland,2026,Birds,0,0,0,0.000
snowdrops-at-farmleigh,"Farmleigh, Dublin",Nature,Ireland,2026,Birds in Flight,0,0,0,0.000
snowdrops-at-farmleigh,"Farmleigh, Dublin",Nature,Ireland,2026,Birds of Prey,0,0,0,0.000
snowdrops-at-farmleigh,"Farmleigh, Dublin",Nature,Ireland,2026,Boats and Ships,0,0,0,0.000
snowdrops-at-farmleigh,"Farmleigh, Dublin",Nature,Ireland,2026,Coast and Sea,0,0,0,0.000
snowdrops-at-farmleigh,"Farmleigh, Dublin",Nature,Ireland,2026,Drought,0,0,0,0.000
snowdrops-at-farmleigh,"Farmleigh, Dublin",Nature,Ireland,2026,Elephants,0,0,0,0.000
snowdrops-at-farmleigh,"Farmleigh, Dublin",Nature,Ireland,2026,Feeding,0,0,0,0.000
snowdrops-at-farmleigh,"Farmleigh, Dublin",Nature,Ireland,2026,Flowers,1,1,1,1.000
snowdrops-at-farmleigh,"Farmleigh, Dublin",Nature,Ireland,2026,Fungi,0,0,0,0.000
snowdrops-at-farmleigh,"Farmleigh, Dublin",Nature,Ireland,2026,Gulls,0,0,0,0.000
snowdrops-at-farmleigh,"Farmleigh, Dublin",Nature,Ireland,2026,Insects,0,0,0,0.000
snowdrops-at-farmleigh,"Farmleigh, Dublin",Nature,Ireland,2026,Martello Towers,0,0,0,0.000
snowdrops-at-farmleigh,"Farmleigh, Dublin",Nature,Ireland,2026,Mountains,0,0,0,0.000
snowdrops-at-farmleigh,"Farmleigh, Dublin",Nature,Ireland,2026,Reflections,0,0,0,0.000
snowdrops-at-farmleigh,"Farmleigh, Dublin",Nature,Ireland,2026,Seabirds,0,0,0,0.000
snowdrops-at-farmleigh,"Farmleigh, Dublin",Nature,Ireland,2026,Silhouettes,0,0,0,0.000
snowdrops-at-farmleigh,"Farmleigh, Dublin",Nature,Ireland,2026,Skies and Cloud,0,0,0,0.000
snowdrops-at-farmleigh,"Farmleigh, Dublin",Nature,Ireland,2026,Skylines,0,0,0,0.000
snowdrops-at-farmleigh,"Farmleigh, Dublin",Nature,Ireland,2026,Spring,0,0,0,0.000
snowdrops-at-farmleigh,"Farmleigh, Dublin",Nature,Ireland,2026,Sunrise and Sunset,0,0,0,0.000
snowdrops-at-farmleigh,"Farmleigh, Dublin",Nature,Ireland,2026,Trees,0,0,0,0.000
snowdrops-at-farmleigh,"Farmleigh, Dublin",Nature,Ireland,2026,Waterbirds,0,0,0,0.000
snowdrops-at-farmleigh,"Farmleigh, Dublin",Nature,Ireland,2026,Waterfronts and Harbours,0,0,0,0.000
snowdrops-at-farmleigh,"Farmleigh, Dublin",Nature,Ireland,2026,Wild Cats,0,0,1,0.500
snowdrops-at-farmleigh,"Farmleigh, Dublin",Nature,Ireland,2026,Winter,1,1,1,1.000
snowdrops-at-farmleigh,"Farmleigh, Dublin",Nature,Ireland,2026,Woodland,0,0,0,0.000
snowdrops-at-farmleigh,"Farmleigh, Dublin",Nature,Ireland,2026,Young Animals,0,0,0,0.000
sorenga-inverted,"Oslo, May 2026",Creative,Norway,2026,Acacias,0,0,0,0.000
sorenga-inverted,"Oslo, May 2026",Creative,Norway,2026,Aircraft,0,0,0,0.000
sorenga-inverted,"Oslo, May 2026",Creative,Norway,2026,Antelope,0,0,0,0.000
sorenga-inverted,"Oslo, May 2026",Creative,Norway,2026,Autumn,0,0,0,0.000
sorenga-inverted,"Oslo, May 2026",Creative,Norway,2026,Bees,0,0,0,0.000
sorenga-inverted,"Oslo, May 2026",Creative,Norway,2026,Big Five,0,0,0,0.000
sorenga-inverted,"Oslo, May 2026",Creative,Norway,2026,Birds,0,0,0,0.000
sorenga-inverted,"Oslo, May 2026",Creative,Norway,2026,Birds in Flight,0,0,0,0.000
sorenga-inverted,"Oslo, May 2026",Creative,Norway,2026,Birds of Prey,0,0,0,0.000
sorenga-inverted,"Oslo, May 2026",Creative,Norway,2026,Boats and Ships,0,0,0,0.000
sorenga-inverted,"Oslo, May 2026",Creative,Norway,2026,Coast and Sea,0,0,0,0.000
sorenga-inverted,"Oslo, May 2026",Creative,Norway,2026,Drought,0,0,0,0.000
sorenga-inverted,"Oslo, May 2026",Creative,Norway,2026,Elephants,0,0,0,0.000
sorenga-inverted,"Oslo, May 2026",Creative,Norway,2026,Feeding,0,0,0,0.000
sorenga-inverted,"Oslo, May 2026",Creative,Norway,2026,Flowers,0,0,0,0.000
sorenga-inverted,"Oslo, May 2026",Creative,Norway,2026,Fungi,0,0,0,0.000
sorenga-inverted,"Oslo, May 2026",Creative,Norway,2026,Gulls,0,0,0,0.000
sorenga-inverted,"Oslo, May 2026",Creative,Norway,2026,Insects,0,0,0,0.000
sorenga-inverted,"Oslo, May 2026",Creative,Norway,2026,Martello Towers,0,0,0,0.000
sorenga-inverted,"Oslo, May 2026",Creative,Norway,2026,Mountains,0,0,0,0.000
sorenga-inverted,"Oslo, May 2026",Creative,Norway,2026,Reflections,0,0,0,0.000
sorenga-inverted,"Oslo, May 2026",Creative,Norway,2026,Seabirds,0,0,0,0.000
sorenga-inverted,"Oslo, May 2026",Creative,Norway,2026,Silhouettes,0,0,0,0.000
sorenga-inverted,"Oslo, May 2026",Creative,Norway,2026,Skies and Cloud,0,0,0,0.000
sorenga-inverted,"Oslo, May 2026",Creative,Norway,2026,Skylines,0,0,0,0.000
sorenga-inverted,"Oslo, May 2026",Creative,Norway,2026,Spring,0,0,0,0.000
sorenga-inverted,"Oslo, May 2026",Creative,Norway,2026,Sunrise and Sunset,0,0,0,0.000
sorenga-inverted,"Oslo, May 2026",Creative,Norway,2026,Trees,0,0,0,0.000
sorenga-inverted,"Oslo, May 2026",Creative,Norway,2026,Waterbirds,0,0,0,0.000
sorenga-inverted,"Oslo, May 2026",Creative,Norway,2026,Waterfronts and Harbours,1,0,1,0.500
sorenga-inverted,"Oslo, May 2026",Creative,Norway,2026,Wild Cats,0,0,0,0.000
sorenga-inverted,"Oslo, May 2026",Creative,Norway,2026,Winter,0,0,0,0.000
sorenga-inverted,"Oslo, May 2026",Creative,Norway,2026,Woodland,0,0,0,0.000
sorenga-inverted,"Oslo, May 2026",Creative,Norway,2026,Young Animals,0,0,0,0.000
sorenga-waterfront,"Oslo, May 2026",Architecture,Norway,2026,Acacias,0,0,0,0.000
sorenga-waterfront,"Oslo, May 2026",Architecture,Norway,2026,Aircraft,0,0,0,0.000
sorenga-waterfront,"Oslo, May 2026",Architecture,Norway,2026,Antelope,0,0,0,0.000
sorenga-waterfront,"Oslo, May 2026",Architecture,Norway,2026,Autumn,0,0,0,0.000
sorenga-waterfront,"Oslo, May 2026",Architecture,Norway,2026,Bees,0,0,0,0.000
sorenga-waterfront,"Oslo, May 2026",Architecture,Norway,2026,Big Five,0,0,0,0.000
sorenga-waterfront,"Oslo, May 2026",Architecture,Norway,2026,Birds,0,0,0,0.000
sorenga-waterfront,"Oslo, May 2026",Architecture,Norway,2026,Birds in Flight,0,0,0,0.000
sorenga-waterfront,"Oslo, May 2026",Architecture,Norway,2026,Birds of Prey,0,0,0,0.000
sorenga-waterfront,"Oslo, May 2026",Architecture,Norway,2026,Boats and Ships,0,0,0,0.000
sorenga-waterfront,"Oslo, May 2026",Architecture,Norway,2026,Coast and Sea,0,0,0,0.000
sorenga-waterfront,"Oslo, May 2026",Architecture,Norway,2026,Drought,0,0,0,0.000
sorenga-waterfront,"Oslo, May 2026",Architecture,Norway,2026,Elephants,0,0,0,0.000
sorenga-waterfront,"Oslo, May 2026",Architecture,Norway,2026,Feeding,0,0,0,0.000
sorenga-waterfront,"Oslo, May 2026",Architecture,Norway,2026,Flowers,0,0,0,0.000
sorenga-waterfront,"Oslo, May 2026",Architecture,Norway,2026,Fungi,0,0,0,0.000
sorenga-waterfront,"Oslo, May 2026",Architecture,Norway,2026,Gulls,0,0,0,0.000
sorenga-waterfront,"Oslo, May 2026",Architecture,Norway,2026,Insects,0,0,0,0.000
sorenga-waterfront,"Oslo, May 2026",Architecture,Norway,2026,Martello Towers,0,0,0,0.000
sorenga-waterfront,"Oslo, May 2026",Architecture,Norway,2026,Mountains,0,0,0,0.000
sorenga-waterfront,"Oslo, May 2026",Architecture,Norway,2026,Reflections,0,0,0,0.000
sorenga-waterfront,"Oslo, May 2026",Architecture,Norway,2026,Seabirds,0,0,0,0.000
sorenga-waterfront,"Oslo, May 2026",Architecture,Norway,2026,Silhouettes,0,0,0,0.000
sorenga-waterfront,"Oslo, May 2026",Architecture,Norway,2026,Skies and Cloud,0,0,0,0.000
sorenga-waterfront,"Oslo, May 2026",Architecture,Norway,2026,Skylines,0,0,0,0.000
sorenga-waterfront,"Oslo, May 2026",Architecture,Norway,2026,Spring,0,0,0,0.000
sorenga-waterfront,"Oslo, May 2026",Architecture,Norway,2026,Sunrise and Sunset,0,0,0,0.000
sorenga-waterfront,"Oslo, May 2026",Architecture,Norway,2026,Trees,0,0,0,0.000
sorenga-waterfront,"Oslo, May 2026",Architecture,Norway,2026,Waterbirds,0,0,0,0.000
sorenga-waterfront,"Oslo, May 2026",Architecture,Norway,2026,Waterfronts and Harbours,1,0,1,0.500
sorenga-waterfront,"Oslo, May 2026",Architecture,Norway,2026,Wild Cats,0,0,0,0.000
sorenga-waterfront,"Oslo, May 2026",Architecture,Norway,2026,Winter,0,0,0,0.000
sorenga-waterfront,"Oslo, May 2026",Architecture,Norway,2026,Woodland,0,0,0,0.000
sorenga-waterfront,"Oslo, May 2026",Architecture,Norway,2026,Young Animals,0,0,0,0.000
spear-thistle,Thistles & Ladybirds,Nature,Ireland,2026,Acacias,0,0,0,0.000
spear-thistle,Thistles & Ladybirds,Nature,Ireland,2026,Aircraft,0,0,0,0.000
spear-thistle,Thistles & Ladybirds,Nature,Ireland,2026,Antelope,0,0,0,0.000
spear-thistle,Thistles & Ladybirds,Nature,Ireland,2026,Autumn,0,0,0,0.000
spear-thistle,Thistles & Ladybirds,Nature,Ireland,2026,Bees,0,0,0,0.000
spear-thistle,Thistles & Ladybirds,Nature,Ireland,2026,Big Five,0,0,0,0.000
spear-thistle,Thistles & Ladybirds,Nature,Ireland,2026,Birds,0,0,0,0.000
spear-thistle,Thistles & Ladybirds,Nature,Ireland,2026,Birds in Flight,0,0,0,0.000
spear-thistle,Thistles & Ladybirds,Nature,Ireland,2026,Birds of Prey,0,0,0,0.000
spear-thistle,Thistles & Ladybirds,Nature,Ireland,2026,Boats and Ships,0,0,0,0.000
spear-thistle,Thistles & Ladybirds,Nature,Ireland,2026,Coast and Sea,0,0,0,0.000
spear-thistle,Thistles & Ladybirds,Nature,Ireland,2026,Drought,0,0,0,0.000
spear-thistle,Thistles & Ladybirds,Nature,Ireland,2026,Elephants,0,0,0,0.000
spear-thistle,Thistles & Ladybirds,Nature,Ireland,2026,Feeding,0,0,0,0.000
spear-thistle,Thistles & Ladybirds,Nature,Ireland,2026,Flowers,1,1,1,1.000
spear-thistle,Thistles & Ladybirds,Nature,Ireland,2026,Fungi,0,0,0,0.000
spear-thistle,Thistles & Ladybirds,Nature,Ireland,2026,Gulls,0,0,0,0.000
spear-thistle,Thistles & Ladybirds,Nature,Ireland,2026,Insects,0,0,0,0.000
spear-thistle,Thistles & Ladybirds,Nature,Ireland,2026,Martello Towers,0,0,0,0.000
spear-thistle,Thistles & Ladybirds,Nature,Ireland,2026,Mountains,0,0,0,0.000
spear-thistle,Thistles & Ladybirds,Nature,Ireland,2026,Reflections,0,0,0,0.000
spear-thistle,Thistles & Ladybirds,Nature,Ireland,2026,Seabirds,0,0,0,0.000
spear-thistle,Thistles & Ladybirds,Nature,Ireland,2026,Silhouettes,0,0,0,0.000
spear-thistle,Thistles & Ladybirds,Nature,Ireland,2026,Skies and Cloud,0,0,0,0.000
spear-thistle,Thistles & Ladybirds,Nature,Ireland,2026,Skylines,0,0,0,0.000
spear-thistle,Thistles & Ladybirds,Nature,Ireland,2026,Spring,0,0,0,0.000
spear-thistle,Thistles & Ladybirds,Nature,Ireland,2026,Sunrise and Sunset,0,0,0,0.000
spear-thistle,Thistles & Ladybirds,Nature,Ireland,2026,Trees,0,0,0,0.000
spear-thistle,Thistles & Ladybirds,Nature,Ireland,2026,Waterbirds,0,0,0,0.000
spear-thistle,Thistles & Ladybirds,Nature,Ireland,2026,Waterfronts and Harbours,0,0,0,0.000
spear-thistle,Thistles & Ladybirds,Nature,Ireland,2026,Wild Cats,0,0,0,0.000
spear-thistle,Thistles & Ladybirds,Nature,Ireland,2026,Winter,0,0,0,0.000
spear-thistle,Thistles & Ladybirds,Nature,Ireland,2026,Woodland,0,0,0,0.000
spear-thistle,Thistles & Ladybirds,Nature,Ireland,2026,Young Animals,0,0,0,0.000
sunrise-behind-an-acacia,"Amboseli, October 2025",Landscape,Kenya,2025,Acacias,1,1,1,1.000
sunrise-behind-an-acacia,"Amboseli, October 2025",Landscape,Kenya,2025,Aircraft,0,0,0,0.000
sunrise-behind-an-acacia,"Amboseli, October 2025",Landscape,Kenya,2025,Antelope,0,0,0,0.000
sunrise-behind-an-acacia,"Amboseli, October 2025",Landscape,Kenya,2025,Autumn,0,0,0,0.000
sunrise-behind-an-acacia,"Amboseli, October 2025",Landscape,Kenya,2025,Bees,0,0,0,0.000
sunrise-behind-an-acacia,"Amboseli, October 2025",Landscape,Kenya,2025,Big Five,0,0,0,0.000
sunrise-behind-an-acacia,"Amboseli, October 2025",Landscape,Kenya,2025,Birds,0,0,0,0.000
sunrise-behind-an-acacia,"Amboseli, October 2025",Landscape,Kenya,2025,Birds in Flight,0,0,0,0.000
sunrise-behind-an-acacia,"Amboseli, October 2025",Landscape,Kenya,2025,Birds of Prey,0,0,0,0.000
sunrise-behind-an-acacia,"Amboseli, October 2025",Landscape,Kenya,2025,Boats and Ships,0,0,0,0.000
sunrise-behind-an-acacia,"Amboseli, October 2025",Landscape,Kenya,2025,Coast and Sea,0,0,0,0.000
sunrise-behind-an-acacia,"Amboseli, October 2025",Landscape,Kenya,2025,Drought,0,0,0,0.000
sunrise-behind-an-acacia,"Amboseli, October 2025",Landscape,Kenya,2025,Elephants,0,0,0,0.000
sunrise-behind-an-acacia,"Amboseli, October 2025",Landscape,Kenya,2025,Feeding,0,0,0,0.000
sunrise-behind-an-acacia,"Amboseli, October 2025",Landscape,Kenya,2025,Flowers,0,0,0,0.000
sunrise-behind-an-acacia,"Amboseli, October 2025",Landscape,Kenya,2025,Fungi,0,0,0,0.000
sunrise-behind-an-acacia,"Amboseli, October 2025",Landscape,Kenya,2025,Gulls,0,0,0,0.000
sunrise-behind-an-acacia,"Amboseli, October 2025",Landscape,Kenya,2025,Insects,0,0,0,0.000
sunrise-behind-an-acacia,"Amboseli, October 2025",Landscape,Kenya,2025,Martello Towers,0,0,0,0.000
sunrise-behind-an-acacia,"Amboseli, October 2025",Landscape,Kenya,2025,Mountains,0,0,0,0.000
sunrise-behind-an-acacia,"Amboseli, October 2025",Landscape,Kenya,2025,Reflections,0,0,0,0.000
sunrise-behind-an-acacia,"Amboseli, October 2025",Landscape,Kenya,2025,Seabirds,0,0,0,0.000
sunrise-behind-an-acacia,"Amboseli, October 2025",Landscape,Kenya,2025,Silhouettes,1,1,1,1.000
sunrise-behind-an-acacia,"Amboseli, October 2025",Landscape,Kenya,2025,Skies and Cloud,1,0,0,0.000
sunrise-behind-an-acacia,"Amboseli, October 2025",Landscape,Kenya,2025,Skylines,0,0,0,0.000
sunrise-behind-an-acacia,"Amboseli, October 2025",Landscape,Kenya,2025,Spring,0,0,0,0.000
sunrise-behind-an-acacia,"Amboseli, October 2025",Landscape,Kenya,2025,Sunrise and Sunset,1,0,0,0.000
sunrise-behind-an-acacia,"Amboseli, October 2025",Landscape,Kenya,2025,Trees,1,1,1,1.000
sunrise-behind-an-acacia,"Amboseli, October 2025",Landscape,Kenya,2025,Waterbirds,0,0,0,0.000
sunrise-behind-an-acacia,"Amboseli, October 2025",Landscape,Kenya,2025,Waterfronts and Harbours,0,0,0,0.000
sunrise-behind-an-acacia,"Amboseli, October 2025",Landscape,Kenya,2025,Wild Cats,0,0,0,0.000
sunrise-behind-an-acacia,"Amboseli, October 2025",Landscape,Kenya,2025,Winter,0,0,0,0.000
sunrise-behind-an-acacia,"Amboseli, October 2025",Landscape,Kenya,2025,Woodland,0,0,0,0.000
sunrise-behind-an-acacia,"Amboseli, October 2025",Landscape,Kenya,2025,Young Animals,0,0,0,0.000
sunset-at-sea,"Scandinavia, May 2025",Landscape,Baltic Sea,2025,Acacias,0,0,0,0.000
sunset-at-sea,"Scandinavia, May 2025",Landscape,Baltic Sea,2025,Aircraft,0,0,0,0.000
sunset-at-sea,"Scandinavia, May 2025",Landscape,Baltic Sea,2025,Antelope,0,0,0,0.000
sunset-at-sea,"Scandinavia, May 2025",Landscape,Baltic Sea,2025,Autumn,0,0,0,0.000
sunset-at-sea,"Scandinavia, May 2025",Landscape,Baltic Sea,2025,Bees,0,0,0,0.000
sunset-at-sea,"Scandinavia, May 2025",Landscape,Baltic Sea,2025,Big Five,0,0,0,0.000
sunset-at-sea,"Scandinavia, May 2025",Landscape,Baltic Sea,2025,Birds,0,0,0,0.000
sunset-at-sea,"Scandinavia, May 2025",Landscape,Baltic Sea,2025,Birds in Flight,0,0,0,0.000
sunset-at-sea,"Scandinavia, May 2025",Landscape,Baltic Sea,2025,Birds of Prey,0,0,0,0.000
sunset-at-sea,"Scandinavia, May 2025",Landscape,Baltic Sea,2025,Boats and Ships,1,0,1,1.000
sunset-at-sea,"Scandinavia, May 2025",Landscape,Baltic Sea,2025,Coast and Sea,1,0,0,0.000
sunset-at-sea,"Scandinavia, May 2025",Landscape,Baltic Sea,2025,Drought,0,0,0,0.000
sunset-at-sea,"Scandinavia, May 2025",Landscape,Baltic Sea,2025,Elephants,0,0,0,0.000
sunset-at-sea,"Scandinavia, May 2025",Landscape,Baltic Sea,2025,Feeding,0,0,0,0.000
sunset-at-sea,"Scandinavia, May 2025",Landscape,Baltic Sea,2025,Flowers,0,0,0,0.000
sunset-at-sea,"Scandinavia, May 2025",Landscape,Baltic Sea,2025,Fungi,0,0,0,0.000
sunset-at-sea,"Scandinavia, May 2025",Landscape,Baltic Sea,2025,Gulls,0,0,0,0.000
sunset-at-sea,"Scandinavia, May 2025",Landscape,Baltic Sea,2025,Insects,0,0,0,0.000
sunset-at-sea,"Scandinavia, May 2025",Landscape,Baltic Sea,2025,Martello Towers,0,0,0,0.000
sunset-at-sea,"Scandinavia, May 2025",Landscape,Baltic Sea,2025,Mountains,0,0,0,0.000
sunset-at-sea,"Scandinavia, May 2025",Landscape,Baltic Sea,2025,Reflections,0,0,0,0.000
sunset-at-sea,"Scandinavia, May 2025",Landscape,Baltic Sea,2025,Seabirds,0,0,0,0.000
sunset-at-sea,"Scandinavia, May 2025",Landscape,Baltic Sea,2025,Silhouettes,0,0,0,0.000
sunset-at-sea,"Scandinavia, May 2025",Landscape,Baltic Sea,2025,Skies and Cloud,1,0,0,0.000
sunset-at-sea,"Scandinavia, May 2025",Landscape,Baltic Sea,2025,Skylines,0,0,0,0.000
sunset-at-sea,"Scandinavia, May 2025",Landscape,Baltic Sea,2025,Spring,0,0,0,0.000
sunset-at-sea,"Scandinavia, May 2025",Landscape,Baltic Sea,2025,Sunrise and Sunset,1,0,1,0.500
sunset-at-sea,"Scandinavia, May 2025",Landscape,Baltic Sea,2025,Trees,0,0,0,0.000
sunset-at-sea,"Scandinavia, May 2025",Landscape,Baltic Sea,2025,Waterbirds,0,0,0,0.000
sunset-at-sea,"Scandinavia, May 2025",Landscape,Baltic Sea,2025,Waterfronts and Harbours,0,0,0,0.000
sunset-at-sea,"Scandinavia, May 2025",Landscape,Baltic Sea,2025,Wild Cats,0,0,0,0.000
sunset-at-sea,"Scandinavia, May 2025",Landscape,Baltic Sea,2025,Winter,0,0,0,0.000
sunset-at-sea,"Scandinavia, May 2025",Landscape,Baltic Sea,2025,Woodland,0,0,0,0.000
sunset-at-sea,"Scandinavia, May 2025",Landscape,Baltic Sea,2025,Young Animals,0,0,0,0.000
superb-starling,"Nairobi National Park, October 2025",Wildlife,Kenya,2025,Acacias,0,0,0,0.000
superb-starling,"Nairobi National Park, October 2025",Wildlife,Kenya,2025,Aircraft,0,0,0,0.000
superb-starling,"Nairobi National Park, October 2025",Wildlife,Kenya,2025,Antelope,0,0,0,0.000
superb-starling,"Nairobi National Park, October 2025",Wildlife,Kenya,2025,Autumn,0,0,0,0.000
superb-starling,"Nairobi National Park, October 2025",Wildlife,Kenya,2025,Bees,0,0,0,0.000
superb-starling,"Nairobi National Park, October 2025",Wildlife,Kenya,2025,Big Five,0,0,0,0.000
superb-starling,"Nairobi National Park, October 2025",Wildlife,Kenya,2025,Birds,1,0,0,0.000
superb-starling,"Nairobi National Park, October 2025",Wildlife,Kenya,2025,Birds in Flight,0,0,0,0.000
superb-starling,"Nairobi National Park, October 2025",Wildlife,Kenya,2025,Birds of Prey,0,0,0,0.000
superb-starling,"Nairobi National Park, October 2025",Wildlife,Kenya,2025,Boats and Ships,0,0,0,0.000
superb-starling,"Nairobi National Park, October 2025",Wildlife,Kenya,2025,Coast and Sea,0,0,0,0.000
superb-starling,"Nairobi National Park, October 2025",Wildlife,Kenya,2025,Drought,0,0,0,0.000
superb-starling,"Nairobi National Park, October 2025",Wildlife,Kenya,2025,Elephants,0,0,0,0.000
superb-starling,"Nairobi National Park, October 2025",Wildlife,Kenya,2025,Feeding,0,0,0,0.000
superb-starling,"Nairobi National Park, October 2025",Wildlife,Kenya,2025,Flowers,0,0,0,0.000
superb-starling,"Nairobi National Park, October 2025",Wildlife,Kenya,2025,Fungi,0,0,0,0.000
superb-starling,"Nairobi National Park, October 2025",Wildlife,Kenya,2025,Gulls,0,0,0,0.000
superb-starling,"Nairobi National Park, October 2025",Wildlife,Kenya,2025,Insects,0,0,0,0.000
superb-starling,"Nairobi National Park, October 2025",Wildlife,Kenya,2025,Martello Towers,0,0,0,0.000
superb-starling,"Nairobi National Park, October 2025",Wildlife,Kenya,2025,Mountains,0,0,0,0.000
superb-starling,"Nairobi National Park, October 2025",Wildlife,Kenya,2025,Reflections,0,0,0,0.000
superb-starling,"Nairobi National Park, October 2025",Wildlife,Kenya,2025,Seabirds,0,0,0,0.000
superb-starling,"Nairobi National Park, October 2025",Wildlife,Kenya,2025,Silhouettes,0,0,0,0.000
superb-starling,"Nairobi National Park, October 2025",Wildlife,Kenya,2025,Skies and Cloud,0,0,0,0.000
superb-starling,"Nairobi National Park, October 2025",Wildlife,Kenya,2025,Skylines,0,0,0,0.000
superb-starling,"Nairobi National Park, October 2025",Wildlife,Kenya,2025,Spring,0,0,0,0.000
superb-starling,"Nairobi National Park, October 2025",Wildlife,Kenya,2025,Sunrise and Sunset,0,0,0,0.000
superb-starling,"Nairobi National Park, October 2025",Wildlife,Kenya,2025,Trees,0,0,0,0.000
superb-starling,"Nairobi National Park, October 2025",Wildlife,Kenya,2025,Waterbirds,0,0,0,0.000
superb-starling,"Nairobi National Park, October 2025",Wildlife,Kenya,2025,Waterfronts and Harbours,0,0,0,0.000
superb-starling,"Nairobi National Park, October 2025",Wildlife,Kenya,2025,Wild Cats,0,0,0,0.000
superb-starling,"Nairobi National Park, October 2025",Wildlife,Kenya,2025,Winter,0,0,0,0.000
superb-starling,"Nairobi National Park, October 2025",Wildlife,Kenya,2025,Woodland,0,0,0,0.000
superb-starling,"Nairobi National Park, October 2025",Wildlife,Kenya,2025,Young Animals,0,0,0,0.000
teide-over-the-pines,"Tenerife, January 2026",Landscape,Spain,2026,Acacias,0,0,0,0.000
teide-over-the-pines,"Tenerife, January 2026",Landscape,Spain,2026,Aircraft,0,0,0,0.000
teide-over-the-pines,"Tenerife, January 2026",Landscape,Spain,2026,Antelope,0,0,0,0.000
teide-over-the-pines,"Tenerife, January 2026",Landscape,Spain,2026,Autumn,0,0,0,0.000
teide-over-the-pines,"Tenerife, January 2026",Landscape,Spain,2026,Bees,0,0,0,0.000
teide-over-the-pines,"Tenerife, January 2026",Landscape,Spain,2026,Big Five,0,0,0,0.000
teide-over-the-pines,"Tenerife, January 2026",Landscape,Spain,2026,Birds,0,0,0,0.000
teide-over-the-pines,"Tenerife, January 2026",Landscape,Spain,2026,Birds in Flight,0,0,0,0.000
teide-over-the-pines,"Tenerife, January 2026",Landscape,Spain,2026,Birds of Prey,0,0,0,0.000
teide-over-the-pines,"Tenerife, January 2026",Landscape,Spain,2026,Boats and Ships,0,0,0,0.000
teide-over-the-pines,"Tenerife, January 2026",Landscape,Spain,2026,Coast and Sea,0,0,0,0.000
teide-over-the-pines,"Tenerife, January 2026",Landscape,Spain,2026,Drought,0,0,0,0.000
teide-over-the-pines,"Tenerife, January 2026",Landscape,Spain,2026,Elephants,0,0,0,0.000
teide-over-the-pines,"Tenerife, January 2026",Landscape,Spain,2026,Feeding,0,0,0,0.000
teide-over-the-pines,"Tenerife, January 2026",Landscape,Spain,2026,Flowers,0,0,0,0.000
teide-over-the-pines,"Tenerife, January 2026",Landscape,Spain,2026,Fungi,0,0,0,0.000
teide-over-the-pines,"Tenerife, January 2026",Landscape,Spain,2026,Gulls,0,0,0,0.000
teide-over-the-pines,"Tenerife, January 2026",Landscape,Spain,2026,Insects,0,0,0,0.000
teide-over-the-pines,"Tenerife, January 2026",Landscape,Spain,2026,Martello Towers,0,0,0,0.000
teide-over-the-pines,"Tenerife, January 2026",Landscape,Spain,2026,Mountains,1,0,0,0.000
teide-over-the-pines,"Tenerife, January 2026",Landscape,Spain,2026,Reflections,0,0,0,0.000
teide-over-the-pines,"Tenerife, January 2026",Landscape,Spain,2026,Seabirds,0,0,0,0.000
teide-over-the-pines,"Tenerife, January 2026",Landscape,Spain,2026,Silhouettes,0,0,0,0.000
teide-over-the-pines,"Tenerife, January 2026",Landscape,Spain,2026,Skies and Cloud,0,0,0,0.000
teide-over-the-pines,"Tenerife, January 2026",Landscape,Spain,2026,Skylines,0,0,0,0.000
teide-over-the-pines,"Tenerife, January 2026",Landscape,Spain,2026,Spring,0,0,0,0.000
teide-over-the-pines,"Tenerife, January 2026",Landscape,Spain,2026,Sunrise and Sunset,0,0,0,0.000
teide-over-the-pines,"Tenerife, January 2026",Landscape,Spain,2026,Trees,1,0,0,0.000
teide-over-the-pines,"Tenerife, January 2026",Landscape,Spain,2026,Waterbirds,0,0,0,0.000
teide-over-the-pines,"Tenerife, January 2026",Landscape,Spain,2026,Waterfronts and Harbours,0,0,0,0.000
teide-over-the-pines,"Tenerife, January 2026",Landscape,Spain,2026,Wild Cats,0,0,0,0.000
teide-over-the-pines,"Tenerife, January 2026",Landscape,Spain,2026,Winter,0,0,0,0.000
teide-over-the-pines,"Tenerife, January 2026",Landscape,Spain,2026,Woodland,0,0,0,0.000
teide-over-the-pines,"Tenerife, January 2026",Landscape,Spain,2026,Young Animals,0,0,0,0.000
the-break,"Amboseli, October 2025",Wildlife,Kenya,2025,Acacias,0,0,0,0.000
the-break,"Amboseli, October 2025",Wildlife,Kenya,2025,Aircraft,0,0,0,0.000
the-break,"Amboseli, October 2025",Wildlife,Kenya,2025,Antelope,1,0,0,0.000
the-break,"Amboseli, October 2025",Wildlife,Kenya,2025,Autumn,0,0,0,0.000
the-break,"Amboseli, October 2025",Wildlife,Kenya,2025,Bees,0,0,0,0.000
the-break,"Amboseli, October 2025",Wildlife,Kenya,2025,Big Five,0,0,0,0.000
the-break,"Amboseli, October 2025",Wildlife,Kenya,2025,Birds,0,0,0,0.000
the-break,"Amboseli, October 2025",Wildlife,Kenya,2025,Birds in Flight,0,0,0,0.000
the-break,"Amboseli, October 2025",Wildlife,Kenya,2025,Birds of Prey,0,0,0,0.000
the-break,"Amboseli, October 2025",Wildlife,Kenya,2025,Boats and Ships,0,0,0,0.000
the-break,"Amboseli, October 2025",Wildlife,Kenya,2025,Coast and Sea,0,0,0,0.000
the-break,"Amboseli, October 2025",Wildlife,Kenya,2025,Drought,0,0,0,0.000
the-break,"Amboseli, October 2025",Wildlife,Kenya,2025,Elephants,0,0,0,0.000
the-break,"Amboseli, October 2025",Wildlife,Kenya,2025,Feeding,0,0,0,0.000
the-break,"Amboseli, October 2025",Wildlife,Kenya,2025,Flowers,0,0,0,0.000
the-break,"Amboseli, October 2025",Wildlife,Kenya,2025,Fungi,0,0,0,0.000
the-break,"Amboseli, October 2025",Wildlife,Kenya,2025,Gulls,0,0,0,0.000
the-break,"Amboseli, October 2025",Wildlife,Kenya,2025,Insects,0,0,0,0.000
the-break,"Amboseli, October 2025",Wildlife,Kenya,2025,Martello Towers,0,0,0,0.000
the-break,"Amboseli, October 2025",Wildlife,Kenya,2025,Mountains,0,0,0,0.000
the-break,"Amboseli, October 2025",Wildlife,Kenya,2025,Reflections,0,0,0,0.000
the-break,"Amboseli, October 2025",Wildlife,Kenya,2025,Seabirds,0,0,0,0.000
the-break,"Amboseli, October 2025",Wildlife,Kenya,2025,Silhouettes,0,0,0,0.000
the-break,"Amboseli, October 2025",Wildlife,Kenya,2025,Skies and Cloud,0,0,0,0.000
the-break,"Amboseli, October 2025",Wildlife,Kenya,2025,Skylines,0,0,0,0.000
the-break,"Amboseli, October 2025",Wildlife,Kenya,2025,Spring,0,0,0,0.000
the-break,"Amboseli, October 2025",Wildlife,Kenya,2025,Sunrise and Sunset,0,0,0,0.000
the-break,"Amboseli, October 2025",Wildlife,Kenya,2025,Trees,0,0,0,0.000
the-break,"Amboseli, October 2025",Wildlife,Kenya,2025,Waterbirds,0,0,0,0.000
the-break,"Amboseli, October 2025",Wildlife,Kenya,2025,Waterfronts and Harbours,0,0,0,0.000
the-break,"Amboseli, October 2025",Wildlife,Kenya,2025,Wild Cats,0,0,1,0.500
the-break,"Amboseli, October 2025",Wildlife,Kenya,2025,Winter,0,0,0,0.000
the-break,"Amboseli, October 2025",Wildlife,Kenya,2025,Woodland,0,0,0,0.000
the-break,"Amboseli, October 2025",Wildlife,Kenya,2025,Young Animals,0,0,0,0.000
the-calf,"Nairobi National Park, October 2025",Wildlife,Kenya,2025,Acacias,0,0,0,0.000
the-calf,"Nairobi National Park, October 2025",Wildlife,Kenya,2025,Aircraft,0,0,0,0.000
the-calf,"Nairobi National Park, October 2025",Wildlife,Kenya,2025,Antelope,0,0,0,0.000
the-calf,"Nairobi National Park, October 2025",Wildlife,Kenya,2025,Autumn,0,0,0,0.000
the-calf,"Nairobi National Park, October 2025",Wildlife,Kenya,2025,Bees,0,0,0,0.000
the-calf,"Nairobi National Park, October 2025",Wildlife,Kenya,2025,Big Five,1,0,0,0.000
the-calf,"Nairobi National Park, October 2025",Wildlife,Kenya,2025,Birds,0,0,0,0.000
the-calf,"Nairobi National Park, October 2025",Wildlife,Kenya,2025,Birds in Flight,0,0,0,0.000
the-calf,"Nairobi National Park, October 2025",Wildlife,Kenya,2025,Birds of Prey,0,0,0,0.000
the-calf,"Nairobi National Park, October 2025",Wildlife,Kenya,2025,Boats and Ships,0,0,0,0.000
the-calf,"Nairobi National Park, October 2025",Wildlife,Kenya,2025,Coast and Sea,0,0,0,0.000
the-calf,"Nairobi National Park, October 2025",Wildlife,Kenya,2025,Drought,0,0,0,0.000
the-calf,"Nairobi National Park, October 2025",Wildlife,Kenya,2025,Elephants,0,0,0,0.000
the-calf,"Nairobi National Park, October 2025",Wildlife,Kenya,2025,Feeding,0,0,0,0.000
the-calf,"Nairobi National Park, October 2025",Wildlife,Kenya,2025,Flowers,0,0,0,0.000
the-calf,"Nairobi National Park, October 2025",Wildlife,Kenya,2025,Fungi,0,0,0,0.000
the-calf,"Nairobi National Park, October 2025",Wildlife,Kenya,2025,Gulls,0,0,0,0.000
the-calf,"Nairobi National Park, October 2025",Wildlife,Kenya,2025,Insects,0,0,0,0.000
the-calf,"Nairobi National Park, October 2025",Wildlife,Kenya,2025,Martello Towers,0,0,0,0.000
the-calf,"Nairobi National Park, October 2025",Wildlife,Kenya,2025,Mountains,0,0,0,0.000
the-calf,"Nairobi National Park, October 2025",Wildlife,Kenya,2025,Reflections,0,0,0,0.000
the-calf,"Nairobi National Park, October 2025",Wildlife,Kenya,2025,Seabirds,0,0,0,0.000
the-calf,"Nairobi National Park, October 2025",Wildlife,Kenya,2025,Silhouettes,0,0,0,0.000
the-calf,"Nairobi National Park, October 2025",Wildlife,Kenya,2025,Skies and Cloud,0,0,0,0.000
the-calf,"Nairobi National Park, October 2025",Wildlife,Kenya,2025,Skylines,0,0,0,0.000
the-calf,"Nairobi National Park, October 2025",Wildlife,Kenya,2025,Spring,0,0,0,0.000
the-calf,"Nairobi National Park, October 2025",Wildlife,Kenya,2025,Sunrise and Sunset,0,0,0,0.000
the-calf,"Nairobi National Park, October 2025",Wildlife,Kenya,2025,Trees,0,0,0,0.000
the-calf,"Nairobi National Park, October 2025",Wildlife,Kenya,2025,Waterbirds,0,0,0,0.000
the-calf,"Nairobi National Park, October 2025",Wildlife,Kenya,2025,Waterfronts and Harbours,0,0,0,0.000
the-calf,"Nairobi National Park, October 2025",Wildlife,Kenya,2025,Wild Cats,0,0,0,0.000
the-calf,"Nairobi National Park, October 2025",Wildlife,Kenya,2025,Winter,0,0,0,0.000
the-calf,"Nairobi National Park, October 2025",Wildlife,Kenya,2025,Woodland,0,0,0,0.000
the-calf,"Nairobi National Park, October 2025",Wildlife,Kenya,2025,Young Animals,0,0,0,0.000
the-coalition,"Enkewa, October 2025",Wildlife,Kenya,2025,Acacias,0,0,0,0.000
the-coalition,"Enkewa, October 2025",Wildlife,Kenya,2025,Aircraft,0,0,0,0.000
the-coalition,"Enkewa, October 2025",Wildlife,Kenya,2025,Antelope,0,0,0,0.000
the-coalition,"Enkewa, October 2025",Wildlife,Kenya,2025,Autumn,0,0,0,0.000
the-coalition,"Enkewa, October 2025",Wildlife,Kenya,2025,Bees,0,0,0,0.000
the-coalition,"Enkewa, October 2025",Wildlife,Kenya,2025,Big Five,1,0,0,0.000
the-coalition,"Enkewa, October 2025",Wildlife,Kenya,2025,Birds,0,0,0,0.000
the-coalition,"Enkewa, October 2025",Wildlife,Kenya,2025,Birds in Flight,0,0,0,0.000
the-coalition,"Enkewa, October 2025",Wildlife,Kenya,2025,Birds of Prey,0,0,0,0.000
the-coalition,"Enkewa, October 2025",Wildlife,Kenya,2025,Boats and Ships,0,0,0,0.000
the-coalition,"Enkewa, October 2025",Wildlife,Kenya,2025,Coast and Sea,0,0,0,0.000
the-coalition,"Enkewa, October 2025",Wildlife,Kenya,2025,Drought,0,0,0,0.000
the-coalition,"Enkewa, October 2025",Wildlife,Kenya,2025,Elephants,0,0,0,0.000
the-coalition,"Enkewa, October 2025",Wildlife,Kenya,2025,Feeding,0,0,0,0.000
the-coalition,"Enkewa, October 2025",Wildlife,Kenya,2025,Flowers,0,0,0,0.000
the-coalition,"Enkewa, October 2025",Wildlife,Kenya,2025,Fungi,0,0,0,0.000
the-coalition,"Enkewa, October 2025",Wildlife,Kenya,2025,Gulls,0,0,0,0.000
the-coalition,"Enkewa, October 2025",Wildlife,Kenya,2025,Insects,0,0,0,0.000
the-coalition,"Enkewa, October 2025",Wildlife,Kenya,2025,Martello Towers,0,0,0,0.000
the-coalition,"Enkewa, October 2025",Wildlife,Kenya,2025,Mountains,0,0,0,0.000
the-coalition,"Enkewa, October 2025",Wildlife,Kenya,2025,Reflections,0,0,0,0.000
the-coalition,"Enkewa, October 2025",Wildlife,Kenya,2025,Seabirds,0,0,0,0.000
the-coalition,"Enkewa, October 2025",Wildlife,Kenya,2025,Silhouettes,0,0,0,0.000
the-coalition,"Enkewa, October 2025",Wildlife,Kenya,2025,Skies and Cloud,0,0,0,0.000
the-coalition,"Enkewa, October 2025",Wildlife,Kenya,2025,Skylines,0,0,0,0.000
the-coalition,"Enkewa, October 2025",Wildlife,Kenya,2025,Spring,0,0,0,0.000
the-coalition,"Enkewa, October 2025",Wildlife,Kenya,2025,Sunrise and Sunset,0,0,0,0.000
the-coalition,"Enkewa, October 2025",Wildlife,Kenya,2025,Trees,0,0,0,0.000
the-coalition,"Enkewa, October 2025",Wildlife,Kenya,2025,Waterbirds,0,0,0,0.000
the-coalition,"Enkewa, October 2025",Wildlife,Kenya,2025,Waterfronts and Harbours,0,0,0,0.000
the-coalition,"Enkewa, October 2025",Wildlife,Kenya,2025,Wild Cats,1,0,0,0.000
the-coalition,"Enkewa, October 2025",Wildlife,Kenya,2025,Winter,0,0,0,0.000
the-coalition,"Enkewa, October 2025",Wildlife,Kenya,2025,Woodland,0,0,0,0.000
the-coalition,"Enkewa, October 2025",Wildlife,Kenya,2025,Young Animals,0,0,0,0.000
the-column,"Bohernabreena Reservoir, August 2026",Creative,Ireland,2026,Acacias,0,0,0,0.000
the-column,"Bohernabreena Reservoir, August 2026",Creative,Ireland,2026,Aircraft,0,0,0,0.000
the-column,"Bohernabreena Reservoir, August 2026",Creative,Ireland,2026,Antelope,0,0,0,0.000
the-column,"Bohernabreena Reservoir, August 2026",Creative,Ireland,2026,Autumn,0,0,0,0.000
the-column,"Bohernabreena Reservoir, August 2026",Creative,Ireland,2026,Bees,0,0,0,0.000
the-column,"Bohernabreena Reservoir, August 2026",Creative,Ireland,2026,Big Five,0,0,0,0.000
the-column,"Bohernabreena Reservoir, August 2026",Creative,Ireland,2026,Birds,0,0,0,0.000
the-column,"Bohernabreena Reservoir, August 2026",Creative,Ireland,2026,Birds in Flight,0,0,0,0.000
the-column,"Bohernabreena Reservoir, August 2026",Creative,Ireland,2026,Birds of Prey,0,0,0,0.000
the-column,"Bohernabreena Reservoir, August 2026",Creative,Ireland,2026,Boats and Ships,0,0,0,0.000
the-column,"Bohernabreena Reservoir, August 2026",Creative,Ireland,2026,Coast and Sea,0,0,0,0.000
the-column,"Bohernabreena Reservoir, August 2026",Creative,Ireland,2026,Drought,1,0,0,0.000
the-column,"Bohernabreena Reservoir, August 2026",Creative,Ireland,2026,Elephants,0,0,0,0.000
the-column,"Bohernabreena Reservoir, August 2026",Creative,Ireland,2026,Feeding,0,0,0,0.000
the-column,"Bohernabreena Reservoir, August 2026",Creative,Ireland,2026,Flowers,0,0,0,0.000
the-column,"Bohernabreena Reservoir, August 2026",Creative,Ireland,2026,Fungi,0,0,0,0.000
the-column,"Bohernabreena Reservoir, August 2026",Creative,Ireland,2026,Gulls,0,0,0,0.000
the-column,"Bohernabreena Reservoir, August 2026",Creative,Ireland,2026,Insects,0,0,0,0.000
the-column,"Bohernabreena Reservoir, August 2026",Creative,Ireland,2026,Martello Towers,0,0,0,0.000
the-column,"Bohernabreena Reservoir, August 2026",Creative,Ireland,2026,Mountains,0,0,0,0.000
the-column,"Bohernabreena Reservoir, August 2026",Creative,Ireland,2026,Reflections,1,1,1,1.000
the-column,"Bohernabreena Reservoir, August 2026",Creative,Ireland,2026,Seabirds,0,0,0,0.000
the-column,"Bohernabreena Reservoir, August 2026",Creative,Ireland,2026,Silhouettes,0,0,0,0.000
the-column,"Bohernabreena Reservoir, August 2026",Creative,Ireland,2026,Skies and Cloud,0,0,0,0.000
the-column,"Bohernabreena Reservoir, August 2026",Creative,Ireland,2026,Skylines,0,0,0,0.000
the-column,"Bohernabreena Reservoir, August 2026",Creative,Ireland,2026,Spring,0,0,0,0.000
the-column,"Bohernabreena Reservoir, August 2026",Creative,Ireland,2026,Sunrise and Sunset,0,0,0,0.000
the-column,"Bohernabreena Reservoir, August 2026",Creative,Ireland,2026,Trees,0,0,0,0.000
the-column,"Bohernabreena Reservoir, August 2026",Creative,Ireland,2026,Waterbirds,0,0,0,0.000
the-column,"Bohernabreena Reservoir, August 2026",Creative,Ireland,2026,Waterfronts and Harbours,0,0,0,0.000
the-column,"Bohernabreena Reservoir, August 2026",Creative,Ireland,2026,Wild Cats,0,0,0,0.000
the-column,"Bohernabreena Reservoir, August 2026",Creative,Ireland,2026,Winter,0,0,0,0.000
the-column,"Bohernabreena Reservoir, August 2026",Creative,Ireland,2026,Woodland,0,0,0,0.000
the-column,"Bohernabreena Reservoir, August 2026",Creative,Ireland,2026,Young Animals,0,0,0,0.000
the-drowned-forest,"Lake Naivasha, October 2025",Landscape,Kenya,2025,Acacias,0,0,0,0.000
the-drowned-forest,"Lake Naivasha, October 2025",Landscape,Kenya,2025,Aircraft,0,0,0,0.000
the-drowned-forest,"Lake Naivasha, October 2025",Landscape,Kenya,2025,Antelope,0,0,0,0.000
the-drowned-forest,"Lake Naivasha, October 2025",Landscape,Kenya,2025,Autumn,0,0,0,0.000
the-drowned-forest,"Lake Naivasha, October 2025",Landscape,Kenya,2025,Bees,0,0,0,0.000
the-drowned-forest,"Lake Naivasha, October 2025",Landscape,Kenya,2025,Big Five,0,0,0,0.000
the-drowned-forest,"Lake Naivasha, October 2025",Landscape,Kenya,2025,Birds,0,0,0,0.000
the-drowned-forest,"Lake Naivasha, October 2025",Landscape,Kenya,2025,Birds in Flight,0,0,0,0.000
the-drowned-forest,"Lake Naivasha, October 2025",Landscape,Kenya,2025,Birds of Prey,0,0,0,0.000
the-drowned-forest,"Lake Naivasha, October 2025",Landscape,Kenya,2025,Boats and Ships,0,0,0,0.000
the-drowned-forest,"Lake Naivasha, October 2025",Landscape,Kenya,2025,Coast and Sea,0,0,0,0.000
the-drowned-forest,"Lake Naivasha, October 2025",Landscape,Kenya,2025,Drought,0,0,0,0.000
the-drowned-forest,"Lake Naivasha, October 2025",Landscape,Kenya,2025,Elephants,0,0,0,0.000
the-drowned-forest,"Lake Naivasha, October 2025",Landscape,Kenya,2025,Feeding,0,0,0,0.000
the-drowned-forest,"Lake Naivasha, October 2025",Landscape,Kenya,2025,Flowers,0,0,0,0.000
the-drowned-forest,"Lake Naivasha, October 2025",Landscape,Kenya,2025,Fungi,0,0,0,0.000
the-drowned-forest,"Lake Naivasha, October 2025",Landscape,Kenya,2025,Gulls,0,0,0,0.000
the-drowned-forest,"Lake Naivasha, October 2025",Landscape,Kenya,2025,Insects,0,0,0,0.000
the-drowned-forest,"Lake Naivasha, October 2025",Landscape,Kenya,2025,Martello Towers,0,0,0,0.000
the-drowned-forest,"Lake Naivasha, October 2025",Landscape,Kenya,2025,Mountains,0,0,0,0.000
the-drowned-forest,"Lake Naivasha, October 2025",Landscape,Kenya,2025,Reflections,1,1,1,1.000
the-drowned-forest,"Lake Naivasha, October 2025",Landscape,Kenya,2025,Seabirds,0,0,0,0.000
the-drowned-forest,"Lake Naivasha, October 2025",Landscape,Kenya,2025,Silhouettes,0,0,0,0.000
the-drowned-forest,"Lake Naivasha, October 2025",Landscape,Kenya,2025,Skies and Cloud,0,0,1,0.500
the-drowned-forest,"Lake Naivasha, October 2025",Landscape,Kenya,2025,Skylines,0,0,0,0.000
the-drowned-forest,"Lake Naivasha, October 2025",Landscape,Kenya,2025,Spring,0,0,0,0.000
the-drowned-forest,"Lake Naivasha, October 2025",Landscape,Kenya,2025,Sunrise and Sunset,0,0,0,0.000
the-drowned-forest,"Lake Naivasha, October 2025",Landscape,Kenya,2025,Trees,1,1,1,1.000
the-drowned-forest,"Lake Naivasha, October 2025",Landscape,Kenya,2025,Waterbirds,0,0,0,0.000
the-drowned-forest,"Lake Naivasha, October 2025",Landscape,Kenya,2025,Waterfronts and Harbours,0,0,0,0.000
the-drowned-forest,"Lake Naivasha, October 2025",Landscape,Kenya,2025,Wild Cats,0,0,0,0.000
the-drowned-forest,"Lake Naivasha, October 2025",Landscape,Kenya,2025,Winter,0,0,0,0.000
the-drowned-forest,"Lake Naivasha, October 2025",Landscape,Kenya,2025,Woodland,0,0,0,0.000
the-drowned-forest,"Lake Naivasha, October 2025",Landscape,Kenya,2025,Young Animals,0,0,0,0.000
the-easel-on-the-lawn,"Farmleigh, Dublin",Documentary,Ireland,2024,Acacias,0,0,0,0.000
the-easel-on-the-lawn,"Farmleigh, Dublin",Documentary,Ireland,2024,Aircraft,0,0,0,0.000
the-easel-on-the-lawn,"Farmleigh, Dublin",Documentary,Ireland,2024,Antelope,0,0,0,0.000
the-easel-on-the-lawn,"Farmleigh, Dublin",Documentary,Ireland,2024,Autumn,0,0,0,0.000
the-easel-on-the-lawn,"Farmleigh, Dublin",Documentary,Ireland,2024,Bees,0,0,0,0.000
the-easel-on-the-lawn,"Farmleigh, Dublin",Documentary,Ireland,2024,Big Five,0,0,0,0.000
the-easel-on-the-lawn,"Farmleigh, Dublin",Documentary,Ireland,2024,Birds,0,0,0,0.000
the-easel-on-the-lawn,"Farmleigh, Dublin",Documentary,Ireland,2024,Birds in Flight,0,0,0,0.000
the-easel-on-the-lawn,"Farmleigh, Dublin",Documentary,Ireland,2024,Birds of Prey,0,0,0,0.000
the-easel-on-the-lawn,"Farmleigh, Dublin",Documentary,Ireland,2024,Boats and Ships,0,0,0,0.000
the-easel-on-the-lawn,"Farmleigh, Dublin",Documentary,Ireland,2024,Coast and Sea,0,0,0,0.000
the-easel-on-the-lawn,"Farmleigh, Dublin",Documentary,Ireland,2024,Drought,0,0,0,0.000
the-easel-on-the-lawn,"Farmleigh, Dublin",Documentary,Ireland,2024,Elephants,0,0,0,0.000
the-easel-on-the-lawn,"Farmleigh, Dublin",Documentary,Ireland,2024,Feeding,0,0,0,0.000
the-easel-on-the-lawn,"Farmleigh, Dublin",Documentary,Ireland,2024,Flowers,0,0,0,0.000
the-easel-on-the-lawn,"Farmleigh, Dublin",Documentary,Ireland,2024,Fungi,0,0,0,0.000
the-easel-on-the-lawn,"Farmleigh, Dublin",Documentary,Ireland,2024,Gulls,0,0,0,0.000
the-easel-on-the-lawn,"Farmleigh, Dublin",Documentary,Ireland,2024,Insects,0,0,0,0.000
the-easel-on-the-lawn,"Farmleigh, Dublin",Documentary,Ireland,2024,Martello Towers,0,0,0,0.000
the-easel-on-the-lawn,"Farmleigh, Dublin",Documentary,Ireland,2024,Mountains,0,0,0,0.000
the-easel-on-the-lawn,"Farmleigh, Dublin",Documentary,Ireland,2024,Reflections,0,0,0,0.000
the-easel-on-the-lawn,"Farmleigh, Dublin",Documentary,Ireland,2024,Seabirds,0,0,0,0.000
the-easel-on-the-lawn,"Farmleigh, Dublin",Documentary,Ireland,2024,Silhouettes,0,0,0,0.000
the-easel-on-the-lawn,"Farmleigh, Dublin",Documentary,Ireland,2024,Skies and Cloud,0,0,0,0.000
the-easel-on-the-lawn,"Farmleigh, Dublin",Documentary,Ireland,2024,Skylines,0,0,0,0.000
the-easel-on-the-lawn,"Farmleigh, Dublin",Documentary,Ireland,2024,Spring,1,0,0,0.000
the-easel-on-the-lawn,"Farmleigh, Dublin",Documentary,Ireland,2024,Sunrise and Sunset,0,0,0,0.000
the-easel-on-the-lawn,"Farmleigh, Dublin",Documentary,Ireland,2024,Trees,0,1,1,1.000
the-easel-on-the-lawn,"Farmleigh, Dublin",Documentary,Ireland,2024,Waterbirds,0,0,0,0.000
the-easel-on-the-lawn,"Farmleigh, Dublin",Documentary,Ireland,2024,Waterfronts and Harbours,0,0,0,0.000
the-easel-on-the-lawn,"Farmleigh, Dublin",Documentary,Ireland,2024,Wild Cats,0,0,0,0.000
the-easel-on-the-lawn,"Farmleigh, Dublin",Documentary,Ireland,2024,Winter,0,0,0,0.000
the-easel-on-the-lawn,"Farmleigh, Dublin",Documentary,Ireland,2024,Woodland,0,0,0,0.000
the-easel-on-the-lawn,"Farmleigh, Dublin",Documentary,Ireland,2024,Young Animals,0,0,0,0.000
the-iron-footbridge,"Bohernabreena Reservoir, August 2026",Documentary,Ireland,2026,Acacias,0,0,0,0.000
the-iron-footbridge,"Bohernabreena Reservoir, August 2026",Documentary,Ireland,2026,Aircraft,0,0,0,0.000
the-iron-footbridge,"Bohernabreena Reservoir, August 2026",Documentary,Ireland,2026,Antelope,0,0,0,0.000
the-iron-footbridge,"Bohernabreena Reservoir, August 2026",Documentary,Ireland,2026,Autumn,0,0,0,0.000
the-iron-footbridge,"Bohernabreena Reservoir, August 2026",Documentary,Ireland,2026,Bees,0,0,0,0.000
the-iron-footbridge,"Bohernabreena Reservoir, August 2026",Documentary,Ireland,2026,Big Five,0,0,0,0.000
the-iron-footbridge,"Bohernabreena Reservoir, August 2026",Documentary,Ireland,2026,Birds,0,0,0,0.000
the-iron-footbridge,"Bohernabreena Reservoir, August 2026",Documentary,Ireland,2026,Birds in Flight,0,0,0,0.000
the-iron-footbridge,"Bohernabreena Reservoir, August 2026",Documentary,Ireland,2026,Birds of Prey,0,0,0,0.000
the-iron-footbridge,"Bohernabreena Reservoir, August 2026",Documentary,Ireland,2026,Boats and Ships,0,0,0,0.000
the-iron-footbridge,"Bohernabreena Reservoir, August 2026",Documentary,Ireland,2026,Coast and Sea,0,0,0,0.000
the-iron-footbridge,"Bohernabreena Reservoir, August 2026",Documentary,Ireland,2026,Drought,1,0,0,0.000
the-iron-footbridge,"Bohernabreena Reservoir, August 2026",Documentary,Ireland,2026,Elephants,0,0,0,0.000
the-iron-footbridge,"Bohernabreena Reservoir, August 2026",Documentary,Ireland,2026,Feeding,0,0,0,0.000
the-iron-footbridge,"Bohernabreena Reservoir, August 2026",Documentary,Ireland,2026,Flowers,0,0,0,0.000
the-iron-footbridge,"Bohernabreena Reservoir, August 2026",Documentary,Ireland,2026,Fungi,0,0,0,0.000
the-iron-footbridge,"Bohernabreena Reservoir, August 2026",Documentary,Ireland,2026,Gulls,0,0,0,0.000
the-iron-footbridge,"Bohernabreena Reservoir, August 2026",Documentary,Ireland,2026,Insects,0,0,0,0.000
the-iron-footbridge,"Bohernabreena Reservoir, August 2026",Documentary,Ireland,2026,Martello Towers,0,0,0,0.000
the-iron-footbridge,"Bohernabreena Reservoir, August 2026",Documentary,Ireland,2026,Mountains,1,1,1,1.000
the-iron-footbridge,"Bohernabreena Reservoir, August 2026",Documentary,Ireland,2026,Reflections,0,0,0,0.000
the-iron-footbridge,"Bohernabreena Reservoir, August 2026",Documentary,Ireland,2026,Seabirds,0,0,0,0.000
the-iron-footbridge,"Bohernabreena Reservoir, August 2026",Documentary,Ireland,2026,Silhouettes,0,0,0,0.000
the-iron-footbridge,"Bohernabreena Reservoir, August 2026",Documentary,Ireland,2026,Skies and Cloud,0,0,0,0.000
the-iron-footbridge,"Bohernabreena Reservoir, August 2026",Documentary,Ireland,2026,Skylines,0,0,0,0.000
the-iron-footbridge,"Bohernabreena Reservoir, August 2026",Documentary,Ireland,2026,Spring,0,0,0,0.000
the-iron-footbridge,"Bohernabreena Reservoir, August 2026",Documentary,Ireland,2026,Sunrise and Sunset,0,0,0,0.000
the-iron-footbridge,"Bohernabreena Reservoir, August 2026",Documentary,Ireland,2026,Trees,0,0,0,0.000
the-iron-footbridge,"Bohernabreena Reservoir, August 2026",Documentary,Ireland,2026,Waterbirds,0,0,0,0.000
the-iron-footbridge,"Bohernabreena Reservoir, August 2026",Documentary,Ireland,2026,Waterfronts and Harbours,0,0,0,0.000
the-iron-footbridge,"Bohernabreena Reservoir, August 2026",Documentary,Ireland,2026,Wild Cats,0,0,0,0.000
the-iron-footbridge,"Bohernabreena Reservoir, August 2026",Documentary,Ireland,2026,Winter,0,0,0,0.000
the-iron-footbridge,"Bohernabreena Reservoir, August 2026",Documentary,Ireland,2026,Woodland,0,0,0,0.000
the-iron-footbridge,"Bohernabreena Reservoir, August 2026",Documentary,Ireland,2026,Young Animals,0,0,0,0.000
the-itch,"Amboseli, October 2025",Wildlife,Kenya,2025,Acacias,0,0,0,0.000
the-itch,"Amboseli, October 2025",Wildlife,Kenya,2025,Aircraft,0,0,0,0.000
the-itch,"Amboseli, October 2025",Wildlife,Kenya,2025,Antelope,1,0,0,0.000
the-itch,"Amboseli, October 2025",Wildlife,Kenya,2025,Autumn,0,0,0,0.000
the-itch,"Amboseli, October 2025",Wildlife,Kenya,2025,Bees,0,0,0,0.000
the-itch,"Amboseli, October 2025",Wildlife,Kenya,2025,Big Five,0,0,0,0.000
the-itch,"Amboseli, October 2025",Wildlife,Kenya,2025,Birds,0,0,0,0.000
the-itch,"Amboseli, October 2025",Wildlife,Kenya,2025,Birds in Flight,0,0,0,0.000
the-itch,"Amboseli, October 2025",Wildlife,Kenya,2025,Birds of Prey,0,0,0,0.000
the-itch,"Amboseli, October 2025",Wildlife,Kenya,2025,Boats and Ships,0,0,0,0.000
the-itch,"Amboseli, October 2025",Wildlife,Kenya,2025,Coast and Sea,0,0,0,0.000
the-itch,"Amboseli, October 2025",Wildlife,Kenya,2025,Drought,0,0,0,0.000
the-itch,"Amboseli, October 2025",Wildlife,Kenya,2025,Elephants,0,0,0,0.000
the-itch,"Amboseli, October 2025",Wildlife,Kenya,2025,Feeding,0,0,0,0.000
the-itch,"Amboseli, October 2025",Wildlife,Kenya,2025,Flowers,0,0,0,0.000
the-itch,"Amboseli, October 2025",Wildlife,Kenya,2025,Fungi,0,0,0,0.000
the-itch,"Amboseli, October 2025",Wildlife,Kenya,2025,Gulls,0,0,0,0.000
the-itch,"Amboseli, October 2025",Wildlife,Kenya,2025,Insects,0,0,0,0.000
the-itch,"Amboseli, October 2025",Wildlife,Kenya,2025,Martello Towers,0,0,0,0.000
the-itch,"Amboseli, October 2025",Wildlife,Kenya,2025,Mountains,0,0,0,0.000
the-itch,"Amboseli, October 2025",Wildlife,Kenya,2025,Reflections,0,0,0,0.000
the-itch,"Amboseli, October 2025",Wildlife,Kenya,2025,Seabirds,0,0,0,0.000
the-itch,"Amboseli, October 2025",Wildlife,Kenya,2025,Silhouettes,0,0,0,0.000
the-itch,"Amboseli, October 2025",Wildlife,Kenya,2025,Skies and Cloud,0,0,0,0.000
the-itch,"Amboseli, October 2025",Wildlife,Kenya,2025,Skylines,0,0,0,0.000
the-itch,"Amboseli, October 2025",Wildlife,Kenya,2025,Spring,0,0,0,0.000
the-itch,"Amboseli, October 2025",Wildlife,Kenya,2025,Sunrise and Sunset,0,0,0,0.000
the-itch,"Amboseli, October 2025",Wildlife,Kenya,2025,Trees,0,0,0,0.000
the-itch,"Amboseli, October 2025",Wildlife,Kenya,2025,Waterbirds,0,0,0,0.000
the-itch,"Amboseli, October 2025",Wildlife,Kenya,2025,Waterfronts and Harbours,0,0,0,0.000
the-itch,"Amboseli, October 2025",Wildlife,Kenya,2025,Wild Cats,0,0,0,0.000
the-itch,"Amboseli, October 2025",Wildlife,Kenya,2025,Winter,0,0,0,0.000
the-itch,"Amboseli, October 2025",Wildlife,Kenya,2025,Woodland,0,0,0,0.000
the-itch,"Amboseli, October 2025",Wildlife,Kenya,2025,Young Animals,0,0,0,0.000
the-line,"Amboseli, October 2025",Wildlife,Kenya,2025,Acacias,0,0,0,0.000
the-line,"Amboseli, October 2025",Wildlife,Kenya,2025,Aircraft,0,0,0,0.000
the-line,"Amboseli, October 2025",Wildlife,Kenya,2025,Antelope,1,0,0,0.000
the-line,"Amboseli, October 2025",Wildlife,Kenya,2025,Autumn,0,0,0,0.000
the-line,"Amboseli, October 2025",Wildlife,Kenya,2025,Bees,0,0,0,0.000
the-line,"Amboseli, October 2025",Wildlife,Kenya,2025,Big Five,0,0,0,0.000
the-line,"Amboseli, October 2025",Wildlife,Kenya,2025,Birds,0,0,0,0.000
the-line,"Amboseli, October 2025",Wildlife,Kenya,2025,Birds in Flight,0,0,0,0.000
the-line,"Amboseli, October 2025",Wildlife,Kenya,2025,Birds of Prey,0,0,0,0.000
the-line,"Amboseli, October 2025",Wildlife,Kenya,2025,Boats and Ships,0,0,0,0.000
the-line,"Amboseli, October 2025",Wildlife,Kenya,2025,Coast and Sea,0,0,0,0.000
the-line,"Amboseli, October 2025",Wildlife,Kenya,2025,Drought,0,0,0,0.000
the-line,"Amboseli, October 2025",Wildlife,Kenya,2025,Elephants,0,0,0,0.000
the-line,"Amboseli, October 2025",Wildlife,Kenya,2025,Feeding,0,0,0,0.000
the-line,"Amboseli, October 2025",Wildlife,Kenya,2025,Flowers,0,0,0,0.000
the-line,"Amboseli, October 2025",Wildlife,Kenya,2025,Fungi,0,0,0,0.000
the-line,"Amboseli, October 2025",Wildlife,Kenya,2025,Gulls,0,0,0,0.000
the-line,"Amboseli, October 2025",Wildlife,Kenya,2025,Insects,0,0,0,0.000
the-line,"Amboseli, October 2025",Wildlife,Kenya,2025,Martello Towers,0,0,0,0.000
the-line,"Amboseli, October 2025",Wildlife,Kenya,2025,Mountains,0,0,0,0.000
the-line,"Amboseli, October 2025",Wildlife,Kenya,2025,Reflections,0,0,0,0.000
the-line,"Amboseli, October 2025",Wildlife,Kenya,2025,Seabirds,0,0,0,0.000
the-line,"Amboseli, October 2025",Wildlife,Kenya,2025,Silhouettes,0,0,0,0.000
the-line,"Amboseli, October 2025",Wildlife,Kenya,2025,Skies and Cloud,0,0,0,0.000
the-line,"Amboseli, October 2025",Wildlife,Kenya,2025,Skylines,0,0,0,0.000
the-line,"Amboseli, October 2025",Wildlife,Kenya,2025,Spring,0,0,0,0.000
the-line,"Amboseli, October 2025",Wildlife,Kenya,2025,Sunrise and Sunset,0,0,0,0.000
the-line,"Amboseli, October 2025",Wildlife,Kenya,2025,Trees,0,1,1,1.000
the-line,"Amboseli, October 2025",Wildlife,Kenya,2025,Waterbirds,0,0,0,0.000
the-line,"Amboseli, October 2025",Wildlife,Kenya,2025,Waterfronts and Harbours,0,0,0,0.000
the-line,"Amboseli, October 2025",Wildlife,Kenya,2025,Wild Cats,0,0,0,0.000
the-line,"Amboseli, October 2025",Wildlife,Kenya,2025,Winter,0,0,0,0.000
the-line,"Amboseli, October 2025",Wildlife,Kenya,2025,Woodland,0,0,0,0.000
the-line,"Amboseli, October 2025",Wildlife,Kenya,2025,Young Animals,0,0,0,0.000
the-mud-bath,"Amboseli, October 2025",Wildlife,Kenya,2025,Acacias,0,0,0,0.000
the-mud-bath,"Amboseli, October 2025",Wildlife,Kenya,2025,Aircraft,0,0,0,0.000
the-mud-bath,"Amboseli, October 2025",Wildlife,Kenya,2025,Antelope,0,0,0,0.000
the-mud-bath,"Amboseli, October 2025",Wildlife,Kenya,2025,Autumn,0,0,0,0.000
the-mud-bath,"Amboseli, October 2025",Wildlife,Kenya,2025,Bees,0,0,0,0.000
the-mud-bath,"Amboseli, October 2025",Wildlife,Kenya,2025,Big Five,1,0,0,0.000
the-mud-bath,"Amboseli, October 2025",Wildlife,Kenya,2025,Birds,0,0,0,0.000
the-mud-bath,"Amboseli, October 2025",Wildlife,Kenya,2025,Birds in Flight,0,0,0,0.000
the-mud-bath,"Amboseli, October 2025",Wildlife,Kenya,2025,Birds of Prey,0,0,0,0.000
the-mud-bath,"Amboseli, October 2025",Wildlife,Kenya,2025,Boats and Ships,0,0,0,0.000
the-mud-bath,"Amboseli, October 2025",Wildlife,Kenya,2025,Coast and Sea,0,0,0,0.000
the-mud-bath,"Amboseli, October 2025",Wildlife,Kenya,2025,Drought,0,0,0,0.000
the-mud-bath,"Amboseli, October 2025",Wildlife,Kenya,2025,Elephants,1,1,1,1.000
the-mud-bath,"Amboseli, October 2025",Wildlife,Kenya,2025,Feeding,0,0,0,0.000
the-mud-bath,"Amboseli, October 2025",Wildlife,Kenya,2025,Flowers,0,0,0,0.000
the-mud-bath,"Amboseli, October 2025",Wildlife,Kenya,2025,Fungi,0,0,0,0.000
the-mud-bath,"Amboseli, October 2025",Wildlife,Kenya,2025,Gulls,0,0,0,0.000
the-mud-bath,"Amboseli, October 2025",Wildlife,Kenya,2025,Insects,0,0,0,0.000
the-mud-bath,"Amboseli, October 2025",Wildlife,Kenya,2025,Martello Towers,0,0,0,0.000
the-mud-bath,"Amboseli, October 2025",Wildlife,Kenya,2025,Mountains,0,0,0,0.000
the-mud-bath,"Amboseli, October 2025",Wildlife,Kenya,2025,Reflections,0,0,0,0.000
the-mud-bath,"Amboseli, October 2025",Wildlife,Kenya,2025,Seabirds,0,0,0,0.000
the-mud-bath,"Amboseli, October 2025",Wildlife,Kenya,2025,Silhouettes,0,0,0,0.000
the-mud-bath,"Amboseli, October 2025",Wildlife,Kenya,2025,Skies and Cloud,0,0,0,0.000
the-mud-bath,"Amboseli, October 2025",Wildlife,Kenya,2025,Skylines,0,0,0,0.000
the-mud-bath,"Amboseli, October 2025",Wildlife,Kenya,2025,Spring,0,0,0,0.000
the-mud-bath,"Amboseli, October 2025",Wildlife,Kenya,2025,Sunrise and Sunset,0,0,0,0.000
the-mud-bath,"Amboseli, October 2025",Wildlife,Kenya,2025,Trees,0,0,0,0.000
the-mud-bath,"Amboseli, October 2025",Wildlife,Kenya,2025,Waterbirds,0,0,0,0.000
the-mud-bath,"Amboseli, October 2025",Wildlife,Kenya,2025,Waterfronts and Harbours,0,0,0,0.000
the-mud-bath,"Amboseli, October 2025",Wildlife,Kenya,2025,Wild Cats,0,0,1,0.500
the-mud-bath,"Amboseli, October 2025",Wildlife,Kenya,2025,Winter,0,0,0,0.000
the-mud-bath,"Amboseli, October 2025",Wildlife,Kenya,2025,Woodland,0,0,0,0.000
the-mud-bath,"Amboseli, October 2025",Wildlife,Kenya,2025,Young Animals,1,0,0,0.000
the-muglins,"Dalkey Island, June 2026",Landscape,Ireland,2026,Acacias,0,0,0,0.000
the-muglins,"Dalkey Island, June 2026",Landscape,Ireland,2026,Aircraft,0,0,0,0.000
the-muglins,"Dalkey Island, June 2026",Landscape,Ireland,2026,Antelope,0,0,0,0.000
the-muglins,"Dalkey Island, June 2026",Landscape,Ireland,2026,Autumn,0,0,0,0.000
the-muglins,"Dalkey Island, June 2026",Landscape,Ireland,2026,Bees,0,0,0,0.000
the-muglins,"Dalkey Island, June 2026",Landscape,Ireland,2026,Big Five,0,0,0,0.000
the-muglins,"Dalkey Island, June 2026",Landscape,Ireland,2026,Birds,0,0,0,0.000
the-muglins,"Dalkey Island, June 2026",Landscape,Ireland,2026,Birds in Flight,0,0,0,0.000
the-muglins,"Dalkey Island, June 2026",Landscape,Ireland,2026,Birds of Prey,0,0,0,0.000
the-muglins,"Dalkey Island, June 2026",Landscape,Ireland,2026,Boats and Ships,0,0,0,0.000
the-muglins,"Dalkey Island, June 2026",Landscape,Ireland,2026,Coast and Sea,1,0,0,0.000
the-muglins,"Dalkey Island, June 2026",Landscape,Ireland,2026,Drought,0,0,0,0.000
the-muglins,"Dalkey Island, June 2026",Landscape,Ireland,2026,Elephants,0,0,0,0.000
the-muglins,"Dalkey Island, June 2026",Landscape,Ireland,2026,Feeding,0,0,0,0.000
the-muglins,"Dalkey Island, June 2026",Landscape,Ireland,2026,Flowers,0,0,0,0.000
the-muglins,"Dalkey Island, June 2026",Landscape,Ireland,2026,Fungi,0,0,0,0.000
the-muglins,"Dalkey Island, June 2026",Landscape,Ireland,2026,Gulls,0,0,0,0.000
the-muglins,"Dalkey Island, June 2026",Landscape,Ireland,2026,Insects,0,0,0,0.000
the-muglins,"Dalkey Island, June 2026",Landscape,Ireland,2026,Martello Towers,0,0,0,0.000
the-muglins,"Dalkey Island, June 2026",Landscape,Ireland,2026,Mountains,0,0,0,0.000
the-muglins,"Dalkey Island, June 2026",Landscape,Ireland,2026,Reflections,0,0,0,0.000
the-muglins,"Dalkey Island, June 2026",Landscape,Ireland,2026,Seabirds,0,0,0,0.000
the-muglins,"Dalkey Island, June 2026",Landscape,Ireland,2026,Silhouettes,0,0,0,0.000
the-muglins,"Dalkey Island, June 2026",Landscape,Ireland,2026,Skies and Cloud,0,0,0,0.000
the-muglins,"Dalkey Island, June 2026",Landscape,Ireland,2026,Skylines,0,0,0,0.000
the-muglins,"Dalkey Island, June 2026",Landscape,Ireland,2026,Spring,0,0,0,0.000
the-muglins,"Dalkey Island, June 2026",Landscape,Ireland,2026,Sunrise and Sunset,0,0,0,0.000
the-muglins,"Dalkey Island, June 2026",Landscape,Ireland,2026,Trees,0,0,0,0.000
the-muglins,"Dalkey Island, June 2026",Landscape,Ireland,2026,Waterbirds,0,0,0,0.000
the-muglins,"Dalkey Island, June 2026",Landscape,Ireland,2026,Waterfronts and Harbours,0,0,0,0.000
the-muglins,"Dalkey Island, June 2026",Landscape,Ireland,2026,Wild Cats,0,0,0,0.000
the-muglins,"Dalkey Island, June 2026",Landscape,Ireland,2026,Winter,0,0,0,0.000
the-muglins,"Dalkey Island, June 2026",Landscape,Ireland,2026,Woodland,0,0,0,0.000
the-muglins,"Dalkey Island, June 2026",Landscape,Ireland,2026,Young Animals,0,0,0,0.000
the-pair,"Amboseli, October 2025",Wildlife,Kenya,2025,Acacias,0,0,0,0.000
the-pair,"Amboseli, October 2025",Wildlife,Kenya,2025,Aircraft,0,0,0,0.000
the-pair,"Amboseli, October 2025",Wildlife,Kenya,2025,Antelope,0,0,0,0.000
the-pair,"Amboseli, October 2025",Wildlife,Kenya,2025,Autumn,0,0,0,0.000
the-pair,"Amboseli, October 2025",Wildlife,Kenya,2025,Bees,0,0,0,0.000
the-pair,"Amboseli, October 2025",Wildlife,Kenya,2025,Big Five,1,0,0,0.000
the-pair,"Amboseli, October 2025",Wildlife,Kenya,2025,Birds,0,0,0,0.000
the-pair,"Amboseli, October 2025",Wildlife,Kenya,2025,Birds in Flight,0,0,0,0.000
the-pair,"Amboseli, October 2025",Wildlife,Kenya,2025,Birds of Prey,0,0,0,0.000
the-pair,"Amboseli, October 2025",Wildlife,Kenya,2025,Boats and Ships,0,0,0,0.000
the-pair,"Amboseli, October 2025",Wildlife,Kenya,2025,Coast and Sea,0,0,0,0.000
the-pair,"Amboseli, October 2025",Wildlife,Kenya,2025,Drought,0,0,0,0.000
the-pair,"Amboseli, October 2025",Wildlife,Kenya,2025,Elephants,0,0,0,0.000
the-pair,"Amboseli, October 2025",Wildlife,Kenya,2025,Feeding,0,0,0,0.000
the-pair,"Amboseli, October 2025",Wildlife,Kenya,2025,Flowers,0,0,0,0.000
the-pair,"Amboseli, October 2025",Wildlife,Kenya,2025,Fungi,0,0,0,0.000
the-pair,"Amboseli, October 2025",Wildlife,Kenya,2025,Gulls,0,0,0,0.000
the-pair,"Amboseli, October 2025",Wildlife,Kenya,2025,Insects,0,0,0,0.000
the-pair,"Amboseli, October 2025",Wildlife,Kenya,2025,Martello Towers,0,0,0,0.000
the-pair,"Amboseli, October 2025",Wildlife,Kenya,2025,Mountains,0,0,0,0.000
the-pair,"Amboseli, October 2025",Wildlife,Kenya,2025,Reflections,0,0,0,0.000
the-pair,"Amboseli, October 2025",Wildlife,Kenya,2025,Seabirds,0,0,0,0.000
the-pair,"Amboseli, October 2025",Wildlife,Kenya,2025,Silhouettes,0,0,0,0.000
the-pair,"Amboseli, October 2025",Wildlife,Kenya,2025,Skies and Cloud,0,0,0,0.000
the-pair,"Amboseli, October 2025",Wildlife,Kenya,2025,Skylines,0,0,0,0.000
the-pair,"Amboseli, October 2025",Wildlife,Kenya,2025,Spring,0,0,0,0.000
the-pair,"Amboseli, October 2025",Wildlife,Kenya,2025,Sunrise and Sunset,0,0,0,0.000
the-pair,"Amboseli, October 2025",Wildlife,Kenya,2025,Trees,0,1,1,1.000
the-pair,"Amboseli, October 2025",Wildlife,Kenya,2025,Waterbirds,0,0,0,0.000
the-pair,"Amboseli, October 2025",Wildlife,Kenya,2025,Waterfronts and Harbours,0,0,0,0.000
the-pair,"Amboseli, October 2025",Wildlife,Kenya,2025,Wild Cats,1,0,0,0.000
the-pair,"Amboseli, October 2025",Wildlife,Kenya,2025,Winter,0,0,0,0.000
the-pair,"Amboseli, October 2025",Wildlife,Kenya,2025,Woodland,0,0,0,0.000
the-pair,"Amboseli, October 2025",Wildlife,Kenya,2025,Young Animals,0,0,0,0.000
the-portico-at-farmleigh,"Farmleigh, Dublin",Architecture,Ireland,2025,Acacias,0,0,0,0.000
the-portico-at-farmleigh,"Farmleigh, Dublin",Architecture,Ireland,2025,Aircraft,0,0,0,0.000
the-portico-at-farmleigh,"Farmleigh, Dublin",Architecture,Ireland,2025,Antelope,0,0,0,0.000
the-portico-at-farmleigh,"Farmleigh, Dublin",Architecture,Ireland,2025,Autumn,1,0,0,0.000
the-portico-at-farmleigh,"Farmleigh, Dublin",Architecture,Ireland,2025,Bees,0,0,0,0.000
the-portico-at-farmleigh,"Farmleigh, Dublin",Architecture,Ireland,2025,Big Five,0,0,0,0.000
the-portico-at-farmleigh,"Farmleigh, Dublin",Architecture,Ireland,2025,Birds,0,0,0,0.000
the-portico-at-farmleigh,"Farmleigh, Dublin",Architecture,Ireland,2025,Birds in Flight,0,0,0,0.000
the-portico-at-farmleigh,"Farmleigh, Dublin",Architecture,Ireland,2025,Birds of Prey,0,0,0,0.000
the-portico-at-farmleigh,"Farmleigh, Dublin",Architecture,Ireland,2025,Boats and Ships,0,0,0,0.000
the-portico-at-farmleigh,"Farmleigh, Dublin",Architecture,Ireland,2025,Coast and Sea,0,0,0,0.000
the-portico-at-farmleigh,"Farmleigh, Dublin",Architecture,Ireland,2025,Drought,0,0,0,0.000
the-portico-at-farmleigh,"Farmleigh, Dublin",Architecture,Ireland,2025,Elephants,0,0,0,0.000
the-portico-at-farmleigh,"Farmleigh, Dublin",Architecture,Ireland,2025,Feeding,0,0,0,0.000
the-portico-at-farmleigh,"Farmleigh, Dublin",Architecture,Ireland,2025,Flowers,0,0,0,0.000
the-portico-at-farmleigh,"Farmleigh, Dublin",Architecture,Ireland,2025,Fungi,0,0,0,0.000
the-portico-at-farmleigh,"Farmleigh, Dublin",Architecture,Ireland,2025,Gulls,0,0,0,0.000
the-portico-at-farmleigh,"Farmleigh, Dublin",Architecture,Ireland,2025,Insects,0,0,0,0.000
the-portico-at-farmleigh,"Farmleigh, Dublin",Architecture,Ireland,2025,Martello Towers,0,0,0,0.000
the-portico-at-farmleigh,"Farmleigh, Dublin",Architecture,Ireland,2025,Mountains,0,0,0,0.000
the-portico-at-farmleigh,"Farmleigh, Dublin",Architecture,Ireland,2025,Reflections,0,0,0,0.000
the-portico-at-farmleigh,"Farmleigh, Dublin",Architecture,Ireland,2025,Seabirds,0,0,0,0.000
the-portico-at-farmleigh,"Farmleigh, Dublin",Architecture,Ireland,2025,Silhouettes,0,0,0,0.000
the-portico-at-farmleigh,"Farmleigh, Dublin",Architecture,Ireland,2025,Skies and Cloud,0,0,0,0.000
the-portico-at-farmleigh,"Farmleigh, Dublin",Architecture,Ireland,2025,Skylines,0,0,0,0.000
the-portico-at-farmleigh,"Farmleigh, Dublin",Architecture,Ireland,2025,Spring,0,0,0,0.000
the-portico-at-farmleigh,"Farmleigh, Dublin",Architecture,Ireland,2025,Sunrise and Sunset,0,0,0,0.000
the-portico-at-farmleigh,"Farmleigh, Dublin",Architecture,Ireland,2025,Trees,0,0,0,0.000
the-portico-at-farmleigh,"Farmleigh, Dublin",Architecture,Ireland,2025,Waterbirds,0,0,0,0.000
the-portico-at-farmleigh,"Farmleigh, Dublin",Architecture,Ireland,2025,Waterfronts and Harbours,0,0,0,0.000
the-portico-at-farmleigh,"Farmleigh, Dublin",Architecture,Ireland,2025,Wild Cats,0,0,0,0.000
the-portico-at-farmleigh,"Farmleigh, Dublin",Architecture,Ireland,2025,Winter,0,0,0,0.000
the-portico-at-farmleigh,"Farmleigh, Dublin",Architecture,Ireland,2025,Woodland,0,0,0,0.000
the-portico-at-farmleigh,"Farmleigh, Dublin",Architecture,Ireland,2025,Young Animals,0,0,0,0.000
the-thames-at-woolwich,"London, August 2026",Landscape,England,2026,Acacias,0,0,0,0.000
the-thames-at-woolwich,"London, August 2026",Landscape,England,2026,Aircraft,0,0,0,0.000
the-thames-at-woolwich,"London, August 2026",Landscape,England,2026,Antelope,0,0,0,0.000
the-thames-at-woolwich,"London, August 2026",Landscape,England,2026,Autumn,0,0,0,0.000
the-thames-at-woolwich,"London, August 2026",Landscape,England,2026,Bees,0,0,0,0.000
the-thames-at-woolwich,"London, August 2026",Landscape,England,2026,Big Five,0,0,0,0.000
the-thames-at-woolwich,"London, August 2026",Landscape,England,2026,Birds,0,0,0,0.000
the-thames-at-woolwich,"London, August 2026",Landscape,England,2026,Birds in Flight,0,0,0,0.000
the-thames-at-woolwich,"London, August 2026",Landscape,England,2026,Birds of Prey,0,0,0,0.000
the-thames-at-woolwich,"London, August 2026",Landscape,England,2026,Boats and Ships,1,0,0,0.000
the-thames-at-woolwich,"London, August 2026",Landscape,England,2026,Coast and Sea,0,0,0,0.000
the-thames-at-woolwich,"London, August 2026",Landscape,England,2026,Drought,0,0,0,0.000
the-thames-at-woolwich,"London, August 2026",Landscape,England,2026,Elephants,0,0,0,0.000
the-thames-at-woolwich,"London, August 2026",Landscape,England,2026,Feeding,0,0,0,0.000
the-thames-at-woolwich,"London, August 2026",Landscape,England,2026,Flowers,0,0,0,0.000
the-thames-at-woolwich,"London, August 2026",Landscape,England,2026,Fungi,0,0,0,0.000
the-thames-at-woolwich,"London, August 2026",Landscape,England,2026,Gulls,0,1,1,1.000
the-thames-at-woolwich,"London, August 2026",Landscape,England,2026,Insects,0,0,0,0.000
the-thames-at-woolwich,"London, August 2026",Landscape,England,2026,Martello Towers,0,0,1,0.500
the-thames-at-woolwich,"London, August 2026",Landscape,England,2026,Mountains,0,0,0,0.000
the-thames-at-woolwich,"London, August 2026",Landscape,England,2026,Reflections,0,0,0,0.000
the-thames-at-woolwich,"London, August 2026",Landscape,England,2026,Seabirds,0,0,0,0.000
the-thames-at-woolwich,"London, August 2026",Landscape,England,2026,Silhouettes,0,0,0,0.000
the-thames-at-woolwich,"London, August 2026",Landscape,England,2026,Skies and Cloud,0,0,0,0.000
the-thames-at-woolwich,"London, August 2026",Landscape,England,2026,Skylines,1,0,0,0.000
the-thames-at-woolwich,"London, August 2026",Landscape,England,2026,Spring,0,0,0,0.000
the-thames-at-woolwich,"London, August 2026",Landscape,England,2026,Sunrise and Sunset,0,0,0,0.000
the-thames-at-woolwich,"London, August 2026",Landscape,England,2026,Trees,0,0,0,0.000
the-thames-at-woolwich,"London, August 2026",Landscape,England,2026,Waterbirds,0,0,0,0.000
the-thames-at-woolwich,"London, August 2026",Landscape,England,2026,Waterfronts and Harbours,1,0,0,0.000
the-thames-at-woolwich,"London, August 2026",Landscape,England,2026,Wild Cats,0,0,0,0.000
the-thames-at-woolwich,"London, August 2026",Landscape,England,2026,Winter,0,0,0,0.000
the-thames-at-woolwich,"London, August 2026",Landscape,England,2026,Woodland,0,0,0,0.000
the-thames-at-woolwich,"London, August 2026",Landscape,England,2026,Young Animals,0,0,0,0.000
the-troop,"Massy's Wood, September 2026",Nature,Ireland,2026,Acacias,0,0,0,0.000
the-troop,"Massy's Wood, September 2026",Nature,Ireland,2026,Aircraft,0,0,0,0.000
the-troop,"Massy's Wood, September 2026",Nature,Ireland,2026,Antelope,0,0,0,0.000
the-troop,"Massy's Wood, September 2026",Nature,Ireland,2026,Autumn,0,0,0,0.000
the-troop,"Massy's Wood, September 2026",Nature,Ireland,2026,Bees,0,0,0,0.000
the-troop,"Massy's Wood, September 2026",Nature,Ireland,2026,Big Five,0,0,0,0.000
the-troop,"Massy's Wood, September 2026",Nature,Ireland,2026,Birds,0,0,0,0.000
the-troop,"Massy's Wood, September 2026",Nature,Ireland,2026,Birds in Flight,0,0,0,0.000
the-troop,"Massy's Wood, September 2026",Nature,Ireland,2026,Birds of Prey,0,0,0,0.000
the-troop,"Massy's Wood, September 2026",Nature,Ireland,2026,Boats and Ships,0,0,0,0.000
the-troop,"Massy's Wood, September 2026",Nature,Ireland,2026,Coast and Sea,0,0,0,0.000
the-troop,"Massy's Wood, September 2026",Nature,Ireland,2026,Drought,0,0,0,0.000
the-troop,"Massy's Wood, September 2026",Nature,Ireland,2026,Elephants,0,0,0,0.000
the-troop,"Massy's Wood, September 2026",Nature,Ireland,2026,Feeding,0,0,0,0.000
the-troop,"Massy's Wood, September 2026",Nature,Ireland,2026,Flowers,0,0,0,0.000
the-troop,"Massy's Wood, September 2026",Nature,Ireland,2026,Fungi,1,0,0,0.000
the-troop,"Massy's Wood, September 2026",Nature,Ireland,2026,Gulls,0,0,0,0.000
the-troop,"Massy's Wood, September 2026",Nature,Ireland,2026,Insects,0,0,0,0.000
the-troop,"Massy's Wood, September 2026",Nature,Ireland,2026,Martello Towers,0,0,0,0.000
the-troop,"Massy's Wood, September 2026",Nature,Ireland,2026,Mountains,0,0,0,0.000
the-troop,"Massy's Wood, September 2026",Nature,Ireland,2026,Reflections,0,0,0,0.000
the-troop,"Massy's Wood, September 2026",Nature,Ireland,2026,Seabirds,0,0,0,0.000
the-troop,"Massy's Wood, September 2026",Nature,Ireland,2026,Silhouettes,0,0,0,0.000
the-troop,"Massy's Wood, September 2026",Nature,Ireland,2026,Skies and Cloud,0,0,0,0.000
the-troop,"Massy's Wood, September 2026",Nature,Ireland,2026,Skylines,0,0,0,0.000
the-troop,"Massy's Wood, September 2026",Nature,Ireland,2026,Spring,0,0,0,0.000
the-troop,"Massy's Wood, September 2026",Nature,Ireland,2026,Sunrise and Sunset,0,0,0,0.000
the-troop,"Massy's Wood, September 2026",Nature,Ireland,2026,Trees,0,0,0,0.000
the-troop,"Massy's Wood, September 2026",Nature,Ireland,2026,Waterbirds,0,0,0,0.000
the-troop,"Massy's Wood, September 2026",Nature,Ireland,2026,Waterfronts and Harbours,0,0,0,0.000
the-troop,"Massy's Wood, September 2026",Nature,Ireland,2026,Wild Cats,0,0,0,0.000
the-troop,"Massy's Wood, September 2026",Nature,Ireland,2026,Winter,0,0,0,0.000
the-troop,"Massy's Wood, September 2026",Nature,Ireland,2026,Woodland,1,0,0,0.000
the-troop,"Massy's Wood, September 2026",Nature,Ireland,2026,Young Animals,0,0,0,0.000
the-turquoise-cove,"Great Saltee, August 2026",Landscape,Ireland,2026,Acacias,0,0,0,0.000
the-turquoise-cove,"Great Saltee, August 2026",Landscape,Ireland,2026,Aircraft,0,0,0,0.000
the-turquoise-cove,"Great Saltee, August 2026",Landscape,Ireland,2026,Antelope,0,0,0,0.000
the-turquoise-cove,"Great Saltee, August 2026",Landscape,Ireland,2026,Autumn,0,0,0,0.000
the-turquoise-cove,"Great Saltee, August 2026",Landscape,Ireland,2026,Bees,0,0,0,0.000
the-turquoise-cove,"Great Saltee, August 2026",Landscape,Ireland,2026,Big Five,0,0,0,0.000
the-turquoise-cove,"Great Saltee, August 2026",Landscape,Ireland,2026,Birds,0,0,0,0.000
the-turquoise-cove,"Great Saltee, August 2026",Landscape,Ireland,2026,Birds in Flight,0,0,0,0.000
the-turquoise-cove,"Great Saltee, August 2026",Landscape,Ireland,2026,Birds of Prey,0,0,0,0.000
the-turquoise-cove,"Great Saltee, August 2026",Landscape,Ireland,2026,Boats and Ships,0,0,0,0.000
the-turquoise-cove,"Great Saltee, August 2026",Landscape,Ireland,2026,Coast and Sea,1,0,0,0.000
the-turquoise-cove,"Great Saltee, August 2026",Landscape,Ireland,2026,Drought,0,0,0,0.000
the-turquoise-cove,"Great Saltee, August 2026",Landscape,Ireland,2026,Elephants,0,0,0,0.000
the-turquoise-cove,"Great Saltee, August 2026",Landscape,Ireland,2026,Feeding,0,0,0,0.000
the-turquoise-cove,"Great Saltee, August 2026",Landscape,Ireland,2026,Flowers,0,0,0,0.000
the-turquoise-cove,"Great Saltee, August 2026",Landscape,Ireland,2026,Fungi,0,0,0,0.000
the-turquoise-cove,"Great Saltee, August 2026",Landscape,Ireland,2026,Gulls,0,0,0,0.000
the-turquoise-cove,"Great Saltee, August 2026",Landscape,Ireland,2026,Insects,0,0,0,0.000
the-turquoise-cove,"Great Saltee, August 2026",Landscape,Ireland,2026,Martello Towers,0,0,0,0.000
the-turquoise-cove,"Great Saltee, August 2026",Landscape,Ireland,2026,Mountains,0,0,0,0.000
the-turquoise-cove,"Great Saltee, August 2026",Landscape,Ireland,2026,Reflections,0,0,0,0.000
the-turquoise-cove,"Great Saltee, August 2026",Landscape,Ireland,2026,Seabirds,0,0,0,0.000
the-turquoise-cove,"Great Saltee, August 2026",Landscape,Ireland,2026,Silhouettes,0,0,0,0.000
the-turquoise-cove,"Great Saltee, August 2026",Landscape,Ireland,2026,Skies and Cloud,0,0,0,0.000
the-turquoise-cove,"Great Saltee, August 2026",Landscape,Ireland,2026,Skylines,0,0,0,0.000
the-turquoise-cove,"Great Saltee, August 2026",Landscape,Ireland,2026,Spring,0,0,0,0.000
the-turquoise-cove,"Great Saltee, August 2026",Landscape,Ireland,2026,Sunrise and Sunset,0,0,0,0.000
the-turquoise-cove,"Great Saltee, August 2026",Landscape,Ireland,2026,Trees,0,0,0,0.000
the-turquoise-cove,"Great Saltee, August 2026",Landscape,Ireland,2026,Waterbirds,0,0,0,0.000
the-turquoise-cove,"Great Saltee, August 2026",Landscape,Ireland,2026,Waterfronts and Harbours,0,0,0,0.000
the-turquoise-cove,"Great Saltee, August 2026",Landscape,Ireland,2026,Wild Cats,0,0,0,0.000
the-turquoise-cove,"Great Saltee, August 2026",Landscape,Ireland,2026,Winter,0,0,0,0.000
the-turquoise-cove,"Great Saltee, August 2026",Landscape,Ireland,2026,Woodland,0,0,0,0.000
the-turquoise-cove,"Great Saltee, August 2026",Landscape,Ireland,2026,Young Animals,0,0,0,0.000
the-valve-towers,"Bohernabreena Reservoir, August 2026",Documentary,Ireland,2026,Acacias,0,0,0,0.000
the-valve-towers,"Bohernabreena Reservoir, August 2026",Documentary,Ireland,2026,Aircraft,0,0,0,0.000
the-valve-towers,"Bohernabreena Reservoir, August 2026",Documentary,Ireland,2026,Antelope,0,0,0,0.000
the-valve-towers,"Bohernabreena Reservoir, August 2026",Documentary,Ireland,2026,Autumn,0,0,0,0.000
the-valve-towers,"Bohernabreena Reservoir, August 2026",Documentary,Ireland,2026,Bees,0,0,0,0.000
the-valve-towers,"Bohernabreena Reservoir, August 2026",Documentary,Ireland,2026,Big Five,0,0,0,0.000
the-valve-towers,"Bohernabreena Reservoir, August 2026",Documentary,Ireland,2026,Birds,0,0,0,0.000
the-valve-towers,"Bohernabreena Reservoir, August 2026",Documentary,Ireland,2026,Birds in Flight,0,0,0,0.000
the-valve-towers,"Bohernabreena Reservoir, August 2026",Documentary,Ireland,2026,Birds of Prey,0,0,0,0.000
the-valve-towers,"Bohernabreena Reservoir, August 2026",Documentary,Ireland,2026,Boats and Ships,0,0,0,0.000
the-valve-towers,"Bohernabreena Reservoir, August 2026",Documentary,Ireland,2026,Coast and Sea,0,0,0,0.000
the-valve-towers,"Bohernabreena Reservoir, August 2026",Documentary,Ireland,2026,Drought,1,0,0,0.000
the-valve-towers,"Bohernabreena Reservoir, August 2026",Documentary,Ireland,2026,Elephants,0,0,0,0.000
the-valve-towers,"Bohernabreena Reservoir, August 2026",Documentary,Ireland,2026,Feeding,0,0,0,0.000
the-valve-towers,"Bohernabreena Reservoir, August 2026",Documentary,Ireland,2026,Flowers,0,0,0,0.000
the-valve-towers,"Bohernabreena Reservoir, August 2026",Documentary,Ireland,2026,Fungi,0,0,0,0.000
the-valve-towers,"Bohernabreena Reservoir, August 2026",Documentary,Ireland,2026,Gulls,0,0,0,0.000
the-valve-towers,"Bohernabreena Reservoir, August 2026",Documentary,Ireland,2026,Insects,0,0,0,0.000
the-valve-towers,"Bohernabreena Reservoir, August 2026",Documentary,Ireland,2026,Martello Towers,0,0,1,0.500
the-valve-towers,"Bohernabreena Reservoir, August 2026",Documentary,Ireland,2026,Mountains,0,0,0,0.000
the-valve-towers,"Bohernabreena Reservoir, August 2026",Documentary,Ireland,2026,Reflections,1,1,1,1.000
the-valve-towers,"Bohernabreena Reservoir, August 2026",Documentary,Ireland,2026,Seabirds,0,0,0,0.000
the-valve-towers,"Bohernabreena Reservoir, August 2026",Documentary,Ireland,2026,Silhouettes,0,0,0,0.000
the-valve-towers,"Bohernabreena Reservoir, August 2026",Documentary,Ireland,2026,Skies and Cloud,0,0,0,0.000
the-valve-towers,"Bohernabreena Reservoir, August 2026",Documentary,Ireland,2026,Skylines,0,0,0,0.000
the-valve-towers,"Bohernabreena Reservoir, August 2026",Documentary,Ireland,2026,Spring,0,0,0,0.000
the-valve-towers,"Bohernabreena Reservoir, August 2026",Documentary,Ireland,2026,Sunrise and Sunset,0,0,0,0.000
the-valve-towers,"Bohernabreena Reservoir, August 2026",Documentary,Ireland,2026,Trees,0,0,0,0.000
the-valve-towers,"Bohernabreena Reservoir, August 2026",Documentary,Ireland,2026,Waterbirds,0,0,0,0.000
the-valve-towers,"Bohernabreena Reservoir, August 2026",Documentary,Ireland,2026,Waterfronts and Harbours,0,0,0,0.000
the-valve-towers,"Bohernabreena Reservoir, August 2026",Documentary,Ireland,2026,Wild Cats,0,0,0,0.000
the-valve-towers,"Bohernabreena Reservoir, August 2026",Documentary,Ireland,2026,Winter,0,0,0,0.000
the-valve-towers,"Bohernabreena Reservoir, August 2026",Documentary,Ireland,2026,Woodland,0,0,0,0.000
the-valve-towers,"Bohernabreena Reservoir, August 2026",Documentary,Ireland,2026,Young Animals,0,0,0,0.000
the-youngster,"Amboseli, October 2025",Wildlife,Kenya,2025,Acacias,0,0,0,0.000
the-youngster,"Amboseli, October 2025",Wildlife,Kenya,2025,Aircraft,0,0,0,0.000
the-youngster,"Amboseli, October 2025",Wildlife,Kenya,2025,Antelope,0,0,0,0.000
the-youngster,"Amboseli, October 2025",Wildlife,Kenya,2025,Autumn,0,0,0,0.000
the-youngster,"Amboseli, October 2025",Wildlife,Kenya,2025,Bees,0,0,0,0.000
the-youngster,"Amboseli, October 2025",Wildlife,Kenya,2025,Big Five,1,0,0,0.000
the-youngster,"Amboseli, October 2025",Wildlife,Kenya,2025,Birds,0,0,0,0.000
the-youngster,"Amboseli, October 2025",Wildlife,Kenya,2025,Birds in Flight,0,0,0,0.000
the-youngster,"Amboseli, October 2025",Wildlife,Kenya,2025,Birds of Prey,0,0,0,0.000
the-youngster,"Amboseli, October 2025",Wildlife,Kenya,2025,Boats and Ships,0,0,0,0.000
the-youngster,"Amboseli, October 2025",Wildlife,Kenya,2025,Coast and Sea,0,0,0,0.000
the-youngster,"Amboseli, October 2025",Wildlife,Kenya,2025,Drought,0,0,0,0.000
the-youngster,"Amboseli, October 2025",Wildlife,Kenya,2025,Elephants,1,1,1,1.000
the-youngster,"Amboseli, October 2025",Wildlife,Kenya,2025,Feeding,0,0,0,0.000
the-youngster,"Amboseli, October 2025",Wildlife,Kenya,2025,Flowers,0,0,0,0.000
the-youngster,"Amboseli, October 2025",Wildlife,Kenya,2025,Fungi,0,0,0,0.000
the-youngster,"Amboseli, October 2025",Wildlife,Kenya,2025,Gulls,0,0,0,0.000
the-youngster,"Amboseli, October 2025",Wildlife,Kenya,2025,Insects,0,0,0,0.000
the-youngster,"Amboseli, October 2025",Wildlife,Kenya,2025,Martello Towers,0,0,0,0.000
the-youngster,"Amboseli, October 2025",Wildlife,Kenya,2025,Mountains,0,0,0,0.000
the-youngster,"Amboseli, October 2025",Wildlife,Kenya,2025,Reflections,0,0,0,0.000
the-youngster,"Amboseli, October 2025",Wildlife,Kenya,2025,Seabirds,0,0,0,0.000
the-youngster,"Amboseli, October 2025",Wildlife,Kenya,2025,Silhouettes,0,0,0,0.000
the-youngster,"Amboseli, October 2025",Wildlife,Kenya,2025,Skies and Cloud,0,0,0,0.000
the-youngster,"Amboseli, October 2025",Wildlife,Kenya,2025,Skylines,0,0,0,0.000
the-youngster,"Amboseli, October 2025",Wildlife,Kenya,2025,Spring,0,0,0,0.000
the-youngster,"Amboseli, October 2025",Wildlife,Kenya,2025,Sunrise and Sunset,0,0,0,0.000
the-youngster,"Amboseli, October 2025",Wildlife,Kenya,2025,Trees,0,0,0,0.000
the-youngster,"Amboseli, October 2025",Wildlife,Kenya,2025,Waterbirds,0,0,0,0.000
the-youngster,"Amboseli, October 2025",Wildlife,Kenya,2025,Waterfronts and Harbours,0,0,0,0.000
the-youngster,"Amboseli, October 2025",Wildlife,Kenya,2025,Wild Cats,0,0,0,0.000
the-youngster,"Amboseli, October 2025",Wildlife,Kenya,2025,Winter,0,0,0,0.000
the-youngster,"Amboseli, October 2025",Wildlife,Kenya,2025,Woodland,0,0,0,0.000
the-youngster,"Amboseli, October 2025",Wildlife,Kenya,2025,Young Animals,1,0,1,0.500
thomsons-gazelle,"Amboseli, October 2025",Wildlife,Kenya,2025,Acacias,0,0,0,0.000
thomsons-gazelle,"Amboseli, October 2025",Wildlife,Kenya,2025,Aircraft,0,0,0,0.000
thomsons-gazelle,"Amboseli, October 2025",Wildlife,Kenya,2025,Antelope,1,0,0,0.000
thomsons-gazelle,"Amboseli, October 2025",Wildlife,Kenya,2025,Autumn,0,0,0,0.000
thomsons-gazelle,"Amboseli, October 2025",Wildlife,Kenya,2025,Bees,0,1,1,1.000
thomsons-gazelle,"Amboseli, October 2025",Wildlife,Kenya,2025,Big Five,0,0,0,0.000
thomsons-gazelle,"Amboseli, October 2025",Wildlife,Kenya,2025,Birds,0,0,0,0.000
thomsons-gazelle,"Amboseli, October 2025",Wildlife,Kenya,2025,Birds in Flight,0,0,0,0.000
thomsons-gazelle,"Amboseli, October 2025",Wildlife,Kenya,2025,Birds of Prey,0,0,0,0.000
thomsons-gazelle,"Amboseli, October 2025",Wildlife,Kenya,2025,Boats and Ships,0,0,0,0.000
thomsons-gazelle,"Amboseli, October 2025",Wildlife,Kenya,2025,Coast and Sea,0,0,0,0.000
thomsons-gazelle,"Amboseli, October 2025",Wildlife,Kenya,2025,Drought,0,0,0,0.000
thomsons-gazelle,"Amboseli, October 2025",Wildlife,Kenya,2025,Elephants,0,0,0,0.000
thomsons-gazelle,"Amboseli, October 2025",Wildlife,Kenya,2025,Feeding,0,0,0,0.000
thomsons-gazelle,"Amboseli, October 2025",Wildlife,Kenya,2025,Flowers,0,0,0,0.000
thomsons-gazelle,"Amboseli, October 2025",Wildlife,Kenya,2025,Fungi,0,0,0,0.000
thomsons-gazelle,"Amboseli, October 2025",Wildlife,Kenya,2025,Gulls,0,0,0,0.000
thomsons-gazelle,"Amboseli, October 2025",Wildlife,Kenya,2025,Insects,0,0,0,0.000
thomsons-gazelle,"Amboseli, October 2025",Wildlife,Kenya,2025,Martello Towers,0,0,0,0.000
thomsons-gazelle,"Amboseli, October 2025",Wildlife,Kenya,2025,Mountains,0,0,0,0.000
thomsons-gazelle,"Amboseli, October 2025",Wildlife,Kenya,2025,Reflections,0,0,0,0.000
thomsons-gazelle,"Amboseli, October 2025",Wildlife,Kenya,2025,Seabirds,0,0,0,0.000
thomsons-gazelle,"Amboseli, October 2025",Wildlife,Kenya,2025,Silhouettes,0,0,0,0.000
thomsons-gazelle,"Amboseli, October 2025",Wildlife,Kenya,2025,Skies and Cloud,0,0,0,0.000
thomsons-gazelle,"Amboseli, October 2025",Wildlife,Kenya,2025,Skylines,0,0,0,0.000
thomsons-gazelle,"Amboseli, October 2025",Wildlife,Kenya,2025,Spring,0,0,0,0.000
thomsons-gazelle,"Amboseli, October 2025",Wildlife,Kenya,2025,Sunrise and Sunset,0,0,0,0.000
thomsons-gazelle,"Amboseli, October 2025",Wildlife,Kenya,2025,Trees,0,0,0,0.000
thomsons-gazelle,"Amboseli, October 2025",Wildlife,Kenya,2025,Waterbirds,0,0,0,0.000
thomsons-gazelle,"Amboseli, October 2025",Wildlife,Kenya,2025,Waterfronts and Harbours,0,0,0,0.000
thomsons-gazelle,"Amboseli, October 2025",Wildlife,Kenya,2025,Wild Cats,0,0,1,0.500
thomsons-gazelle,"Amboseli, October 2025",Wildlife,Kenya,2025,Winter,0,0,0,0.000
thomsons-gazelle,"Amboseli, October 2025",Wildlife,Kenya,2025,Woodland,0,0,0,0.000
thomsons-gazelle,"Amboseli, October 2025",Wildlife,Kenya,2025,Young Animals,0,0,0,0.000
three-strides,"Amboseli, October 2025",Creative,Kenya,2025,Acacias,0,0,0,0.000
three-strides,"Amboseli, October 2025",Creative,Kenya,2025,Aircraft,0,0,0,0.000
three-strides,"Amboseli, October 2025",Creative,Kenya,2025,Antelope,0,0,0,0.000
three-strides,"Amboseli, October 2025",Creative,Kenya,2025,Autumn,0,0,0,0.000
three-strides,"Amboseli, October 2025",Creative,Kenya,2025,Bees,0,0,0,0.000
three-strides,"Amboseli, October 2025",Creative,Kenya,2025,Big Five,0,0,0,0.000
three-strides,"Amboseli, October 2025",Creative,Kenya,2025,Birds,1,1,1,1.000
three-strides,"Amboseli, October 2025",Creative,Kenya,2025,Birds in Flight,0,0,1,0.500
three-strides,"Amboseli, October 2025",Creative,Kenya,2025,Birds of Prey,0,0,1,0.500
three-strides,"Amboseli, October 2025",Creative,Kenya,2025,Boats and Ships,0,0,0,0.000
three-strides,"Amboseli, October 2025",Creative,Kenya,2025,Coast and Sea,0,0,0,0.000
three-strides,"Amboseli, October 2025",Creative,Kenya,2025,Drought,0,0,0,0.000
three-strides,"Amboseli, October 2025",Creative,Kenya,2025,Elephants,0,0,0,0.000
three-strides,"Amboseli, October 2025",Creative,Kenya,2025,Feeding,0,0,0,0.000
three-strides,"Amboseli, October 2025",Creative,Kenya,2025,Flowers,0,0,0,0.000
three-strides,"Amboseli, October 2025",Creative,Kenya,2025,Fungi,0,0,0,0.000
three-strides,"Amboseli, October 2025",Creative,Kenya,2025,Gulls,0,0,0,0.000
three-strides,"Amboseli, October 2025",Creative,Kenya,2025,Insects,0,0,0,0.000
three-strides,"Amboseli, October 2025",Creative,Kenya,2025,Martello Towers,0,0,0,0.000
three-strides,"Amboseli, October 2025",Creative,Kenya,2025,Mountains,0,0,0,0.000
three-strides,"Amboseli, October 2025",Creative,Kenya,2025,Reflections,1,1,1,1.000
three-strides,"Amboseli, October 2025",Creative,Kenya,2025,Seabirds,0,0,0,0.000
three-strides,"Amboseli, October 2025",Creative,Kenya,2025,Silhouettes,0,0,0,0.000
three-strides,"Amboseli, October 2025",Creative,Kenya,2025,Skies and Cloud,0,0,0,0.000
three-strides,"Amboseli, October 2025",Creative,Kenya,2025,Skylines,0,0,0,0.000
three-strides,"Amboseli, October 2025",Creative,Kenya,2025,Spring,0,0,0,0.000
three-strides,"Amboseli, October 2025",Creative,Kenya,2025,Sunrise and Sunset,0,0,0,0.000
three-strides,"Amboseli, October 2025",Creative,Kenya,2025,Trees,0,0,0,0.000
three-strides,"Amboseli, October 2025",Creative,Kenya,2025,Waterbirds,1,0,0,0.000
three-strides,"Amboseli, October 2025",Creative,Kenya,2025,Waterfronts and Harbours,0,0,0,0.000
three-strides,"Amboseli, October 2025",Creative,Kenya,2025,Wild Cats,0,0,0,0.000
three-strides,"Amboseli, October 2025",Creative,Kenya,2025,Winter,0,0,0,0.000
three-strides,"Amboseli, October 2025",Creative,Kenya,2025,Woodland,0,0,0,0.000
three-strides,"Amboseli, October 2025",Creative,Kenya,2025,Young Animals,0,0,0,0.000
three-suns-over-the-mara,"Maasai Mara, October 2025",Creative,Kenya,2025,Acacias,0,0,0,0.000
three-suns-over-the-mara,"Maasai Mara, October 2025",Creative,Kenya,2025,Aircraft,0,0,0,0.000
three-suns-over-the-mara,"Maasai Mara, October 2025",Creative,Kenya,2025,Antelope,0,0,0,0.000
three-suns-over-the-mara,"Maasai Mara, October 2025",Creative,Kenya,2025,Autumn,0,0,0,0.000
three-suns-over-the-mara,"Maasai Mara, October 2025",Creative,Kenya,2025,Bees,0,0,0,0.000
three-suns-over-the-mara,"Maasai Mara, October 2025",Creative,Kenya,2025,Big Five,0,0,0,0.000
three-suns-over-the-mara,"Maasai Mara, October 2025",Creative,Kenya,2025,Birds,0,0,0,0.000
three-suns-over-the-mara,"Maasai Mara, October 2025",Creative,Kenya,2025,Birds in Flight,0,0,0,0.000
three-suns-over-the-mara,"Maasai Mara, October 2025",Creative,Kenya,2025,Birds of Prey,0,0,0,0.000
three-suns-over-the-mara,"Maasai Mara, October 2025",Creative,Kenya,2025,Boats and Ships,0,0,0,0.000
three-suns-over-the-mara,"Maasai Mara, October 2025",Creative,Kenya,2025,Coast and Sea,0,0,0,0.000
three-suns-over-the-mara,"Maasai Mara, October 2025",Creative,Kenya,2025,Drought,0,0,0,0.000
three-suns-over-the-mara,"Maasai Mara, October 2025",Creative,Kenya,2025,Elephants,0,0,0,0.000
three-suns-over-the-mara,"Maasai Mara, October 2025",Creative,Kenya,2025,Feeding,0,0,0,0.000
three-suns-over-the-mara,"Maasai Mara, October 2025",Creative,Kenya,2025,Flowers,0,0,0,0.000
three-suns-over-the-mara,"Maasai Mara, October 2025",Creative,Kenya,2025,Fungi,0,0,0,0.000
three-suns-over-the-mara,"Maasai Mara, October 2025",Creative,Kenya,2025,Gulls,0,0,0,0.000
three-suns-over-the-mara,"Maasai Mara, October 2025",Creative,Kenya,2025,Insects,0,0,0,0.000
three-suns-over-the-mara,"Maasai Mara, October 2025",Creative,Kenya,2025,Martello Towers,0,0,0,0.000
three-suns-over-the-mara,"Maasai Mara, October 2025",Creative,Kenya,2025,Mountains,0,0,0,0.000
three-suns-over-the-mara,"Maasai Mara, October 2025",Creative,Kenya,2025,Reflections,0,0,0,0.000
three-suns-over-the-mara,"Maasai Mara, October 2025",Creative,Kenya,2025,Seabirds,0,0,0,0.000
three-suns-over-the-mara,"Maasai Mara, October 2025",Creative,Kenya,2025,Silhouettes,0,0,0,0.000
three-suns-over-the-mara,"Maasai Mara, October 2025",Creative,Kenya,2025,Skies and Cloud,1,0,0,0.000
three-suns-over-the-mara,"Maasai Mara, October 2025",Creative,Kenya,2025,Skylines,0,0,0,0.000
three-suns-over-the-mara,"Maasai Mara, October 2025",Creative,Kenya,2025,Spring,0,0,0,0.000
three-suns-over-the-mara,"Maasai Mara, October 2025",Creative,Kenya,2025,Sunrise and Sunset,1,0,1,0.500
three-suns-over-the-mara,"Maasai Mara, October 2025",Creative,Kenya,2025,Trees,0,0,0,0.000
three-suns-over-the-mara,"Maasai Mara, October 2025",Creative,Kenya,2025,Waterbirds,0,0,0,0.000
three-suns-over-the-mara,"Maasai Mara, October 2025",Creative,Kenya,2025,Waterfronts and Harbours,0,0,0,0.000
three-suns-over-the-mara,"Maasai Mara, October 2025",Creative,Kenya,2025,Wild Cats,1,0,0,0.000
three-suns-over-the-mara,"Maasai Mara, October 2025",Creative,Kenya,2025,Winter,0,0,0,0.000
three-suns-over-the-mara,"Maasai Mara, October 2025",Creative,Kenya,2025,Woodland,0,0,0,0.000
three-suns-over-the-mara,"Maasai Mara, October 2025",Creative,Kenya,2025,Young Animals,0,0,0,0.000
topi-at-sunrise,"Maasai Mara, October 2025",Wildlife,Kenya,2025,Acacias,0,0,0,0.000
topi-at-sunrise,"Maasai Mara, October 2025",Wildlife,Kenya,2025,Aircraft,0,0,0,0.000
topi-at-sunrise,"Maasai Mara, October 2025",Wildlife,Kenya,2025,Antelope,1,0,0,0.000
topi-at-sunrise,"Maasai Mara, October 2025",Wildlife,Kenya,2025,Autumn,0,0,0,0.000
topi-at-sunrise,"Maasai Mara, October 2025",Wildlife,Kenya,2025,Bees,0,0,0,0.000
topi-at-sunrise,"Maasai Mara, October 2025",Wildlife,Kenya,2025,Big Five,0,0,0,0.000
topi-at-sunrise,"Maasai Mara, October 2025",Wildlife,Kenya,2025,Birds,0,0,0,0.000
topi-at-sunrise,"Maasai Mara, October 2025",Wildlife,Kenya,2025,Birds in Flight,0,0,0,0.000
topi-at-sunrise,"Maasai Mara, October 2025",Wildlife,Kenya,2025,Birds of Prey,0,0,0,0.000
topi-at-sunrise,"Maasai Mara, October 2025",Wildlife,Kenya,2025,Boats and Ships,0,0,0,0.000
topi-at-sunrise,"Maasai Mara, October 2025",Wildlife,Kenya,2025,Coast and Sea,0,0,0,0.000
topi-at-sunrise,"Maasai Mara, October 2025",Wildlife,Kenya,2025,Drought,0,0,0,0.000
topi-at-sunrise,"Maasai Mara, October 2025",Wildlife,Kenya,2025,Elephants,0,0,0,0.000
topi-at-sunrise,"Maasai Mara, October 2025",Wildlife,Kenya,2025,Feeding,0,0,0,0.000
topi-at-sunrise,"Maasai Mara, October 2025",Wildlife,Kenya,2025,Flowers,0,0,0,0.000
topi-at-sunrise,"Maasai Mara, October 2025",Wildlife,Kenya,2025,Fungi,0,0,0,0.000
topi-at-sunrise,"Maasai Mara, October 2025",Wildlife,Kenya,2025,Gulls,0,0,0,0.000
topi-at-sunrise,"Maasai Mara, October 2025",Wildlife,Kenya,2025,Insects,0,0,0,0.000
topi-at-sunrise,"Maasai Mara, October 2025",Wildlife,Kenya,2025,Martello Towers,0,0,0,0.000
topi-at-sunrise,"Maasai Mara, October 2025",Wildlife,Kenya,2025,Mountains,0,0,0,0.000
topi-at-sunrise,"Maasai Mara, October 2025",Wildlife,Kenya,2025,Reflections,0,0,0,0.000
topi-at-sunrise,"Maasai Mara, October 2025",Wildlife,Kenya,2025,Seabirds,0,0,0,0.000
topi-at-sunrise,"Maasai Mara, October 2025",Wildlife,Kenya,2025,Silhouettes,1,1,1,1.000
topi-at-sunrise,"Maasai Mara, October 2025",Wildlife,Kenya,2025,Skies and Cloud,1,0,0,0.000
topi-at-sunrise,"Maasai Mara, October 2025",Wildlife,Kenya,2025,Skylines,0,0,0,0.000
topi-at-sunrise,"Maasai Mara, October 2025",Wildlife,Kenya,2025,Spring,0,0,0,0.000
topi-at-sunrise,"Maasai Mara, October 2025",Wildlife,Kenya,2025,Sunrise and Sunset,1,0,0,0.000
topi-at-sunrise,"Maasai Mara, October 2025",Wildlife,Kenya,2025,Trees,0,0,0,0.000
topi-at-sunrise,"Maasai Mara, October 2025",Wildlife,Kenya,2025,Waterbirds,0,0,0,0.000
topi-at-sunrise,"Maasai Mara, October 2025",Wildlife,Kenya,2025,Waterfronts and Harbours,0,0,0,0.000
topi-at-sunrise,"Maasai Mara, October 2025",Wildlife,Kenya,2025,Wild Cats,0,0,0,0.000
topi-at-sunrise,"Maasai Mara, October 2025",Wildlife,Kenya,2025,Winter,0,0,0,0.000
topi-at-sunrise,"Maasai Mara, October 2025",Wildlife,Kenya,2025,Woodland,0,0,0,0.000
topi-at-sunrise,"Maasai Mara, October 2025",Wildlife,Kenya,2025,Young Animals,0,0,0,0.000
topi-in-the-long-grass,"Maasai Mara, October 2025",Wildlife,Kenya,2025,Acacias,0,0,0,0.000
topi-in-the-long-grass,"Maasai Mara, October 2025",Wildlife,Kenya,2025,Aircraft,0,0,0,0.000
topi-in-the-long-grass,"Maasai Mara, October 2025",Wildlife,Kenya,2025,Antelope,1,1,1,1.000
topi-in-the-long-grass,"Maasai Mara, October 2025",Wildlife,Kenya,2025,Autumn,0,0,0,0.000
topi-in-the-long-grass,"Maasai Mara, October 2025",Wildlife,Kenya,2025,Bees,0,0,0,0.000
topi-in-the-long-grass,"Maasai Mara, October 2025",Wildlife,Kenya,2025,Big Five,0,0,0,0.000
topi-in-the-long-grass,"Maasai Mara, October 2025",Wildlife,Kenya,2025,Birds,0,0,0,0.000
topi-in-the-long-grass,"Maasai Mara, October 2025",Wildlife,Kenya,2025,Birds in Flight,0,0,0,0.000
topi-in-the-long-grass,"Maasai Mara, October 2025",Wildlife,Kenya,2025,Birds of Prey,0,0,0,0.000
topi-in-the-long-grass,"Maasai Mara, October 2025",Wildlife,Kenya,2025,Boats and Ships,0,0,0,0.000
topi-in-the-long-grass,"Maasai Mara, October 2025",Wildlife,Kenya,2025,Coast and Sea,0,0,0,0.000
topi-in-the-long-grass,"Maasai Mara, October 2025",Wildlife,Kenya,2025,Drought,0,0,0,0.000
topi-in-the-long-grass,"Maasai Mara, October 2025",Wildlife,Kenya,2025,Elephants,0,0,0,0.000
topi-in-the-long-grass,"Maasai Mara, October 2025",Wildlife,Kenya,2025,Feeding,0,0,0,0.000
topi-in-the-long-grass,"Maasai Mara, October 2025",Wildlife,Kenya,2025,Flowers,0,0,0,0.000
topi-in-the-long-grass,"Maasai Mara, October 2025",Wildlife,Kenya,2025,Fungi,0,0,0,0.000
topi-in-the-long-grass,"Maasai Mara, October 2025",Wildlife,Kenya,2025,Gulls,0,0,0,0.000
topi-in-the-long-grass,"Maasai Mara, October 2025",Wildlife,Kenya,2025,Insects,0,0,0,0.000
topi-in-the-long-grass,"Maasai Mara, October 2025",Wildlife,Kenya,2025,Martello Towers,0,0,0,0.000
topi-in-the-long-grass,"Maasai Mara, October 2025",Wildlife,Kenya,2025,Mountains,0,0,0,0.000
topi-in-the-long-grass,"Maasai Mara, October 2025",Wildlife,Kenya,2025,Reflections,0,0,0,0.000
topi-in-the-long-grass,"Maasai Mara, October 2025",Wildlife,Kenya,2025,Seabirds,0,0,0,0.000
topi-in-the-long-grass,"Maasai Mara, October 2025",Wildlife,Kenya,2025,Silhouettes,0,0,0,0.000
topi-in-the-long-grass,"Maasai Mara, October 2025",Wildlife,Kenya,2025,Skies and Cloud,0,0,0,0.000
topi-in-the-long-grass,"Maasai Mara, October 2025",Wildlife,Kenya,2025,Skylines,0,0,0,0.000
topi-in-the-long-grass,"Maasai Mara, October 2025",Wildlife,Kenya,2025,Spring,0,0,0,0.000
topi-in-the-long-grass,"Maasai Mara, October 2025",Wildlife,Kenya,2025,Sunrise and Sunset,0,0,0,0.000
topi-in-the-long-grass,"Maasai Mara, October 2025",Wildlife,Kenya,2025,Trees,0,0,0,0.000
topi-in-the-long-grass,"Maasai Mara, October 2025",Wildlife,Kenya,2025,Waterbirds,0,0,0,0.000
topi-in-the-long-grass,"Maasai Mara, October 2025",Wildlife,Kenya,2025,Waterfronts and Harbours,0,0,0,0.000
topi-in-the-long-grass,"Maasai Mara, October 2025",Wildlife,Kenya,2025,Wild Cats,0,0,0,0.000
topi-in-the-long-grass,"Maasai Mara, October 2025",Wildlife,Kenya,2025,Winter,0,0,0,0.000
topi-in-the-long-grass,"Maasai Mara, October 2025",Wildlife,Kenya,2025,Woodland,0,0,0,0.000
topi-in-the-long-grass,"Maasai Mara, October 2025",Wildlife,Kenya,2025,Young Animals,0,0,0,0.000
tufted-duck-rising,"Marlay Park, April 2026",Wildlife,Ireland,2026,Acacias,0,0,0,0.000
tufted-duck-rising,"Marlay Park, April 2026",Wildlife,Ireland,2026,Aircraft,0,0,0,0.000
tufted-duck-rising,"Marlay Park, April 2026",Wildlife,Ireland,2026,Antelope,0,0,0,0.000
tufted-duck-rising,"Marlay Park, April 2026",Wildlife,Ireland,2026,Autumn,0,0,0,0.000
tufted-duck-rising,"Marlay Park, April 2026",Wildlife,Ireland,2026,Bees,0,0,0,0.000
tufted-duck-rising,"Marlay Park, April 2026",Wildlife,Ireland,2026,Big Five,0,0,0,0.000
tufted-duck-rising,"Marlay Park, April 2026",Wildlife,Ireland,2026,Birds,1,0,0,0.000
tufted-duck-rising,"Marlay Park, April 2026",Wildlife,Ireland,2026,Birds in Flight,0,0,0,0.000
tufted-duck-rising,"Marlay Park, April 2026",Wildlife,Ireland,2026,Birds of Prey,0,0,0,0.000
tufted-duck-rising,"Marlay Park, April 2026",Wildlife,Ireland,2026,Boats and Ships,0,0,0,0.000
tufted-duck-rising,"Marlay Park, April 2026",Wildlife,Ireland,2026,Coast and Sea,0,0,0,0.000
tufted-duck-rising,"Marlay Park, April 2026",Wildlife,Ireland,2026,Drought,0,0,0,0.000
tufted-duck-rising,"Marlay Park, April 2026",Wildlife,Ireland,2026,Elephants,0,0,0,0.000
tufted-duck-rising,"Marlay Park, April 2026",Wildlife,Ireland,2026,Feeding,0,0,0,0.000
tufted-duck-rising,"Marlay Park, April 2026",Wildlife,Ireland,2026,Flowers,0,0,0,0.000
tufted-duck-rising,"Marlay Park, April 2026",Wildlife,Ireland,2026,Fungi,0,0,0,0.000
tufted-duck-rising,"Marlay Park, April 2026",Wildlife,Ireland,2026,Gulls,0,0,0,0.000
tufted-duck-rising,"Marlay Park, April 2026",Wildlife,Ireland,2026,Insects,0,0,0,0.000
tufted-duck-rising,"Marlay Park, April 2026",Wildlife,Ireland,2026,Martello Towers,0,0,0,0.000
tufted-duck-rising,"Marlay Park, April 2026",Wildlife,Ireland,2026,Mountains,0,0,0,0.000
tufted-duck-rising,"Marlay Park, April 2026",Wildlife,Ireland,2026,Reflections,1,0,0,0.000
tufted-duck-rising,"Marlay Park, April 2026",Wildlife,Ireland,2026,Seabirds,0,0,0,0.000
tufted-duck-rising,"Marlay Park, April 2026",Wildlife,Ireland,2026,Silhouettes,0,0,0,0.000
tufted-duck-rising,"Marlay Park, April 2026",Wildlife,Ireland,2026,Skies and Cloud,0,0,0,0.000
tufted-duck-rising,"Marlay Park, April 2026",Wildlife,Ireland,2026,Skylines,0,0,0,0.000
tufted-duck-rising,"Marlay Park, April 2026",Wildlife,Ireland,2026,Spring,0,0,0,0.000
tufted-duck-rising,"Marlay Park, April 2026",Wildlife,Ireland,2026,Sunrise and Sunset,0,0,0,0.000
tufted-duck-rising,"Marlay Park, April 2026",Wildlife,Ireland,2026,Trees,0,0,0,0.000
tufted-duck-rising,"Marlay Park, April 2026",Wildlife,Ireland,2026,Waterbirds,1,0,0,0.000
tufted-duck-rising,"Marlay Park, April 2026",Wildlife,Ireland,2026,Waterfronts and Harbours,0,0,0,0.000
tufted-duck-rising,"Marlay Park, April 2026",Wildlife,Ireland,2026,Wild Cats,0,0,0,0.000
tufted-duck-rising,"Marlay Park, April 2026",Wildlife,Ireland,2026,Winter,0,0,0,0.000
tufted-duck-rising,"Marlay Park, April 2026",Wildlife,Ireland,2026,Woodland,0,0,0,0.000
tufted-duck-rising,"Marlay Park, April 2026",Wildlife,Ireland,2026,Young Animals,0,0,0,0.000
turkeytail,"Massy's Wood, November 2023",Nature,Ireland,2023,Acacias,0,0,0,0.000
turkeytail,"Massy's Wood, November 2023",Nature,Ireland,2023,Aircraft,0,0,0,0.000
turkeytail,"Massy's Wood, November 2023",Nature,Ireland,2023,Antelope,0,0,0,0.000
turkeytail,"Massy's Wood, November 2023",Nature,Ireland,2023,Autumn,0,0,0,0.000
turkeytail,"Massy's Wood, November 2023",Nature,Ireland,2023,Bees,0,0,0,0.000
turkeytail,"Massy's Wood, November 2023",Nature,Ireland,2023,Big Five,0,0,0,0.000
turkeytail,"Massy's Wood, November 2023",Nature,Ireland,2023,Birds,0,0,0,0.000
turkeytail,"Massy's Wood, November 2023",Nature,Ireland,2023,Birds in Flight,0,0,0,0.000
turkeytail,"Massy's Wood, November 2023",Nature,Ireland,2023,Birds of Prey,0,0,0,0.000
turkeytail,"Massy's Wood, November 2023",Nature,Ireland,2023,Boats and Ships,0,0,0,0.000
turkeytail,"Massy's Wood, November 2023",Nature,Ireland,2023,Coast and Sea,0,0,0,0.000
turkeytail,"Massy's Wood, November 2023",Nature,Ireland,2023,Drought,0,0,0,0.000
turkeytail,"Massy's Wood, November 2023",Nature,Ireland,2023,Elephants,0,0,0,0.000
turkeytail,"Massy's Wood, November 2023",Nature,Ireland,2023,Feeding,0,0,0,0.000
turkeytail,"Massy's Wood, November 2023",Nature,Ireland,2023,Flowers,0,0,0,0.000
turkeytail,"Massy's Wood, November 2023",Nature,Ireland,2023,Fungi,1,1,1,1.000
turkeytail,"Massy's Wood, November 2023",Nature,Ireland,2023,Gulls,0,0,0,0.000
turkeytail,"Massy's Wood, November 2023",Nature,Ireland,2023,Insects,0,0,0,0.000
turkeytail,"Massy's Wood, November 2023",Nature,Ireland,2023,Martello Towers,0,0,0,0.000
turkeytail,"Massy's Wood, November 2023",Nature,Ireland,2023,Mountains,0,0,0,0.000
turkeytail,"Massy's Wood, November 2023",Nature,Ireland,2023,Reflections,0,0,0,0.000
turkeytail,"Massy's Wood, November 2023",Nature,Ireland,2023,Seabirds,0,0,0,0.000
turkeytail,"Massy's Wood, November 2023",Nature,Ireland,2023,Silhouettes,0,0,0,0.000
turkeytail,"Massy's Wood, November 2023",Nature,Ireland,2023,Skies and Cloud,0,0,0,0.000
turkeytail,"Massy's Wood, November 2023",Nature,Ireland,2023,Skylines,0,0,0,0.000
turkeytail,"Massy's Wood, November 2023",Nature,Ireland,2023,Spring,0,0,0,0.000
turkeytail,"Massy's Wood, November 2023",Nature,Ireland,2023,Sunrise and Sunset,0,0,0,0.000
turkeytail,"Massy's Wood, November 2023",Nature,Ireland,2023,Trees,0,0,0,0.000
turkeytail,"Massy's Wood, November 2023",Nature,Ireland,2023,Waterbirds,0,0,0,0.000
turkeytail,"Massy's Wood, November 2023",Nature,Ireland,2023,Waterfronts and Harbours,0,0,0,0.000
turkeytail,"Massy's Wood, November 2023",Nature,Ireland,2023,Wild Cats,0,0,0,0.000
turkeytail,"Massy's Wood, November 2023",Nature,Ireland,2023,Winter,0,0,0,0.000
turkeytail,"Massy's Wood, November 2023",Nature,Ireland,2023,Woodland,1,0,0,0.000
turkeytail,"Massy's Wood, November 2023",Nature,Ireland,2023,Young Animals,0,0,0,0.000
tusker-on-the-plain-in-mono,"Maasai Mara, October 2025",Wildlife,Kenya,2025,Acacias,0,0,0,0.000
tusker-on-the-plain-in-mono,"Maasai Mara, October 2025",Wildlife,Kenya,2025,Aircraft,0,0,0,0.000
tusker-on-the-plain-in-mono,"Maasai Mara, October 2025",Wildlife,Kenya,2025,Antelope,0,0,0,0.000
tusker-on-the-plain-in-mono,"Maasai Mara, October 2025",Wildlife,Kenya,2025,Autumn,0,0,0,0.000
tusker-on-the-plain-in-mono,"Maasai Mara, October 2025",Wildlife,Kenya,2025,Bees,0,1,1,1.000
tusker-on-the-plain-in-mono,"Maasai Mara, October 2025",Wildlife,Kenya,2025,Big Five,1,0,0,0.000
tusker-on-the-plain-in-mono,"Maasai Mara, October 2025",Wildlife,Kenya,2025,Birds,0,0,0,0.000
tusker-on-the-plain-in-mono,"Maasai Mara, October 2025",Wildlife,Kenya,2025,Birds in Flight,0,0,0,0.000
tusker-on-the-plain-in-mono,"Maasai Mara, October 2025",Wildlife,Kenya,2025,Birds of Prey,0,0,0,0.000
tusker-on-the-plain-in-mono,"Maasai Mara, October 2025",Wildlife,Kenya,2025,Boats and Ships,0,0,0,0.000
tusker-on-the-plain-in-mono,"Maasai Mara, October 2025",Wildlife,Kenya,2025,Coast and Sea,0,0,0,0.000
tusker-on-the-plain-in-mono,"Maasai Mara, October 2025",Wildlife,Kenya,2025,Drought,0,0,0,0.000
tusker-on-the-plain-in-mono,"Maasai Mara, October 2025",Wildlife,Kenya,2025,Elephants,1,1,1,1.000
tusker-on-the-plain-in-mono,"Maasai Mara, October 2025",Wildlife,Kenya,2025,Feeding,0,0,0,0.000
tusker-on-the-plain-in-mono,"Maasai Mara, October 2025",Wildlife,Kenya,2025,Flowers,0,0,0,0.000
tusker-on-the-plain-in-mono,"Maasai Mara, October 2025",Wildlife,Kenya,2025,Fungi,0,0,0,0.000
tusker-on-the-plain-in-mono,"Maasai Mara, October 2025",Wildlife,Kenya,2025,Gulls,0,0,0,0.000
tusker-on-the-plain-in-mono,"Maasai Mara, October 2025",Wildlife,Kenya,2025,Insects,0,0,0,0.000
tusker-on-the-plain-in-mono,"Maasai Mara, October 2025",Wildlife,Kenya,2025,Martello Towers,0,0,0,0.000
tusker-on-the-plain-in-mono,"Maasai Mara, October 2025",Wildlife,Kenya,2025,Mountains,0,0,0,0.000
tusker-on-the-plain-in-mono,"Maasai Mara, October 2025",Wildlife,Kenya,2025,Reflections,0,0,0,0.000
tusker-on-the-plain-in-mono,"Maasai Mara, October 2025",Wildlife,Kenya,2025,Seabirds,0,0,0,0.000
tusker-on-the-plain-in-mono,"Maasai Mara, October 2025",Wildlife,Kenya,2025,Silhouettes,0,0,0,0.000
tusker-on-the-plain-in-mono,"Maasai Mara, October 2025",Wildlife,Kenya,2025,Skies and Cloud,0,0,0,0.000
tusker-on-the-plain-in-mono,"Maasai Mara, October 2025",Wildlife,Kenya,2025,Skylines,0,0,0,0.000
tusker-on-the-plain-in-mono,"Maasai Mara, October 2025",Wildlife,Kenya,2025,Spring,0,0,0,0.000
tusker-on-the-plain-in-mono,"Maasai Mara, October 2025",Wildlife,Kenya,2025,Sunrise and Sunset,0,0,0,0.000
tusker-on-the-plain-in-mono,"Maasai Mara, October 2025",Wildlife,Kenya,2025,Trees,0,0,0,0.000
tusker-on-the-plain-in-mono,"Maasai Mara, October 2025",Wildlife,Kenya,2025,Waterbirds,0,0,0,0.000
tusker-on-the-plain-in-mono,"Maasai Mara, October 2025",Wildlife,Kenya,2025,Waterfronts and Harbours,0,0,0,0.000
tusker-on-the-plain-in-mono,"Maasai Mara, October 2025",Wildlife,Kenya,2025,Wild Cats,0,0,1,0.500
tusker-on-the-plain-in-mono,"Maasai Mara, October 2025",Wildlife,Kenya,2025,Winter,0,0,0,0.000
tusker-on-the-plain-in-mono,"Maasai Mara, October 2025",Wildlife,Kenya,2025,Woodland,0,0,0,0.000
tusker-on-the-plain-in-mono,"Maasai Mara, October 2025",Wildlife,Kenya,2025,Young Animals,0,0,0,0.000
tusker-on-the-plain,"Maasai Mara, October 2025",Wildlife,Kenya,2025,Acacias,0,0,0,0.000
tusker-on-the-plain,"Maasai Mara, October 2025",Wildlife,Kenya,2025,Aircraft,0,0,0,0.000
tusker-on-the-plain,"Maasai Mara, October 2025",Wildlife,Kenya,2025,Antelope,0,0,0,0.000
tusker-on-the-plain,"Maasai Mara, October 2025",Wildlife,Kenya,2025,Autumn,0,0,0,0.000
tusker-on-the-plain,"Maasai Mara, October 2025",Wildlife,Kenya,2025,Bees,0,1,1,1.000
tusker-on-the-plain,"Maasai Mara, October 2025",Wildlife,Kenya,2025,Big Five,1,0,0,0.000
tusker-on-the-plain,"Maasai Mara, October 2025",Wildlife,Kenya,2025,Birds,0,0,0,0.000
tusker-on-the-plain,"Maasai Mara, October 2025",Wildlife,Kenya,2025,Birds in Flight,0,0,0,0.000
tusker-on-the-plain,"Maasai Mara, October 2025",Wildlife,Kenya,2025,Birds of Prey,0,0,0,0.000
tusker-on-the-plain,"Maasai Mara, October 2025",Wildlife,Kenya,2025,Boats and Ships,0,0,0,0.000
tusker-on-the-plain,"Maasai Mara, October 2025",Wildlife,Kenya,2025,Coast and Sea,0,0,0,0.000
tusker-on-the-plain,"Maasai Mara, October 2025",Wildlife,Kenya,2025,Drought,0,0,0,0.000
tusker-on-the-plain,"Maasai Mara, October 2025",Wildlife,Kenya,2025,Elephants,1,1,1,1.000
tusker-on-the-plain,"Maasai Mara, October 2025",Wildlife,Kenya,2025,Feeding,0,0,0,0.000
tusker-on-the-plain,"Maasai Mara, October 2025",Wildlife,Kenya,2025,Flowers,0,0,0,0.000
tusker-on-the-plain,"Maasai Mara, October 2025",Wildlife,Kenya,2025,Fungi,0,0,0,0.000
tusker-on-the-plain,"Maasai Mara, October 2025",Wildlife,Kenya,2025,Gulls,0,0,0,0.000
tusker-on-the-plain,"Maasai Mara, October 2025",Wildlife,Kenya,2025,Insects,0,0,0,0.000
tusker-on-the-plain,"Maasai Mara, October 2025",Wildlife,Kenya,2025,Martello Towers,0,0,0,0.000
tusker-on-the-plain,"Maasai Mara, October 2025",Wildlife,Kenya,2025,Mountains,0,0,0,0.000
tusker-on-the-plain,"Maasai Mara, October 2025",Wildlife,Kenya,2025,Reflections,0,0,0,0.000
tusker-on-the-plain,"Maasai Mara, October 2025",Wildlife,Kenya,2025,Seabirds,0,0,0,0.000
tusker-on-the-plain,"Maasai Mara, October 2025",Wildlife,Kenya,2025,Silhouettes,0,0,0,0.000
tusker-on-the-plain,"Maasai Mara, October 2025",Wildlife,Kenya,2025,Skies and Cloud,0,0,0,0.000
tusker-on-the-plain,"Maasai Mara, October 2025",Wildlife,Kenya,2025,Skylines,0,0,0,0.000
tusker-on-the-plain,"Maasai Mara, October 2025",Wildlife,Kenya,2025,Spring,0,0,0,0.000
tusker-on-the-plain,"Maasai Mara, October 2025",Wildlife,Kenya,2025,Sunrise and Sunset,0,0,0,0.000
tusker-on-the-plain,"Maasai Mara, October 2025",Wildlife,Kenya,2025,Trees,0,0,0,0.000
tusker-on-the-plain,"Maasai Mara, October 2025",Wildlife,Kenya,2025,Waterbirds,0,0,0,0.000
tusker-on-the-plain,"Maasai Mara, October 2025",Wildlife,Kenya,2025,Waterfronts and Harbours,0,0,0,0.000
tusker-on-the-plain,"Maasai Mara, October 2025",Wildlife,Kenya,2025,Wild Cats,0,0,1,0.500
tusker-on-the-plain,"Maasai Mara, October 2025",Wildlife,Kenya,2025,Winter,0,0,0,0.000
tusker-on-the-plain,"Maasai Mara, October 2025",Wildlife,Kenya,2025,Woodland,0,0,0,0.000
tusker-on-the-plain,"Maasai Mara, October 2025",Wildlife,Kenya,2025,Young Animals,0,0,0,0.000
tuskers-in-the-marsh,"Amboseli, October 2025",Wildlife,Kenya,2025,Acacias,0,0,0,0.000
tuskers-in-the-marsh,"Amboseli, October 2025",Wildlife,Kenya,2025,Aircraft,0,0,0,0.000
tuskers-in-the-marsh,"Amboseli, October 2025",Wildlife,Kenya,2025,Antelope,0,0,0,0.000
tuskers-in-the-marsh,"Amboseli, October 2025",Wildlife,Kenya,2025,Autumn,0,0,0,0.000
tuskers-in-the-marsh,"Amboseli, October 2025",Wildlife,Kenya,2025,Bees,0,0,0,0.000
tuskers-in-the-marsh,"Amboseli, October 2025",Wildlife,Kenya,2025,Big Five,1,0,0,0.000
tuskers-in-the-marsh,"Amboseli, October 2025",Wildlife,Kenya,2025,Birds,0,0,0,0.000
tuskers-in-the-marsh,"Amboseli, October 2025",Wildlife,Kenya,2025,Birds in Flight,0,0,0,0.000
tuskers-in-the-marsh,"Amboseli, October 2025",Wildlife,Kenya,2025,Birds of Prey,0,0,0,0.000
tuskers-in-the-marsh,"Amboseli, October 2025",Wildlife,Kenya,2025,Boats and Ships,0,0,0,0.000
tuskers-in-the-marsh,"Amboseli, October 2025",Wildlife,Kenya,2025,Coast and Sea,0,0,0,0.000
tuskers-in-the-marsh,"Amboseli, October 2025",Wildlife,Kenya,2025,Drought,0,0,0,0.000
tuskers-in-the-marsh,"Amboseli, October 2025",Wildlife,Kenya,2025,Elephants,1,1,1,1.000
tuskers-in-the-marsh,"Amboseli, October 2025",Wildlife,Kenya,2025,Feeding,0,0,0,0.000
tuskers-in-the-marsh,"Amboseli, October 2025",Wildlife,Kenya,2025,Flowers,0,0,0,0.000
tuskers-in-the-marsh,"Amboseli, October 2025",Wildlife,Kenya,2025,Fungi,0,0,0,0.000
tuskers-in-the-marsh,"Amboseli, October 2025",Wildlife,Kenya,2025,Gulls,0,0,0,0.000
tuskers-in-the-marsh,"Amboseli, October 2025",Wildlife,Kenya,2025,Insects,0,0,0,0.000
tuskers-in-the-marsh,"Amboseli, October 2025",Wildlife,Kenya,2025,Martello Towers,0,0,0,0.000
tuskers-in-the-marsh,"Amboseli, October 2025",Wildlife,Kenya,2025,Mountains,0,0,0,0.000
tuskers-in-the-marsh,"Amboseli, October 2025",Wildlife,Kenya,2025,Reflections,0,0,0,0.000
tuskers-in-the-marsh,"Amboseli, October 2025",Wildlife,Kenya,2025,Seabirds,0,0,0,0.000
tuskers-in-the-marsh,"Amboseli, October 2025",Wildlife,Kenya,2025,Silhouettes,0,0,0,0.000
tuskers-in-the-marsh,"Amboseli, October 2025",Wildlife,Kenya,2025,Skies and Cloud,0,0,0,0.000
tuskers-in-the-marsh,"Amboseli, October 2025",Wildlife,Kenya,2025,Skylines,0,0,0,0.000
tuskers-in-the-marsh,"Amboseli, October 2025",Wildlife,Kenya,2025,Spring,0,0,0,0.000
tuskers-in-the-marsh,"Amboseli, October 2025",Wildlife,Kenya,2025,Sunrise and Sunset,0,0,0,0.000
tuskers-in-the-marsh,"Amboseli, October 2025",Wildlife,Kenya,2025,Trees,0,0,0,0.000
tuskers-in-the-marsh,"Amboseli, October 2025",Wildlife,Kenya,2025,Waterbirds,0,0,0,0.000
tuskers-in-the-marsh,"Amboseli, October 2025",Wildlife,Kenya,2025,Waterfronts and Harbours,0,0,0,0.000
tuskers-in-the-marsh,"Amboseli, October 2025",Wildlife,Kenya,2025,Wild Cats,0,0,1,0.500
tuskers-in-the-marsh,"Amboseli, October 2025",Wildlife,Kenya,2025,Winter,0,0,0,0.000
tuskers-in-the-marsh,"Amboseli, October 2025",Wildlife,Kenya,2025,Woodland,0,0,0,0.000
tuskers-in-the-marsh,"Amboseli, October 2025",Wildlife,Kenya,2025,Young Animals,0,0,0,0.000
two-and-a-half-seconds,"Massy's Wood, September 2026",Creative,Ireland,2026,Acacias,0,0,0,0.000
two-and-a-half-seconds,"Massy's Wood, September 2026",Creative,Ireland,2026,Aircraft,0,0,0,0.000
two-and-a-half-seconds,"Massy's Wood, September 2026",Creative,Ireland,2026,Antelope,0,0,0,0.000
two-and-a-half-seconds,"Massy's Wood, September 2026",Creative,Ireland,2026,Autumn,0,0,0,0.000
two-and-a-half-seconds,"Massy's Wood, September 2026",Creative,Ireland,2026,Bees,0,0,0,0.000
two-and-a-half-seconds,"Massy's Wood, September 2026",Creative,Ireland,2026,Big Five,0,0,0,0.000
two-and-a-half-seconds,"Massy's Wood, September 2026",Creative,Ireland,2026,Birds,0,0,0,0.000
two-and-a-half-seconds,"Massy's Wood, September 2026",Creative,Ireland,2026,Birds in Flight,0,0,0,0.000
two-and-a-half-seconds,"Massy's Wood, September 2026",Creative,Ireland,2026,Birds of Prey,0,0,0,0.000
two-and-a-half-seconds,"Massy's Wood, September 2026",Creative,Ireland,2026,Boats and Ships,0,0,0,0.000
two-and-a-half-seconds,"Massy's Wood, September 2026",Creative,Ireland,2026,Coast and Sea,0,0,0,0.000
two-and-a-half-seconds,"Massy's Wood, September 2026",Creative,Ireland,2026,Drought,0,0,0,0.000
two-and-a-half-seconds,"Massy's Wood, September 2026",Creative,Ireland,2026,Elephants,0,0,0,0.000
two-and-a-half-seconds,"Massy's Wood, September 2026",Creative,Ireland,2026,Feeding,0,0,0,0.000
two-and-a-half-seconds,"Massy's Wood, September 2026",Creative,Ireland,2026,Flowers,0,0,0,0.000
two-and-a-half-seconds,"Massy's Wood, September 2026",Creative,Ireland,2026,Fungi,1,1,1,1.000
two-and-a-half-seconds,"Massy's Wood, September 2026",Creative,Ireland,2026,Gulls,0,0,0,0.000
two-and-a-half-seconds,"Massy's Wood, September 2026",Creative,Ireland,2026,Insects,0,0,0,0.000
two-and-a-half-seconds,"Massy's Wood, September 2026",Creative,Ireland,2026,Martello Towers,0,0,0,0.000
two-and-a-half-seconds,"Massy's Wood, September 2026",Creative,Ireland,2026,Mountains,0,0,0,0.000
two-and-a-half-seconds,"Massy's Wood, September 2026",Creative,Ireland,2026,Reflections,0,0,0,0.000
two-and-a-half-seconds,"Massy's Wood, September 2026",Creative,Ireland,2026,Seabirds,0,0,0,0.000
two-and-a-half-seconds,"Massy's Wood, September 2026",Creative,Ireland,2026,Silhouettes,0,0,0,0.000
two-and-a-half-seconds,"Massy's Wood, September 2026",Creative,Ireland,2026,Skies and Cloud,0,0,0,0.000
two-and-a-half-seconds,"Massy's Wood, September 2026",Creative,Ireland,2026,Skylines,0,0,0,0.000
two-and-a-half-seconds,"Massy's Wood, September 2026",Creative,Ireland,2026,Spring,0,0,0,0.000
two-and-a-half-seconds,"Massy's Wood, September 2026",Creative,Ireland,2026,Sunrise and Sunset,0,0,0,0.000
two-and-a-half-seconds,"Massy's Wood, September 2026",Creative,Ireland,2026,Trees,1,1,1,1.000
two-and-a-half-seconds,"Massy's Wood, September 2026",Creative,Ireland,2026,Waterbirds,0,0,0,0.000
two-and-a-half-seconds,"Massy's Wood, September 2026",Creative,Ireland,2026,Waterfronts and Harbours,0,0,0,0.000
two-and-a-half-seconds,"Massy's Wood, September 2026",Creative,Ireland,2026,Wild Cats,0,0,0,0.000
two-and-a-half-seconds,"Massy's Wood, September 2026",Creative,Ireland,2026,Winter,0,0,0,0.000
two-and-a-half-seconds,"Massy's Wood, September 2026",Creative,Ireland,2026,Woodland,1,1,1,1.000
two-and-a-half-seconds,"Massy's Wood, September 2026",Creative,Ireland,2026,Young Animals,0,0,0,0.000
volcanic-strata,"Tenerife, January 2026",Landscape,Spain,2026,Acacias,0,0,0,0.000
volcanic-strata,"Tenerife, January 2026",Landscape,Spain,2026,Aircraft,0,0,0,0.000
volcanic-strata,"Tenerife, January 2026",Landscape,Spain,2026,Antelope,0,0,0,0.000
volcanic-strata,"Tenerife, January 2026",Landscape,Spain,2026,Autumn,0,0,0,0.000
volcanic-strata,"Tenerife, January 2026",Landscape,Spain,2026,Bees,0,0,0,0.000
volcanic-strata,"Tenerife, January 2026",Landscape,Spain,2026,Big Five,0,0,0,0.000
volcanic-strata,"Tenerife, January 2026",Landscape,Spain,2026,Birds,0,0,0,0.000
volcanic-strata,"Tenerife, January 2026",Landscape,Spain,2026,Birds in Flight,0,0,0,0.000
volcanic-strata,"Tenerife, January 2026",Landscape,Spain,2026,Birds of Prey,0,0,0,0.000
volcanic-strata,"Tenerife, January 2026",Landscape,Spain,2026,Boats and Ships,0,0,0,0.000
volcanic-strata,"Tenerife, January 2026",Landscape,Spain,2026,Coast and Sea,0,0,0,0.000
volcanic-strata,"Tenerife, January 2026",Landscape,Spain,2026,Drought,0,0,0,0.000
volcanic-strata,"Tenerife, January 2026",Landscape,Spain,2026,Elephants,0,0,0,0.000
volcanic-strata,"Tenerife, January 2026",Landscape,Spain,2026,Feeding,0,0,0,0.000
volcanic-strata,"Tenerife, January 2026",Landscape,Spain,2026,Flowers,0,0,0,0.000
volcanic-strata,"Tenerife, January 2026",Landscape,Spain,2026,Fungi,0,0,0,0.000
volcanic-strata,"Tenerife, January 2026",Landscape,Spain,2026,Gulls,0,0,0,0.000
volcanic-strata,"Tenerife, January 2026",Landscape,Spain,2026,Insects,0,0,0,0.000
volcanic-strata,"Tenerife, January 2026",Landscape,Spain,2026,Martello Towers,0,0,0,0.000
volcanic-strata,"Tenerife, January 2026",Landscape,Spain,2026,Mountains,1,0,0,0.000
volcanic-strata,"Tenerife, January 2026",Landscape,Spain,2026,Reflections,0,0,0,0.000
volcanic-strata,"Tenerife, January 2026",Landscape,Spain,2026,Seabirds,0,0,0,0.000
volcanic-strata,"Tenerife, January 2026",Landscape,Spain,2026,Silhouettes,0,0,0,0.000
volcanic-strata,"Tenerife, January 2026",Landscape,Spain,2026,Skies and Cloud,0,0,0,0.000
volcanic-strata,"Tenerife, January 2026",Landscape,Spain,2026,Skylines,0,0,0,0.000
volcanic-strata,"Tenerife, January 2026",Landscape,Spain,2026,Spring,0,0,0,0.000
volcanic-strata,"Tenerife, January 2026",Landscape,Spain,2026,Sunrise and Sunset,0,0,0,0.000
volcanic-strata,"Tenerife, January 2026",Landscape,Spain,2026,Trees,0,0,0,0.000
volcanic-strata,"Tenerife, January 2026",Landscape,Spain,2026,Waterbirds,0,0,0,0.000
volcanic-strata,"Tenerife, January 2026",Landscape,Spain,2026,Waterfronts and Harbours,0,0,0,0.000
volcanic-strata,"Tenerife, January 2026",Landscape,Spain,2026,Wild Cats,0,0,0,0.000
volcanic-strata,"Tenerife, January 2026",Landscape,Spain,2026,Winter,0,0,0,0.000
volcanic-strata,"Tenerife, January 2026",Landscape,Spain,2026,Woodland,0,0,0,0.000
volcanic-strata,"Tenerife, January 2026",Landscape,Spain,2026,Young Animals,0,0,0,0.000
vulture-in-flight,"Maasai Mara, October 2025",Wildlife,Kenya,2025,Acacias,0,0,0,0.000
vulture-in-flight,"Maasai Mara, October 2025",Wildlife,Kenya,2025,Aircraft,0,0,0,0.000
vulture-in-flight,"Maasai Mara, October 2025",Wildlife,Kenya,2025,Antelope,0,0,0,0.000
vulture-in-flight,"Maasai Mara, October 2025",Wildlife,Kenya,2025,Autumn,0,0,0,0.000
vulture-in-flight,"Maasai Mara, October 2025",Wildlife,Kenya,2025,Bees,0,0,0,0.000
vulture-in-flight,"Maasai Mara, October 2025",Wildlife,Kenya,2025,Big Five,0,0,0,0.000
vulture-in-flight,"Maasai Mara, October 2025",Wildlife,Kenya,2025,Birds,1,0,0,0.000
vulture-in-flight,"Maasai Mara, October 2025",Wildlife,Kenya,2025,Birds in Flight,1,0,0,0.000
vulture-in-flight,"Maasai Mara, October 2025",Wildlife,Kenya,2025,Birds of Prey,1,0,0,0.000
vulture-in-flight,"Maasai Mara, October 2025",Wildlife,Kenya,2025,Boats and Ships,0,0,0,0.000
vulture-in-flight,"Maasai Mara, October 2025",Wildlife,Kenya,2025,Coast and Sea,0,0,0,0.000
vulture-in-flight,"Maasai Mara, October 2025",Wildlife,Kenya,2025,Drought,0,0,0,0.000
vulture-in-flight,"Maasai Mara, October 2025",Wildlife,Kenya,2025,Elephants,0,0,0,0.000
vulture-in-flight,"Maasai Mara, October 2025",Wildlife,Kenya,2025,Feeding,0,0,0,0.000
vulture-in-flight,"Maasai Mara, October 2025",Wildlife,Kenya,2025,Flowers,0,0,0,0.000
vulture-in-flight,"Maasai Mara, October 2025",Wildlife,Kenya,2025,Fungi,0,0,0,0.000
vulture-in-flight,"Maasai Mara, October 2025",Wildlife,Kenya,2025,Gulls,0,0,0,0.000
vulture-in-flight,"Maasai Mara, October 2025",Wildlife,Kenya,2025,Insects,0,0,0,0.000
vulture-in-flight,"Maasai Mara, October 2025",Wildlife,Kenya,2025,Martello Towers,0,0,0,0.000
vulture-in-flight,"Maasai Mara, October 2025",Wildlife,Kenya,2025,Mountains,0,0,0,0.000
vulture-in-flight,"Maasai Mara, October 2025",Wildlife,Kenya,2025,Reflections,0,0,0,0.000
vulture-in-flight,"Maasai Mara, October 2025",Wildlife,Kenya,2025,Seabirds,0,0,0,0.000
vulture-in-flight,"Maasai Mara, October 2025",Wildlife,Kenya,2025,Silhouettes,0,0,0,0.000
vulture-in-flight,"Maasai Mara, October 2025",Wildlife,Kenya,2025,Skies and Cloud,0,0,0,0.000
vulture-in-flight,"Maasai Mara, October 2025",Wildlife,Kenya,2025,Skylines,0,0,0,0.000
vulture-in-flight,"Maasai Mara, October 2025",Wildlife,Kenya,2025,Spring,0,0,0,0.000
vulture-in-flight,"Maasai Mara, October 2025",Wildlife,Kenya,2025,Sunrise and Sunset,0,0,0,0.000
vulture-in-flight,"Maasai Mara, October 2025",Wildlife,Kenya,2025,Trees,0,0,0,0.000
vulture-in-flight,"Maasai Mara, October 2025",Wildlife,Kenya,2025,Waterbirds,0,0,0,0.000
vulture-in-flight,"Maasai Mara, October 2025",Wildlife,Kenya,2025,Waterfronts and Harbours,0,0,0,0.000
vulture-in-flight,"Maasai Mara, October 2025",Wildlife,Kenya,2025,Wild Cats,0,0,0,0.000
vulture-in-flight,"Maasai Mara, October 2025",Wildlife,Kenya,2025,Winter,0,0,0,0.000
vulture-in-flight,"Maasai Mara, October 2025",Wildlife,Kenya,2025,Woodland,0,0,0,0.000
vulture-in-flight,"Maasai Mara, October 2025",Wildlife,Kenya,2025,Young Animals,0,0,0,0.000
vulture-landing-in-mono,"Maasai Mara, October 2025",Wildlife,Kenya,2025,Acacias,0,0,0,0.000
vulture-landing-in-mono,"Maasai Mara, October 2025",Wildlife,Kenya,2025,Aircraft,0,0,0,0.000
vulture-landing-in-mono,"Maasai Mara, October 2025",Wildlife,Kenya,2025,Antelope,0,0,0,0.000
vulture-landing-in-mono,"Maasai Mara, October 2025",Wildlife,Kenya,2025,Autumn,0,0,0,0.000
vulture-landing-in-mono,"Maasai Mara, October 2025",Wildlife,Kenya,2025,Bees,0,0,0,0.000
vulture-landing-in-mono,"Maasai Mara, October 2025",Wildlife,Kenya,2025,Big Five,0,0,0,0.000
vulture-landing-in-mono,"Maasai Mara, October 2025",Wildlife,Kenya,2025,Birds,1,1,1,1.000
vulture-landing-in-mono,"Maasai Mara, October 2025",Wildlife,Kenya,2025,Birds in Flight,1,0,1,0.500
vulture-landing-in-mono,"Maasai Mara, October 2025",Wildlife,Kenya,2025,Birds of Prey,1,0,1,0.500
vulture-landing-in-mono,"Maasai Mara, October 2025",Wildlife,Kenya,2025,Boats and Ships,0,0,0,0.000
vulture-landing-in-mono,"Maasai Mara, October 2025",Wildlife,Kenya,2025,Coast and Sea,0,0,0,0.000
vulture-landing-in-mono,"Maasai Mara, October 2025",Wildlife,Kenya,2025,Drought,0,0,0,0.000
vulture-landing-in-mono,"Maasai Mara, October 2025",Wildlife,Kenya,2025,Elephants,0,0,0,0.000
vulture-landing-in-mono,"Maasai Mara, October 2025",Wildlife,Kenya,2025,Feeding,0,0,0,0.000
vulture-landing-in-mono,"Maasai Mara, October 2025",Wildlife,Kenya,2025,Flowers,0,0,0,0.000
vulture-landing-in-mono,"Maasai Mara, October 2025",Wildlife,Kenya,2025,Fungi,0,0,0,0.000
vulture-landing-in-mono,"Maasai Mara, October 2025",Wildlife,Kenya,2025,Gulls,0,0,0,0.000
vulture-landing-in-mono,"Maasai Mara, October 2025",Wildlife,Kenya,2025,Insects,0,0,0,0.000
vulture-landing-in-mono,"Maasai Mara, October 2025",Wildlife,Kenya,2025,Martello Towers,0,0,0,0.000
vulture-landing-in-mono,"Maasai Mara, October 2025",Wildlife,Kenya,2025,Mountains,0,0,0,0.000
vulture-landing-in-mono,"Maasai Mara, October 2025",Wildlife,Kenya,2025,Reflections,0,0,0,0.000
vulture-landing-in-mono,"Maasai Mara, October 2025",Wildlife,Kenya,2025,Seabirds,0,0,0,0.000
vulture-landing-in-mono,"Maasai Mara, October 2025",Wildlife,Kenya,2025,Silhouettes,0,0,0,0.000
vulture-landing-in-mono,"Maasai Mara, October 2025",Wildlife,Kenya,2025,Skies and Cloud,0,0,0,0.000
vulture-landing-in-mono,"Maasai Mara, October 2025",Wildlife,Kenya,2025,Skylines,0,0,0,0.000
vulture-landing-in-mono,"Maasai Mara, October 2025",Wildlife,Kenya,2025,Spring,0,0,0,0.000
vulture-landing-in-mono,"Maasai Mara, October 2025",Wildlife,Kenya,2025,Sunrise and Sunset,0,0,0,0.000
vulture-landing-in-mono,"Maasai Mara, October 2025",Wildlife,Kenya,2025,Trees,0,0,0,0.000
vulture-landing-in-mono,"Maasai Mara, October 2025",Wildlife,Kenya,2025,Waterbirds,0,0,0,0.000
vulture-landing-in-mono,"Maasai Mara, October 2025",Wildlife,Kenya,2025,Waterfronts and Harbours,0,0,0,0.000
vulture-landing-in-mono,"Maasai Mara, October 2025",Wildlife,Kenya,2025,Wild Cats,0,0,0,0.000
vulture-landing-in-mono,"Maasai Mara, October 2025",Wildlife,Kenya,2025,Winter,0,0,0,0.000
vulture-landing-in-mono,"Maasai Mara, October 2025",Wildlife,Kenya,2025,Woodland,0,0,0,0.000
vulture-landing-in-mono,"Maasai Mara, October 2025",Wildlife,Kenya,2025,Young Animals,0,0,0,0.000
vulture-landing,"Maasai Mara, October 2025",Wildlife,Kenya,2025,Acacias,0,0,0,0.000
vulture-landing,"Maasai Mara, October 2025",Wildlife,Kenya,2025,Aircraft,0,0,0,0.000
vulture-landing,"Maasai Mara, October 2025",Wildlife,Kenya,2025,Antelope,0,0,0,0.000
vulture-landing,"Maasai Mara, October 2025",Wildlife,Kenya,2025,Autumn,0,0,0,0.000
vulture-landing,"Maasai Mara, October 2025",Wildlife,Kenya,2025,Bees,0,0,0,0.000
vulture-landing,"Maasai Mara, October 2025",Wildlife,Kenya,2025,Big Five,0,0,0,0.000
vulture-landing,"Maasai Mara, October 2025",Wildlife,Kenya,2025,Birds,1,0,0,0.000
vulture-landing,"Maasai Mara, October 2025",Wildlife,Kenya,2025,Birds in Flight,1,0,0,0.000
vulture-landing,"Maasai Mara, October 2025",Wildlife,Kenya,2025,Birds of Prey,1,0,0,0.000
vulture-landing,"Maasai Mara, October 2025",Wildlife,Kenya,2025,Boats and Ships,0,0,0,0.000
vulture-landing,"Maasai Mara, October 2025",Wildlife,Kenya,2025,Coast and Sea,0,0,0,0.000
vulture-landing,"Maasai Mara, October 2025",Wildlife,Kenya,2025,Drought,0,0,0,0.000
vulture-landing,"Maasai Mara, October 2025",Wildlife,Kenya,2025,Elephants,0,0,0,0.000
vulture-landing,"Maasai Mara, October 2025",Wildlife,Kenya,2025,Feeding,0,0,0,0.000
vulture-landing,"Maasai Mara, October 2025",Wildlife,Kenya,2025,Flowers,0,0,0,0.000
vulture-landing,"Maasai Mara, October 2025",Wildlife,Kenya,2025,Fungi,0,0,0,0.000
vulture-landing,"Maasai Mara, October 2025",Wildlife,Kenya,2025,Gulls,0,0,0,0.000
vulture-landing,"Maasai Mara, October 2025",Wildlife,Kenya,2025,Insects,0,0,0,0.000
vulture-landing,"Maasai Mara, October 2025",Wildlife,Kenya,2025,Martello Towers,0,0,0,0.000
vulture-landing,"Maasai Mara, October 2025",Wildlife,Kenya,2025,Mountains,0,0,0,0.000
vulture-landing,"Maasai Mara, October 2025",Wildlife,Kenya,2025,Reflections,0,0,0,0.000
vulture-landing,"Maasai Mara, October 2025",Wildlife,Kenya,2025,Seabirds,0,0,0,0.000
vulture-landing,"Maasai Mara, October 2025",Wildlife,Kenya,2025,Silhouettes,0,0,0,0.000
vulture-landing,"Maasai Mara, October 2025",Wildlife,Kenya,2025,Skies and Cloud,0,0,0,0.000
vulture-landing,"Maasai Mara, October 2025",Wildlife,Kenya,2025,Skylines,0,0,0,0.000
vulture-landing,"Maasai Mara, October 2025",Wildlife,Kenya,2025,Spring,0,0,0,0.000
vulture-landing,"Maasai Mara, October 2025",Wildlife,Kenya,2025,Sunrise and Sunset,0,0,0,0.000
vulture-landing,"Maasai Mara, October 2025",Wildlife,Kenya,2025,Trees,0,0,0,0.000
vulture-landing,"Maasai Mara, October 2025",Wildlife,Kenya,2025,Waterbirds,0,0,0,0.000
vulture-landing,"Maasai Mara, October 2025",Wildlife,Kenya,2025,Waterfronts and Harbours,0,0,0,0.000
vulture-landing,"Maasai Mara, October 2025",Wildlife,Kenya,2025,Wild Cats,0,0,0,0.000
vulture-landing,"Maasai Mara, October 2025",Wildlife,Kenya,2025,Winter,0,0,0,0.000
vulture-landing,"Maasai Mara, October 2025",Wildlife,Kenya,2025,Woodland,0,0,0,0.000
vulture-landing,"Maasai Mara, October 2025",Wildlife,Kenya,2025,Young Animals,0,0,0,0.000
watching-from-the-water,"Bray Air Show, August 2026",Documentary,Ireland,2026,Acacias,0,0,0,0.000
watching-from-the-water,"Bray Air Show, August 2026",Documentary,Ireland,2026,Aircraft,1,0,0,0.000
watching-from-the-water,"Bray Air Show, August 2026",Documentary,Ireland,2026,Antelope,0,0,0,0.000
watching-from-the-water,"Bray Air Show, August 2026",Documentary,Ireland,2026,Autumn,0,0,0,0.000
watching-from-the-water,"Bray Air Show, August 2026",Documentary,Ireland,2026,Bees,0,0,0,0.000
watching-from-the-water,"Bray Air Show, August 2026",Documentary,Ireland,2026,Big Five,0,0,0,0.000
watching-from-the-water,"Bray Air Show, August 2026",Documentary,Ireland,2026,Birds,0,0,0,0.000
watching-from-the-water,"Bray Air Show, August 2026",Documentary,Ireland,2026,Birds in Flight,0,0,0,0.000
watching-from-the-water,"Bray Air Show, August 2026",Documentary,Ireland,2026,Birds of Prey,0,0,0,0.000
watching-from-the-water,"Bray Air Show, August 2026",Documentary,Ireland,2026,Boats and Ships,1,0,1,0.500
watching-from-the-water,"Bray Air Show, August 2026",Documentary,Ireland,2026,Coast and Sea,0,0,1,1.000
watching-from-the-water,"Bray Air Show, August 2026",Documentary,Ireland,2026,Drought,0,0,0,0.000
watching-from-the-water,"Bray Air Show, August 2026",Documentary,Ireland,2026,Elephants,0,0,0,0.000
watching-from-the-water,"Bray Air Show, August 2026",Documentary,Ireland,2026,Feeding,0,0,0,0.000
watching-from-the-water,"Bray Air Show, August 2026",Documentary,Ireland,2026,Flowers,0,0,0,0.000
watching-from-the-water,"Bray Air Show, August 2026",Documentary,Ireland,2026,Fungi,0,0,0,0.000
watching-from-the-water,"Bray Air Show, August 2026",Documentary,Ireland,2026,Gulls,0,0,0,0.000
watching-from-the-water,"Bray Air Show, August 2026",Documentary,Ireland,2026,Insects,0,0,0,0.000
watching-from-the-water,"Bray Air Show, August 2026",Documentary,Ireland,2026,Martello Towers,0,0,0,0.000
watching-from-the-water,"Bray Air Show, August 2026",Documentary,Ireland,2026,Mountains,0,0,0,0.000
watching-from-the-water,"Bray Air Show, August 2026",Documentary,Ireland,2026,Reflections,0,0,0,0.000
watching-from-the-water,"Bray Air Show, August 2026",Documentary,Ireland,2026,Seabirds,0,0,0,0.000
watching-from-the-water,"Bray Air Show, August 2026",Documentary,Ireland,2026,Silhouettes,0,0,0,0.000
watching-from-the-water,"Bray Air Show, August 2026",Documentary,Ireland,2026,Skies and Cloud,1,0,1,0.500
watching-from-the-water,"Bray Air Show, August 2026",Documentary,Ireland,2026,Skylines,0,0,0,0.000
watching-from-the-water,"Bray Air Show, August 2026",Documentary,Ireland,2026,Spring,0,0,0,0.000
watching-from-the-water,"Bray Air Show, August 2026",Documentary,Ireland,2026,Sunrise and Sunset,0,0,0,0.000
watching-from-the-water,"Bray Air Show, August 2026",Documentary,Ireland,2026,Trees,0,0,0,0.000
watching-from-the-water,"Bray Air Show, August 2026",Documentary,Ireland,2026,Waterbirds,0,0,0,0.000
watching-from-the-water,"Bray Air Show, August 2026",Documentary,Ireland,2026,Waterfronts and Harbours,0,0,0,0.000
watching-from-the-water,"Bray Air Show, August 2026",Documentary,Ireland,2026,Wild Cats,0,0,1,0.500
watching-from-the-water,"Bray Air Show, August 2026",Documentary,Ireland,2026,Winter,0,0,0,0.000
watching-from-the-water,"Bray Air Show, August 2026",Documentary,Ireland,2026,Woodland,0,0,0,0.000
watching-from-the-water,"Bray Air Show, August 2026",Documentary,Ireland,2026,Young Animals,0,0,0,0.000
watching-lions-at-dusk,"Maasai Mara, October 2025",Documentary,Kenya,2025,Acacias,0,0,0,0.000
watching-lions-at-dusk,"Maasai Mara, October 2025",Documentary,Kenya,2025,Aircraft,0,0,0,0.000
watching-lions-at-dusk,"Maasai Mara, October 2025",Documentary,Kenya,2025,Antelope,0,0,0,0.000
watching-lions-at-dusk,"Maasai Mara, October 2025",Documentary,Kenya,2025,Autumn,0,0,0,0.000
watching-lions-at-dusk,"Maasai Mara, October 2025",Documentary,Kenya,2025,Bees,0,0,0,0.000
watching-lions-at-dusk,"Maasai Mara, October 2025",Documentary,Kenya,2025,Big Five,1,0,0,0.000
watching-lions-at-dusk,"Maasai Mara, October 2025",Documentary,Kenya,2025,Birds,0,0,0,0.000
watching-lions-at-dusk,"Maasai Mara, October 2025",Documentary,Kenya,2025,Birds in Flight,0,0,0,0.000
watching-lions-at-dusk,"Maasai Mara, October 2025",Documentary,Kenya,2025,Birds of Prey,0,0,0,0.000
watching-lions-at-dusk,"Maasai Mara, October 2025",Documentary,Kenya,2025,Boats and Ships,0,0,0,0.000
watching-lions-at-dusk,"Maasai Mara, October 2025",Documentary,Kenya,2025,Coast and Sea,0,0,0,0.000
watching-lions-at-dusk,"Maasai Mara, October 2025",Documentary,Kenya,2025,Drought,0,0,0,0.000
watching-lions-at-dusk,"Maasai Mara, October 2025",Documentary,Kenya,2025,Elephants,0,0,0,0.000
watching-lions-at-dusk,"Maasai Mara, October 2025",Documentary,Kenya,2025,Feeding,0,0,0,0.000
watching-lions-at-dusk,"Maasai Mara, October 2025",Documentary,Kenya,2025,Flowers,0,0,0,0.000
watching-lions-at-dusk,"Maasai Mara, October 2025",Documentary,Kenya,2025,Fungi,0,0,0,0.000
watching-lions-at-dusk,"Maasai Mara, October 2025",Documentary,Kenya,2025,Gulls,0,0,0,0.000
watching-lions-at-dusk,"Maasai Mara, October 2025",Documentary,Kenya,2025,Insects,0,0,0,0.000
watching-lions-at-dusk,"Maasai Mara, October 2025",Documentary,Kenya,2025,Martello Towers,0,0,0,0.000
watching-lions-at-dusk,"Maasai Mara, October 2025",Documentary,Kenya,2025,Mountains,0,0,0,0.000
watching-lions-at-dusk,"Maasai Mara, October 2025",Documentary,Kenya,2025,Reflections,0,0,0,0.000
watching-lions-at-dusk,"Maasai Mara, October 2025",Documentary,Kenya,2025,Seabirds,0,0,0,0.000
watching-lions-at-dusk,"Maasai Mara, October 2025",Documentary,Kenya,2025,Silhouettes,0,0,0,0.000
watching-lions-at-dusk,"Maasai Mara, October 2025",Documentary,Kenya,2025,Skies and Cloud,0,0,0,0.000
watching-lions-at-dusk,"Maasai Mara, October 2025",Documentary,Kenya,2025,Skylines,0,0,0,0.000
watching-lions-at-dusk,"Maasai Mara, October 2025",Documentary,Kenya,2025,Spring,0,0,0,0.000
watching-lions-at-dusk,"Maasai Mara, October 2025",Documentary,Kenya,2025,Sunrise and Sunset,0,0,0,0.000
watching-lions-at-dusk,"Maasai Mara, October 2025",Documentary,Kenya,2025,Trees,0,0,0,0.000
watching-lions-at-dusk,"Maasai Mara, October 2025",Documentary,Kenya,2025,Waterbirds,0,0,0,0.000
watching-lions-at-dusk,"Maasai Mara, October 2025",Documentary,Kenya,2025,Waterfronts and Harbours,0,0,0,0.000
watching-lions-at-dusk,"Maasai Mara, October 2025",Documentary,Kenya,2025,Wild Cats,1,0,0,0.000
watching-lions-at-dusk,"Maasai Mara, October 2025",Documentary,Kenya,2025,Winter,0,0,0,0.000
watching-lions-at-dusk,"Maasai Mara, October 2025",Documentary,Kenya,2025,Woodland,0,0,0,0.000
watching-lions-at-dusk,"Maasai Mara, October 2025",Documentary,Kenya,2025,Young Animals,0,0,0,0.000
watching-the-vultures,"Maasai Mara, October 2025",Documentary,Kenya,2025,Acacias,0,0,0,0.000
watching-the-vultures,"Maasai Mara, October 2025",Documentary,Kenya,2025,Aircraft,0,0,0,0.000
watching-the-vultures,"Maasai Mara, October 2025",Documentary,Kenya,2025,Antelope,0,0,0,0.000
watching-the-vultures,"Maasai Mara, October 2025",Documentary,Kenya,2025,Autumn,0,0,0,0.000
watching-the-vultures,"Maasai Mara, October 2025",Documentary,Kenya,2025,Bees,0,0,0,0.000
watching-the-vultures,"Maasai Mara, October 2025",Documentary,Kenya,2025,Big Five,0,0,0,0.000
watching-the-vultures,"Maasai Mara, October 2025",Documentary,Kenya,2025,Birds,1,0,0,0.000
watching-the-vultures,"Maasai Mara, October 2025",Documentary,Kenya,2025,Birds in Flight,0,0,0,0.000
watching-the-vultures,"Maasai Mara, October 2025",Documentary,Kenya,2025,Birds of Prey,1,0,0,0.000
watching-the-vultures,"Maasai Mara, October 2025",Documentary,Kenya,2025,Boats and Ships,0,0,0,0.000
watching-the-vultures,"Maasai Mara, October 2025",Documentary,Kenya,2025,Coast and Sea,0,0,0,0.000
watching-the-vultures,"Maasai Mara, October 2025",Documentary,Kenya,2025,Drought,0,0,0,0.000
watching-the-vultures,"Maasai Mara, October 2025",Documentary,Kenya,2025,Elephants,0,0,0,0.000
watching-the-vultures,"Maasai Mara, October 2025",Documentary,Kenya,2025,Feeding,1,0,0,0.000
watching-the-vultures,"Maasai Mara, October 2025",Documentary,Kenya,2025,Flowers,0,0,0,0.000
watching-the-vultures,"Maasai Mara, October 2025",Documentary,Kenya,2025,Fungi,0,0,0,0.000
watching-the-vultures,"Maasai Mara, October 2025",Documentary,Kenya,2025,Gulls,0,0,0,0.000
watching-the-vultures,"Maasai Mara, October 2025",Documentary,Kenya,2025,Insects,0,0,0,0.000
watching-the-vultures,"Maasai Mara, October 2025",Documentary,Kenya,2025,Martello Towers,0,0,0,0.000
watching-the-vultures,"Maasai Mara, October 2025",Documentary,Kenya,2025,Mountains,0,0,0,0.000
watching-the-vultures,"Maasai Mara, October 2025",Documentary,Kenya,2025,Reflections,0,0,0,0.000
watching-the-vultures,"Maasai Mara, October 2025",Documentary,Kenya,2025,Seabirds,0,0,0,0.000
watching-the-vultures,"Maasai Mara, October 2025",Documentary,Kenya,2025,Silhouettes,0,0,0,0.000
watching-the-vultures,"Maasai Mara, October 2025",Documentary,Kenya,2025,Skies and Cloud,0,0,0,0.000
watching-the-vultures,"Maasai Mara, October 2025",Documentary,Kenya,2025,Skylines,0,0,0,0.000
watching-the-vultures,"Maasai Mara, October 2025",Documentary,Kenya,2025,Spring,0,0,0,0.000
watching-the-vultures,"Maasai Mara, October 2025",Documentary,Kenya,2025,Sunrise and Sunset,0,0,0,0.000
watching-the-vultures,"Maasai Mara, October 2025",Documentary,Kenya,2025,Trees,0,0,0,0.000
watching-the-vultures,"Maasai Mara, October 2025",Documentary,Kenya,2025,Waterbirds,0,0,0,0.000
watching-the-vultures,"Maasai Mara, October 2025",Documentary,Kenya,2025,Waterfronts and Harbours,0,0,0,0.000
watching-the-vultures,"Maasai Mara, October 2025",Documentary,Kenya,2025,Wild Cats,0,0,0,0.000
watching-the-vultures,"Maasai Mara, October 2025",Documentary,Kenya,2025,Winter,0,0,0,0.000
watching-the-vultures,"Maasai Mara, October 2025",Documentary,Kenya,2025,Woodland,0,0,0,0.000
watching-the-vultures,"Maasai Mara, October 2025",Documentary,Kenya,2025,Young Animals,0,0,0,0.000
water-lily-at-farmleigh,"Farmleigh, Dublin",Nature,Ireland,2026,Acacias,0,0,0,0.000
water-lily-at-farmleigh,"Farmleigh, Dublin",Nature,Ireland,2026,Aircraft,0,0,0,0.000
water-lily-at-farmleigh,"Farmleigh, Dublin",Nature,Ireland,2026,Antelope,0,0,0,0.000
water-lily-at-farmleigh,"Farmleigh, Dublin",Nature,Ireland,2026,Autumn,0,0,0,0.000
water-lily-at-farmleigh,"Farmleigh, Dublin",Nature,Ireland,2026,Bees,0,0,0,0.000
water-lily-at-farmleigh,"Farmleigh, Dublin",Nature,Ireland,2026,Big Five,0,0,0,0.000
water-lily-at-farmleigh,"Farmleigh, Dublin",Nature,Ireland,2026,Birds,0,0,0,0.000
water-lily-at-farmleigh,"Farmleigh, Dublin",Nature,Ireland,2026,Birds in Flight,0,0,0,0.000
water-lily-at-farmleigh,"Farmleigh, Dublin",Nature,Ireland,2026,Birds of Prey,0,0,0,0.000
water-lily-at-farmleigh,"Farmleigh, Dublin",Nature,Ireland,2026,Boats and Ships,0,0,0,0.000
water-lily-at-farmleigh,"Farmleigh, Dublin",Nature,Ireland,2026,Coast and Sea,0,0,0,0.000
water-lily-at-farmleigh,"Farmleigh, Dublin",Nature,Ireland,2026,Drought,0,0,0,0.000
water-lily-at-farmleigh,"Farmleigh, Dublin",Nature,Ireland,2026,Elephants,0,0,0,0.000
water-lily-at-farmleigh,"Farmleigh, Dublin",Nature,Ireland,2026,Feeding,0,0,0,0.000
water-lily-at-farmleigh,"Farmleigh, Dublin",Nature,Ireland,2026,Flowers,1,0,0,0.000
water-lily-at-farmleigh,"Farmleigh, Dublin",Nature,Ireland,2026,Fungi,0,0,0,0.000
water-lily-at-farmleigh,"Farmleigh, Dublin",Nature,Ireland,2026,Gulls,0,0,0,0.000
water-lily-at-farmleigh,"Farmleigh, Dublin",Nature,Ireland,2026,Insects,0,0,0,0.000
water-lily-at-farmleigh,"Farmleigh, Dublin",Nature,Ireland,2026,Martello Towers,0,0,0,0.000
water-lily-at-farmleigh,"Farmleigh, Dublin",Nature,Ireland,2026,Mountains,0,0,0,0.000
water-lily-at-farmleigh,"Farmleigh, Dublin",Nature,Ireland,2026,Reflections,0,0,0,0.000
water-lily-at-farmleigh,"Farmleigh, Dublin",Nature,Ireland,2026,Seabirds,0,0,0,0.000
water-lily-at-farmleigh,"Farmleigh, Dublin",Nature,Ireland,2026,Silhouettes,0,0,0,0.000
water-lily-at-farmleigh,"Farmleigh, Dublin",Nature,Ireland,2026,Skies and Cloud,0,0,0,0.000
water-lily-at-farmleigh,"Farmleigh, Dublin",Nature,Ireland,2026,Skylines,0,0,0,0.000
water-lily-at-farmleigh,"Farmleigh, Dublin",Nature,Ireland,2026,Spring,0,0,0,0.000
water-lily-at-farmleigh,"Farmleigh, Dublin",Nature,Ireland,2026,Sunrise and Sunset,0,0,0,0.000
water-lily-at-farmleigh,"Farmleigh, Dublin",Nature,Ireland,2026,Trees,0,0,0,0.000
water-lily-at-farmleigh,"Farmleigh, Dublin",Nature,Ireland,2026,Waterbirds,0,0,0,0.000
water-lily-at-farmleigh,"Farmleigh, Dublin",Nature,Ireland,2026,Waterfronts and Harbours,0,0,0,0.000
water-lily-at-farmleigh,"Farmleigh, Dublin",Nature,Ireland,2026,Wild Cats,0,0,0,0.000
water-lily-at-farmleigh,"Farmleigh, Dublin",Nature,Ireland,2026,Winter,0,0,0,0.000
water-lily-at-farmleigh,"Farmleigh, Dublin",Nature,Ireland,2026,Woodland,0,0,0,0.000
water-lily-at-farmleigh,"Farmleigh, Dublin",Nature,Ireland,2026,Young Animals,0,0,0,0.000
where-the-water-was,"Bohernabreena Reservoir, August 2026",Landscape,Ireland,2026,Acacias,0,0,0,0.000
where-the-water-was,"Bohernabreena Reservoir, August 2026",Landscape,Ireland,2026,Aircraft,0,0,0,0.000
where-the-water-was,"Bohernabreena Reservoir, August 2026",Landscape,Ireland,2026,Antelope,0,0,0,0.000
where-the-water-was,"Bohernabreena Reservoir, August 2026",Landscape,Ireland,2026,Autumn,0,0,0,0.000
where-the-water-was,"Bohernabreena Reservoir, August 2026",Landscape,Ireland,2026,Bees,0,0,0,0.000
where-the-water-was,"Bohernabreena Reservoir, August 2026",Landscape,Ireland,2026,Big Five,0,0,0,0.000
where-the-water-was,"Bohernabreena Reservoir, August 2026",Landscape,Ireland,2026,Birds,0,0,0,0.000
where-the-water-was,"Bohernabreena Reservoir, August 2026",Landscape,Ireland,2026,Birds in Flight,0,0,0,0.000
where-the-water-was,"Bohernabreena Reservoir, August 2026",Landscape,Ireland,2026,Birds of Prey,0,0,0,0.000
where-the-water-was,"Bohernabreena Reservoir, August 2026",Landscape,Ireland,2026,Boats and Ships,0,0,0,0.000
where-the-water-was,"Bohernabreena Reservoir, August 2026",Landscape,Ireland,2026,Coast and Sea,0,0,0,0.000
where-the-water-was,"Bohernabreena Reservoir, August 2026",Landscape,Ireland,2026,Drought,1,0,0,0.000
where-the-water-was,"Bohernabreena Reservoir, August 2026",Landscape,Ireland,2026,Elephants,0,0,0,0.000
where-the-water-was,"Bohernabreena Reservoir, August 2026",Landscape,Ireland,2026,Feeding,0,0,0,0.000
where-the-water-was,"Bohernabreena Reservoir, August 2026",Landscape,Ireland,2026,Flowers,0,0,0,0.000
where-the-water-was,"Bohernabreena Reservoir, August 2026",Landscape,Ireland,2026,Fungi,0,0,0,0.000
where-the-water-was,"Bohernabreena Reservoir, August 2026",Landscape,Ireland,2026,Gulls,0,1,1,1.000
where-the-water-was,"Bohernabreena Reservoir, August 2026",Landscape,Ireland,2026,Insects,0,0,0,0.000
where-the-water-was,"Bohernabreena Reservoir, August 2026",Landscape,Ireland,2026,Martello Towers,0,0,0,0.000
where-the-water-was,"Bohernabreena Reservoir, August 2026",Landscape,Ireland,2026,Mountains,0,0,0,0.000
where-the-water-was,"Bohernabreena Reservoir, August 2026",Landscape,Ireland,2026,Reflections,0,0,0,0.000
where-the-water-was,"Bohernabreena Reservoir, August 2026",Landscape,Ireland,2026,Seabirds,0,0,0,0.000
where-the-water-was,"Bohernabreena Reservoir, August 2026",Landscape,Ireland,2026,Silhouettes,0,0,0,0.000
where-the-water-was,"Bohernabreena Reservoir, August 2026",Landscape,Ireland,2026,Skies and Cloud,0,0,0,0.000
where-the-water-was,"Bohernabreena Reservoir, August 2026",Landscape,Ireland,2026,Skylines,0,0,0,0.000
where-the-water-was,"Bohernabreena Reservoir, August 2026",Landscape,Ireland,2026,Spring,0,0,0,0.000
where-the-water-was,"Bohernabreena Reservoir, August 2026",Landscape,Ireland,2026,Sunrise and Sunset,0,0,0,0.000
where-the-water-was,"Bohernabreena Reservoir, August 2026",Landscape,Ireland,2026,Trees,0,0,0,0.000
where-the-water-was,"Bohernabreena Reservoir, August 2026",Landscape,Ireland,2026,Waterbirds,0,0,0,0.000
where-the-water-was,"Bohernabreena Reservoir, August 2026",Landscape,Ireland,2026,Waterfronts and Harbours,0,0,0,0.000
where-the-water-was,"Bohernabreena Reservoir, August 2026",Landscape,Ireland,2026,Wild Cats,0,0,0,0.000
where-the-water-was,"Bohernabreena Reservoir, August 2026",Landscape,Ireland,2026,Winter,0,0,0,0.000
where-the-water-was,"Bohernabreena Reservoir, August 2026",Landscape,Ireland,2026,Woodland,0,0,0,0.000
where-the-water-was,"Bohernabreena Reservoir, August 2026",Landscape,Ireland,2026,Young Animals,0,0,0,0.000
wild-angelica,"Bohernabreena Reservoir, August 2026",Nature,Ireland,2026,Acacias,0,0,0,0.000
wild-angelica,"Bohernabreena Reservoir, August 2026",Nature,Ireland,2026,Aircraft,0,0,0,0.000
wild-angelica,"Bohernabreena Reservoir, August 2026",Nature,Ireland,2026,Antelope,0,0,0,0.000
wild-angelica,"Bohernabreena Reservoir, August 2026",Nature,Ireland,2026,Autumn,0,0,0,0.000
wild-angelica,"Bohernabreena Reservoir, August 2026",Nature,Ireland,2026,Bees,0,0,0,0.000
wild-angelica,"Bohernabreena Reservoir, August 2026",Nature,Ireland,2026,Big Five,0,0,0,0.000
wild-angelica,"Bohernabreena Reservoir, August 2026",Nature,Ireland,2026,Birds,0,0,0,0.000
wild-angelica,"Bohernabreena Reservoir, August 2026",Nature,Ireland,2026,Birds in Flight,0,0,0,0.000
wild-angelica,"Bohernabreena Reservoir, August 2026",Nature,Ireland,2026,Birds of Prey,0,0,0,0.000
wild-angelica,"Bohernabreena Reservoir, August 2026",Nature,Ireland,2026,Boats and Ships,0,0,0,0.000
wild-angelica,"Bohernabreena Reservoir, August 2026",Nature,Ireland,2026,Coast and Sea,0,0,0,0.000
wild-angelica,"Bohernabreena Reservoir, August 2026",Nature,Ireland,2026,Drought,0,0,0,0.000
wild-angelica,"Bohernabreena Reservoir, August 2026",Nature,Ireland,2026,Elephants,0,0,0,0.000
wild-angelica,"Bohernabreena Reservoir, August 2026",Nature,Ireland,2026,Feeding,0,0,0,0.000
wild-angelica,"Bohernabreena Reservoir, August 2026",Nature,Ireland,2026,Flowers,1,1,1,1.000
wild-angelica,"Bohernabreena Reservoir, August 2026",Nature,Ireland,2026,Fungi,0,0,0,0.000
wild-angelica,"Bohernabreena Reservoir, August 2026",Nature,Ireland,2026,Gulls,0,0,0,0.000
wild-angelica,"Bohernabreena Reservoir, August 2026",Nature,Ireland,2026,Insects,0,0,0,0.000
wild-angelica,"Bohernabreena Reservoir, August 2026",Nature,Ireland,2026,Martello Towers,0,0,0,0.000
wild-angelica,"Bohernabreena Reservoir, August 2026",Nature,Ireland,2026,Mountains,0,0,0,0.000
wild-angelica,"Bohernabreena Reservoir, August 2026",Nature,Ireland,2026,Reflections,0,0,0,0.000
wild-angelica,"Bohernabreena Reservoir, August 2026",Nature,Ireland,2026,Seabirds,0,0,0,0.000
wild-angelica,"Bohernabreena Reservoir, August 2026",Nature,Ireland,2026,Silhouettes,0,0,0,0.000
wild-angelica,"Bohernabreena Reservoir, August 2026",Nature,Ireland,2026,Skies and Cloud,0,0,0,0.000
wild-angelica,"Bohernabreena Reservoir, August 2026",Nature,Ireland,2026,Skylines,0,0,0,0.000
wild-angelica,"Bohernabreena Reservoir, August 2026",Nature,Ireland,2026,Spring,0,0,0,0.000
wild-angelica,"Bohernabreena Reservoir, August 2026",Nature,Ireland,2026,Sunrise and Sunset,0,0,0,0.000
wild-angelica,"Bohernabreena Reservoir, August 2026",Nature,Ireland,2026,Trees,0,0,0,0.000
wild-angelica,"Bohernabreena Reservoir, August 2026",Nature,Ireland,2026,Waterbirds,0,0,0,0.000
wild-angelica,"Bohernabreena Reservoir, August 2026",Nature,Ireland,2026,Waterfronts and Harbours,0,0,0,0.000
wild-angelica,"Bohernabreena Reservoir, August 2026",Nature,Ireland,2026,Wild Cats,0,0,0,0.000
wild-angelica,"Bohernabreena Reservoir, August 2026",Nature,Ireland,2026,Winter,0,0,0,0.000
wild-angelica,"Bohernabreena Reservoir, August 2026",Nature,Ireland,2026,Woodland,0,0,0,0.000
wild-angelica,"Bohernabreena Reservoir, August 2026",Nature,Ireland,2026,Young Animals,0,0,0,0.000
wildebeest-at-sunset,"Amboseli, October 2025",Nature,Kenya,2025,Acacias,0,0,0,0.000
wildebeest-at-sunset,"Amboseli, October 2025",Nature,Kenya,2025,Aircraft,0,0,0,0.000
wildebeest-at-sunset,"Amboseli, October 2025",Nature,Kenya,2025,Antelope,1,0,0,0.000
wildebeest-at-sunset,"Amboseli, October 2025",Nature,Kenya,2025,Autumn,0,0,0,0.000
wildebeest-at-sunset,"Amboseli, October 2025",Nature,Kenya,2025,Bees,0,1,1,1.000
wildebeest-at-sunset,"Amboseli, October 2025",Nature,Kenya,2025,Big Five,0,0,0,0.000
wildebeest-at-sunset,"Amboseli, October 2025",Nature,Kenya,2025,Birds,0,0,0,0.000
wildebeest-at-sunset,"Amboseli, October 2025",Nature,Kenya,2025,Birds in Flight,0,0,0,0.000
wildebeest-at-sunset,"Amboseli, October 2025",Nature,Kenya,2025,Birds of Prey,0,0,0,0.000
wildebeest-at-sunset,"Amboseli, October 2025",Nature,Kenya,2025,Boats and Ships,0,0,0,0.000
wildebeest-at-sunset,"Amboseli, October 2025",Nature,Kenya,2025,Coast and Sea,0,0,0,0.000
wildebeest-at-sunset,"Amboseli, October 2025",Nature,Kenya,2025,Drought,0,0,0,0.000
wildebeest-at-sunset,"Amboseli, October 2025",Nature,Kenya,2025,Elephants,0,0,0,0.000
wildebeest-at-sunset,"Amboseli, October 2025",Nature,Kenya,2025,Feeding,0,0,0,0.000
wildebeest-at-sunset,"Amboseli, October 2025",Nature,Kenya,2025,Flowers,0,0,0,0.000
wildebeest-at-sunset,"Amboseli, October 2025",Nature,Kenya,2025,Fungi,0,0,0,0.000
wildebeest-at-sunset,"Amboseli, October 2025",Nature,Kenya,2025,Gulls,0,0,0,0.000
wildebeest-at-sunset,"Amboseli, October 2025",Nature,Kenya,2025,Insects,0,0,0,0.000
wildebeest-at-sunset,"Amboseli, October 2025",Nature,Kenya,2025,Martello Towers,0,0,0,0.000
wildebeest-at-sunset,"Amboseli, October 2025",Nature,Kenya,2025,Mountains,1,1,1,1.000
wildebeest-at-sunset,"Amboseli, October 2025",Nature,Kenya,2025,Reflections,0,0,0,0.000
wildebeest-at-sunset,"Amboseli, October 2025",Nature,Kenya,2025,Seabirds,0,0,0,0.000
wildebeest-at-sunset,"Amboseli, October 2025",Nature,Kenya,2025,Silhouettes,1,1,1,1.000
wildebeest-at-sunset,"Amboseli, October 2025",Nature,Kenya,2025,Skies and Cloud,1,0,0,0.000
wildebeest-at-sunset,"Amboseli, October 2025",Nature,Kenya,2025,Skylines,0,1,1,1.000
wildebeest-at-sunset,"Amboseli, October 2025",Nature,Kenya,2025,Spring,0,0,0,0.000
wildebeest-at-sunset,"Amboseli, October 2025",Nature,Kenya,2025,Sunrise and Sunset,1,0,0,0.000
wildebeest-at-sunset,"Amboseli, October 2025",Nature,Kenya,2025,Trees,0,0,0,0.000
wildebeest-at-sunset,"Amboseli, October 2025",Nature,Kenya,2025,Waterbirds,0,0,0,0.000
wildebeest-at-sunset,"Amboseli, October 2025",Nature,Kenya,2025,Waterfronts and Harbours,0,0,0,0.000
wildebeest-at-sunset,"Amboseli, October 2025",Nature,Kenya,2025,Wild Cats,0,0,1,0.500
wildebeest-at-sunset,"Amboseli, October 2025",Nature,Kenya,2025,Winter,0,0,0,0.000
wildebeest-at-sunset,"Amboseli, October 2025",Nature,Kenya,2025,Woodland,0,0,0,0.000
wildebeest-at-sunset,"Amboseli, October 2025",Nature,Kenya,2025,Young Animals,0,0,0,0.000
wingwalkers-over-bray,"Bray Air Show, August 2026",Documentary,Ireland,2026,Acacias,0,0,0,0.000
wingwalkers-over-bray,"Bray Air Show, August 2026",Documentary,Ireland,2026,Aircraft,1,0,0,0.000
wingwalkers-over-bray,"Bray Air Show, August 2026",Documentary,Ireland,2026,Antelope,0,0,0,0.000
wingwalkers-over-bray,"Bray Air Show, August 2026",Documentary,Ireland,2026,Autumn,0,0,0,0.000
wingwalkers-over-bray,"Bray Air Show, August 2026",Documentary,Ireland,2026,Bees,0,0,0,0.000
wingwalkers-over-bray,"Bray Air Show, August 2026",Documentary,Ireland,2026,Big Five,0,0,0,0.000
wingwalkers-over-bray,"Bray Air Show, August 2026",Documentary,Ireland,2026,Birds,0,0,0,0.000
wingwalkers-over-bray,"Bray Air Show, August 2026",Documentary,Ireland,2026,Birds in Flight,0,0,0,0.000
wingwalkers-over-bray,"Bray Air Show, August 2026",Documentary,Ireland,2026,Birds of Prey,0,0,0,0.000
wingwalkers-over-bray,"Bray Air Show, August 2026",Documentary,Ireland,2026,Boats and Ships,0,0,0,0.000
wingwalkers-over-bray,"Bray Air Show, August 2026",Documentary,Ireland,2026,Coast and Sea,0,0,0,0.000
wingwalkers-over-bray,"Bray Air Show, August 2026",Documentary,Ireland,2026,Drought,0,0,0,0.000
wingwalkers-over-bray,"Bray Air Show, August 2026",Documentary,Ireland,2026,Elephants,0,0,0,0.000
wingwalkers-over-bray,"Bray Air Show, August 2026",Documentary,Ireland,2026,Feeding,0,0,0,0.000
wingwalkers-over-bray,"Bray Air Show, August 2026",Documentary,Ireland,2026,Flowers,0,0,0,0.000
wingwalkers-over-bray,"Bray Air Show, August 2026",Documentary,Ireland,2026,Fungi,0,0,0,0.000
wingwalkers-over-bray,"Bray Air Show, August 2026",Documentary,Ireland,2026,Gulls,0,0,0,0.000
wingwalkers-over-bray,"Bray Air Show, August 2026",Documentary,Ireland,2026,Insects,0,0,0,0.000
wingwalkers-over-bray,"Bray Air Show, August 2026",Documentary,Ireland,2026,Martello Towers,0,0,0,0.000
wingwalkers-over-bray,"Bray Air Show, August 2026",Documentary,Ireland,2026,Mountains,0,0,0,0.000
wingwalkers-over-bray,"Bray Air Show, August 2026",Documentary,Ireland,2026,Reflections,0,0,0,0.000
wingwalkers-over-bray,"Bray Air Show, August 2026",Documentary,Ireland,2026,Seabirds,0,0,0,0.000
wingwalkers-over-bray,"Bray Air Show, August 2026",Documentary,Ireland,2026,Silhouettes,0,0,0,0.000
wingwalkers-over-bray,"Bray Air Show, August 2026",Documentary,Ireland,2026,Skies and Cloud,1,0,1,0.500
wingwalkers-over-bray,"Bray Air Show, August 2026",Documentary,Ireland,2026,Skylines,0,0,0,0.000
wingwalkers-over-bray,"Bray Air Show, August 2026",Documentary,Ireland,2026,Spring,0,0,0,0.000
wingwalkers-over-bray,"Bray Air Show, August 2026",Documentary,Ireland,2026,Sunrise and Sunset,0,0,0,0.000
wingwalkers-over-bray,"Bray Air Show, August 2026",Documentary,Ireland,2026,Trees,0,0,0,0.000
wingwalkers-over-bray,"Bray Air Show, August 2026",Documentary,Ireland,2026,Waterbirds,0,0,0,0.000
wingwalkers-over-bray,"Bray Air Show, August 2026",Documentary,Ireland,2026,Waterfronts and Harbours,0,0,0,0.000
wingwalkers-over-bray,"Bray Air Show, August 2026",Documentary,Ireland,2026,Wild Cats,0,0,0,0.000
wingwalkers-over-bray,"Bray Air Show, August 2026",Documentary,Ireland,2026,Winter,0,0,0,0.000
wingwalkers-over-bray,"Bray Air Show, August 2026",Documentary,Ireland,2026,Woodland,0,0,0,0.000
wingwalkers-over-bray,"Bray Air Show, August 2026",Documentary,Ireland,2026,Young Animals,0,0,0,0.000
yellow-billed-stork,"Nairobi National Park, October 2025",Wildlife,Kenya,2025,Acacias,0,0,0,0.000
yellow-billed-stork,"Nairobi National Park, October 2025",Wildlife,Kenya,2025,Aircraft,0,0,0,0.000
yellow-billed-stork,"Nairobi National Park, October 2025",Wildlife,Kenya,2025,Antelope,0,0,0,0.000
yellow-billed-stork,"Nairobi National Park, October 2025",Wildlife,Kenya,2025,Autumn,0,0,0,0.000
yellow-billed-stork,"Nairobi National Park, October 2025",Wildlife,Kenya,2025,Bees,0,0,0,0.000
yellow-billed-stork,"Nairobi National Park, October 2025",Wildlife,Kenya,2025,Big Five,0,0,0,0.000
yellow-billed-stork,"Nairobi National Park, October 2025",Wildlife,Kenya,2025,Birds,1,0,0,0.000
yellow-billed-stork,"Nairobi National Park, October 2025",Wildlife,Kenya,2025,Birds in Flight,0,0,1,0.500
yellow-billed-stork,"Nairobi National Park, October 2025",Wildlife,Kenya,2025,Birds of Prey,0,0,0,0.000
yellow-billed-stork,"Nairobi National Park, October 2025",Wildlife,Kenya,2025,Boats and Ships,0,0,0,0.000
yellow-billed-stork,"Nairobi National Park, October 2025",Wildlife,Kenya,2025,Coast and Sea,0,0,0,0.000
yellow-billed-stork,"Nairobi National Park, October 2025",Wildlife,Kenya,2025,Drought,0,0,0,0.000
yellow-billed-stork,"Nairobi National Park, October 2025",Wildlife,Kenya,2025,Elephants,0,0,0,0.000
yellow-billed-stork,"Nairobi National Park, October 2025",Wildlife,Kenya,2025,Feeding,1,1,1,1.000
yellow-billed-stork,"Nairobi National Park, October 2025",Wildlife,Kenya,2025,Flowers,0,0,0,0.000
yellow-billed-stork,"Nairobi National Park, October 2025",Wildlife,Kenya,2025,Fungi,0,0,0,0.000
yellow-billed-stork,"Nairobi National Park, October 2025",Wildlife,Kenya,2025,Gulls,0,0,0,0.000
yellow-billed-stork,"Nairobi National Park, October 2025",Wildlife,Kenya,2025,Insects,0,0,0,0.000
yellow-billed-stork,"Nairobi National Park, October 2025",Wildlife,Kenya,2025,Martello Towers,0,0,0,0.000
yellow-billed-stork,"Nairobi National Park, October 2025",Wildlife,Kenya,2025,Mountains,0,0,0,0.000
yellow-billed-stork,"Nairobi National Park, October 2025",Wildlife,Kenya,2025,Reflections,0,0,0,0.000
yellow-billed-stork,"Nairobi National Park, October 2025",Wildlife,Kenya,2025,Seabirds,0,0,0,0.000
yellow-billed-stork,"Nairobi National Park, October 2025",Wildlife,Kenya,2025,Silhouettes,0,0,0,0.000
yellow-billed-stork,"Nairobi National Park, October 2025",Wildlife,Kenya,2025,Skies and Cloud,0,0,0,0.000
yellow-billed-stork,"Nairobi National Park, October 2025",Wildlife,Kenya,2025,Skylines,0,0,0,0.000
yellow-billed-stork,"Nairobi National Park, October 2025",Wildlife,Kenya,2025,Spring,0,0,0,0.000
yellow-billed-stork,"Nairobi National Park, October 2025",Wildlife,Kenya,2025,Sunrise and Sunset,0,0,0,0.000
yellow-billed-stork,"Nairobi National Park, October 2025",Wildlife,Kenya,2025,Trees,0,0,0,0.000
yellow-billed-stork,"Nairobi National Park, October 2025",Wildlife,Kenya,2025,Waterbirds,1,0,0,0.000
yellow-billed-stork,"Nairobi National Park, October 2025",Wildlife,Kenya,2025,Waterfronts and Harbours,0,0,0,0.000
yellow-billed-stork,"Nairobi National Park, October 2025",Wildlife,Kenya,2025,Wild Cats,0,0,0,0.000
yellow-billed-stork,"Nairobi National Park, October 2025",Wildlife,Kenya,2025,Winter,0,0,0,0.000
yellow-billed-stork,"Nairobi National Park, October 2025",Wildlife,Kenya,2025,Woodland,0,0,0,0.000
yellow-billed-stork,"Nairobi National Park, October 2025",Wildlife,Kenya,2025,Young Animals,0,0,0,0.000
yellow-clusters-on-a-fallen-branch,"Massy's Wood, October 2024",Nature,Ireland,2024,Acacias,0,0,0,0.000
yellow-clusters-on-a-fallen-branch,"Massy's Wood, October 2024",Nature,Ireland,2024,Aircraft,0,0,0,0.000
yellow-clusters-on-a-fallen-branch,"Massy's Wood, October 2024",Nature,Ireland,2024,Antelope,0,0,0,0.000
yellow-clusters-on-a-fallen-branch,"Massy's Wood, October 2024",Nature,Ireland,2024,Autumn,1,0,0,0.000
yellow-clusters-on-a-fallen-branch,"Massy's Wood, October 2024",Nature,Ireland,2024,Bees,0,1,1,1.000
yellow-clusters-on-a-fallen-branch,"Massy's Wood, October 2024",Nature,Ireland,2024,Big Five,0,0,0,0.000
yellow-clusters-on-a-fallen-branch,"Massy's Wood, October 2024",Nature,Ireland,2024,Birds,0,0,0,0.000
yellow-clusters-on-a-fallen-branch,"Massy's Wood, October 2024",Nature,Ireland,2024,Birds in Flight,0,0,0,0.000
yellow-clusters-on-a-fallen-branch,"Massy's Wood, October 2024",Nature,Ireland,2024,Birds of Prey,0,0,0,0.000
yellow-clusters-on-a-fallen-branch,"Massy's Wood, October 2024",Nature,Ireland,2024,Boats and Ships,0,0,0,0.000
yellow-clusters-on-a-fallen-branch,"Massy's Wood, October 2024",Nature,Ireland,2024,Coast and Sea,0,0,0,0.000
yellow-clusters-on-a-fallen-branch,"Massy's Wood, October 2024",Nature,Ireland,2024,Drought,0,0,0,0.000
yellow-clusters-on-a-fallen-branch,"Massy's Wood, October 2024",Nature,Ireland,2024,Elephants,0,0,0,0.000
yellow-clusters-on-a-fallen-branch,"Massy's Wood, October 2024",Nature,Ireland,2024,Feeding,0,0,0,0.000
yellow-clusters-on-a-fallen-branch,"Massy's Wood, October 2024",Nature,Ireland,2024,Flowers,0,0,0,0.000
yellow-clusters-on-a-fallen-branch,"Massy's Wood, October 2024",Nature,Ireland,2024,Fungi,1,1,1,1.000
yellow-clusters-on-a-fallen-branch,"Massy's Wood, October 2024",Nature,Ireland,2024,Gulls,0,0,0,0.000
yellow-clusters-on-a-fallen-branch,"Massy's Wood, October 2024",Nature,Ireland,2024,Insects,0,0,0,0.000
yellow-clusters-on-a-fallen-branch,"Massy's Wood, October 2024",Nature,Ireland,2024,Martello Towers,0,0,0,0.000
yellow-clusters-on-a-fallen-branch,"Massy's Wood, October 2024",Nature,Ireland,2024,Mountains,0,0,0,0.000
yellow-clusters-on-a-fallen-branch,"Massy's Wood, October 2024",Nature,Ireland,2024,Reflections,0,0,0,0.000
yellow-clusters-on-a-fallen-branch,"Massy's Wood, October 2024",Nature,Ireland,2024,Seabirds,0,0,0,0.000
yellow-clusters-on-a-fallen-branch,"Massy's Wood, October 2024",Nature,Ireland,2024,Silhouettes,0,0,0,0.000
yellow-clusters-on-a-fallen-branch,"Massy's Wood, October 2024",Nature,Ireland,2024,Skies and Cloud,0,0,0,0.000
yellow-clusters-on-a-fallen-branch,"Massy's Wood, October 2024",Nature,Ireland,2024,Skylines,0,0,0,0.000
yellow-clusters-on-a-fallen-branch,"Massy's Wood, October 2024",Nature,Ireland,2024,Spring,0,0,0,0.000
yellow-clusters-on-a-fallen-branch,"Massy's Wood, October 2024",Nature,Ireland,2024,Sunrise and Sunset,0,0,0,0.000
yellow-clusters-on-a-fallen-branch,"Massy's Wood, October 2024",Nature,Ireland,2024,Trees,0,0,0,0.000
yellow-clusters-on-a-fallen-branch,"Massy's Wood, October 2024",Nature,Ireland,2024,Waterbirds,0,0,0,0.000
yellow-clusters-on-a-fallen-branch,"Massy's Wood, October 2024",Nature,Ireland,2024,Waterfronts and Harbours,0,0,0,0.000
yellow-clusters-on-a-fallen-branch,"Massy's Wood, October 2024",Nature,Ireland,2024,Wild Cats,0,0,1,0.500
yellow-clusters-on-a-fallen-branch,"Massy's Wood, October 2024",Nature,Ireland,2024,Winter,0,0,0,0.000
yellow-clusters-on-a-fallen-branch,"Massy's Wood, October 2024",Nature,Ireland,2024,Woodland,1,1,1,1.000
yellow-clusters-on-a-fallen-branch,"Massy's Wood, October 2024",Nature,Ireland,2024,Young Animals,0,0,0,0.000
young-lion-in-morning-light,"Maasai Mara, October 2025",Wildlife,Kenya,2025,Acacias,0,0,0,0.000
young-lion-in-morning-light,"Maasai Mara, October 2025",Wildlife,Kenya,2025,Aircraft,0,0,0,0.000
young-lion-in-morning-light,"Maasai Mara, October 2025",Wildlife,Kenya,2025,Antelope,0,0,0,0.000
young-lion-in-morning-light,"Maasai Mara, October 2025",Wildlife,Kenya,2025,Autumn,0,0,0,0.000
young-lion-in-morning-light,"Maasai Mara, October 2025",Wildlife,Kenya,2025,Bees,0,0,0,0.000
young-lion-in-morning-light,"Maasai Mara, October 2025",Wildlife,Kenya,2025,Big Five,1,0,0,0.000
young-lion-in-morning-light,"Maasai Mara, October 2025",Wildlife,Kenya,2025,Birds,0,0,0,0.000
young-lion-in-morning-light,"Maasai Mara, October 2025",Wildlife,Kenya,2025,Birds in Flight,0,0,0,0.000
young-lion-in-morning-light,"Maasai Mara, October 2025",Wildlife,Kenya,2025,Birds of Prey,0,0,0,0.000
young-lion-in-morning-light,"Maasai Mara, October 2025",Wildlife,Kenya,2025,Boats and Ships,0,0,0,0.000
young-lion-in-morning-light,"Maasai Mara, October 2025",Wildlife,Kenya,2025,Coast and Sea,0,0,0,0.000
young-lion-in-morning-light,"Maasai Mara, October 2025",Wildlife,Kenya,2025,Drought,0,0,0,0.000
young-lion-in-morning-light,"Maasai Mara, October 2025",Wildlife,Kenya,2025,Elephants,0,0,0,0.000
young-lion-in-morning-light,"Maasai Mara, October 2025",Wildlife,Kenya,2025,Feeding,0,0,0,0.000
young-lion-in-morning-light,"Maasai Mara, October 2025",Wildlife,Kenya,2025,Flowers,0,0,0,0.000
young-lion-in-morning-light,"Maasai Mara, October 2025",Wildlife,Kenya,2025,Fungi,0,0,0,0.000
young-lion-in-morning-light,"Maasai Mara, October 2025",Wildlife,Kenya,2025,Gulls,0,0,0,0.000
young-lion-in-morning-light,"Maasai Mara, October 2025",Wildlife,Kenya,2025,Insects,0,0,0,0.000
young-lion-in-morning-light,"Maasai Mara, October 2025",Wildlife,Kenya,2025,Martello Towers,0,0,0,0.000
young-lion-in-morning-light,"Maasai Mara, October 2025",Wildlife,Kenya,2025,Mountains,0,0,0,0.000
young-lion-in-morning-light,"Maasai Mara, October 2025",Wildlife,Kenya,2025,Reflections,0,0,0,0.000
young-lion-in-morning-light,"Maasai Mara, October 2025",Wildlife,Kenya,2025,Seabirds,0,0,0,0.000
young-lion-in-morning-light,"Maasai Mara, October 2025",Wildlife,Kenya,2025,Silhouettes,0,0,0,0.000
young-lion-in-morning-light,"Maasai Mara, October 2025",Wildlife,Kenya,2025,Skies and Cloud,0,0,0,0.000
young-lion-in-morning-light,"Maasai Mara, October 2025",Wildlife,Kenya,2025,Skylines,0,0,0,0.000
young-lion-in-morning-light,"Maasai Mara, October 2025",Wildlife,Kenya,2025,Spring,0,0,0,0.000
young-lion-in-morning-light,"Maasai Mara, October 2025",Wildlife,Kenya,2025,Sunrise and Sunset,0,0,0,0.000
young-lion-in-morning-light,"Maasai Mara, October 2025",Wildlife,Kenya,2025,Trees,0,0,0,0.000
young-lion-in-morning-light,"Maasai Mara, October 2025",Wildlife,Kenya,2025,Waterbirds,0,0,0,0.000
young-lion-in-morning-light,"Maasai Mara, October 2025",Wildlife,Kenya,2025,Waterfronts and Harbours,0,0,0,0.000
young-lion-in-morning-light,"Maasai Mara, October 2025",Wildlife,Kenya,2025,Wild Cats,1,0,0,0.000
young-lion-in-morning-light,"Maasai Mara, October 2025",Wildlife,Kenya,2025,Winter,0,0,0,0.000
young-lion-in-morning-light,"Maasai Mara, October 2025",Wildlife,Kenya,2025,Woodland,0,0,0,0.000
young-lion-in-morning-light,"Maasai Mara, October 2025",Wildlife,Kenya,2025,Young Animals,0,0,1,0.500
zebra-below-the-city,"Nairobi National Park, October 2025",Urban Wildlife,Kenya,2025,Acacias,0,0,0,0.000
zebra-below-the-city,"Nairobi National Park, October 2025",Urban Wildlife,Kenya,2025,Aircraft,0,0,0,0.000
zebra-below-the-city,"Nairobi National Park, October 2025",Urban Wildlife,Kenya,2025,Antelope,0,0,0,0.000
zebra-below-the-city,"Nairobi National Park, October 2025",Urban Wildlife,Kenya,2025,Autumn,0,0,0,0.000
zebra-below-the-city,"Nairobi National Park, October 2025",Urban Wildlife,Kenya,2025,Bees,0,0,0,0.000
zebra-below-the-city,"Nairobi National Park, October 2025",Urban Wildlife,Kenya,2025,Big Five,0,0,0,0.000
zebra-below-the-city,"Nairobi National Park, October 2025",Urban Wildlife,Kenya,2025,Birds,0,0,0,0.000
zebra-below-the-city,"Nairobi National Park, October 2025",Urban Wildlife,Kenya,2025,Birds in Flight,0,0,0,0.000
zebra-below-the-city,"Nairobi National Park, October 2025",Urban Wildlife,Kenya,2025,Birds of Prey,0,0,0,0.000
zebra-below-the-city,"Nairobi National Park, October 2025",Urban Wildlife,Kenya,2025,Boats and Ships,0,0,0,0.000
zebra-below-the-city,"Nairobi National Park, October 2025",Urban Wildlife,Kenya,2025,Coast and Sea,0,0,0,0.000
zebra-below-the-city,"Nairobi National Park, October 2025",Urban Wildlife,Kenya,2025,Drought,0,0,0,0.000
zebra-below-the-city,"Nairobi National Park, October 2025",Urban Wildlife,Kenya,2025,Elephants,0,0,0,0.000
zebra-below-the-city,"Nairobi National Park, October 2025",Urban Wildlife,Kenya,2025,Feeding,0,0,0,0.000
zebra-below-the-city,"Nairobi National Park, October 2025",Urban Wildlife,Kenya,2025,Flowers,0,0,0,0.000
zebra-below-the-city,"Nairobi National Park, October 2025",Urban Wildlife,Kenya,2025,Fungi,0,0,0,0.000
zebra-below-the-city,"Nairobi National Park, October 2025",Urban Wildlife,Kenya,2025,Gulls,0,0,0,0.000
zebra-below-the-city,"Nairobi National Park, October 2025",Urban Wildlife,Kenya,2025,Insects,0,0,0,0.000
zebra-below-the-city,"Nairobi National Park, October 2025",Urban Wildlife,Kenya,2025,Martello Towers,0,0,1,0.500
zebra-below-the-city,"Nairobi National Park, October 2025",Urban Wildlife,Kenya,2025,Mountains,0,0,0,0.000
zebra-below-the-city,"Nairobi National Park, October 2025",Urban Wildlife,Kenya,2025,Reflections,0,0,0,0.000
zebra-below-the-city,"Nairobi National Park, October 2025",Urban Wildlife,Kenya,2025,Seabirds,0,0,0,0.000
zebra-below-the-city,"Nairobi National Park, October 2025",Urban Wildlife,Kenya,2025,Silhouettes,0,0,0,0.000
zebra-below-the-city,"Nairobi National Park, October 2025",Urban Wildlife,Kenya,2025,Skies and Cloud,0,0,0,0.000
zebra-below-the-city,"Nairobi National Park, October 2025",Urban Wildlife,Kenya,2025,Skylines,1,1,1,1.000
zebra-below-the-city,"Nairobi National Park, October 2025",Urban Wildlife,Kenya,2025,Spring,0,0,0,0.000
zebra-below-the-city,"Nairobi National Park, October 2025",Urban Wildlife,Kenya,2025,Sunrise and Sunset,0,0,0,0.000
zebra-below-the-city,"Nairobi National Park, October 2025",Urban Wildlife,Kenya,2025,Trees,0,0,0,0.000
zebra-below-the-city,"Nairobi National Park, October 2025",Urban Wildlife,Kenya,2025,Waterbirds,0,0,0,0.000
zebra-below-the-city,"Nairobi National Park, October 2025",Urban Wildlife,Kenya,2025,Waterfronts and Harbours,0,0,0,0.000
zebra-below-the-city,"Nairobi National Park, October 2025",Urban Wildlife,Kenya,2025,Wild Cats,0,0,0,0.000
zebra-below-the-city,"Nairobi National Park, October 2025",Urban Wildlife,Kenya,2025,Winter,0,0,0,0.000
zebra-below-the-city,"Nairobi National Park, October 2025",Urban Wildlife,Kenya,2025,Woodland,0,0,0,0.000
zebra-below-the-city,"Nairobi National Park, October 2025",Urban Wildlife,Kenya,2025,Young Animals,0,0,0,0.000
zebra-in-the-morning-dust,"Amboseli, October 2025",Nature,Kenya,2025,Acacias,1,1,1,1.000
zebra-in-the-morning-dust,"Amboseli, October 2025",Nature,Kenya,2025,Aircraft,0,0,0,0.000
zebra-in-the-morning-dust,"Amboseli, October 2025",Nature,Kenya,2025,Antelope,0,0,0,0.000
zebra-in-the-morning-dust,"Amboseli, October 2025",Nature,Kenya,2025,Autumn,0,0,0,0.000
zebra-in-the-morning-dust,"Amboseli, October 2025",Nature,Kenya,2025,Bees,0,0,0,0.000
zebra-in-the-morning-dust,"Amboseli, October 2025",Nature,Kenya,2025,Big Five,0,0,0,0.000
zebra-in-the-morning-dust,"Amboseli, October 2025",Nature,Kenya,2025,Birds,0,0,0,0.000
zebra-in-the-morning-dust,"Amboseli, October 2025",Nature,Kenya,2025,Birds in Flight,0,0,0,0.000
zebra-in-the-morning-dust,"Amboseli, October 2025",Nature,Kenya,2025,Birds of Prey,0,0,0,0.000
zebra-in-the-morning-dust,"Amboseli, October 2025",Nature,Kenya,2025,Boats and Ships,0,0,0,0.000
zebra-in-the-morning-dust,"Amboseli, October 2025",Nature,Kenya,2025,Coast and Sea,0,0,0,0.000
zebra-in-the-morning-dust,"Amboseli, October 2025",Nature,Kenya,2025,Drought,0,0,0,0.000
zebra-in-the-morning-dust,"Amboseli, October 2025",Nature,Kenya,2025,Elephants,0,0,0,0.000
zebra-in-the-morning-dust,"Amboseli, October 2025",Nature,Kenya,2025,Feeding,0,0,0,0.000
zebra-in-the-morning-dust,"Amboseli, October 2025",Nature,Kenya,2025,Flowers,0,0,0,0.000
zebra-in-the-morning-dust,"Amboseli, October 2025",Nature,Kenya,2025,Fungi,0,0,0,0.000
zebra-in-the-morning-dust,"Amboseli, October 2025",Nature,Kenya,2025,Gulls,0,0,0,0.000
zebra-in-the-morning-dust,"Amboseli, October 2025",Nature,Kenya,2025,Insects,0,0,0,0.000
zebra-in-the-morning-dust,"Amboseli, October 2025",Nature,Kenya,2025,Martello Towers,0,0,0,0.000
zebra-in-the-morning-dust,"Amboseli, October 2025",Nature,Kenya,2025,Mountains,0,0,0,0.000
zebra-in-the-morning-dust,"Amboseli, October 2025",Nature,Kenya,2025,Reflections,0,0,0,0.000
zebra-in-the-morning-dust,"Amboseli, October 2025",Nature,Kenya,2025,Seabirds,0,0,0,0.000
zebra-in-the-morning-dust,"Amboseli, October 2025",Nature,Kenya,2025,Silhouettes,0,0,0,0.000
zebra-in-the-morning-dust,"Amboseli, October 2025",Nature,Kenya,2025,Skies and Cloud,0,0,0,0.000
zebra-in-the-morning-dust,"Amboseli, October 2025",Nature,Kenya,2025,Skylines,0,0,0,0.000
zebra-in-the-morning-dust,"Amboseli, October 2025",Nature,Kenya,2025,Spring,0,0,0,0.000
zebra-in-the-morning-dust,"Amboseli, October 2025",Nature,Kenya,2025,Sunrise and Sunset,1,0,0,0.000
zebra-in-the-morning-dust,"Amboseli, October 2025",Nature,Kenya,2025,Trees,0,0,0,0.000
zebra-in-the-morning-dust,"Amboseli, October 2025",Nature,Kenya,2025,Waterbirds,0,0,0,0.000
zebra-in-the-morning-dust,"Amboseli, October 2025",Nature,Kenya,2025,Waterfronts and Harbours,0,0,0,0.000
zebra-in-the-morning-dust,"Amboseli, October 2025",Nature,Kenya,2025,Wild Cats,0,0,0,0.000
zebra-in-the-morning-dust,"Amboseli, October 2025",Nature,Kenya,2025,Winter,0,0,0,0.000
zebra-in-the-morning-dust,"Amboseli, October 2025",Nature,Kenya,2025,Woodland,0,0,0,0.000
zebra-in-the-morning-dust,"Amboseli, October 2025",Nature,Kenya,2025,Young Animals,0,0,0,0.000
