outing,frame,iso,shutter_s,focal_mm,aperture,sharpness,brightness,published,master
100D3100,DSC_0008,3200,0.002,75.0,4.5,107.0,36.5,0,0
100D3100,DSC_0009,2800,0.002,75.0,4.5,136.8,51.9,0,0
100D3100,DSC_0010,3200,0.002,75.0,4.5,154.3,92.9,0,0
100D3100,DSC_0011,2000,0.002,240.0,5.6,62.3,117.3,0,0
100D3100,DSC_0012,1400,0.002,240.0,5.6,57.9,79.1,0,0
100D3100,DSC_0013,1100,0.002,122.0,4.8,77.6,125.9,0,0
100D3100,DSC_0014,2500,0.002,75.0,4.5,150.3,109.8,0,0
100D3100,DSC_0015,3200,0.002,75.0,4.5,311.9,143.7,0,0
100D3100,DSC_0016,1600,0.002,240.0,5.6,94.7,78.6,0,0
100D3100,DSC_0017,3200,0.06666666666666667,240.0,32.0,50.4,76.8,0,0
100D3100,DSC_0018,3200,0.04,75.0,32.0,409.0,102.4,0,0
100D3100,DSC_0019,3200,0.05,75.0,32.0,315.5,109.1,0,0
100D3100,DSC_0020,2500,0.00125,75.0,4.5,47.5,98.1,0,0
100D3100,DSC_0021,2200,0.00125,75.0,4.5,44.0,87.8,0,0
100D3100,DSC_0022,3200,0.001,75.0,4.5,41.1,96.3,0,0
100D3100,DSC_0023,2200,0.00125,75.0,4.5,41.3,90.3,0,0
100D3100,DSC_0024,1800,0.0015625,75.0,4.5,44.7,89.0,0,0
100D3100,DSC_0025,1400,0.002,75.0,4.5,45.8,88.7,0,0
100D3100,DSC_0026,1250,0.0025,75.0,4.5,43.3,96.8,0,0
100D3100,DSC_0027,1000,0.003125,75.0,4.5,39.0,99.2,0,0
100D3100,DSC_0028,3200,0.03333333333333333,240.0,40.0,56.5,123.1,0,0
100D3100,DSC_0029,3200,0.04,240.0,40.0,144.4,127.3,0,0
100D3100,DSC_0030,2800,0.03333333333333333,180.0,36.0,79.1,121.4,0,0
100D3100,DSC_0031,3200,0.03333333333333333,170.0,36.0,102.6,131.7,0,0
100D3100,DSC_0032,2200,0.03333333333333333,98.0,36.0,248.5,115.2,0,0
100D3100,DSC_0033,2000,0.03333333333333333,98.0,36.0,249.6,113.0,0,0
100D3100,DSC_0034,3200,0.04,85.0,32.0,158.1,131.5,0,0
100D3100,DSC_0035,280,0.01,75.0,4.5,87.6,108.1,0,0
100D3100,DSC_0036,400,0.01,75.0,4.5,243.0,66.6,0,0
100D3100,DSC_0037,400,0.01,75.0,4.5,225.2,37.1,0,0
100D3100,DSC_0038,220,0.01,75.0,4.5,303.5,90.3,0,0
100D3100,DSC_0039,250,0.01,240.0,5.6,99.1,80.2,0,0
100D3100,DSC_0040,250,0.01,98.0,4.8,767.4,105.8,0,0
100D3100,DSC_0041,200,0.01,200.0,5.3,127.7,72.3,0,0
100D3100,DSC_0042,220,0.01,75.0,4.5,506.8,103.3,0,0
100D3100,DSC_0043,125,0.01,75.0,4.5,277.0,90.7,0,0
100D3100,DSC_0044,160,0.01,75.0,4.5,39.6,71.8,0,0
100D3100,DSC_0045,250,0.01,75.0,4.5,356.3,104.1,0,0
100D3100,DSC_0046,125,0.01,75.0,4.5,48.4,98.3,0,0
100D3100,DSC_0047,220,0.01,75.0,4.5,524.9,115.6,0,0
100D3100,DSC_0048,180,0.01,75.0,4.5,618.7,95.4,0,0
100D3100,DSC_0049,220,0.01,75.0,4.5,544.9,102.3,0,0
100D3100,DSC_0050,220,0.01,75.0,4.5,429.2,95.2,0,0
100D3100,DSC_0051,400,0.01,240.0,5.6,172.6,93.6,0,0
100D3100,DSC_0052,110,0.01,135.0,4.8,36.7,69.7,0,0
100D3100,DSC_0053,100,0.01,210.0,5.6,153.7,64.0,0,0
100D3100,DSC_0054,100,0.01,116.0,4.8,274.2,71.4,0,0
100D3100,DSC_0055,125,0.01,75.0,4.5,718.8,78.4,0,0
100D3100,DSC_0056,250,0.01,155.0,5.0,953.3,101.2,0,0
100D3100,DSC_0057,110,0.01,105.0,4.8,505.9,75.5,0,0
100D3100,DSC_0058,110,0.01,75.0,4.5,412.8,84.2,0,0
100D3100,DSC_0059,160,0.01,240.0,5.6,151.3,40.6,0,0
100D3100,DSC_0060,320,0.005,240.0,5.6,134.2,40.7,0,0
100D3100,DSC_0061,2200,0.0025,240.0,11.0,226.3,52.7,0,0
100D3100,DSC_0062,2800,0.002,240.0,11.0,206.3,52.4,0,0
100D3100,DSC_0063,3200,0.002,240.0,11.0,255.8,60.5,0,0
100D3100,DSC_0064,1100,0.00125,240.0,5.6,160.9,34.6,0,0
100D3100,DSC_0065,100,0.02,240.0,5.6,88.1,47.0,0,0
100D3100,DSC_0066,100,0.02,75.0,5.6,156.3,133.9,0,0
100D3100,DSC_0067,200,0.03333333333333333,135.0,9.0,143.7,87.3,0,0
100D3100,DSC_0068,110,0.03333333333333333,98.0,9.0,148.5,92.1,0,0
100D3100,DSC_0069,280,0.03333333333333333,85.0,9.0,190.0,103.9,0,0
100D3100,DSC_0070,140,0.03333333333333333,240.0,9.0,172.6,74.1,0,0
100D3100,DSC_0071,125,0.03333333333333333,240.0,9.0,239.6,63.3,0,0
100D3100,DSC_0072,110,0.03333333333333333,240.0,9.0,113.2,61.6,0,0
100D3100,DSC_0073,125,0.03333333333333333,240.0,9.0,96.9,63.1,0,0
100D3100,DSC_0074,100,0.03333333333333333,75.0,9.0,291.0,89.8,0,0
100D3100,DSC_0075,180,0.03333333333333333,240.0,9.0,20.4,85.2,0,0
100D3100,DSC_0076,2000,0.00125,240.0,5.6,48.5,66.0,0,0
100D3100,DSC_0077,1400,0.00125,105.0,4.8,718.2,93.9,0,0
100D3100,DSC_0078,100,0.016666666666666666,116.0,4.8,98.7,79.7,0,0
100D3100,DSC_0079,100,0.025,240.0,5.6,9.5,51.9,0,0
100D3100,DSC_0080,100,0.025,92.0,4.5,1342.0,97.2,0,0
100D3100,DSC_0081,100,0.025,80.0,4.5,440.1,107.9,0,0
100D3100,DSC_0082,100,0.025,75.0,4.5,461.7,111.7,0,0
100D3100,DSC_0083,100,0.03333333333333333,145.0,4.8,398.7,89.8,0,0
100D3100,DSC_0084,100,0.025,240.0,5.6,50.5,54.3,0,0
100D3100,DSC_0085,100,0.02,122.0,4.8,291.1,90.8,0,0
100D3100,DSC_0086,200,0.03333333333333333,75.0,4.5,55.9,100.9,0,0
100D3100,DSC_0087,200,0.03333333333333333,75.0,4.5,66.3,94.3,0,0
100D3100,DSC_0088,360,0.016666666666666666,75.0,4.5,63.5,94.4,0,0
100D3100,DSC_0089,140,0.016666666666666666,75.0,4.5,466.2,115.8,0,0
100D3100,DSC_0090,140,0.016666666666666666,220.0,5.6,44.4,59.0,0,0
100D3100,DSC_0091,110,0.016666666666666666,180.0,5.0,99.2,64.4,0,0
100D3100,DSC_0092,900,0.016666666666666666,75.0,4.5,55.1,116.4,0,0
100D3100,DSC_0093,900,0.016666666666666666,75.0,4.5,126.3,109.7,0,0
100D3100,DSC_0094,500,0.016666666666666666,75.0,4.5,37.2,109.3,0,0
100D3100,DSC_0095,180,0.016666666666666666,75.0,4.5,481.4,99.4,0,0
100D3100,DSC_0096,100,0.016666666666666666,75.0,4.5,241.7,91.2,0,0
100D3100,DSC_0097,125,0.016666666666666666,240.0,5.6,7.0,38.2,0,0
100D3100,DSC_0098,100,0.016666666666666666,98.0,7.1,78.6,145.4,0,0
100D3100,DSC_0099,125,0.016666666666666666,75.0,4.5,651.8,88.4,0,0
100D3100,DSC_0100,110,0.016666666666666666,75.0,4.5,410.7,71.1,0,0
100D3100,DSC_0101,110,0.016666666666666666,75.0,4.5,161.6,76.2,0,0
100D3100,DSC_0102,110,0.016666666666666666,75.0,4.5,97.4,72.1,0,0
100D3100,DSC_0103,160,0.016666666666666666,75.0,4.5,84.1,97.2,0,0
100D3100,DSC_0104,125,0.016666666666666666,75.0,4.5,247.4,81.6,0,0
100D3100,DSC_0105,140,0.016666666666666666,75.0,4.5,142.6,88.4,0,0
100D3100,DSC_0106,110,0.016666666666666666,75.0,4.5,106.4,82.4,0,0
100D3100,DSC_0107,100,0.016666666666666666,75.0,4.5,145.6,75.8,0,0
100D3100,DSC_0108,100,0.016666666666666666,98.0,4.8,318.7,84.3,0,0
100D3100,DSC_0109,2000,0.03333333333333333,122.0,36.0,93.2,119.1,0,0
100D3100,DSC_0110,2000,0.03333333333333333,122.0,36.0,111.1,116.0,0,0
100D3100,DSC_0111,1800,0.03333333333333333,75.0,32.0,392.2,109.4,0,0
100D3100,DSC_0112,2200,0.03333333333333333,75.0,32.0,109.1,112.6,0,0
100D3100,DSC_0113,1250,0.03333333333333333,75.0,32.0,336.9,115.7,0,0
100D3100,DSC_0114,2800,0.03333333333333333,75.0,32.0,95.9,139.9,0,0
100D3100,DSC_0115,2200,0.03333333333333333,75.0,32.0,100.8,119.0,0,0
100D3100,DSC_0116,2000,0.03333333333333333,75.0,32.0,721.7,112.0,0,0
100D3100,DSC_0117,2500,0.03333333333333333,75.0,32.0,149.6,122.2,0,0
100D3100,DSC_0118,2500,0.03333333333333333,75.0,32.0,159.0,129.6,0,0
100D3100,DSC_0119,110,0.016666666666666666,75.0,4.5,229.9,110.4,0,0
100D3100,DSC_0120,220,0.016666666666666666,75.0,4.5,420.0,113.1,0,0
100D3100,DSC_0121,220,0.016666666666666666,75.0,4.5,155.1,105.6,0,0
100D3100,DSC_0122,125,0.016666666666666666,75.0,4.5,118.1,87.6,0,0
100D3100,DSC_0123,100,0.016666666666666666,75.0,5.6,532.4,88.1,0,0
100D3100,DSC_0124,100,0.016666666666666666,75.0,5.0,270.0,90.2,0,0
100D3100,DSC_0125,100,0.016666666666666666,75.0,5.0,350.8,92.1,0,0
100D3100,DSC_0126,100,0.016666666666666666,75.0,4.5,473.3,89.8,0,0
100D3100,DSC_0127,360,0.016666666666666666,92.0,4.5,789.3,100.4,0,0
100D3100,DSC_0128,110,0.016666666666666666,75.0,4.5,140.6,79.3,0,0
100D3100,DSC_0129,100,0.016666666666666666,75.0,5.6,75.7,86.8,0,0
100D3100,DSC_0130,100,0.016666666666666666,135.0,7.1,121.0,111.0,0,0
100D3100,DSC_0131,110,0.016666666666666666,190.0,5.3,13.3,87.4,0,0
100D3100,DSC_0132,220,0.016666666666666666,75.0,4.5,57.9,80.5,0,0
100D3100,DSC_0133,140,0.016666666666666666,240.0,5.6,28.7,89.5,0,0
100D3100,DSC_0134,100,0.016666666666666666,75.0,9.0,447.0,79.2,0,0
100D3100,DSC_0135,220,0.016666666666666666,80.0,9.0,1004.9,95.0,0,0
100D3100,DSC_0136,280,0.016666666666666666,116.0,9.0,128.8,126.7,0,0
100D3100,DSC_0137,200,0.016666666666666666,122.0,9.0,70.3,104.9,0,0
100D3100,DSC_0138,360,0.016666666666666666,75.0,9.0,332.4,128.3,0,0
100D3100,DSC_0139,320,0.016666666666666666,92.0,9.0,1248.3,120.0,0,0
100D3100,DSC_0140,500,0.016666666666666666,75.0,9.0,528.8,125.0,0,0
100D3100,DSC_0141,560,0.016666666666666666,80.0,9.0,967.1,133.6,0,0
100D3100,DSC_0142,280,0.016666666666666666,75.0,9.0,978.6,95.4,0,0
100D3100,DSC_0143,250,0.016666666666666666,145.0,9.0,535.1,92.9,0,0
100D3100,DSC_0144,250,0.016666666666666666,145.0,9.0,376.5,90.0,0,0
100D3100,DSC_0145,180,0.016666666666666666,240.0,9.0,51.3,74.9,0,0
100D3100,DSC_0146,200,0.016666666666666666,122.0,9.0,194.9,76.6,0,0
100D3100,DSC_0147,250,0.016666666666666666,98.0,9.0,148.6,94.5,0,0
100D3100,DSC_0148,110,0.016666666666666666,170.0,9.0,17.9,101.4,0,0
100D3100,DSC_0149,250,0.016666666666666666,75.0,9.0,383.0,103.5,0,0
100D3100,DSC_0150,250,0.016666666666666666,75.0,9.0,257.9,100.5,0,0
100D3100,DSC_0151,450,0.016666666666666666,75.0,9.0,100.9,134.6,0,0
100D3100,DSC_0152,220,0.016666666666666666,135.0,9.0,147.3,89.9,0,0
100D3100,DSC_0153,200,0.016666666666666666,98.0,9.0,211.0,88.3,0,0
100D3100,DSC_0154,500,0.016666666666666666,92.0,9.0,123.5,106.2,0,0
100D3100,DSC_0155,320,0.016666666666666666,75.0,9.0,621.5,102.5,0,0
100D3100,DSC_0156,250,0.016666666666666666,75.0,9.0,208.4,115.5,0,0
100D3100,DSC_0157,560,0.016666666666666666,75.0,9.0,486.8,125.7,0,0
100D3100,DSC_0158,450,0.016666666666666666,122.0,9.0,53.3,96.4,0,0
100D3100,DSC_0159,500,0.016666666666666666,98.0,9.0,120.3,120.4,0,0
100D3100,DSC_0160,500,0.016666666666666666,85.0,9.0,590.9,122.6,0,0
100D3100,DSC_0161,500,0.016666666666666666,85.0,9.0,436.9,123.5,0,0
100D3100,DSC_0162,450,0.016666666666666666,85.0,9.0,108.2,118.7,0,0
100D3100,DSC_0163,110,0.016666666666666666,85.0,9.0,140.5,57.4,0,0
100D3100,DSC_0164,110,0.016666666666666666,75.0,9.0,77.5,56.5,0,0
100D3100,DSC_0165,100,0.016666666666666666,98.0,9.0,17.2,63.8,0,0
100D3100,DSC_0166,100,0.016666666666666666,98.0,9.0,30.6,63.3,0,0
100D3100,DSC_0167,200,0.016666666666666666,75.0,9.0,297.5,78.4,0,0
100D3100,DSC_0168,160,0.016666666666666666,135.0,9.0,112.2,79.0,0,0
100D3100,DSC_0169,200,0.016666666666666666,75.0,9.0,575.6,79.3,0,0
100D3100,DSC_0170,250,0.016666666666666666,75.0,9.0,346.5,89.6,0,0
100D3100,DSC_0171,220,0.016666666666666666,75.0,9.0,371.7,83.9,0,0
100D3100,DSC_0172,180,0.016666666666666666,75.0,9.0,397.5,64.3,0,0
100D3100,DSC_0173,900,0.016666666666666666,75.0,9.0,1976.9,98.5,0,0
100D3100,DSC_0174,140,0.016666666666666666,75.0,9.0,133.7,114.3,0,0
100D3100,DSC_0175,220,0.016666666666666666,75.0,9.0,81.9,146.0,0,0
100D3100,DSC_0176,180,0.016666666666666666,75.0,9.0,254.6,125.8,0,0
100D3100,DSC_0177,160,0.016666666666666666,105.0,9.0,106.5,124.7,0,0
100D3100,DSC_0178,140,0.016666666666666666,122.0,9.0,65.6,119.8,0,0
100D3100,DSC_0179,160,0.016666666666666666,105.0,9.0,91.7,126.6,0,0
100D3100,DSC_0180,140,0.016666666666666666,80.0,9.0,117.3,120.0,0,0
100D3100,DSC_0181,160,0.016666666666666666,85.0,9.0,158.6,126.5,0,0
100D3100,DSC_0182,100,0.00125,50.0,1.8,801.2,64.5,0,0
100D3100,DSC_0183,280,0.01,50.0,11.0,2720.8,69.0,0,0
100D3100,DSC_0184,280,0.01,50.0,11.0,3107.6,72.3,0,0
100D3100,DSC_0185,200,0.01,50.0,11.0,2336.9,86.5,0,0
100D3100,DSC_0186,220,0.01,50.0,11.0,3430.5,86.5,0,0
100D3100,DSC_0187,220,0.01,50.0,11.0,2727.3,65.4,0,0
100D3100,DSC_0188,220,0.01,50.0,11.0,2633.6,66.7,0,0
100D3100,DSC_0189,180,0.01,50.0,11.0,3985.4,87.9,0,0
100D3100,DSC_0190,160,0.01,50.0,11.0,1403.4,86.1,0,0
100D3100,DSC_0191,280,0.01,50.0,11.0,2794.2,78.9,0,0
100D3100,DSC_0192,250,0.01,50.0,11.0,5624.7,82.1,0,0
100D3100,DSC_0193,200,0.01,50.0,11.0,4685.5,83.0,0,0
100D3100,DSC_0194,220,0.01,50.0,11.0,4965.9,96.9,0,0
100D3100,DSC_0195,160,0.01,50.0,11.0,3119.1,90.2,0,0
100D3100,DSC_0196,140,0.01,50.0,11.0,3181.3,90.4,0,0
100D3100,DSC_0197,320,0.01,50.0,11.0,2816.0,74.2,0,0
100D3100,DSC_0198,320,0.01,50.0,11.0,4602.2,76.7,0,0
100D3100,DSC_0199,320,0.01,50.0,11.0,5039.7,78.8,0,0
100D3100,DSC_0200,250,0.01,50.0,11.0,3825.5,72.6,0,0
100D3100,DSC_0201,360,0.01,50.0,11.0,6757.6,76.3,0,0
100D3100,DSC_0202,280,0.01,50.0,11.0,3141.5,82.1,0,0
100D3100,DSC_0203,320,0.01,50.0,11.0,4573.9,85.6,0,0
100D3100,DSC_0204,400,0.01,50.0,11.0,2962.2,82.1,0,0
100D3100,DSC_0205,250,0.01,50.0,11.0,5350.5,81.1,0,0
100D3100,DSC_0206,220,0.01,50.0,11.0,1947.9,79.2,0,0
100D3100,DSC_0207,200,0.01,50.0,11.0,1005.3,77.9,0,0
100D3100,DSC_0208,320,0.01,50.0,11.0,1660.9,88.4,0,0
100D3100,DSC_0209,280,0.01,50.0,11.0,2448.1,95.3,0,0
100D3100,DSC_0210,110,0.01,50.0,11.0,879.0,76.2,0,0
100D3100,DSC_0211,110,0.01,50.0,11.0,1061.4,76.2,0,0
100D3100,DSC_0212,100,0.0003125,50.0,1.8,652.5,81.0,0,0
100D3100,DSC_0213,100,0.0003125,50.0,1.8,608.2,80.8,0,0
100D3100,DSC_0214,100,0.0003125,50.0,1.8,497.7,85.9,0,0
100D3100,DSC_0215,100,0.0003125,50.0,1.8,511.1,85.4,0,0
100D3100,DSC_0216,100,0.00025,50.0,1.8,527.4,98.9,0,0
100D3100,DSC_0217,100,0.00025,50.0,1.8,451.9,99.2,0,0
100D3100,DSC_0218,100,0.0003125,50.0,1.8,825.5,111.8,0,0
100D3100,DSC_0219,100,0.0003125,50.0,1.8,796.5,107.0,0,0
100D3100,DSC_0220,100,0.0003125,50.0,1.8,1116.6,120.2,0,0
100D3100,DSC_0221,100,0.0003125,50.0,1.8,1055.6,112.2,0,0
100D3100,DSC_0222,100,0.0003125,50.0,1.8,1145.6,119.4,0,0
100D3100,DSC_0223,100,0.0003125,50.0,1.8,1111.0,116.7,0,0
100D3100,DSC_0224,100,0.0003125,50.0,1.8,862.2,113.9,0,0
100D3100,DSC_0225,100,0.0003125,50.0,1.8,817.5,112.7,0,0
100D3100,DSC_0226,100,0.00125,50.0,1.8,786.3,103.1,0,0
100D3100,DSC_0227,100,0.0015625,50.0,1.8,743.6,103.3,0,0
100D3100,DSC_0228,200,0.01,50.0,7.1,1889.3,93.7,0,0
100D3100,DSC_0229,200,0.01,50.0,7.1,1842.9,93.9,0,0
100D3100,DSC_0230,200,0.01,50.0,7.1,2128.9,96.4,0,0
100D3100,DSC_0231,200,0.01,50.0,7.1,1625.8,99.4,0,0
100D3100,DSC_0232,100,0.01,50.0,7.1,5621.3,146.4,0,0
100D3100,DSC_0233,100,0.01,50.0,7.1,2296.5,150.9,0,0
100D3100,DSC_0234,100,0.01,50.0,7.1,4505.8,153.9,0,0
100D3100,DSC_0235,100,0.01,50.0,7.1,3101.1,156.3,0,0
100D3100,DSC_0236,100,0.01,50.0,7.1,2829.4,157.1,0,0
100D3100,DSC_0237,100,0.01,50.0,7.1,3335.0,157.5,0,0
100D3100,DSC_0238,100,0.01,50.0,7.1,4100.9,157.7,0,0
100D3100,DSC_0239,100,0.01,50.0,1.8,124.8,236.5,0,0
100D3100,DSC_0240,100,0.01,50.0,1.8,178.0,234.9,0,0
100D3100,DSC_0241,100,0.01,50.0,1.8,157.5,243.3,0,0
100D3100,DSC_0242,100,0.01,50.0,1.8,63.7,236.7,0,0
100D3100,DSC_0243,100,0.01,50.0,1.8,96.6,242.5,0,0
100D3100,DSC_0244,100,0.01,50.0,1.8,200.2,240.4,0,0
100D3100,DSC_0245,100,0.01,50.0,1.8,232.3,233.0,0,0
100D3100,DSC_0246,100,0.01,50.0,1.8,42.3,238.9,0,0
100D3100,DSC_0247,100,0.01,50.0,1.8,22.6,243.3,0,0
100D3100,DSC_0248,100,0.01,50.0,1.8,9.3,246.1,0,0
100D3100,DSC_0249,100,0.01,50.0,1.8,6.3,247.2,0,0
100D3100,DSC_0250,100,0.0005,50.0,2.8,76.1,92.1,0,0
100D3100,DSC_0251,100,0.00625,50.0,2.8,20.8,125.3,0,0
100D3100,DSC_0252,100,0.0125,50.0,4.0,65.1,113.7,0,0
100D3100,DSC_0253,100,0.0125,50.0,4.0,18.9,114.8,0,0
100D3100,DSC_0254,125,0.00625,50.0,4.0,108.9,96.4,0,0
100D3100,DSC_0255,360,0.002,50.0,4.0,485.4,93.7,0,0
100D3100,DSC_0256,140,0.002,50.0,4.0,80.1,99.1,0,0
100D3100,DSC_0257,140,0.002,50.0,4.0,86.8,96.0,0,0
100D3100,DSC_0258,125,0.002,50.0,4.0,194.0,94.7,0,0
100D3100,DSC_0259,125,0.002,50.0,4.0,93.4,119.1,0,0
100D3100,DSC_0260,125,0.002,50.0,4.0,64.9,107.1,0,0
100D3100,DSC_0261,125,0.002,50.0,4.0,50.7,114.1,0,0
100D3100,DSC_0262,100,0.0008,50.0,1.8,22.0,128.2,0,0
100D3100,DSC_0263,100,0.0008,50.0,1.8,25.3,127.0,0,0
100D3100,DSC_0264,1400,0.002,50.0,4.0,65.4,125.0,0,0
100D3100,DSC_0265,1250,0.002,50.0,4.0,44.8,130.6,0,0
100D3100,DSC_0266,2500,0.002,50.0,4.0,86.0,138.1,0,0
100D3100,DSC_0267,2000,0.002,50.0,4.0,92.4,131.1,0,0
100D3100,DSC_0268,140,0.002,50.0,4.0,64.6,99.3,0,0
100D3100,DSC_0269,140,0.002,50.0,4.0,64.0,96.4,0,0
100D3100,DSC_0270,250,0.002,50.0,4.0,1362.2,87.0,0,0
100D3100,DSC_0271,160,0.002,50.0,4.0,1086.4,82.3,0,0
100D3100,DSC_0272,250,0.002,50.0,4.0,1177.1,104.2,0,0
100D3100,DSC_0273,200,0.002,50.0,4.0,981.5,85.4,0,0
100D3100,DSC_0274,250,0.002,50.0,4.0,1332.3,87.1,0,0
100D3100,DSC_0275,560,0.03333333333333333,50.0,10.0,183.6,123.0,0,0
100D3100,DSC_0276,3200,0.002,50.0,10.0,834.6,69.3,0,0
100D3100,DSC_0277,100,0.01,50.0,4.0,2319.9,112.5,0,0
100D3100,DSC_0278,100,0.01,50.0,3.5,3084.0,111.5,0,0
100D3100,DSC_0279,100,0.01,50.0,2.8,963.3,111.7,0,0
100D3100,DSC_0280,100,0.01,50.0,2.8,1696.2,109.9,0,0
100D3100,DSC_0281,100,0.01,50.0,2.5,1756.4,121.1,0,0
100D3100,DSC_0282,100,0.01,50.0,4.0,3574.8,90.9,0,0
100D3100,DSC_0283,100,0.01,50.0,9.0,506.5,123.5,0,0
100D3100,DSC_0284,100,0.01,50.0,10.0,725.8,111.9,0,0
100D3100,DSC_0285,100,0.0015625,50.0,1.8,106.0,120.9,0,0
100D3100,DSC_0286,100,0.002,50.0,1.8,37.4,126.4,0,0
100D3100,DSC_0287,100,0.0003125,50.0,1.8,305.2,124.1,0,0
100D3100,DSC_0288,100,0.0003125,50.0,1.8,344.1,113.5,0,0
100D3100,DSC_0289,100,0.0004,50.0,1.8,321.3,125.8,0,0
100D3100,DSC_0290,100,0.0003125,50.0,1.8,373.7,103.1,0,0
100D3100,DSC_0291,100,0.000625,50.0,1.8,1648.3,120.0,0,0
100D3100,DSC_0292,100,0.0015625,50.0,1.8,3086.8,73.7,0,0
100D3100,DSC_0293,100,0.0015625,50.0,1.8,3251.5,81.4,0,0
100D3100,DSC_0294,100,0.0015625,50.0,1.8,2626.9,77.6,0,0
100D3100,DSC_0295,100,0.0008,50.0,1.8,3730.7,75.9,0,0
100D3100,DSC_0296,100,0.0008,50.0,1.8,4339.0,83.0,0,0
100D3100,DSC_0297,100,0.0008,50.0,1.8,3692.4,74.7,0,0
100D3100,DSC_0298,100,0.0008,50.0,1.8,2954.2,70.5,0,0
100D3100,DSC_0299,100,0.004,50.0,1.8,115.5,103.3,0,0
100D3100,DSC_0300,100,0.005,50.0,1.8,165.7,107.9,0,0
100D3100,DSC_0301,100,0.005,50.0,1.8,149.5,106.4,0,0
100D3100,DSC_0302,100,0.002,50.0,1.8,44.4,94.5,0,0
100D3100,DSC_0303,100,0.002,50.0,1.8,49.7,97.3,0,0
100D3100,DSC_0304,140,0.002,50.0,1.8,13.3,103.4,0,0
100D3100,DSC_0305,125,0.002,50.0,1.8,14.8,95.6,0,0
100D3100,DSC_0306,125,0.002,50.0,1.8,12.7,95.7,0,0
100D3100,DSC_0307,140,0.002,50.0,1.8,10.4,102.0,0,0
100D3100,DSC_0308,140,0.002,50.0,1.8,11.7,103.1,0,0
100D3100,DSC_0309,250,0.002,50.0,1.8,170.7,117.3,0,0
100D3100,DSC_0310,250,0.002,50.0,1.8,201.6,120.9,0,0
100D3100,DSC_0311,250,0.002,50.0,1.8,217.5,118.4,0,0
100D3100,DSC_0312,250,0.002,50.0,1.8,215.8,117.0,0,0
100D3100,DSC_0313,250,0.002,50.0,1.8,303.2,116.4,0,0
100D3100,DSC_0314,280,0.002,50.0,1.8,265.8,122.9,0,0
100D3100,DSC_0315,200,0.002,50.0,1.8,2380.3,90.4,0,0
100D3100,DSC_0316,180,0.002,50.0,1.8,3269.7,92.1,0,0
100D3100,DSC_0317,140,0.002,50.0,1.8,474.4,80.0,0,0
100D3100,DSC_0318,110,0.002,50.0,1.8,324.2,69.1,0,0
100D3100,DSC_0319,110,0.002,50.0,1.8,635.0,73.1,0,0
100D3100,DSC_0320,160,0.002,50.0,1.8,637.0,79.8,0,0
100D3100,DSC_0321,160,0.002,50.0,1.8,295.3,94.6,0,0
100D3100,DSC_0322,125,0.002,50.0,1.8,1670.9,63.7,0,0
100D3100,DSC_0323,180,0.002,50.0,1.8,1188.4,73.0,0,0
100D3100,DSC_0324,125,0.002,50.0,1.8,2946.4,72.9,0,0
100D3100,DSC_0325,125,0.002,50.0,1.8,686.5,80.4,0,0
100D3100,DSC_0326,200,0.002,50.0,1.8,271.5,82.3,0,0
100D3100,DSC_0327,180,0.002,50.0,1.8,323.2,75.2,0,0
100D3100,DSC_0328,200,0.002,50.0,1.8,290.2,82.7,0,0
100D3100,DSC_0329,220,0.002,50.0,1.8,687.9,90.6,0,0
100D3100,DSC_0330,280,0.002,50.0,1.8,1782.6,78.1,0,0
100D3100,DSC_0331,100,0.002,50.0,2.5,4421.8,73.5,0,0
100D3100,DSC_0332,100,0.002,50.0,2.8,4569.0,72.6,0,0
100D3100,DSC_0333,100,0.002,50.0,2.5,4171.5,75.8,0,0
100D3100,DSC_0334,100,0.002,50.0,2.0,1005.7,109.7,0,0
100D3100,DSC_0335,100,0.002,50.0,2.8,2625.3,72.0,0,0
100D3100,DSC_0336,100,0.002,50.0,2.8,3058.3,71.5,0,0
100D3100,DSC_0337,100,0.002,50.0,3.2,4575.5,57.9,0,0
100D3100,DSC_0338,100,0.002,50.0,2.8,5080.2,59.9,0,0
100D3100,DSC_0339,100,0.002,50.0,2.8,4353.0,61.8,0,0
100D3100,DSC_0340,320,0.002,50.0,1.8,1615.7,73.4,0,0
100D3100,DSC_0341,320,0.002,50.0,1.8,1856.7,82.4,0,0
100D3100,DSC_0342,100,0.002,50.0,2.2,59.8,125.2,0,0
100D3100,DSC_0343,100,0.002,50.0,2.0,25.0,126.5,0,0
100D3100,DSC_0344,100,0.002,50.0,6.3,933.7,142.1,0,0
100D3100,DSC_0345,100,0.002,50.0,5.6,1277.7,102.7,0,0
100D3100,DSC_0346,100,0.002,50.0,5.0,1951.5,157.0,0,0
101D3100,DSC_0183,360,0.008,50.0,4.5,106.4,101.6,0,0
101D3100,DSC_0184,400,0.008,50.0,4.5,150.1,105.0,0,0
101D3100,DSC_0185,360,0.008,50.0,4.5,65.5,105.0,0,0
101D3100,DSC_0186,400,0.008,50.0,4.5,163.9,100.8,0,0
101D3100,DSC_0690,100,0.008,50.0,1.8,734.7,225.9,0,0
101D3100,DSC_0691,100,0.008,50.0,1.8,892.6,225.2,0,0
101D3100,DSC_1117,180,0.01,70.0,2.8,10.7,134.1,0,0
101D3100,DSC_1118,180,0.01,70.0,2.8,13.0,132.0,0,0
101D3100,DSC_1119,180,0.01,70.0,2.8,12.0,135.1,0,0
101D3100,DSC_1120,200,0.01,70.0,2.8,12.4,128.0,0,0
101D3100,DSC_1121,200,0.01,70.0,2.8,15.5,127.7,0,0
101D3100,DSC_1122,200,0.01,70.0,2.8,13.4,127.1,0,0
101D3100,DSC_1123,1400,0.002,70.0,2.8,24.9,132.6,0,0
101D3100,DSC_1124,1400,0.002,70.0,2.8,24.0,130.1,0,0
101D3100,DSC_1125,1400,0.002,70.0,2.8,20.5,129.3,0,0
101D3100,DSC_1126,1400,0.002,70.0,2.8,23.3,126.8,0,0
101D3100,DSC_1127,900,0.002,70.0,2.8,656.4,124.6,0,0
101D3100,DSC_1128,900,0.002,70.0,2.8,696.5,123.6,0,0
101D3100,DSC_1129,900,0.002,70.0,2.8,705.5,124.3,0,0
101D3100,DSC_1130,900,0.002,70.0,2.8,665.4,123.6,0,0
101D3100,DSC_1131,800,0.002,70.0,2.8,265.9,123.2,0,0
101D3100,DSC_1132,800,0.002,70.0,2.8,272.2,122.5,0,0
101D3100,DSC_1133,800,0.002,70.0,2.8,270.5,123.5,0,0
101D3100,DSC_1134,3200,0.002,70.0,11.0,634.3,58.1,0,0
101D3100,DSC_1135,3200,0.002,70.0,11.0,621.7,57.4,0,0
101D3100,DSC_1136,3200,0.002,70.0,11.0,622.6,57.3,0,0
101D3100,DSC_1137,3200,0.002,70.0,11.0,616.3,57.5,0,0
101D3100,DSC_1138,3200,0.002,70.0,11.0,619.5,47.4,0,0
101D3100,DSC_1139,3200,0.002,70.0,11.0,488.0,39.5,0,0
101D3100,DSC_1140,3200,0.002,70.0,11.0,468.0,38.8,0,0
101D3100,DSC_1141,3200,0.002,70.0,11.0,814.1,39.3,0,0
101D3100,DSC_1142,3200,0.002,70.0,11.0,773.1,39.2,0,0
101D3100,DSC_1143,3200,0.002,70.0,11.0,597.8,38.0,0,0
101D3100,DSC_1144,1600,0.002,70.0,2.8,53.0,113.5,0,0
101D3100,DSC_1145,1600,0.002,70.0,2.8,59.7,114.0,0,0
101D3100,DSC_1146,1600,0.002,70.0,2.8,61.3,113.9,0,0
101D3100,DSC_1147,1600,0.002,70.0,2.8,62.9,114.1,0,0
101D3100,DSC_1148,1600,0.002,70.0,2.8,42.1,111.9,0,0
101D3100,DSC_1149,3200,0.005,70.0,11.0,52.5,79.3,0,0
101D3100,DSC_1150,3200,0.005,70.0,11.0,73.7,76.9,0,0
101D3100,DSC_1151,3200,0.005,70.0,11.0,64.1,75.6,0,0
101D3100,DSC_1152,3200,0.005,70.0,11.0,68.7,72.3,0,0
101D3100,DSC_1153,3200,0.005,70.0,11.0,85.8,71.9,0,0
101D3100,DSC_1154,3200,0.005,70.0,11.0,70.5,74.8,0,0
101D3100,DSC_1155,3200,0.005,70.0,11.0,63.0,72.3,0,0
101D3100,DSC_1156,3200,0.005,70.0,11.0,49.7,54.6,0,0
101D3100,DSC_1157,3200,0.005,70.0,11.0,37.1,50.5,0,0
101D3100,DSC_1158,3200,0.005,70.0,11.0,28.9,53.5,0,0
101D3100,DSC_1159,3200,0.005,70.0,11.0,150.2,71.7,0,0
101D3100,DSC_1160,3200,0.005,70.0,11.0,236.2,72.0,0,0
101D3100,DSC_1161,3200,0.005,70.0,11.0,207.8,70.8,0,0
101D3100,DSC_1162,3200,0.005,70.0,11.0,224.7,71.3,0,0
101D3100,DSC_1163,3200,0.005,70.0,11.0,59.5,53.9,0,0
101D3100,DSC_1164,3200,0.005,70.0,11.0,55.5,45.9,0,0
101D3100,DSC_1165,3200,0.005,70.0,11.0,51.6,45.7,0,0
101D3100,DSC_1166,3200,0.005,70.0,11.0,44.1,45.2,0,0
101D3100,DSC_1167,3200,0.005,70.0,11.0,128.3,67.3,0,0
101D3100,DSC_1168,3200,0.005,70.0,11.0,125.3,67.1,0,0
101D3100,DSC_1169,3200,0.005,70.0,11.0,120.6,67.2,0,0
101D3100,DSC_1170,1100,0.005,70.0,5.0,218.4,101.8,0,0
101D3100,DSC_1171,1100,0.005,70.0,5.0,203.3,97.7,0,0
101D3100,DSC_1172,1100,0.005,70.0,5.0,130.4,98.1,0,0
101D3100,DSC_1173,640,0.005,70.0,5.0,244.9,119.3,0,0
101D3100,DSC_1174,640,0.005,70.0,5.0,197.4,119.5,0,0
101D3100,DSC_1175,640,0.005,70.0,5.0,206.3,117.9,0,0
101D3100,DSC_1176,640,0.005,70.0,5.0,234.0,119.0,0,0
101D3100,DSC_1177,360,0.005,70.0,5.0,23.9,122.5,0,0
101D3100,DSC_1178,360,0.005,70.0,5.0,43.9,121.8,0,0
101D3100,DSC_1179,360,0.005,70.0,5.0,40.4,122.6,0,0
101D3100,DSC_1180,360,0.005,70.0,5.0,43.3,123.0,0,0
101D3100,DSC_1181,250,0.005,70.0,5.0,141.0,119.1,0,0
101D3100,DSC_1182,250,0.005,70.0,5.0,160.7,120.2,0,0
101D3100,DSC_1183,250,0.005,70.0,5.0,140.9,120.3,0,0
101D3100,DSC_1184,560,0.005,70.0,5.0,10.3,154.5,0,0
101D3100,DSC_1185,560,0.005,70.0,5.0,10.3,154.9,0,0
101D3100,DSC_1186,560,0.005,70.0,5.0,10.9,154.0,0,0
101D3100,DSC_1187,560,0.005,70.0,5.0,9.9,152.6,0,0
101D3100,DSC_1188,560,0.005,70.0,5.0,174.3,150.1,0,0
101D3100,DSC_1189,560,0.005,70.0,5.0,198.5,152.7,0,0
101D3100,DSC_1190,560,0.005,70.0,5.0,230.8,149.1,0,0
101D3100,DSC_1191,640,0.005,70.0,5.0,648.3,124.4,0,0
101D3100,DSC_1192,640,0.005,70.0,5.0,587.3,124.7,0,0
101D3100,DSC_1193,1250,0.005,70.0,5.0,13.0,150.3,0,0
101D3100,DSC_1194,1250,0.005,70.0,5.0,12.5,156.9,0,0
101D3100,DSC_1195,1250,0.005,70.0,5.0,13.7,154.7,0,0
101D3100,DSC_1196,1250,0.005,70.0,5.0,12.6,155.9,0,0
101D3100,DSC_1197,1400,0.005,70.0,5.0,15.7,153.6,0,0
101D3100,DSC_1198,1400,0.005,70.0,5.0,15.3,152.8,0,0
101D3100,DSC_1199,1400,0.005,70.0,5.0,13.4,158.1,0,0
101D3100,DSC_1200,900,0.005,70.0,5.0,11.4,162.1,0,0
101D3100,DSC_1201,900,0.005,70.0,5.0,11.5,162.4,0,0
101D3100,DSC_1202,900,0.005,70.0,5.0,11.2,161.3,0,0
101D3100,DSC_1203,900,0.005,70.0,5.0,12.9,166.3,0,0
101D3100,DSC_1204,900,0.005,70.0,5.0,16.4,166.7,0,0
101D3100,DSC_1205,800,0.005,70.0,5.0,13.0,157.2,0,0
101D3100,DSC_1206,800,0.005,70.0,5.0,21.7,158.1,0,0
101D3100,DSC_1207,800,0.005,70.0,5.0,17.9,157.1,0,0
101D3100,DSC_1208,900,0.005,70.0,5.0,430.1,76.6,0,0
101D3100,DSC_1209,900,0.005,70.0,5.0,432.6,76.6,0,0
101D3100,DSC_1210,900,0.005,70.0,5.0,393.2,75.2,0,0
101D3100,DSC_1211,900,0.005,70.0,5.0,714.3,109.0,0,0
101D3100,DSC_1212,900,0.005,70.0,5.0,729.0,108.1,0,0
101D3100,DSC_1213,450,0.005,70.0,5.0,105.7,85.5,0,0
101D3100,DSC_1214,450,0.005,70.0,5.0,165.8,85.2,0,0
101D3100,DSC_1215,450,0.005,70.0,5.0,173.8,85.0,0,0
101D3100,DSC_1216,720,0.005,70.0,5.0,35.2,96.4,0,0
101D3100,DSC_1217,720,0.005,70.0,5.0,40.4,92.7,0,0
101D3100,DSC_1218,720,0.005,70.0,5.0,39.4,93.4,0,0
101D3100,DSC_1426,3200,0.002,210.0,40.0,173.5,114.0,0,0
101D3100,DSC_1427,3200,0.002,210.0,40.0,174.4,112.4,0,0
101D3100,DSC_1428,3200,0.002,210.0,40.0,205.7,112.9,0,0
101D3100,DSC_1429,3200,0.002,210.0,40.0,204.3,111.5,0,0
101D3100,DSC_1430,3200,0.002,210.0,40.0,288.6,113.7,0,0
101D3100,DSC_1431,2200,0.002,170.0,36.0,274.8,109.1,0,0
101D3100,DSC_1432,2200,0.002,170.0,36.0,261.2,108.8,0,0
101D3100,DSC_1433,2200,0.002,170.0,36.0,121.9,104.0,0,0
101D3100,DSC_1434,2500,0.002,180.0,36.0,216.0,104.7,0,0
101D3100,DSC_1435,2500,0.002,180.0,36.0,203.6,105.7,0,0
101D3100,DSC_1436,2500,0.002,180.0,36.0,166.7,105.4,0,0
101D3100,DSC_1437,3200,0.002,105.0,36.0,223.6,132.1,0,0
101D3100,DSC_1438,3200,0.002,105.0,36.0,237.6,133.0,0,0
101D3100,DSC_1439,3200,0.002,105.0,36.0,225.4,132.7,0,0
101D3100,DSC_1440,3200,0.0008,155.0,36.0,146.0,74.2,0,0
101D3100,DSC_1441,3200,0.0008,155.0,36.0,145.2,73.2,0,0
101D3100,DSC_1442,3200,0.0008,155.0,36.0,130.6,70.0,0,0
101D3100,DSC_1443,3200,0.0008,155.0,36.0,129.2,70.3,0,0
101D3100,DSC_1444,3200,0.0008,180.0,36.0,127.5,54.0,0,0
101D3100,DSC_1445,3200,0.0008,180.0,36.0,109.0,52.0,0,0
101D3100,DSC_1446,3200,0.0008,180.0,36.0,119.3,52.9,0,0
101D3100,DSC_1447,3200,0.0008,180.0,36.0,127.0,52.3,0,0
101D3100,DSC_1448,3200,0.0008,190.0,40.0,119.6,54.0,0,0
101D3100,DSC_1449,3200,0.0008,190.0,40.0,109.6,52.6,0,0
101D3100,DSC_1450,3200,0.0008,190.0,40.0,109.5,53.2,0,0
101D3100,DSC_1451,720,0.0008,190.0,11.0,455.8,118.7,0,0
101D3100,DSC_1452,720,0.0008,190.0,11.0,437.1,118.4,0,0
101D3100,DSC_1453,720,0.0008,190.0,11.0,419.8,119.6,0,0
101D3100,DSC_1454,720,0.0008,190.0,11.0,442.6,118.5,0,0
101D3100,DSC_1455,640,0.0008,200.0,11.0,422.1,115.4,0,0
101D3100,DSC_1456,640,0.0008,200.0,11.0,406.2,116.0,0,0
101D3100,DSC_1457,640,0.0008,200.0,11.0,437.1,115.4,0,0
101D3100,DSC_1458,640,0.0008,200.0,11.0,144.2,118.0,0,0
101D3100,DSC_1459,500,0.0008,190.0,11.0,28.9,119.2,0,0
101D3100,DSC_1460,500,0.0008,190.0,11.0,26.4,126.2,0,0
101D3100,DSC_1461,500,0.0008,190.0,11.0,27.2,125.5,0,0
101D3100,DSC_1462,720,0.0008,170.0,11.0,66.8,119.9,0,0
101D3100,DSC_1463,720,0.0008,170.0,11.0,86.5,122.5,0,0
101D3100,DSC_1464,720,0.0008,170.0,11.0,84.8,120.5,0,0
101D3100,DSC_1465,560,0.0008,240.0,11.0,174.9,105.8,0,0
101D3100,DSC_1466,560,0.0008,240.0,11.0,140.9,106.0,0,0
101D3100,DSC_1467,560,0.0008,240.0,11.0,159.4,105.8,0,0
101D3100,DSC_1468,560,0.0008,240.0,11.0,181.7,104.5,0,0
101D3100,DSC_1469,560,0.0008,240.0,11.0,203.8,105.3,0,0
101D3100,DSC_1470,640,0.0008,240.0,11.0,206.4,112.4,0,0
101D3100,DSC_1471,640,0.0008,240.0,11.0,239.1,111.8,0,0
101D3100,DSC_1472,640,0.0008,240.0,11.0,181.3,112.7,0,0
101D3100,DSC_1473,640,0.0008,240.0,11.0,183.2,112.9,0,0
101D3100,DSC_1474,640,0.0008,240.0,11.0,201.1,111.2,0,0
101D3100,DSC_1475,500,0.0008,240.0,11.0,221.8,111.3,0,0
101D3100,DSC_1476,500,0.0008,240.0,11.0,185.1,111.5,0,0
101D3100,DSC_1477,500,0.0008,240.0,11.0,194.5,111.2,0,0
101D3100,DSC_1478,500,0.0008,240.0,11.0,671.5,108.9,0,0
101D3100,DSC_1479,500,0.0008,240.0,11.0,623.8,109.0,0,0
101D3100,DSC_1480,500,0.0008,240.0,11.0,363.8,111.1,0,0
101D3100,DSC_1481,450,0.0008,240.0,11.0,130.5,126.1,0,0
101D3100,DSC_1482,450,0.0008,240.0,11.0,172.2,125.2,0,0
101D3100,DSC_1483,450,0.0008,240.0,11.0,176.0,124.1,0,0
101D3100,DSC_1484,640,0.0008,240.0,11.0,308.0,110.3,0,0
101D3100,DSC_1485,640,0.0008,240.0,11.0,391.3,109.2,0,0
101D3100,DSC_1486,640,0.0008,240.0,11.0,160.2,109.5,0,0
101D3100,DSC_1487,640,0.0008,240.0,11.0,41.0,110.1,0,0
101D3100,DSC_1488,2000,0.0008,240.0,18.0,90.5,115.6,0,0
101D3100,DSC_1489,2000,0.0008,240.0,18.0,95.1,115.6,0,0
101D3100,DSC_1490,2000,0.0008,240.0,18.0,86.9,115.3,0,0
101D3100,DSC_1491,1250,0.0008,240.0,18.0,275.9,97.3,0,0
101D3100,DSC_1492,1250,0.0008,240.0,18.0,243.7,97.9,0,0
101D3100,DSC_1493,1250,0.0008,240.0,18.0,57.3,101.4,0,0
101D3100,DSC_1494,1800,0.0008,200.0,18.0,249.9,114.4,0,0
101D3100,DSC_1495,1800,0.0008,200.0,18.0,227.5,114.1,0,0
101D3100,DSC_1496,1800,0.0008,200.0,18.0,237.9,118.2,0,0
101D3100,DSC_1497,1800,0.0008,200.0,18.0,311.7,112.9,0,0
101D3100,DSC_1498,220,0.0008,240.0,5.6,161.5,99.9,0,0
101D3100,DSC_1499,220,0.0008,240.0,5.6,178.9,98.4,0,0
101D3100,DSC_1500,220,0.0008,240.0,5.6,229.6,94.7,0,0
101D3100,DSC_1501,220,0.0008,240.0,5.6,201.7,100.1,0,0
101D3100,DSC_1502,220,0.0008,240.0,5.6,229.2,97.9,0,0
101D3100,DSC_1503,200,0.0008,210.0,5.6,74.5,103.3,0,0
101D3100,DSC_1504,200,0.0008,210.0,5.6,104.9,101.6,0,0
101D3100,DSC_1505,200,0.0008,210.0,5.6,66.1,104.3,0,0
101D3100,DSC_1506,450,0.0003125,105.0,5.0,582.5,128.1,0,0
101D3100,DSC_1507,450,0.0003125,105.0,5.0,656.1,119.7,0,0
101D3100,DSC_1508,450,0.0003125,105.0,5.0,660.9,120.1,0,0
101D3100,DSC_1509,400,0.0003125,122.0,5.0,382.2,122.2,0,0
101D3100,DSC_1510,400,0.0003125,122.0,5.0,367.7,126.1,0,0
101D3100,DSC_1511,400,0.0003125,122.0,5.0,321.5,127.8,0,0
101D3100,DSC_1512,400,0.0003125,122.0,5.0,213.4,133.5,0,0
101D3100,DSC_1513,400,0.0003125,122.0,5.0,241.4,134.1,0,0
101D3100,DSC_1514,400,0.0003125,122.0,5.0,205.3,136.2,0,0
101D3100,DSC_1515,400,0.0003125,122.0,5.0,238.4,134.8,0,0
101D3100,DSC_1516,360,0.0003125,122.0,5.0,132.4,134.3,0,0
101D3100,DSC_1517,360,0.0003125,122.0,5.0,35.2,144.0,0,0
101D3100,DSC_1518,220,0.0003125,122.0,5.0,16.5,124.4,0,0
101D3100,DSC_1519,220,0.0003125,240.0,5.6,11.8,106.3,0,0
101D3100,DSC_1520,220,0.0003125,240.0,5.6,12.0,106.4,0,0
101D3100,DSC_1521,200,0.0003125,240.0,5.6,11.2,94.5,0,0
101D3100,DSC_1522,200,0.0003125,240.0,5.6,11.5,93.1,0,0
101D3100,DSC_1523,450,0.0003125,240.0,5.6,21.0,92.2,0,0
101D3100,DSC_1524,450,0.0003125,240.0,5.6,21.9,87.6,0,0
101D3100,DSC_1525,450,0.0003125,240.0,5.6,22.3,86.5,0,0
101D3100,DSC_1526,450,0.0003125,240.0,5.6,20.4,93.2,0,0
101D3100,DSC_1527,450,0.0003125,240.0,5.6,19.5,96.2,0,0
101D3100,DSC_1528,320,0.0004,105.0,4.8,20.9,118.0,0,0
101D3100,DSC_1529,320,0.0004,105.0,4.8,21.0,117.9,0,0
101D3100,DSC_1530,320,0.0004,105.0,4.8,19.1,121.0,0,0
101D3100,DSC_1531,320,0.0004,105.0,4.8,18.2,122.5,0,0
101D3100,DSC_1532,320,0.0004,105.0,4.8,19.8,118.3,0,0
101D3100,DSC_1533,320,0.0004,105.0,4.8,20.4,120.0,0,0
101D3100,DSC_1534,320,0.0004,105.0,4.8,18.5,124.4,0,0
101D3100,DSC_1535,320,0.0004,105.0,4.8,19.2,123.1,0,0
101D3100,DSC_1536,320,0.0004,105.0,4.8,28.4,122.6,0,0
101D3100,DSC_1537,320,0.0004,116.0,4.8,16.8,127.9,0,0
101D3100,DSC_1538,320,0.0004,116.0,4.8,18.0,127.8,0,0
101D3100,DSC_1539,3200,0.0004,80.0,32.0,128.1,53.8,0,0
101D3100,DSC_1540,3200,0.0004,80.0,32.0,125.1,55.5,0,0
101D3100,DSC_1541,3200,0.0004,80.0,32.0,116.9,56.8,0,0
101D3100,DSC_1542,3200,0.0004,75.0,32.0,66.1,35.1,0,0
101D3100,DSC_1543,3200,0.0004,75.0,32.0,77.7,37.9,0,0
101D3100,DSC_1544,3200,0.0004,75.0,32.0,92.6,46.1,0,0
101D3100,DSC_1545,3200,0.0004,75.0,32.0,123.3,60.5,0,0
101D3100,DSC_1546,3200,0.0004,75.0,32.0,141.9,64.5,0,0
101D3100,DSC_1547,3200,0.0004,75.0,32.0,206.7,70.1,0,0
101D3100,DSC_1548,3200,0.0004,75.0,32.0,273.1,71.4,0,0
101D3100,DSC_1549,3200,0.0004,75.0,32.0,302.6,72.1,0,0
101D3100,DSC_1550,3200,0.0004,75.0,32.0,344.9,78.3,0,0
101D3100,DSC_1551,3200,0.0004,75.0,32.0,301.9,117.3,0,0
101D3100,DSC_1552,3200,0.0004,75.0,32.0,64.1,28.9,0,0
101D3100,DSC_1553,3200,0.0004,75.0,32.0,56.5,31.9,0,0
101D3100,DSC_1554,3200,0.0004,75.0,32.0,55.9,32.3,0,0
101D3100,DSC_1555,3200,0.0004,75.0,32.0,54.1,33.6,0,0
101D3100,DSC_1556,3200,0.0004,75.0,32.0,54.9,33.3,0,0
101D3100,DSC_1557,3200,0.0004,75.0,32.0,56.8,31.6,0,0
101D3100,DSC_1558,3200,0.0004,75.0,32.0,54.5,31.8,0,0
101D3100,DSC_1559,3200,0.0004,75.0,32.0,56.5,32.3,0,0
101D3100,DSC_1560,3200,0.0004,75.0,32.0,55.8,30.8,0,0
101D3100,DSC_1561,3200,0.0004,75.0,32.0,75.7,25.1,0,0
101D3100,DSC_1562,3200,0.0004,75.0,32.0,66.3,24.6,0,0
101D3100,DSC_1563,3200,0.0004,75.0,32.0,68.5,24.0,0,0
101D3100,DSC_1564,3200,0.0004,75.0,32.0,54.5,33.8,0,0
101D3100,DSC_1565,3200,0.0004,75.0,32.0,54.2,34.3,0,0
101D3100,DSC_1566,3200,0.0004,75.0,32.0,53.1,35.1,0,0
101D3100,DSC_1567,3200,0.0004,75.0,32.0,165.7,70.1,0,0
101D3100,DSC_1568,3200,0.0004,75.0,32.0,188.5,67.7,0,0
101D3100,DSC_1569,3200,0.0004,75.0,32.0,223.5,69.8,0,0
101D3100,DSC_1570,3200,0.0004,75.0,32.0,43.2,39.3,0,0
101D3100,DSC_1571,3200,0.0004,75.0,32.0,43.0,35.9,0,0
101D3100,DSC_1572,3200,0.0004,75.0,32.0,44.3,35.4,0,0
101D3100,DSC_1573,3200,0.0004,75.0,32.0,42.7,35.9,0,0
101D3100,DSC_1574,3200,0.0004,75.0,32.0,42.3,36.4,0,0
101D3100,DSC_1575,200,0.0004,75.0,4.5,755.0,130.1,0,0
101D3100,DSC_1576,200,0.0004,75.0,4.5,765.8,131.2,0,0
101D3100,DSC_1577,200,0.0004,75.0,4.5,714.7,136.4,0,0
101D3100,DSC_1578,200,0.0004,75.0,4.5,715.2,140.8,0,0
101D3100,DSC_1579,200,0.0004,75.0,4.5,687.5,149.6,0,0
101D3100,DSC_1580,160,0.0004,75.0,4.5,740.5,145.6,0,0
101D3100,DSC_1581,160,0.0004,75.0,4.5,766.7,153.1,0,0
101D3100,DSC_1582,160,0.0004,75.0,4.5,778.4,158.8,0,0
101D3100,DSC_1583,160,0.0004,75.0,4.5,819.8,165.8,0,0
101D3100,DSC_1584,100,0.0004,75.0,4.5,871.5,155.7,0,0
101D3100,DSC_1585,100,0.0004,75.0,4.5,925.9,151.4,0,0
101D3100,DSC_1586,200,0.0004,75.0,4.5,758.2,115.3,0,0
101D3100,DSC_1587,200,0.0004,75.0,4.5,785.4,117.9,0,0
101D3100,DSC_1588,200,0.0004,75.0,4.5,767.0,118.4,0,0
101D3100,DSC_1589,180,0.0004,75.0,4.5,676.9,139.3,0,0
101D3100,DSC_1590,160,0.0004,155.0,5.0,42.1,126.9,0,0
101D3100,DSC_1591,160,0.0004,155.0,5.0,51.9,127.1,0,0
101D3100,DSC_1592,160,0.0004,155.0,5.0,43.5,128.3,0,0
101D3100,DSC_1593,160,0.0004,155.0,5.0,39.4,130.0,0,0
101D3100,DSC_1594,160,0.0004,155.0,5.0,43.1,128.6,0,0
101D3100,DSC_1595,160,0.0004,155.0,5.0,39.5,130.8,0,0
101D3100,DSC_1596,160,0.0004,155.0,5.0,42.1,133.9,0,0
101D3100,DSC_1597,160,0.0004,155.0,5.0,44.8,131.6,0,0
101D3100,DSC_1598,160,0.0004,155.0,5.0,36.5,127.8,0,0
101D3100,DSC_1599,400,0.0004,105.0,4.8,117.0,119.7,0,0
101D3100,DSC_1600,400,0.0004,105.0,4.8,110.4,119.7,0,0
101D3100,DSC_1601,400,0.0004,105.0,4.8,117.6,119.6,0,0
101D3100,DSC_1602,400,0.0004,105.0,4.8,119.8,116.4,0,0
101D3100,DSC_1603,160,0.0004,98.0,4.8,113.3,135.7,0,0
101D3100,DSC_1604,160,0.0004,98.0,4.8,84.0,137.6,0,0
101D3100,DSC_1605,160,0.0004,98.0,4.8,72.4,136.4,0,0
101D3100,DSC_1606,160,0.0004,98.0,4.8,69.8,134.6,0,0
101D3100,DSC_1607,160,0.0004,98.0,4.8,81.8,136.2,0,0
101D3100,DSC_1608,160,0.0004,98.0,4.8,86.3,132.4,0,0
101D3100,DSC_1609,160,0.0004,98.0,4.8,79.2,131.5,0,0
101D3100,DSC_1610,160,0.0004,98.0,4.8,89.1,136.2,0,0
101D3100,DSC_1611,160,0.0004,98.0,4.8,344.4,117.4,0,0
101D3100,DSC_1612,320,0.0004,122.0,4.8,15.3,130.1,0,0
101D3100,DSC_1613,320,0.0004,122.0,4.8,13.9,136.0,0,0
101D3100,DSC_1614,320,0.0004,122.0,4.8,14.0,136.8,0,0
101D3100,DSC_1615,320,0.0004,122.0,4.8,15.6,141.1,0,0
101D3100,DSC_1616,280,0.0004,116.0,4.8,19.0,137.0,0,0
101D3100,DSC_1617,280,0.0004,116.0,4.8,27.5,135.0,0,0
101D3100,DSC_1618,280,0.0004,116.0,4.8,26.1,138.6,0,0
101D3100,DSC_1619,280,0.0004,116.0,4.8,19.7,164.4,0,0
101D3100,DSC_1620,280,0.0004,116.0,4.8,17.2,165.3,0,0
101D3100,DSC_1621,280,0.0004,116.0,4.8,17.1,174.6,0,0
101D3100,DSC_1622,280,0.0004,116.0,4.8,17.0,182.4,0,0
101D3100,DSC_1623,140,0.0004,116.0,4.8,22.4,137.2,0,0
101D3100,DSC_1624,140,0.0004,116.0,4.8,22.7,137.4,0,0
101D3100,DSC_1625,140,0.0004,116.0,4.8,23.6,140.2,0,0
101D3100,DSC_1626,140,0.0004,116.0,4.8,22.6,139.7,0,0
101D3100,DSC_1627,140,0.0004,116.0,4.8,23.8,138.9,0,0
101D3100,DSC_1628,140,0.0004,116.0,4.8,23.6,140.0,0,0
101D3100,DSC_1629,140,0.0004,116.0,4.8,23.5,140.1,0,0
101D3100,DSC_1630,140,0.0004,116.0,4.8,24.7,140.0,0,0
101D3100,DSC_1631,140,0.0004,116.0,4.8,23.4,136.6,0,0
101D3100,DSC_1632,140,0.0004,116.0,4.8,23.0,134.9,0,0
101D3100,DSC_1633,140,0.0004,116.0,4.8,22.7,133.3,0,0
101D3100,DSC_1634,320,0.0004,122.0,4.8,14.3,128.0,0,0
101D3100,DSC_1635,320,0.0004,122.0,4.8,17.3,125.2,0,0
101D3100,DSC_1636,280,0.0004,105.0,4.8,15.3,127.3,0,0
101D3100,DSC_1637,280,0.0004,105.0,4.8,16.1,125.6,0,0
101D3100,DSC_1638,200,0.0004,122.0,4.8,20.3,111.6,0,0
101D3100,DSC_1639,200,0.0004,122.0,4.8,17.1,117.1,0,0
101D3100,DSC_1640,200,0.0004,122.0,4.8,17.5,124.9,0,0
101D3100,DSC_1641,200,0.0004,122.0,4.8,16.6,128.0,0,0
101D3100,DSC_1642,200,0.0004,122.0,4.8,14.5,131.6,0,0
101D3100,DSC_1643,200,0.0004,122.0,4.8,13.4,136.8,0,0
101D3100,DSC_1644,200,0.0004,122.0,4.8,12.9,141.5,0,0
101D3100,DSC_1645,160,0.0004,135.0,4.8,9.4,141.4,0,0
101D3100,DSC_1646,160,0.0004,135.0,4.8,9.4,142.1,0,0
101D3100,DSC_1647,160,0.0004,135.0,4.8,8.9,139.3,0,0
101D3100,DSC_1648,160,0.0004,75.0,4.5,378.1,127.9,0,0
101D3100,DSC_1649,100,0.0004,85.0,4.5,28.6,151.3,0,0
101D3100,DSC_1650,100,0.0004,85.0,4.5,13.6,162.6,0,0
101D3100,DSC_1651,100,0.0004,85.0,4.5,15.5,169.0,0,0
101D3100,DSC_1652,100,0.0004,85.0,4.5,14.7,171.3,0,0
101D3100,DSC_1653,100,0.0004,92.0,4.5,6.1,188.8,0,0
101D3100,DSC_1654,100,0.0004,92.0,4.5,4.8,198.0,0,0
101D3100,DSC_1655,100,0.0004,92.0,4.5,7.1,194.6,0,0
101D3100,DSC_1656,100,0.0004,80.0,4.5,32.9,200.1,0,0
101D3100,DSC_1657,100,0.0004,80.0,4.5,53.2,195.8,0,0
101D3100,DSC_1658,100,0.0004,92.0,4.5,3.3,201.3,0,0
101D3100,DSC_1659,100,0.0004,92.0,4.5,3.0,220.1,0,0
101D3100,DSC_1660,100,0.0004,92.0,4.5,2.5,233.7,0,0
101D3100,DSC_1661,100,0.0004,92.0,4.5,1.3,248.5,0,0
101D3100,DSC_1662,100,0.0004,92.0,4.5,1.0,250.7,0,0
101D3100,DSC_1663,100,0.0004,92.0,4.5,1.8,246.9,0,0
101D3100,DSC_1664,100,0.0004,92.0,4.5,3.6,230.7,0,0
101D3100,DSC_1665,100,0.0004,92.0,4.5,7.1,212.4,0,0
101D3100,DSC_1666,180,0.0004,98.0,4.8,20.5,160.4,0,0
101D3100,DSC_1667,180,0.0004,98.0,4.8,19.6,175.8,0,0
101D3100,DSC_1668,180,0.0004,98.0,4.8,7.4,218.8,0,0
101D3100,DSC_1669,180,0.0004,98.0,4.8,35.7,208.4,0,0
101D3100,DSC_1670,500,0.0004,105.0,4.8,67.2,154.4,0,0
101D3100,DSC_1671,500,0.0004,105.0,4.8,67.1,146.2,0,0
101D3100,DSC_1672,280,0.0004,122.0,4.8,27.0,114.3,0,0
101D3100,DSC_1673,360,0.0004,116.0,4.8,18.6,110.5,0,0
101D3100,DSC_1674,360,0.0004,116.0,4.8,18.9,109.7,0,0
101D3100,DSC_1675,320,0.0004,105.0,4.8,12.7,131.7,0,0
101D3100,DSC_1676,320,0.0004,105.0,4.8,11.9,136.4,0,0
101D3100,DSC_1677,280,0.0004,190.0,5.3,505.2,111.7,0,0
101D3100,DSC_1678,250,0.0004,190.0,5.3,473.4,101.9,0,0
101D3100,DSC_1679,100,0.0004,200.0,5.3,496.4,155.5,0,0
101D3100,DSC_1680,100,0.0004,200.0,5.3,719.3,170.5,0,0
101D3100,DSC_1681,100,0.0004,200.0,5.3,905.6,203.3,0,0
101D3100,DSC_1682,450,0.0004,200.0,5.3,141.8,99.9,0,0
101D3100,DSC_1683,450,0.0004,190.0,5.3,136.4,134.8,0,0
101D3100,DSC_1684,450,0.0004,190.0,5.3,67.8,134.9,0,0
101D3100,DSC_1685,900,0.0004,200.0,5.3,603.3,137.5,0,0
101D3100,DSC_1686,900,0.0004,200.0,5.3,600.4,138.5,0,0
101D3100,DSC_1687,900,0.0004,200.0,5.3,566.1,142.8,0,0
101D3100,DSC_1688,400,0.0004,180.0,5.0,620.5,108.7,0,0
101D3100,DSC_1689,400,0.0004,180.0,5.0,571.1,115.2,0,0
101D3100,DSC_1690,250,0.0004,180.0,5.0,6.6,155.8,0,0
101D3100,DSC_1691,250,0.0004,180.0,5.0,7.8,141.4,0,0
101D3100,DSC_1692,140,0.0004,240.0,5.6,8.2,120.6,0,0
101D3100,DSC_1693,140,0.0004,240.0,5.6,8.7,116.8,0,0
101D3100,DSC_1694,140,0.0004,240.0,5.6,7.7,125.1,0,0
101D3100,DSC_1695,140,0.0004,240.0,5.6,8.0,123.1,0,0
101D3100,DSC_1696,140,0.0004,240.0,5.6,7.2,130.1,0,0
101D3100,DSC_1697,140,0.0004,240.0,5.6,7.3,126.8,0,0
101D3100,DSC_1698,140,0.0004,240.0,5.6,6.2,137.9,0,0
101D3100,DSC_1699,140,0.0004,240.0,5.6,5.7,142.4,0,0
101D3100,DSC_1700,140,0.0004,240.0,5.6,5.7,143.1,0,0
101D3100,DSC_1701,140,0.0004,240.0,5.6,5.4,146.3,0,0
101D3100,DSC_1702,140,0.0004,240.0,5.6,5.4,146.1,0,0
101D3100,DSC_1703,250,0.0004,180.0,5.0,325.5,98.3,0,0
101D3100,DSC_1704,250,0.0004,180.0,5.0,174.7,98.8,0,0
101D3100,DSC_1705,250,0.0004,170.0,5.0,369.8,100.5,0,0
101D3100,DSC_1706,280,0.0004,155.0,5.0,532.4,103.7,0,0
101D3100,DSC_1707,280,0.0004,155.0,5.0,516.4,106.5,0,0
101D3100,DSC_1708,360,0.0004,155.0,5.0,873.6,112.6,0,0
101D3100,DSC_1709,360,0.0004,155.0,5.0,881.1,115.7,0,0
101D3100,DSC_1710,400,0.0004,170.0,5.0,824.5,121.0,0,0
101D3100,DSC_1711,400,0.0004,170.0,5.0,872.8,119.3,0,0
101D3100,DSC_1712,400,0.0004,170.0,5.0,879.8,116.3,0,0
101D3100,DSC_1713,360,0.0004,155.0,5.0,781.5,118.0,0,0
101D3100,DSC_1714,360,0.0004,155.0,5.0,786.1,119.9,0,0
101D3100,DSC_1715,560,0.0004,200.0,5.3,15.8,137.8,0,0
101D3100,DSC_1716,560,0.0004,190.0,5.3,15.4,144.9,0,0
101D3100,DSC_1717,280,0.0004,190.0,5.3,18.1,103.9,0,0
101D3100,DSC_1718,280,0.0004,190.0,5.3,16.8,109.9,0,0
101D3100,DSC_1719,250,0.0004,155.0,5.0,47.0,117.2,0,0
101D3100,DSC_1720,250,0.0004,155.0,5.0,46.6,125.3,0,0
101D3100,DSC_1721,220,0.0004,135.0,4.8,50.7,132.0,0,0
101D3100,DSC_1722,220,0.0004,135.0,4.8,71.4,129.6,0,0
101D3100,DSC_1723,220,0.0004,116.0,4.8,615.1,117.2,0,0
101D3100,DSC_1724,220,0.0004,116.0,4.8,777.3,110.1,0,0
101D3100,DSC_1725,220,0.0004,116.0,4.8,732.5,112.1,0,0
101D3100,DSC_1726,220,0.0004,116.0,4.8,652.9,114.2,0,0
101D3100,DSC_1727,560,0.0004,240.0,5.6,97.3,118.3,0,0
101D3100,DSC_1728,560,0.0004,240.0,5.6,34.5,128.2,0,0
101D3100,DSC_1729,560,0.0004,240.0,5.6,15.6,142.0,0,0
101D3100,DSC_1730,360,0.0004,200.0,5.3,178.6,112.1,0,0
101D3100,DSC_1731,360,0.0004,200.0,5.3,163.7,111.3,0,0
101D3100,DSC_1732,360,0.0004,200.0,5.3,128.7,112.4,0,0
101D3100,DSC_1733,250,0.0004,200.0,5.3,6.0,157.2,0,0
101D3100,DSC_1734,250,0.0004,200.0,5.3,6.1,156.6,0,0
101D3100,DSC_1735,250,0.0004,200.0,5.3,7.0,148.7,0,0
101D3100,DSC_1736,250,0.0004,200.0,5.3,7.5,144.7,0,0
101D3100,DSC_1737,250,0.0004,200.0,5.3,8.5,138.1,0,0
101D3100,DSC_1738,250,0.0004,200.0,5.3,8.5,137.7,0,0
101D3100,DSC_1739,250,0.0004,200.0,5.3,11.4,117.1,0,0
101D3100,DSC_1740,250,0.0004,200.0,5.3,11.1,120.9,0,0
101D3100,DSC_1741,250,0.0004,200.0,5.3,10.8,122.9,0,0
101D3100,DSC_1742,250,0.0004,200.0,5.3,11.7,116.8,0,0
101D3100,DSC_1743,250,0.0004,200.0,5.3,12.7,109.6,0,0
101D3100,DSC_1744,360,0.0004,240.0,5.6,21.9,101.4,0,0
101D3100,DSC_1745,360,0.0004,240.0,5.6,19.3,111.3,0,0
101D3100,DSC_1746,360,0.0004,240.0,5.6,16.5,119.2,0,0
101D3100,DSC_1747,360,0.0004,240.0,5.6,23.4,103.8,0,0
101D3100,DSC_1748,360,0.0004,240.0,5.6,28.8,101.6,0,0
101D3100,DSC_1749,360,0.0004,240.0,5.6,36.0,99.3,0,0
101D3100,DSC_1750,360,0.0004,240.0,5.6,49.1,94.0,0,0
101D3100,DSC_1751,450,0.0004,240.0,5.6,9.0,147.8,0,0
101D3100,DSC_1752,450,0.0004,240.0,5.6,11.5,135.8,0,0
101D3100,DSC_1753,220,0.0004,170.0,5.0,39.8,118.0,0,0
101D3100,DSC_1754,220,0.0004,170.0,5.0,44.8,117.3,0,0
101D3100,DSC_1755,220,0.0004,170.0,5.0,59.6,113.6,0,0
101D3100,DSC_1756,220,0.0004,170.0,5.0,57.7,115.0,0,0
101D3100,DSC_1757,220,0.0004,170.0,5.0,48.8,112.6,0,0
101D3100,DSC_1758,220,0.0004,170.0,5.0,39.5,119.0,0,0
101D3100,DSC_1759,220,0.0004,170.0,5.0,83.2,121.5,0,0
101D3100,DSC_1760,220,0.0004,155.0,5.0,82.5,118.6,0,0
101D3100,DSC_1761,220,0.0004,155.0,5.0,90.9,117.6,0,0
101D3100,DSC_1762,220,0.0004,155.0,5.0,91.3,113.0,0,0
101D3100,DSC_1763,220,0.0004,155.0,5.0,91.8,118.1,0,0
101D3100,DSC_1764,220,0.0004,155.0,5.0,9.6,125.3,0,0
101D3100,DSC_1765,220,0.0004,155.0,5.0,9.5,127.4,0,0
101D3100,DSC_1766,200,0.0004,98.0,4.8,52.2,145.6,0,0
101D3100,DSC_1767,200,0.0004,98.0,4.8,68.6,143.6,0,0
101D3100,DSC_1768,320,0.0004,180.0,5.0,32.4,113.6,0,0
101D3100,DSC_1769,320,0.0004,180.0,5.0,45.4,108.6,0,0
101D3100,DSC_1770,320,0.0004,180.0,5.0,46.1,105.9,0,0
101D3100,DSC_1771,320,0.0004,180.0,5.0,71.7,117.0,0,0
101D3100,DSC_1772,320,0.0004,155.0,5.0,143.0,119.7,0,0
101D3100,DSC_1773,250,0.0004,155.0,5.0,95.9,127.5,0,0
101D3100,DSC_1774,220,0.0004,145.0,4.8,148.7,114.3,0,0
101D3100,DSC_1775,140,0.0004,145.0,4.8,145.0,150.3,0,0
101D3100,DSC_1776,140,0.0004,145.0,4.8,145.4,151.6,0,0
101D3100,DSC_1777,140,0.0004,145.0,4.8,55.0,156.7,0,0
101D3100,DSC_1778,280,0.0004,145.0,4.8,178.2,109.0,0,0
101D3100,DSC_1779,280,0.0004,145.0,4.8,187.5,108.9,0,0
101D3100,DSC_1780,280,0.0004,145.0,4.8,196.8,110.4,0,0
101D3100,DSC_1781,280,0.0004,145.0,4.8,180.9,109.7,0,0
101D3100,DSC_1782,280,0.0004,145.0,4.8,199.7,111.1,0,0
101D3100,DSC_1783,280,0.0004,145.0,4.8,177.5,111.3,0,0
101D3100,DSC_1784,280,0.0004,145.0,4.8,252.9,111.0,0,0
101D3100,DSC_1785,280,0.0004,145.0,4.8,230.3,109.8,0,0
101D3100,DSC_1786,400,0.0004,155.0,5.0,139.2,160.7,0,0
101D3100,DSC_1787,400,0.0004,155.0,5.0,138.6,168.1,0,0
101D3100,DSC_1788,250,0.0004,180.0,5.0,77.0,108.5,0,0
101D3100,DSC_1789,250,0.0004,180.0,5.0,98.7,110.2,0,0
101D3100,DSC_1790,250,0.0004,180.0,5.0,91.6,109.4,0,0
101D3100,DSC_1791,250,0.0004,180.0,5.0,97.6,109.6,0,0
101D3100,DSC_1792,250,0.0004,180.0,5.0,98.4,110.0,0,0
101D3100,DSC_1793,250,0.0004,180.0,5.0,108.5,112.1,0,0
101D3100,DSC_1794,250,0.0004,180.0,5.0,83.6,110.1,0,0
101D3100,DSC_1795,250,0.0004,180.0,5.0,65.0,106.5,0,0
101D3100,DSC_1796,250,0.0004,180.0,5.0,69.2,110.5,0,0
101D3100,DSC_1797,250,0.0004,180.0,5.0,25.0,103.5,0,0
101D3100,DSC_1798,180,0.0004,190.0,5.3,12.6,101.3,0,0
101D3100,DSC_1799,160,0.0004,170.0,5.0,12.0,93.5,0,0
101D3100,DSC_1800,160,0.0004,170.0,5.0,12.3,92.4,0,0
101D3100,DSC_1801,100,0.0004,240.0,5.6,126.5,196.7,0,0
101D3100,DSC_1802,100,0.0004,240.0,5.6,27.7,216.0,0,0
101D3100,DSC_1803,560,0.0004,240.0,5.6,7.6,164.1,0,0
101D3100,DSC_1804,560,0.0004,240.0,5.6,7.6,165.0,0,0
101D3100,DSC_1805,560,0.0004,240.0,5.6,7.5,166.7,0,0
101D3100,DSC_1806,560,0.0004,240.0,5.6,7.7,165.2,0,0
101D3100,DSC_1807,560,0.0004,240.0,5.6,7.5,166.1,0,0
101D3100,DSC_1808,180,0.0004,240.0,5.6,13.8,93.5,0,0
101D3100,DSC_1809,180,0.0004,240.0,5.6,13.9,94.7,0,0
101D3100,DSC_1810,180,0.0004,240.0,5.6,14.3,91.7,0,0
101D3100,DSC_1811,180,0.0004,240.0,5.6,13.7,94.9,0,0
101D3100,DSC_1812,180,0.0004,240.0,5.6,13.4,97.0,0,0
101D3100,DSC_1813,180,0.0004,240.0,5.6,13.8,95.7,0,0
101D3100,DSC_1814,180,0.0004,240.0,5.6,14.4,92.7,0,0
101D3100,DSC_1815,320,0.0004,122.0,4.8,1044.4,118.7,0,0
101D3100,DSC_1816,320,0.0004,122.0,4.8,957.4,123.1,0,0
101D3100,DSC_1817,320,0.0004,122.0,4.8,988.2,118.5,0,0
101D3100,DSC_1818,320,0.0004,122.0,4.8,923.9,123.4,0,0
101D3100,DSC_1819,320,0.0004,122.0,4.8,1235.7,114.3,0,0
101D3100,DSC_1820,250,0.0004,122.0,4.8,126.6,111.5,0,0
101D3100,DSC_1821,250,0.0004,122.0,4.8,107.4,112.5,0,0
101D3100,DSC_1822,360,0.0004,122.0,4.8,147.7,113.6,0,0
101D3100,DSC_1823,360,0.0004,122.0,4.8,135.8,117.6,0,0
101D3100,DSC_1824,360,0.0004,122.0,4.8,102.2,118.9,0,0
101D3100,DSC_1825,360,0.0004,122.0,4.8,98.3,122.4,0,0
101D3100,DSC_1826,360,0.0004,122.0,4.8,82.3,131.2,0,0
101D3100,DSC_1827,360,0.0004,122.0,4.8,75.9,135.4,0,0
101D3100,DSC_1828,360,0.0004,122.0,4.8,101.6,136.3,0,0
101D3100,DSC_1829,360,0.0004,122.0,4.8,83.5,146.4,0,0
101D3100,DSC_1830,160,0.0004,122.0,4.8,11.3,103.8,0,0
101D3100,DSC_1831,160,0.0004,122.0,4.8,11.2,105.8,0,0
101D3100,DSC_1832,160,0.0004,122.0,4.8,10.7,108.8,0,0
101D3100,DSC_1833,160,0.0004,122.0,4.8,10.3,112.0,0,0
101D3100,DSC_1834,125,0.0004,122.0,4.8,8.1,111.6,0,0
101D3100,DSC_1835,125,0.0004,122.0,4.8,8.1,112.4,0,0
101D3100,DSC_1836,125,0.0004,122.0,4.8,7.1,123.0,0,0
101D3100,DSC_1837,125,0.0004,122.0,4.8,7.1,124.2,0,0
101D3100,DSC_1838,125,0.0004,122.0,4.8,6.8,128.0,0,0
101D3100,DSC_1839,110,0.0004,122.0,4.8,5.8,132.4,0,0
101D3100,DSC_1840,110,0.0004,122.0,4.8,5.0,144.6,0,0
101D3100,DSC_1841,110,0.0004,122.0,4.8,4.8,147.8,0,0
101D3100,DSC_1842,100,0.0004,122.0,4.8,3.9,161.5,0,0
101D3100,DSC_1843,280,0.0004,122.0,4.8,440.2,114.1,0,0
101D3100,DSC_1844,280,0.0004,122.0,4.8,346.8,122.1,0,0
101D3100,DSC_1845,280,0.0004,122.0,4.8,764.3,118.0,0,0
101D3100,DSC_1846,280,0.0004,122.0,4.8,474.8,130.3,0,0
101D3100,DSC_1847,280,0.0004,122.0,4.8,567.0,134.3,0,0
101D3100,DSC_1848,320,0.0004,122.0,4.8,354.6,100.3,0,0
101D3100,DSC_1849,320,0.0004,122.0,4.8,610.3,100.8,0,0
101D3100,DSC_1850,320,0.0004,122.0,4.8,491.2,100.5,0,0
101D3100,DSC_1851,220,0.0004,122.0,4.8,135.5,146.0,0,0
101D3100,DSC_1852,220,0.0004,122.0,4.8,253.6,141.8,0,0
101D3100,DSC_1853,220,0.0004,122.0,4.8,95.4,154.8,0,0
101D3100,DSC_1854,900,0.0004,122.0,4.8,1481.4,176.7,0,0
101D3100,DSC_1855,900,0.0004,122.0,4.8,1412.7,176.5,0,0
101D3100,DSC_1856,900,0.0004,122.0,4.8,1254.3,180.6,0,0
101D3100,DSC_1857,900,0.0004,122.0,4.8,1063.2,183.9,0,0
101D3100,DSC_1858,400,0.0004,122.0,4.8,1386.5,116.5,0,0
101D3100,DSC_1859,400,0.0004,122.0,4.8,1247.3,126.8,0,0
101D3100,DSC_1860,400,0.0004,122.0,4.8,1255.5,125.6,0,0
101D3100,DSC_1861,400,0.0004,122.0,4.8,1115.6,131.9,0,0
101D3100,DSC_1862,400,0.0004,122.0,4.8,1129.5,125.9,0,0
101D3100,DSC_1863,640,0.0004,122.0,4.8,1417.2,147.5,0,0
101D3100,DSC_1864,640,0.0004,122.0,4.8,1049.6,151.2,0,0
101D3100,DSC_1865,640,0.0004,122.0,4.8,1377.3,146.6,0,0
101D3100,DSC_1866,640,0.0004,122.0,4.8,777.2,166.6,0,0
101D3100,DSC_1867,640,0.0004,122.0,4.8,1111.8,163.0,0,0
101D3100,DSC_1868,640,0.0004,122.0,4.8,980.0,167.4,0,0
101D3100,DSC_1869,640,0.0004,122.0,4.8,908.1,171.1,0,0
101D3100,DSC_1870,280,0.0004,122.0,4.8,710.9,153.3,0,0
101D3100,DSC_1871,280,0.0004,122.0,4.8,613.7,169.6,0,0
101D3100,DSC_1872,280,0.0004,122.0,4.8,505.1,175.4,0,0
101D3100,DSC_1873,280,0.0004,122.0,4.8,80.4,192.1,0,0
101D3100,DSC_1874,280,0.0004,122.0,4.8,86.2,192.0,0,0
101D3100,DSC_1875,560,0.0004,122.0,4.8,1544.4,137.7,0,0
101D3100,DSC_1876,560,0.0004,122.0,4.8,1500.4,145.7,0,0
101D3100,DSC_1877,560,0.0004,122.0,4.8,1529.4,144.5,0,0
101D3100,DSC_1878,560,0.0004,122.0,4.8,1560.5,142.2,0,0
101D3100,DSC_1879,560,0.0004,122.0,4.8,979.1,152.2,0,0
101D3100,DSC_1880,560,0.0004,122.0,4.8,1072.6,150.2,0,0
101D3100,DSC_1881,560,0.0004,122.0,4.8,1433.5,142.7,0,0
101D3100,DSC_1882,500,0.0004,122.0,4.8,1525.2,131.3,0,0
101D3100,DSC_1883,500,0.0004,122.0,4.8,1123.8,140.5,0,0
101D3100,DSC_1884,500,0.0004,122.0,4.8,1052.0,144.3,0,0
101D3100,DSC_1885,800,0.0004,122.0,4.8,74.4,178.2,0,0
101D3100,DSC_1886,800,0.0004,122.0,4.8,21.7,177.8,0,0
101D3100,DSC_1887,800,0.0004,122.0,4.8,18.8,183.2,0,0
101D3100,DSC_1888,800,0.0004,122.0,4.8,9.6,196.6,0,0
101D3100,DSC_1889,800,0.0004,122.0,4.8,11.0,198.1,0,0
101D3100,DSC_1890,800,0.0004,122.0,4.8,11.1,199.5,0,0
101D3100,DSC_1891,800,0.0004,122.0,4.8,15.2,198.7,0,0
101D3100,DSC_1892,450,0.0004,122.0,4.8,8.0,174.8,0,0
101D3100,DSC_1893,450,0.0004,122.0,4.8,13.7,169.1,0,0
101D3100,DSC_1894,450,0.0004,122.0,4.8,9.4,186.3,0,0
101D3100,DSC_1895,450,0.0004,122.0,4.8,9.9,191.0,0,0
101D3100,DSC_1896,450,0.0004,122.0,4.8,9.5,195.0,0,0
101D3100,DSC_1897,450,0.0004,122.0,4.8,8.7,205.9,0,0
101D3100,DSC_1898,360,0.0004,122.0,4.8,21.8,125.3,0,0
101D3100,DSC_1899,360,0.0004,122.0,4.8,22.5,124.6,0,0
101D3100,DSC_1900,360,0.0004,122.0,4.8,22.4,125.1,0,0
101D3100,DSC_1901,360,0.0004,122.0,4.8,21.5,129.8,0,0
101D3100,DSC_1902,360,0.0004,122.0,4.8,21.5,131.7,0,0
101D3100,DSC_1903,360,0.0004,122.0,4.8,22.0,134.8,0,0
101D3100,DSC_1904,360,0.0004,122.0,4.8,19.3,137.2,0,0
101D3100,DSC_1905,360,0.0004,122.0,4.8,11.7,147.5,0,0
101D3100,DSC_1906,360,0.0004,122.0,4.8,13.3,146.8,0,0
101D3100,DSC_1907,900,0.0004,122.0,4.8,90.8,164.2,0,0
101D3100,DSC_1908,900,0.0004,122.0,4.8,98.9,162.3,0,0
101D3100,DSC_1909,900,0.0004,122.0,4.8,39.3,158.7,0,0
101D3100,DSC_1910,900,0.0004,122.0,4.8,41.0,157.6,0,0
101D3100,DSC_1911,900,0.0004,122.0,4.8,25.6,159.3,0,0
101D3100,DSC_1912,560,0.0004,122.0,4.8,20.7,141.1,0,0
101D3100,DSC_1913,560,0.0004,122.0,4.8,145.6,130.9,0,0
101D3100,DSC_1914,560,0.0004,122.0,4.8,39.1,129.9,0,0
101D3100,DSC_1915,500,0.0004,122.0,4.8,22.3,126.4,0,0
101D3100,DSC_1916,500,0.0004,122.0,4.8,25.3,124.5,0,0
101D3100,DSC_1917,500,0.0004,122.0,4.8,24.1,125.0,0,0
101D3100,DSC_1918,500,0.0004,122.0,4.8,24.2,124.2,0,0
101D3100,DSC_1919,500,0.0004,122.0,4.8,23.6,126.8,0,0
101D3100,DSC_1920,1100,0.0004,122.0,4.8,5.1,228.9,0,0
101D3100,DSC_1921,1100,0.0004,122.0,4.8,3.8,236.2,0,0
101D3100,DSC_1922,1100,0.0004,122.0,4.8,4.2,234.2,0,0
101D3100,DSC_1923,1100,0.0004,122.0,4.8,3.9,237.0,0,0
101D3100,DSC_1924,1100,0.0004,122.0,4.8,4.1,235.6,0,0
101D3100,DSC_1925,1100,0.0004,122.0,4.8,4.0,236.8,0,0
101D3100,DSC_1926,1100,0.0004,122.0,4.8,4.5,235.4,0,0
101D3100,DSC_1927,200,0.0004,122.0,4.8,13.5,132.9,0,0
101D3100,DSC_1928,200,0.0004,122.0,4.8,12.4,133.6,0,0
101D3100,DSC_1929,200,0.0004,122.0,4.8,10.6,140.8,0,0
101D3100,DSC_1930,200,0.0004,122.0,4.8,15.3,139.3,0,0
101D3100,DSC_1931,360,0.0004,122.0,4.8,17.9,140.7,0,0
101D3100,DSC_1932,360,0.0004,122.0,4.8,17.5,138.8,0,0
101D3100,DSC_1933,450,0.0004,105.0,4.8,155.7,152.3,0,0
101D3100,DSC_1934,450,0.0004,105.0,4.8,99.7,161.3,0,0
101D3100,DSC_1935,450,0.0004,105.0,4.8,113.9,158.5,0,0
101D3100,DSC_1936,450,0.0004,105.0,4.8,155.1,155.3,0,0
101D3100,DSC_1937,450,0.0004,105.0,4.8,238.2,152.5,0,0
101D3100,DSC_1938,450,0.0004,105.0,4.8,157.7,156.5,0,0
101D3100,DSC_1939,450,0.0004,105.0,4.8,172.9,153.1,0,0
101D3100,DSC_1940,450,0.0004,105.0,4.8,180.1,153.8,0,0
101D3100,DSC_1941,320,0.0004,105.0,4.8,93.9,141.1,0,0
101D3100,DSC_1942,320,0.0004,105.0,4.8,114.0,136.0,0,0
101D3100,DSC_1943,180,0.0004,105.0,4.8,11.9,102.5,0,0
101D3100,DSC_1944,180,0.0004,105.0,4.8,11.7,106.5,0,0
101D3100,DSC_1945,180,0.0004,105.0,4.8,11.3,109.9,0,0
101D3100,DSC_1946,180,0.0004,105.0,4.8,11.3,109.9,0,0
101D3100,DSC_1947,180,0.0004,105.0,4.8,11.4,109.7,0,0
101D3100,DSC_1948,180,0.0004,105.0,4.8,11.0,112.0,0,0
101D3100,DSC_1949,180,0.0004,105.0,4.8,11.0,113.5,0,0
101D3100,DSC_1950,450,0.0004,105.0,4.8,13.3,178.8,0,0
101D3100,DSC_1951,450,0.0004,105.0,4.8,8.3,192.3,0,0
101D3100,DSC_1952,450,0.0004,105.0,4.8,9.0,203.0,0,0
101D3100,DSC_1953,450,0.0004,105.0,4.8,8.1,205.4,0,0
101D3100,DSC_1954,450,0.0004,105.0,4.8,8.9,204.2,0,0
101D3100,DSC_1955,450,0.0004,105.0,4.8,8.6,213.9,0,0
101D3100,DSC_1956,450,0.0004,105.0,4.8,9.8,211.6,0,0
101D3100,DSC_1957,450,0.0004,105.0,4.8,10.4,209.1,0,0
101D3100,DSC_1958,360,0.0004,85.0,4.5,274.0,107.9,0,0
101D3100,DSC_1959,360,0.0004,85.0,4.5,200.7,110.6,0,0
101D3100,DSC_1960,360,0.0004,85.0,4.5,183.7,110.7,0,0
101D3100,DSC_1961,320,0.0004,85.0,4.5,111.9,104.6,0,0
101D3100,DSC_1962,320,0.0004,85.0,4.5,135.2,103.6,0,0
101D3100,DSC_1963,320,0.0004,85.0,4.5,100.9,108.0,0,0
101D3100,DSC_1964,320,0.0004,85.0,4.5,110.5,106.5,0,0
101D3100,DSC_1965,320,0.0004,85.0,4.5,110.8,106.2,0,0
101D3100,DSC_1966,320,0.0004,85.0,4.5,118.9,104.9,0,0
101D3100,DSC_1967,320,0.0004,85.0,4.5,92.6,106.8,0,0
101D3100,DSC_1968,320,0.0004,85.0,4.5,111.9,106.1,0,0
101D3100,DSC_1969,360,0.0004,80.0,4.5,1331.6,110.7,0,0
101D3100,DSC_1970,360,0.0004,80.0,4.5,1214.7,113.1,0,0
101D3100,DSC_1971,360,0.0004,80.0,4.5,1064.1,114.9,0,0
101D3100,DSC_1972,360,0.0004,80.0,4.5,952.2,111.1,0,0
101D3100,DSC_1973,360,0.0004,85.0,4.5,713.6,116.0,0,0
101D3100,DSC_1974,360,0.0004,85.0,4.5,685.7,117.5,0,0
101D3100,DSC_1975,360,0.0004,85.0,4.5,316.0,123.3,0,0
101D3100,DSC_1976,360,0.0004,85.0,4.5,572.5,119.0,0,0
101D3100,DSC_1977,360,0.0004,85.0,4.5,326.3,123.4,0,0
101D3100,DSC_1978,360,0.0004,85.0,4.5,471.2,121.0,0,0
101D3100,DSC_1979,360,0.0004,85.0,4.5,831.8,115.4,0,0
101D3100,DSC_1980,320,0.0004,80.0,4.5,908.6,112.6,0,0
101D3100,DSC_1981,320,0.0004,80.0,4.5,901.0,111.8,0,0
101D3100,DSC_1982,320,0.0004,80.0,4.5,869.6,112.9,0,0
101D3100,DSC_1983,320,0.0004,80.0,4.5,742.3,114.9,0,0
101D3100,DSC_1984,160,0.0004,80.0,4.5,227.0,145.1,0,0
101D3100,DSC_1985,250,0.0004,80.0,4.5,840.2,111.7,0,0
101D3100,DSC_1986,250,0.0004,80.0,4.5,630.7,120.4,0,0
101D3100,DSC_1987,250,0.0004,80.0,4.5,785.9,114.8,0,0
101D3100,DSC_1988,250,0.0004,80.0,4.5,781.9,116.7,0,0
101D3100,DSC_1989,360,0.0004,85.0,4.5,1260.9,110.8,0,0
101D3100,DSC_1990,360,0.0004,85.0,4.5,1691.0,107.0,0,0
101D3100,DSC_1991,360,0.0004,85.0,4.5,1365.8,106.4,0,0
101D3100,DSC_1992,360,0.0004,85.0,4.5,1425.0,106.1,0,0
101D3100,DSC_1993,360,0.0004,85.0,4.5,1699.8,106.0,0,0
101D3100,DSC_1994,360,0.0004,85.0,4.5,1661.9,106.7,0,0
101D3100,DSC_1995,500,0.0004,75.0,4.5,1956.3,123.9,0,0
101D3100,DSC_1996,560,0.0004,75.0,4.5,2004.2,125.1,0,0
101D3100,DSC_1997,560,0.0004,75.0,4.5,2036.3,126.4,0,0
101D3100,DSC_1998,500,0.0004,75.0,4.5,1292.7,134.9,0,0
101D3100,DSC_1999,500,0.0004,75.0,4.5,1352.9,132.1,0,0
101D3100,DSC_2000,560,0.0004,75.0,4.5,2075.8,125.7,0,0
101D3100,DSC_2001,560,0.0004,75.0,4.5,2055.7,127.4,0,0
101D3100,DSC_2002,280,0.0004,75.0,4.5,721.8,122.2,0,0
101D3100,DSC_2003,280,0.0004,75.0,4.5,992.5,116.4,0,0
101D3100,DSC_2004,280,0.0004,75.0,4.5,446.3,134.3,0,0
101D3100,DSC_2005,280,0.0004,75.0,4.5,579.2,130.5,0,0
101D3100,DSC_2006,280,0.0004,75.0,4.5,432.2,132.5,0,0
101D3100,DSC_2007,280,0.0004,75.0,4.5,647.9,126.8,0,0
101D3100,DSC_2008,220,0.0004,75.0,4.5,461.3,117.8,0,0
101D3100,DSC_2009,220,0.0004,75.0,4.5,484.1,116.2,0,0
101D3100,DSC_2010,220,0.0004,75.0,4.5,551.5,113.1,0,0
101D3100,DSC_2011,320,0.0004,75.0,4.5,1804.2,95.8,0,0
101D3100,DSC_2012,360,0.0004,75.0,4.5,284.0,137.1,0,0
101D3100,DSC_2013,360,0.0004,75.0,4.5,236.7,138.6,0,0
101D3100,DSC_2014,360,0.0004,75.0,4.5,171.7,141.8,0,0
101D3100,DSC_2015,360,0.0004,75.0,4.5,160.7,143.8,0,0
101D3100,DSC_2016,360,0.0004,75.0,4.5,110.1,152.1,0,0
101D3100,DSC_2017,360,0.0004,75.0,4.5,82.7,156.3,0,0
101D3100,DSC_2018,360,0.0004,75.0,4.5,85.3,159.8,0,0
101D3100,DSC_2019,360,0.0004,75.0,4.5,29.5,164.6,0,0
101D3100,DSC_2020,360,0.0004,75.0,4.5,74.8,165.9,0,0
101D3100,DSC_2021,360,0.0004,75.0,4.5,53.8,169.8,0,0
101D3100,DSC_2022,320,0.0004,75.0,4.5,1185.2,109.1,0,0
101D3100,DSC_2023,320,0.0004,75.0,4.5,1390.5,106.7,0,0
101D3100,DSC_2024,320,0.0004,75.0,4.5,1432.2,105.0,0,0
101D3100,DSC_2025,900,0.0004,75.0,4.5,1402.0,173.8,0,0
101D3100,DSC_2026,900,0.0004,75.0,4.5,2139.7,163.1,0,0
101D3100,DSC_2027,900,0.0004,75.0,4.5,2018.2,163.0,0,0
101D3100,DSC_2028,280,0.0004,75.0,4.5,944.7,110.5,0,0
101D3100,DSC_2029,280,0.0004,75.0,4.5,830.5,110.1,0,0
101D3100,DSC_2030,280,0.0004,75.0,4.5,425.8,145.1,0,0
101D3100,DSC_2031,280,0.0004,75.0,4.5,438.8,148.6,0,0
101D3100,DSC_2032,280,0.0004,75.0,4.5,149.5,160.5,0,0
101D3100,DSC_2033,200,0.0004,75.0,4.5,733.1,112.4,0,0
101D3100,DSC_2034,400,0.0004,80.0,4.5,1181.3,124.0,0,0
101D3100,DSC_2035,400,0.0004,80.0,4.5,602.9,132.2,0,0
101D3100,DSC_2036,450,0.0004,80.0,4.5,1179.6,131.9,0,0
101D3100,DSC_2037,450,0.0004,80.0,4.5,991.9,135.7,0,0
101D3100,DSC_2038,450,0.0004,80.0,4.5,833.6,140.8,0,0
101D3100,DSC_2039,450,0.0004,80.0,4.5,596.5,147.6,0,0
101D3100,DSC_2040,450,0.0004,80.0,4.5,735.8,145.2,0,0
101D3100,DSC_2041,450,0.0004,80.0,4.5,557.5,152.5,0,0
101D3100,DSC_2042,450,0.0004,80.0,4.5,588.1,153.5,0,0
101D3100,DSC_2043,280,0.0004,80.0,4.5,488.1,144.5,0,0
101D3100,DSC_2044,280,0.0004,80.0,4.5,157.8,158.6,0,0
101D3100,DSC_2045,280,0.0004,80.0,4.5,116.8,168.3,0,0
101D3100,DSC_2046,250,0.0004,80.0,4.5,318.3,105.7,0,0
101D3100,DSC_2047,250,0.0004,80.0,4.5,289.3,106.6,0,0
101D3100,DSC_2048,250,0.0004,80.0,4.5,250.8,107.5,0,0
101D3100,DSC_2049,250,0.0004,80.0,4.5,306.5,105.0,0,0
101D3100,DSC_2050,250,0.0004,80.0,4.5,415.6,102.2,0,0
101D3100,DSC_2051,220,0.0004,80.0,4.5,82.6,119.1,0,0
101D3100,DSC_2052,220,0.0004,80.0,4.5,75.3,116.3,0,0
101D3100,DSC_2053,280,0.0004,92.0,4.5,103.4,110.2,0,0
101D3100,DSC_2054,280,0.0004,92.0,4.5,24.3,110.3,0,0
101D3100,DSC_2055,280,0.0004,92.0,4.5,23.0,112.3,0,0
101D3100,DSC_2056,280,0.0004,92.0,4.5,24.7,107.4,0,0
101D3100,DSC_2057,280,0.0004,92.0,4.5,24.2,106.6,0,0
101D3100,DSC_2058,280,0.0004,92.0,4.5,27.4,106.1,0,0
101D3100,DSC_2059,360,0.0004,85.0,4.5,29.8,123.2,0,0
101D3100,DSC_2060,360,0.0004,85.0,4.5,29.5,122.7,0,0
101D3100,DSC_2061,320,0.0004,85.0,4.5,21.9,122.4,0,0
101D3100,DSC_2062,320,0.0004,85.0,4.5,22.8,132.4,0,0
101D3100,DSC_2063,220,0.0004,85.0,4.5,50.5,133.2,0,0
101D3100,DSC_2064,450,0.0004,92.0,4.5,110.0,134.5,0,0
101D3100,DSC_2065,450,0.0004,92.0,4.5,100.7,135.9,0,0
101D3100,DSC_2066,450,0.0004,92.0,4.5,113.6,137.3,0,0
101D3100,DSC_2067,250,0.0004,92.0,4.5,61.2,132.0,0,0
101D3100,DSC_2068,250,0.0004,92.0,4.5,61.3,134.1,0,0
101D3100,DSC_2069,250,0.0004,92.0,4.5,51.6,133.7,0,0
101D3100,DSC_2070,220,0.0004,105.0,4.8,13.4,111.6,0,0
101D3100,DSC_2071,220,0.0004,105.0,4.8,13.8,110.9,0,0
101D3100,DSC_2072,250,0.0004,105.0,4.8,14.8,106.8,0,0
101D3100,DSC_2073,280,0.0004,135.0,4.8,72.1,107.1,0,0
101D3100,DSC_2074,280,0.0004,135.0,4.8,73.8,106.4,0,0
101D3100,DSC_2075,280,0.0004,135.0,4.8,75.8,105.9,0,0
101D3100,DSC_2076,280,0.0004,135.0,4.8,77.1,106.7,0,0
101D3100,DSC_2077,320,0.0004,122.0,4.8,107.7,110.4,0,0
101D3100,DSC_2078,320,0.0004,122.0,4.8,104.2,112.9,0,0
101D3100,DSC_2079,320,0.0004,122.0,4.8,103.4,113.4,0,0
101D3100,DSC_2080,320,0.0004,122.0,4.8,91.0,115.5,0,0
101D3100,DSC_2081,250,0.0004,116.0,4.8,100.1,116.0,0,0
101D3100,DSC_2082,250,0.0004,116.0,4.8,101.0,115.3,0,0
101D3100,DSC_2083,250,0.0004,116.0,4.8,99.1,114.0,0,0
101D3100,DSC_2084,280,0.0004,135.0,4.8,33.8,109.2,0,0
101D3100,DSC_2085,280,0.0004,135.0,4.8,34.4,109.1,0,0
101D3100,DSC_2086,280,0.0004,135.0,4.8,35.1,107.6,0,0
101D3100,DSC_2087,280,0.0004,135.0,4.8,36.6,107.5,0,0
101D3100,DSC_2088,250,0.0004,145.0,4.8,63.8,98.9,0,0
101D3100,DSC_2089,250,0.0004,145.0,4.8,77.3,94.7,0,0
101D3100,DSC_2090,250,0.0004,145.0,4.8,78.6,93.6,0,0
101D3100,DSC_2091,250,0.0004,145.0,4.8,40.0,118.0,0,0
101D3100,DSC_2092,250,0.0004,145.0,4.8,37.2,118.9,0,0
101D3100,DSC_2093,220,0.0004,155.0,5.0,31.1,116.7,0,0
101D3100,DSC_2094,220,0.0004,155.0,5.0,29.0,117.4,0,0
101D3100,DSC_2095,250,0.0004,180.0,5.0,14.9,103.4,0,0
101D3100,DSC_2096,250,0.0004,180.0,5.0,15.5,101.5,0,0
101D3100,DSC_2097,250,0.0004,180.0,5.0,15.9,99.1,0,0
101D3100,DSC_2098,280,0.0004,190.0,5.3,16.2,105.9,0,0
101D3100,DSC_2099,250,0.0004,145.0,4.8,19.1,113.5,0,0
101D3100,DSC_2100,250,0.0004,145.0,4.8,24.9,112.3,0,0
101D3100,DSC_2101,250,0.0004,145.0,4.8,18.4,112.9,0,0
101D3100,DSC_2102,250,0.0004,145.0,4.8,17.7,113.5,0,0
101D3100,DSC_2103,250,0.0004,145.0,4.8,17.0,114.8,0,0
101D3100,DSC_2104,360,0.0004,145.0,4.8,52.6,113.9,0,0
101D3100,DSC_2105,360,0.0004,145.0,4.8,55.4,113.3,0,0
101D3100,DSC_2106,360,0.0004,145.0,4.8,52.7,111.9,0,0
101D3100,DSC_2107,360,0.0004,145.0,4.8,56.9,114.9,0,0
101D3100,DSC_2108,250,0.0004,145.0,4.8,26.8,110.1,0,0
101D3100,DSC_2109,250,0.0004,145.0,4.8,24.9,110.5,0,0
101D3100,DSC_2110,450,0.0004,145.0,4.8,45.7,123.8,0,0
101D3100,DSC_2111,450,0.0004,145.0,4.8,53.4,134.5,0,0
101D3100,DSC_2112,220,0.0004,145.0,4.8,12.0,116.6,0,0
101D3100,DSC_2113,200,0.0004,145.0,4.8,9.9,141.7,0,0
101D3100,DSC_2114,200,0.0004,145.0,4.8,9.5,152.4,0,0
101D3100,DSC_2115,450,0.0004,240.0,5.6,21.5,95.1,0,0
101D3100,DSC_2116,450,0.0004,240.0,5.6,22.0,93.5,0,0
101D3100,DSC_2117,450,0.0004,240.0,5.6,22.4,92.0,0,0
101D3100,DSC_2118,450,0.0004,240.0,5.6,31.1,89.3,0,0
101D3100,DSC_2119,450,0.0004,240.0,5.6,20.0,102.0,0,0
101D3100,DSC_2120,450,0.0004,240.0,5.6,19.5,107.1,0,0
101D3100,DSC_2121,450,0.0004,240.0,5.6,17.8,112.5,0,0
101D3100,DSC_2122,1400,0.0004,240.0,5.6,10.0,174.5,0,0
101D3100,DSC_2123,500,0.0004,240.0,5.6,21.2,103.5,0,0
101D3100,DSC_2124,500,0.0004,240.0,5.6,20.8,107.1,0,0
101D3100,DSC_2125,500,0.0004,240.0,5.6,21.7,102.9,0,0
101D3100,DSC_2126,250,0.0004,155.0,5.0,13.0,116.9,0,0
101D3100,DSC_2127,250,0.0004,155.0,5.0,13.0,115.2,0,0
101D3100,DSC_2128,250,0.0004,155.0,5.0,13.0,115.2,0,0
101D3100,DSC_2129,180,0.0004,155.0,5.0,18.4,122.3,0,0
101D3100,DSC_2130,180,0.0004,155.0,5.0,35.8,109.5,0,0
101D3100,DSC_2131,450,0.0004,75.0,4.5,240.2,126.2,0,0
101D3100,DSC_2132,450,0.0004,75.0,4.5,249.7,127.8,0,0
101D3100,DSC_2133,450,0.0004,75.0,4.5,252.6,126.8,0,0
101D3100,DSC_2134,360,0.0004,75.0,4.5,119.6,127.1,0,0
101D3100,DSC_2135,360,0.0004,75.0,4.5,101.8,129.4,0,0
101D3100,DSC_2136,400,0.0004,190.0,5.3,16.9,107.0,0,0
101D3100,DSC_2137,400,0.0004,190.0,5.3,17.5,106.3,0,0
101D3100,DSC_2138,400,0.0004,190.0,5.3,16.3,108.8,0,0
101D3100,DSC_2139,400,0.0004,190.0,5.3,16.7,107.4,0,0
101D3100,DSC_2140,360,0.0004,190.0,5.3,18.3,110.3,0,0
101D3100,DSC_2141,360,0.0004,190.0,5.3,19.6,104.4,0,0
101D3100,DSC_2142,250,0.0004,92.0,4.5,13.0,117.0,0,0
101D3100,DSC_2143,250,0.0004,92.0,4.5,12.8,117.9,0,0
101D3100,DSC_2144,250,0.0004,92.0,4.5,12.7,117.1,0,0
101D3100,DSC_2145,250,0.0004,92.0,4.5,12.7,117.1,0,0
101D3100,DSC_2146,250,0.0004,80.0,4.5,15.2,110.5,0,0
101D3100,DSC_2147,250,0.0004,80.0,4.5,15.7,107.2,0,0
101D3100,DSC_2148,360,0.0004,85.0,4.5,17.5,116.8,0,0
101D3100,DSC_2149,360,0.0004,85.0,4.5,17.9,116.2,0,0
101D3100,DSC_2150,360,0.0004,85.0,4.5,18.1,115.3,0,0
101D3100,DSC_2151,360,0.0004,85.0,4.5,19.0,113.9,0,0
101D3100,DSC_2152,400,0.0004,80.0,4.5,20.2,123.3,0,0
101D3100,DSC_2153,400,0.0004,80.0,4.5,20.1,123.7,0,0
101D3100,DSC_2154,400,0.0004,80.0,4.5,19.2,124.2,0,0
101D3100,DSC_2155,400,0.0004,80.0,4.5,20.3,122.5,0,0
101D3100,DSC_2156,400,0.0004,80.0,4.5,20.7,121.9,0,0
101D3100,DSC_2157,400,0.0004,80.0,4.5,23.1,118.4,0,0
101D3100,DSC_2158,280,0.0004,80.0,4.5,14.4,123.7,0,0
101D3100,DSC_2159,280,0.0004,80.0,4.5,14.3,124.2,0,0
101D3100,DSC_2160,280,0.0004,80.0,4.5,14.0,125.6,0,0
101D3100,DSC_2161,320,0.0004,75.0,4.5,25.4,107.9,0,0
101D3100,DSC_2162,320,0.0004,75.0,4.5,22.0,111.0,0,0
101D3100,DSC_2163,320,0.0004,75.0,4.5,15.9,120.6,0,0
101D3100,DSC_2164,320,0.0004,75.0,4.5,17.4,118.3,0,0
101D3100,DSC_2165,320,0.0004,75.0,4.5,31.8,105.3,0,0
101D3100,DSC_2166,360,0.0004,75.0,4.5,17.4,123.3,0,0
101D3100,DSC_2167,360,0.0004,75.0,4.5,18.4,121.4,0,0
101D3100,DSC_2168,400,0.0004,92.0,4.5,13.5,122.0,0,0
101D3100,DSC_2169,400,0.0004,92.0,4.5,14.0,120.6,0,0
101D3100,DSC_2170,360,0.0004,80.0,4.5,21.9,115.7,0,0
101D3100,DSC_2171,360,0.0004,80.0,4.5,20.0,117.5,0,0
101D3100,DSC_2172,360,0.0004,80.0,4.5,20.0,117.8,0,0
101D3100,DSC_2173,360,0.0004,80.0,4.5,19.5,118.0,0,0
101D3100,DSC_2174,360,0.0004,80.0,4.5,19.6,117.6,0,0
101D3100,DSC_2175,360,0.0004,75.0,4.5,17.6,117.4,0,0
101D3100,DSC_2176,360,0.0004,75.0,4.5,17.1,117.1,0,0
101D3100,DSC_2177,360,0.0004,75.0,4.5,15.4,123.5,0,0
101D3100,DSC_2178,3200,0.0004,75.0,32.0,98.6,48.0,0,0
101D3100,DSC_2179,3200,0.0004,75.0,32.0,94.1,37.5,0,0
101D3100,DSC_2180,3200,0.0004,75.0,32.0,71.5,39.7,0,0
101D3100,DSC_2181,3200,0.0004,75.0,32.0,68.2,41.8,0,0
101D3100,DSC_2182,3200,0.0004,75.0,32.0,65.4,45.2,0,0
101D3100,DSC_2183,3200,0.0004,75.0,32.0,69.0,46.7,0,0
101D3100,DSC_2184,3200,0.0004,75.0,32.0,63.8,45.8,0,0
101D3100,DSC_2185,3200,0.0004,75.0,32.0,64.8,44.2,0,0
101D3100,DSC_2186,3200,0.0004,75.0,32.0,65.0,62.4,0,0
101D3100,DSC_2187,3200,0.0004,75.0,32.0,74.6,61.9,0,0
101D3100,DSC_2188,3200,0.0004,75.0,32.0,111.3,34.2,0,0
101D3100,DSC_2189,3200,0.0004,75.0,32.0,92.2,35.3,0,0
101D3100,DSC_2190,3200,0.0004,75.0,32.0,86.1,30.2,0,0
101D3100,DSC_2191,3200,0.0004,75.0,32.0,88.7,29.1,0,0
101D3100,DSC_2192,3200,0.0004,75.0,32.0,25.8,64.3,0,0
101D3100,DSC_2193,3200,0.0004,75.0,32.0,25.2,61.8,0,0
101D3100,DSC_2194,3200,0.0004,75.0,32.0,24.3,57.6,0,0
101D3100,DSC_2195,3200,0.0004,75.0,32.0,22.8,52.6,0,0
101D3100,DSC_2196,3200,0.0004,75.0,32.0,21.5,50.7,0,0
101D3100,DSC_2197,3200,0.0004,75.0,32.0,21.9,51.6,0,0
101D3100,DSC_2198,3200,0.0004,75.0,32.0,21.4,50.4,0,0
101D3100,DSC_2199,3200,0.0004,75.0,32.0,21.9,51.4,0,0
101D3100,DSC_2200,3200,0.0004,75.0,32.0,24.5,58.6,0,0
101D3100,DSC_2201,3200,0.0004,75.0,32.0,24.0,59.0,0,0
101D3100,DSC_2202,3200,0.0004,75.0,32.0,25.2,63.2,0,0
101D3100,DSC_2203,3200,0.0004,75.0,32.0,97.4,32.3,0,0
101D3100,DSC_2204,3200,0.0004,75.0,32.0,101.9,32.7,0,0
101D3100,DSC_2205,3200,0.0004,75.0,32.0,91.4,34.7,0,0
101D3100,DSC_2206,3200,0.0004,75.0,32.0,93.6,34.6,0,0
101D3100,DSC_2207,3200,0.0004,75.0,32.0,103.2,32.8,0,0
101D3100,DSC_2208,3200,0.0004,75.0,32.0,92.9,35.1,0,0
101D3100,DSC_2209,3200,0.0004,75.0,32.0,92.4,34.7,0,0
101D3100,DSC_2210,3200,0.0004,75.0,32.0,102.0,30.8,0,0
101D3100,DSC_2211,3200,0.0004,75.0,32.0,98.7,30.7,0,0
101D3100,DSC_2212,3200,0.0004,75.0,32.0,94.8,30.0,0,0
101D3100,DSC_2213,3200,0.0004,75.0,32.0,95.1,31.9,0,0
101D3100,DSC_2214,3200,0.0004,75.0,32.0,104.2,30.1,0,0
101D3100,DSC_2215,3200,0.0004,75.0,32.0,87.9,34.1,0,0
101D3100,DSC_2216,3200,0.0004,75.0,32.0,96.7,32.0,0,0
101D3100,DSC_2217,3200,0.0004,75.0,32.0,101.1,32.0,0,0
101D3100,DSC_2218,3200,0.0004,75.0,32.0,110.6,31.4,0,0
101D3100,DSC_2219,3200,0.0004,75.0,32.0,106.1,34.4,0,0
101D3100,DSC_2220,3200,0.0004,75.0,32.0,83.3,39.0,0,0
101D3100,DSC_2221,3200,0.0004,75.0,32.0,77.0,44.2,0,0
101D3100,DSC_2222,3200,0.0004,75.0,32.0,73.4,62.6,0,0
101D3100,DSC_2223,3200,0.0004,75.0,32.0,95.4,60.8,0,0
101D3100,DSC_2224,3200,0.0004,75.0,32.0,82.8,41.8,0,0
101D3100,DSC_2225,3200,0.0004,75.0,32.0,86.8,41.2,0,0
101D3100,DSC_2226,3200,0.0004,75.0,32.0,71.4,44.8,0,0
101D3100,DSC_2227,3200,0.0004,75.0,32.0,24.7,44.2,0,0
101D3100,DSC_2228,3200,0.0004,75.0,32.0,26.3,44.6,0,0
101D3100,DSC_2229,3200,0.0004,75.0,32.0,27.8,50.4,0,0
101D3100,DSC_2230,3200,0.0004,75.0,32.0,30.9,66.3,0,0
101D3100,DSC_2231,3200,0.0004,75.0,32.0,30.0,64.8,0,0
101D3100,DSC_2232,3200,0.0004,75.0,32.0,78.1,33.0,0,0
101D3100,DSC_2233,3200,0.0004,75.0,32.0,84.5,34.4,0,0
101D3100,DSC_2234,3200,0.0004,75.0,32.0,63.5,37.3,0,0
101D3100,DSC_2235,3200,0.0004,75.0,32.0,86.1,28.7,0,0
101D3100,DSC_2236,3200,0.0004,75.0,32.0,71.9,42.3,0,0
101D3100,DSC_2237,3200,0.0004,75.0,32.0,75.0,40.2,0,0
101D3100,DSC_2238,3200,0.0004,75.0,32.0,77.6,34.4,0,0
101D3100,DSC_2239,3200,0.0004,75.0,32.0,88.5,37.0,0,0
101D3100,DSC_2240,3200,0.0004,75.0,32.0,86.9,35.6,0,0
101D3100,DSC_2241,3200,0.0004,75.0,32.0,95.4,32.4,0,0
101D3100,DSC_2242,3200,0.0004,75.0,32.0,102.0,34.0,0,0
101D3100,DSC_2243,3200,0.0004,75.0,32.0,85.9,36.9,0,0
101D3100,DSC_2244,3200,0.0004,75.0,32.0,88.5,52.8,0,0
101D3100,DSC_2245,3200,0.0004,75.0,32.0,81.7,53.3,0,0
101D3100,DSC_2246,3200,0.0004,75.0,32.0,71.9,55.3,0,0
101D3100,DSC_2247,3200,0.0004,75.0,32.0,79.3,58.5,0,0
101D3100,DSC_2248,3200,0.0004,75.0,32.0,89.7,68.2,0,0
101D3100,DSC_2249,3200,0.0004,75.0,32.0,98.3,77.4,0,0
101D3100,DSC_2250,3200,0.0004,75.0,32.0,139.9,89.3,0,0
101D3100,DSC_2251,3200,0.0004,75.0,32.0,137.3,95.1,0,0
101D3100,DSC_2252,3200,0.0004,75.0,32.0,163.0,113.3,0,0
101D3100,DSC_2253,3200,0.0004,75.0,32.0,382.0,133.6,0,0
101D3100,DSC_2254,3200,0.0004,75.0,32.0,103.1,31.9,0,0
101D3100,DSC_2255,3200,0.0004,75.0,32.0,86.2,36.6,0,0
101D3100,DSC_2256,3200,0.0004,75.0,32.0,72.9,44.0,0,0
101D3100,DSC_2257,3200,0.0004,75.0,32.0,70.7,46.7,0,0
101D3100,DSC_2258,3200,0.0004,75.0,32.0,105.3,77.1,0,0
101D3100,DSC_2259,3200,0.0004,75.0,32.0,154.5,92.4,0,0
101D3100,DSC_2260,3200,0.0004,75.0,32.0,265.6,155.8,0,0
101D3100,DSC_2261,3200,0.0004,75.0,32.0,61.9,55.9,0,0
101D3100,DSC_2262,3200,0.0004,75.0,32.0,52.6,58.3,0,0
101D3100,DSC_2263,3200,0.0004,75.0,32.0,49.7,64.2,0,0
101D3100,DSC_2264,3200,0.0004,75.0,32.0,47.3,68.3,0,0
101D3100,DSC_2265,3200,0.0004,75.0,32.0,40.6,73.1,0,0
101D3100,DSC_2266,3200,0.0004,75.0,32.0,27.8,76.7,0,0
101D3100,DSC_2267,3200,0.0004,75.0,32.0,27.5,82.3,0,0
101D3100,DSC_2268,3200,0.0004,75.0,32.0,27.8,87.5,0,0
101D3100,DSC_2269,3200,0.0004,75.0,32.0,24.0,115.5,0,0
101D3100,DSC_2270,3200,0.0004,75.0,32.0,23.4,119.3,0,0
101D3100,DSC_2271,3200,0.0004,92.0,32.0,59.8,128.4,0,0
101D3100,DSC_2272,3200,0.0004,92.0,32.0,72.2,126.4,0,0
101D3100,DSC_2273,3200,0.0004,92.0,32.0,60.7,131.3,0,0
101D3100,DSC_2274,3200,0.0004,92.0,32.0,122.4,28.4,0,0
101D3100,DSC_2275,3200,0.0004,92.0,32.0,126.4,28.2,0,0
101D3100,DSC_2276,3200,0.0004,98.0,32.0,133.3,28.4,0,0
101D3100,DSC_2277,3200,0.0004,98.0,32.0,130.8,28.4,0,0
101D3100,DSC_2278,3200,0.0004,98.0,32.0,141.2,29.9,0,0
101D3100,DSC_2279,3200,0.0004,98.0,32.0,130.8,29.0,0,0
101D3100,DSC_2280,3200,0.0004,98.0,32.0,108.0,28.1,0,0
101D3100,DSC_2281,3200,0.0004,92.0,32.0,99.9,33.3,0,0
101D3100,DSC_2282,3200,0.0004,92.0,32.0,97.0,34.5,0,0
101D3100,DSC_2283,3200,0.0004,116.0,32.0,97.3,42.4,0,0
101D3100,DSC_2284,3200,0.0004,116.0,32.0,100.9,42.6,0,0
101D3100,DSC_2285,3200,0.0004,92.0,32.0,107.9,88.2,0,0
101D3100,DSC_2286,3200,0.0004,92.0,32.0,132.2,104.0,0,0
101D3100,DSC_2287,3200,0.0004,98.0,32.0,99.0,68.7,0,0
101D3100,DSC_2288,3200,0.0004,98.0,32.0,88.2,64.0,0,0
101D3100,DSC_2289,3200,0.0004,105.0,32.0,81.4,61.7,0,0
101D3100,DSC_2290,3200,0.0004,105.0,32.0,79.3,61.7,0,0
101D3100,DSC_2291,3200,0.0004,105.0,32.0,66.9,53.1,0,0
101D3100,DSC_2292,3200,0.0004,98.0,32.0,90.6,60.0,0,0
101D3100,DSC_2293,3200,0.0004,98.0,32.0,89.1,61.5,0,0
101D3100,DSC_2294,3200,0.0004,105.0,32.0,91.8,64.7,0,0
101D3100,DSC_2295,3200,0.0004,105.0,32.0,88.5,59.8,0,0
101D3100,DSC_2296,3200,0.0004,116.0,32.0,61.1,42.6,0,0
101D3100,DSC_2297,3200,0.0004,145.0,32.0,60.1,60.8,0,0
101D3100,DSC_2298,3200,0.0004,145.0,32.0,60.0,59.4,0,0
101D3100,DSC_2299,3200,0.0004,145.0,32.0,64.8,60.4,0,0
101D3100,DSC_2300,3200,0.0004,155.0,32.0,80.4,81.3,0,0
101D3100,DSC_2301,3200,0.0004,155.0,32.0,85.6,84.5,0,0
101D3100,DSC_2302,3200,0.0004,155.0,32.0,84.8,87.6,0,0
101D3100,DSC_2303,3200,0.0004,155.0,32.0,113.0,101.1,0,0
101D3100,DSC_2304,3200,0.0004,170.0,32.0,22.1,134.2,0,0
101D3100,DSC_2305,3200,0.0004,170.0,32.0,20.7,138.2,0,0
101D3100,DSC_2306,3200,0.0004,170.0,32.0,20.7,138.0,0,0
101D3100,DSC_2307,3200,0.0004,190.0,32.0,61.3,65.7,0,0
101D3100,DSC_2308,3200,0.0004,190.0,32.0,59.3,64.7,0,0
101D3100,DSC_2309,3200,0.0004,190.0,32.0,59.7,64.4,0,0
101D3100,DSC_2310,3200,0.0004,180.0,32.0,39.4,51.7,0,0
101D3100,DSC_2311,3200,0.0004,180.0,32.0,44.6,53.0,0,0
101D3100,DSC_2312,3200,0.0004,180.0,32.0,48.2,54.3,0,0
102D3100,DSC_2313,3200,0.0004,145.0,32.0,56.9,34.3,0,0
102D3100,DSC_2314,3200,0.0004,145.0,32.0,49.6,34.8,0,0
102D3100,DSC_2315,3200,0.0004,145.0,32.0,48.1,35.1,0,0
102D3100,DSC_2316,3200,0.0004,155.0,32.0,52.5,36.2,0,0
102D3100,DSC_2317,3200,0.0004,155.0,32.0,51.6,36.8,0,0
102D3100,DSC_2318,3200,0.0004,155.0,32.0,52.2,35.9,0,0
102D3100,DSC_2319,3200,0.0004,155.0,32.0,49.3,36.1,0,0
102D3100,DSC_2320,3200,0.0004,116.0,32.0,92.6,42.4,0,0
102D3100,DSC_2321,3200,0.0004,116.0,32.0,87.3,41.5,0,0
102D3100,DSC_2322,3200,0.0004,116.0,32.0,85.8,40.5,0,0
102D3100,DSC_2323,3200,0.0004,116.0,32.0,87.2,40.8,0,0
102D3100,DSC_2324,3200,0.0004,116.0,32.0,74.9,36.6,0,0
102D3100,DSC_2325,3200,0.0004,116.0,32.0,75.5,37.2,0,0
102D3100,DSC_2326,3200,0.0004,116.0,32.0,122.7,84.3,0,0
102D3100,DSC_2327,3200,0.0004,116.0,32.0,160.5,95.0,0,0
102D3100,DSC_2328,3200,0.0004,105.0,32.0,61.7,41.7,0,0
102D3100,DSC_2329,3200,0.0004,105.0,32.0,51.0,41.7,0,0
102D3100,DSC_2330,3200,0.0004,105.0,32.0,65.7,30.9,0,0
102D3100,DSC_2331,3200,0.0004,98.0,32.0,98.2,31.8,0,0
102D3100,DSC_2332,3200,0.0004,98.0,32.0,81.7,30.4,0,0
102D3100,DSC_2333,3200,0.0004,98.0,32.0,51.6,27.4,0,0
102D3100,DSC_2334,3200,0.0004,105.0,32.0,99.2,69.5,0,0
102D3100,DSC_2335,3200,0.0004,105.0,32.0,89.0,69.8,0,0
102D3100,DSC_2336,3200,0.0004,105.0,32.0,102.9,69.0,0,0
102D3100,DSC_2337,3200,0.0004,105.0,32.0,99.9,80.1,0,0
102D3100,DSC_2338,3200,0.0004,105.0,32.0,95.8,76.0,0,0
102D3100,DSC_2339,3200,0.0004,105.0,32.0,95.1,73.8,0,0
102D3100,DSC_2340,3200,0.0004,105.0,32.0,91.6,68.6,0,0
102D3100,DSC_2341,3200,0.0004,105.0,32.0,100.5,53.7,0,0
102D3100,DSC_2342,3200,0.0004,105.0,32.0,103.8,53.8,0,0
102D3100,DSC_2343,3200,0.0004,105.0,32.0,82.3,39.6,0,0
102D3100,DSC_2344,3200,0.0004,92.0,32.0,88.1,34.5,0,0
102D3100,DSC_2345,3200,0.0004,92.0,32.0,91.0,34.0,0,0
102D3100,DSC_2346,3200,0.0004,92.0,32.0,57.2,29.4,0,0
102D3100,DSC_2347,3200,0.0004,98.0,32.0,98.7,36.9,0,0
102D3100,DSC_2348,3200,0.0004,98.0,32.0,87.5,34.5,0,0
102D3100,DSC_2349,3200,0.0004,105.0,32.0,90.5,32.5,0,0
102D3100,DSC_2350,3200,0.0004,105.0,32.0,81.0,33.3,0,0
102D3100,DSC_2351,3200,0.0004,105.0,32.0,108.1,30.9,0,0
102D3100,DSC_2352,3200,0.0004,105.0,32.0,106.6,30.7,0,0
102D3100,DSC_2353,3200,0.0004,105.0,32.0,80.2,29.0,0,0
102D3100,DSC_2354,3200,0.0004,105.0,32.0,83.3,32.8,0,0
102D3100,DSC_2355,3200,0.0004,105.0,32.0,88.8,29.0,0,0
102D3100,DSC_2356,3200,0.0004,105.0,32.0,101.5,30.8,0,0
102D3100,DSC_2357,3200,0.0004,98.0,32.0,83.4,42.3,0,0
102D3100,DSC_2358,3200,0.0004,98.0,32.0,63.8,49.5,0,0
102D3100,DSC_2359,3200,0.0004,98.0,32.0,62.6,45.6,0,0
102D3100,DSC_2360,3200,0.0004,122.0,32.0,52.7,40.5,0,0
102D3100,DSC_2361,3200,0.0004,122.0,32.0,45.7,39.7,0,0
102D3100,DSC_2362,3200,0.0004,122.0,32.0,90.9,38.3,0,0
102D3100,DSC_2363,3200,0.0004,122.0,32.0,73.3,35.6,0,0
102D3100,DSC_2364,3200,0.0004,135.0,32.0,73.7,29.8,0,0
102D3100,DSC_2365,3200,0.0004,135.0,32.0,81.3,29.4,0,0
102D3100,DSC_2366,3200,0.0004,145.0,32.0,68.0,28.2,0,0
102D3100,DSC_2367,3200,0.0004,116.0,32.0,70.5,28.5,0,0
102D3100,DSC_2368,3200,0.0004,122.0,32.0,72.7,27.7,0,0
102D3100,DSC_2369,3200,0.0004,116.0,32.0,72.6,53.1,0,0
102D3100,DSC_2370,3200,0.0004,116.0,32.0,62.2,49.6,0,0
102D3100,DSC_2371,3200,0.0004,116.0,32.0,58.1,49.5,0,0
102D3100,DSC_2372,3200,0.0004,105.0,32.0,65.0,49.4,0,0
102D3100,DSC_2373,3200,0.0004,105.0,32.0,58.0,47.5,0,0
102D3100,DSC_2374,3200,0.0004,122.0,32.0,52.4,35.1,0,0
102D3100,DSC_2375,3200,0.0004,122.0,32.0,66.3,35.5,0,0
102D3100,DSC_2376,3200,0.0004,116.0,32.0,78.8,37.4,0,0
102D3100,DSC_2377,3200,0.0004,116.0,32.0,81.9,37.1,0,0
102D3100,DSC_2378,3200,0.0004,116.0,32.0,61.4,46.5,0,0
102D3100,DSC_2379,3200,0.0004,116.0,32.0,61.1,47.3,0,0
102D3100,DSC_2380,3200,0.0004,92.0,32.0,72.1,47.0,0,0
102D3100,DSC_2381,3200,0.0004,92.0,32.0,70.1,46.3,0,0
102D3100,DSC_2382,3200,0.0004,98.0,32.0,74.3,32.0,0,0
102D3100,DSC_2383,3200,0.0004,98.0,32.0,67.3,31.6,0,0
102D3100,DSC_2384,3200,0.0004,98.0,32.0,58.8,29.5,0,0
102D3100,DSC_2385,3200,0.0004,105.0,32.0,72.7,29.5,0,0
102D3100,DSC_2386,3200,0.0004,98.0,32.0,80.5,31.3,0,0
102D3100,DSC_2387,3200,0.0004,98.0,32.0,71.3,30.8,0,0
102D3100,DSC_2388,3200,0.0004,92.0,32.0,98.6,73.5,0,0
102D3100,DSC_2389,3200,0.0004,92.0,32.0,93.6,77.6,0,0
102D3100,DSC_2390,3200,0.0004,98.0,32.0,93.0,30.4,0,0
102D3100,DSC_2391,3200,0.0004,98.0,32.0,85.7,30.8,0,0
102D3100,DSC_2392,3200,0.0004,85.0,32.0,163.3,100.8,0,0
102D3100,DSC_2393,3200,0.0004,85.0,32.0,116.1,84.0,0,0
102D3100,DSC_2394,3200,0.0004,92.0,32.0,81.6,70.2,0,0
102D3100,DSC_2395,3200,0.0004,92.0,32.0,84.0,71.6,0,0
102D3100,DSC_2396,3200,0.0004,92.0,32.0,82.6,71.3,0,0
102D3100,DSC_2397,3200,0.0004,92.0,32.0,82.8,71.2,0,0
102D3100,DSC_2398,3200,0.0004,92.0,32.0,80.9,67.5,0,0
102D3100,DSC_2399,3200,0.0004,92.0,32.0,72.5,33.5,0,0
102D3100,DSC_2400,3200,0.0004,92.0,32.0,67.8,36.6,0,0
102D3100,DSC_2401,3200,0.0004,92.0,32.0,59.1,50.0,0,0
102D3100,DSC_2402,3200,0.0004,92.0,32.0,55.3,49.3,0,0
102D3100,DSC_2403,3200,0.0004,80.0,32.0,74.4,39.2,0,0
102D3100,DSC_2404,3200,0.0004,80.0,32.0,67.3,41.1,0,0
102D3100,DSC_2405,3200,0.0004,85.0,32.0,117.7,90.4,0,0
102D3100,DSC_2406,3200,0.0004,85.0,32.0,125.6,92.1,0,0
102D3100,DSC_2407,3200,0.0004,85.0,32.0,268.5,133.8,0,0
102D3100,DSC_2408,3200,0.0004,85.0,32.0,224.3,126.8,0,0
102D3100,DSC_2409,3200,0.0004,92.0,32.0,70.9,38.4,0,0
102D3100,DSC_2410,3200,0.0004,92.0,32.0,62.2,37.5,0,0
102D3100,DSC_2411,3200,0.0004,92.0,32.0,67.2,38.1,0,0
102D3100,DSC_2412,3200,0.0004,92.0,32.0,64.8,38.0,0,0
102D3100,DSC_2413,3200,0.0004,85.0,32.0,75.1,39.4,0,0
102D3100,DSC_2414,3200,0.0004,85.0,32.0,68.9,38.6,0,0
102D3100,DSC_2415,3200,0.0004,85.0,32.0,71.9,37.2,0,0
102D3100,DSC_2416,3200,0.0004,85.0,32.0,71.9,38.4,0,0
102D3100,DSC_2417,3200,0.0004,85.0,32.0,75.6,39.2,0,0
102D3100,DSC_2418,3200,0.0004,85.0,32.0,65.5,40.5,0,0
102D3100,DSC_2419,3200,0.0004,92.0,32.0,53.2,47.3,0,0
102D3100,DSC_2420,3200,0.0004,92.0,32.0,54.7,48.3,0,0
102D3100,DSC_2421,3200,0.0004,92.0,32.0,51.0,45.5,0,0
102D3100,DSC_2422,3200,0.0004,85.0,32.0,80.6,36.9,0,0
102D3100,DSC_2423,3200,0.0004,85.0,32.0,75.8,36.4,0,0
102D3100,DSC_2424,3200,0.0004,85.0,32.0,74.9,37.3,0,0
102D3100,DSC_2425,3200,0.0004,85.0,32.0,74.1,36.6,0,0
102D3100,DSC_2426,3200,0.0004,85.0,32.0,69.8,37.3,0,0
102D3100,DSC_2427,3200,0.0004,85.0,32.0,66.5,40.3,0,0
102D3100,DSC_2428,3200,0.0004,85.0,32.0,68.1,38.6,0,0
102D3100,DSC_2429,3200,0.0004,85.0,32.0,71.2,37.2,0,0
102D3100,DSC_2430,3200,0.0004,85.0,32.0,56.0,32.8,0,0
102D3100,DSC_2431,3200,0.0004,80.0,32.0,74.2,42.3,0,0
102D3100,DSC_2432,3200,0.0004,80.0,32.0,72.0,38.9,0,0
102D3100,DSC_2433,3200,0.0004,80.0,32.0,74.3,33.1,0,0
102D3100,DSC_2434,3200,0.0004,80.0,32.0,70.7,33.8,0,0
102D3100,DSC_2435,3200,0.0004,80.0,32.0,69.6,32.3,0,0
102D3100,DSC_2436,3200,0.0004,80.0,32.0,71.3,29.0,0,0
102D3100,DSC_2437,3200,0.0004,92.0,32.0,78.9,33.6,0,0
102D3100,DSC_2438,3200,0.0004,92.0,32.0,77.9,33.4,0,0
102D3100,DSC_2439,3200,0.0004,92.0,32.0,75.5,33.0,0,0
102D3100,DSC_2440,3200,0.0004,85.0,32.0,80.6,34.1,0,0
102D3100,DSC_2441,3200,0.0004,85.0,32.0,73.8,34.0,0,0
102D3100,DSC_2442,3200,0.0004,85.0,32.0,80.6,34.4,0,0
102D3100,DSC_2443,3200,0.0004,85.0,32.0,67.1,34.6,0,0
102D3100,DSC_2444,3200,0.0004,85.0,32.0,66.3,34.9,0,0
102D3100,DSC_2445,3200,0.0004,85.0,32.0,62.0,35.1,0,0
102D3100,DSC_2446,3200,0.0004,85.0,32.0,79.0,31.6,0,0
102D3100,DSC_2447,3200,0.0004,85.0,32.0,75.2,31.4,0,0
102D3100,DSC_2448,3200,0.0004,85.0,32.0,74.3,32.6,0,0
102D3100,DSC_2449,3200,0.0004,85.0,32.0,77.3,38.6,0,0
102D3100,DSC_2450,3200,0.0004,85.0,32.0,71.6,39.1,0,0
102D3100,DSC_2451,3200,0.0004,85.0,32.0,65.8,39.3,0,0
102D3100,DSC_2452,3200,0.0004,85.0,32.0,67.3,38.5,0,0
102D3100,DSC_2453,3200,0.0004,92.0,32.0,71.9,31.4,0,0
102D3100,DSC_2454,3200,0.0004,80.0,32.0,99.6,79.6,0,0
102D3100,DSC_2455,3200,0.0004,80.0,32.0,112.3,84.2,0,0
102D3100,DSC_2456,3200,0.0004,80.0,32.0,134.9,89.6,0,0
102D3100,DSC_2457,3200,0.0004,80.0,32.0,70.8,34.7,0,0
102D3100,DSC_2458,3200,0.0004,80.0,32.0,74.1,31.8,0,0
102D3100,DSC_2459,3200,0.0004,80.0,32.0,70.9,32.7,0,0
102D3100,DSC_2460,3200,0.0004,80.0,32.0,57.5,28.2,0,0
102D3100,DSC_2461,3200,0.0004,85.0,32.0,83.5,30.4,0,0
102D3100,DSC_2462,3200,0.0004,85.0,32.0,101.8,30.1,0,0
102D3100,DSC_2463,3200,0.0004,85.0,32.0,76.4,30.2,0,0
102D3100,DSC_2464,3200,0.0004,85.0,32.0,74.9,31.0,0,0
102D3100,DSC_2465,3200,0.0004,92.0,32.0,85.4,32.5,0,0
102D3100,DSC_2466,3200,0.0004,92.0,32.0,82.7,32.4,0,0
102D3100,DSC_2467,3200,0.0004,85.0,32.0,78.7,36.1,0,0
102D3100,DSC_2468,3200,0.0004,85.0,32.0,67.2,37.7,0,0
102D3100,DSC_2469,3200,0.0004,85.0,32.0,61.8,31.9,0,0
102D3100,DSC_2470,3200,0.0004,85.0,32.0,64.4,29.3,0,0
102D3100,DSC_2471,3200,0.0004,92.0,32.0,59.2,28.9,0,0
102D3100,DSC_2472,3200,0.0004,92.0,32.0,66.0,29.2,0,0
102D3100,DSC_2473,3200,0.0004,98.0,32.0,67.5,29.8,0,0
102D3100,DSC_2474,3200,0.0004,85.0,32.0,68.9,36.6,0,0
102D3100,DSC_2475,3200,0.0004,85.0,32.0,69.8,42.2,0,0
102D3100,DSC_2476,3200,0.0004,85.0,32.0,58.9,49.2,0,0
102D3100,DSC_2477,3200,0.0004,85.0,32.0,60.0,41.6,0,0
102D3100,DSC_2478,3200,0.0004,85.0,32.0,133.2,29.6,0,0
102D3100,DSC_2479,3200,0.0004,85.0,32.0,108.3,29.6,0,0
102D3100,DSC_2480,3200,0.0004,80.0,32.0,65.3,46.0,0,0
102D3100,DSC_2481,3200,0.0004,80.0,32.0,60.6,55.0,0,0
102D3100,DSC_2482,3200,0.0004,85.0,32.0,84.1,62.7,0,0
102D3100,DSC_2483,3200,0.0004,85.0,32.0,84.8,64.2,0,0
102D3100,DSC_2484,3200,0.0004,85.0,32.0,69.7,51.8,0,0
102D3100,DSC_2485,3200,0.0004,75.0,32.0,102.8,32.2,0,0
102D3100,DSC_2486,3200,0.0004,75.0,32.0,105.2,31.2,0,0
102D3100,DSC_2487,3200,0.0004,75.0,32.0,116.5,28.0,0,0
102D3100,DSC_2488,3200,0.0004,75.0,32.0,69.0,37.4,0,0
102D3100,DSC_2489,3200,0.0004,75.0,32.0,69.8,37.5,0,0
102D3100,DSC_2490,3200,0.0004,75.0,32.0,73.3,59.7,0,0
102D3100,DSC_2491,3200,0.0004,75.0,32.0,74.6,61.0,0,0
102D3100,DSC_2492,3200,0.0004,75.0,32.0,69.4,60.3,0,0
102D3100,DSC_2493,3200,0.0004,75.0,32.0,65.0,57.0,0,0
102D3100,DSC_2494,3200,0.0004,75.0,32.0,78.8,28.5,0,0
102D3100,DSC_2495,3200,0.0004,75.0,32.0,72.9,28.9,0,0
102D3100,DSC_2496,3200,0.0004,75.0,32.0,73.3,28.8,0,0
102D3100,DSC_2497,3200,0.0004,80.0,32.0,77.0,38.4,0,0
102D3100,DSC_2498,3200,0.0004,80.0,32.0,80.5,36.7,0,0
102D3100,DSC_2499,3200,0.0004,80.0,32.0,75.7,36.2,0,0
102D3100,DSC_2500,3200,0.0004,80.0,32.0,83.1,37.3,0,0
102D3100,DSC_2501,3200,0.0004,80.0,32.0,70.8,38.2,0,0
102D3100,DSC_2502,3200,0.0004,80.0,32.0,70.4,37.5,0,0
102D3100,DSC_2503,3200,0.0004,80.0,32.0,75.4,37.7,0,0
102D3100,DSC_2504,3200,0.0004,80.0,32.0,73.4,36.4,0,0
102D3100,DSC_2505,3200,0.0004,80.0,32.0,72.2,36.8,0,0
102D3100,DSC_2506,3200,0.0004,80.0,32.0,78.5,36.9,0,0
102D3100,DSC_2507,3200,0.0004,75.0,32.0,22.0,118.0,0,0
102D3100,DSC_2508,3200,0.0004,75.0,32.0,22.9,112.5,0,0
102D3100,DSC_2509,3200,0.0004,85.0,32.0,55.8,31.5,0,0
102D3100,DSC_2510,3200,0.0004,85.0,32.0,56.4,30.9,0,0
102D3100,DSC_2511,3200,0.0004,80.0,32.0,53.3,31.6,0,0
102D3100,DSC_2512,3200,0.0004,80.0,32.0,66.0,30.2,0,0
102D3100,DSC_2513,3200,0.0004,75.0,32.0,107.8,31.1,0,0
102D3100,DSC_2514,3200,0.0004,75.0,32.0,103.4,30.2,0,0
102D3100,DSC_2515,3200,0.0004,80.0,32.0,135.1,91.6,0,0
102D3100,DSC_2516,3200,0.0004,80.0,32.0,135.1,91.7,0,0
102D3100,DSC_2517,3200,0.0004,80.0,32.0,128.2,87.0,0,0
102D3100,DSC_2518,3200,0.0004,80.0,32.0,68.5,37.0,0,0
102D3100,DSC_2519,3200,0.0004,80.0,32.0,94.0,36.3,0,0
102D3100,DSC_2520,3200,0.0004,98.0,32.0,63.7,31.7,0,0
102D3100,DSC_2521,3200,0.0004,98.0,32.0,50.9,33.8,0,0
102D3100,DSC_2522,3200,0.0004,85.0,32.0,61.9,40.4,0,0
102D3100,DSC_2523,3200,0.0004,92.0,32.0,64.3,40.2,0,0
102D3100,DSC_2524,3200,0.0004,92.0,32.0,57.6,39.3,0,0
102D3100,DSC_2525,3200,0.0004,92.0,32.0,65.2,38.4,0,0
102D3100,DSC_2526,3200,0.0004,85.0,32.0,70.2,37.6,0,0
102D3100,DSC_2527,3200,0.0004,75.0,32.0,79.3,39.4,0,0
102D3100,DSC_2528,3200,0.0004,75.0,32.0,75.9,38.7,0,0
102D3100,DSC_2529,3200,0.0004,75.0,32.0,64.1,43.8,0,0
102D3100,DSC_2530,3200,0.0004,75.0,32.0,61.6,42.9,0,0
102D3100,DSC_2531,3200,0.0004,75.0,32.0,61.3,43.9,0,0
102D3100,DSC_2532,3200,0.0004,75.0,32.0,57.9,44.4,0,0
102D3100,DSC_2533,3200,0.0004,75.0,32.0,64.4,42.9,0,0
102D3100,DSC_2534,3200,0.0004,75.0,32.0,74.6,37.7,0,0
102D3100,DSC_2535,3200,0.0004,75.0,32.0,71.9,37.1,0,0
102D3100,DSC_2536,3200,0.0004,75.0,32.0,61.7,44.4,0,0
102D3100,DSC_2537,3200,0.0004,75.0,32.0,53.7,37.7,0,0
102D3100,DSC_2538,3200,0.0004,75.0,32.0,72.6,38.0,0,0
102D3100,DSC_2539,3200,0.0004,75.0,32.0,60.3,35.2,0,0
102D3100,DSC_2540,3200,0.0004,75.0,32.0,82.3,33.4,0,0
102D3100,DSC_2541,3200,0.0004,75.0,32.0,76.5,34.9,0,0
102D3100,DSC_2542,3200,0.0004,75.0,32.0,73.0,35.6,0,0
102D3100,DSC_2543,3200,0.0004,75.0,32.0,73.2,35.7,0,0
102D3100,DSC_2544,3200,0.0004,80.0,32.0,64.9,36.6,0,0
102D3100,DSC_2545,3200,0.0004,80.0,32.0,58.0,37.1,0,0
102D3100,DSC_2546,3200,0.0004,75.0,32.0,60.4,37.7,0,0
102D3100,DSC_2547,3200,0.0004,75.0,32.0,55.1,36.7,0,0
102D3100,DSC_2548,3200,0.0004,75.0,32.0,56.1,35.6,0,0
102D3100,DSC_2549,3200,0.0004,75.0,32.0,55.2,35.9,0,0
102D3100,DSC_2550,3200,0.0004,75.0,32.0,55.6,36.5,0,0
102D3100,DSC_2551,3200,0.0004,75.0,32.0,58.3,38.9,0,0
102D3100,DSC_2552,3200,0.0004,75.0,32.0,56.6,42.0,0,0
102D3100,DSC_2553,3200,0.0004,75.0,32.0,49.4,42.7,0,0
102D3100,DSC_2554,3200,0.0004,75.0,32.0,51.8,47.1,0,0
102D3100,DSC_2555,3200,0.0004,75.0,32.0,53.9,42.1,0,0
102D3100,DSC_2556,3200,0.0004,75.0,32.0,59.4,36.0,0,0
102D3100,DSC_2557,3200,0.0004,75.0,32.0,57.1,36.4,0,0
102D3100,DSC_2558,3200,0.0004,75.0,32.0,54.4,37.2,0,0
102D3100,DSC_2559,3200,0.0004,75.0,32.0,57.1,36.4,0,0
102D3100,DSC_2560,3200,0.0004,75.0,32.0,60.8,34.4,0,0
102D3100,DSC_2561,3200,0.0004,75.0,32.0,60.1,35.5,0,0
102D3100,DSC_2562,3200,0.0004,75.0,32.0,64.7,37.1,0,0
102D3100,DSC_2563,3200,0.0004,75.0,32.0,55.5,39.6,0,0
102D3100,DSC_2564,3200,0.0004,75.0,32.0,107.1,24.8,0,0
102D3100,DSC_2565,3200,0.0004,75.0,32.0,75.7,29.8,0,0
102D3100,DSC_2566,3200,0.0004,75.0,32.0,55.5,37.6,0,0
102D3100,DSC_2567,3200,0.0004,75.0,32.0,55.0,40.6,0,0
102D3100,DSC_2568,3200,0.0004,75.0,32.0,76.7,37.5,0,0
102D3100,DSC_2569,3200,0.0004,75.0,32.0,66.2,38.2,0,0
102D3100,DSC_2570,3200,0.0004,75.0,32.0,70.0,38.6,0,0
102D3100,DSC_2571,3200,0.0004,75.0,32.0,71.5,39.8,0,0
102D3100,DSC_2572,3200,0.0004,75.0,32.0,58.1,42.6,0,0
102D3100,DSC_2573,3200,0.0004,75.0,32.0,73.3,35.2,0,0
102D3100,DSC_2574,3200,0.0004,75.0,32.0,74.1,36.3,0,0
102D3100,DSC_2575,3200,0.0004,75.0,32.0,74.0,36.1,0,0
102D3100,DSC_2576,3200,0.0004,75.0,32.0,226.3,61.1,0,0
102D3100,DSC_2577,3200,0.0004,75.0,32.0,215.3,59.7,0,0
102D3100,DSC_2578,3200,0.0004,75.0,32.0,81.5,37.3,0,0
102D3100,DSC_2579,3200,0.0004,75.0,32.0,78.5,35.6,0,0
102D3100,DSC_2580,3200,0.0004,75.0,32.0,68.2,37.4,0,0
102D3100,DSC_2581,3200,0.0004,75.0,32.0,66.0,37.0,0,0
102D3100,DSC_2582,3200,0.0004,75.0,32.0,60.1,34.0,0,0
102D3100,DSC_2583,3200,0.0004,80.0,32.0,66.6,30.6,0,0
102D3100,DSC_2584,3200,0.0004,80.0,32.0,77.9,32.7,0,0
102D3100,DSC_2585,3200,0.0004,80.0,32.0,71.4,34.3,0,0
102D3100,DSC_2586,3200,0.0004,75.0,32.0,79.2,35.2,0,0
102D3100,DSC_2587,3200,0.0004,75.0,32.0,73.5,35.1,0,0
102D3100,DSC_2588,3200,0.0004,75.0,32.0,59.5,37.3,0,0
102D3100,DSC_2589,3200,0.0004,75.0,32.0,55.3,37.6,0,0
102D3100,DSC_2590,3200,0.0004,75.0,32.0,59.1,36.2,0,0
102D3100,DSC_2591,3200,0.0004,75.0,32.0,82.7,36.5,0,0
102D3100,DSC_2592,3200,0.0004,75.0,32.0,58.6,34.1,0,0
102D3100,DSC_2593,3200,0.0004,75.0,32.0,57.4,36.5,0,0
102D3100,DSC_2594,3200,0.0004,75.0,32.0,64.6,37.6,0,0
102D3100,DSC_2595,3200,0.0004,75.0,32.0,55.5,39.0,0,0
102D3100,DSC_2596,3200,0.0004,75.0,32.0,57.4,37.3,0,0
102D3100,DSC_2597,3200,0.0004,75.0,32.0,57.0,36.7,0,0
102D3100,DSC_2598,3200,0.0004,75.0,32.0,54.6,36.4,0,0
102D3100,DSC_2599,3200,0.0004,75.0,32.0,63.1,36.1,0,0
102D3100,DSC_2600,3200,0.0004,75.0,32.0,48.0,42.1,0,0
102D3100,DSC_2601,3200,0.0004,75.0,32.0,54.8,37.1,0,0
102D3100,DSC_2602,3200,0.0004,75.0,32.0,77.1,30.5,0,0
102D3100,DSC_2603,3200,0.0004,75.0,32.0,57.4,35.4,0,0
102D3100,DSC_2604,3200,0.0004,75.0,32.0,53.6,39.6,0,0
102D3100,DSC_2605,3200,0.0004,75.0,32.0,61.3,42.1,0,0
102D3100,DSC_2606,3200,0.0004,75.0,32.0,67.6,30.3,0,0
102D3100,DSC_2607,3200,0.0004,75.0,32.0,65.1,33.5,0,0
102D3100,DSC_2608,3200,0.0004,75.0,32.0,69.0,31.5,0,0
102D3100,DSC_2609,3200,0.0004,75.0,32.0,57.0,35.1,0,0
102D3100,DSC_2610,3200,0.0004,75.0,32.0,61.2,40.5,0,0
102D3100,DSC_2611,3200,0.0004,75.0,32.0,83.5,49.7,0,0
102D3100,DSC_2612,3200,0.0004,75.0,32.0,118.2,57.6,0,0
102D3100,DSC_2613,3200,0.0004,75.0,32.0,122.1,69.4,0,0
102D3100,DSC_2614,3200,0.0004,75.0,32.0,77.1,57.3,0,0
102D3100,DSC_2615,3200,0.0004,75.0,32.0,86.6,52.4,0,0
102D3100,DSC_2616,3200,0.0004,75.0,32.0,127.4,67.8,0,0
102D3100,DSC_2617,3200,0.0004,75.0,32.0,178.1,73.0,0,0
102D3100,DSC_2618,3200,0.0004,75.0,32.0,52.6,45.4,0,0
102D3100,DSC_2619,3200,0.0004,75.0,32.0,52.9,40.6,0,0
102D3100,DSC_2620,3200,0.0004,75.0,32.0,61.4,29.6,0,0
102D3100,DSC_2621,3200,0.0004,75.0,32.0,91.2,26.4,0,0
102D3100,DSC_2622,3200,0.0004,75.0,32.0,37.9,38.4,0,0
102D3100,DSC_2623,3200,0.0004,75.0,32.0,55.6,32.4,0,0
102D3100,DSC_2624,3200,0.0004,75.0,32.0,55.5,29.7,0,0
102D3100,DSC_2625,3200,0.0004,75.0,32.0,84.3,27.1,0,0
102D3100,DSC_2626,3200,0.0004,75.0,32.0,72.7,26.2,0,0
102D3100,DSC_2627,3200,0.0004,75.0,32.0,70.6,25.5,0,0
102D3100,DSC_2628,3200,0.0004,75.0,32.0,56.3,32.3,0,0
102D3100,DSC_2629,3200,0.0004,75.0,32.0,54.9,35.3,0,0
102D3100,DSC_2630,3200,0.0004,75.0,32.0,52.2,39.0,0,0
102D3100,DSC_2631,3200,0.0004,75.0,32.0,56.7,35.3,0,0
102D3100,DSC_2632,3200,0.0004,75.0,32.0,59.6,33.6,0,0
102D3100,DSC_2633,3200,0.0004,75.0,32.0,53.1,38.8,0,0
102D3100,DSC_2634,3200,0.0004,75.0,32.0,64.4,36.4,0,0
102D3100,DSC_2635,3200,0.0004,75.0,32.0,52.4,41.0,0,0
102D3100,DSC_2636,3200,0.0004,75.0,32.0,48.7,41.7,0,0
102D3100,DSC_2637,3200,0.0004,75.0,32.0,47.1,44.0,0,0
102D3100,DSC_2638,3200,0.0004,75.0,32.0,49.6,44.3,0,0
102D3100,DSC_2639,3200,0.0004,75.0,32.0,48.2,42.8,0,0
102D3100,DSC_2640,3200,0.0004,80.0,32.0,77.8,29.2,0,0
102D3100,DSC_2641,3200,0.0004,80.0,32.0,55.8,31.8,0,0
102D3100,DSC_2642,3200,0.0004,80.0,32.0,52.1,33.2,0,0
102D3100,DSC_2643,3200,0.0004,80.0,32.0,49.4,34.3,0,0
102D3100,DSC_2644,3200,0.0004,80.0,32.0,58.3,32.7,0,0
102D3100,DSC_2645,3200,0.0004,80.0,32.0,61.8,31.9,0,0
102D3100,DSC_2646,3200,0.0004,80.0,32.0,82.5,27.8,0,0
102D3100,DSC_2647,3200,0.0004,80.0,32.0,55.2,29.0,0,0
102D3100,DSC_2648,3200,0.0004,80.0,32.0,50.6,31.9,0,0
102D3100,DSC_2649,3200,0.0004,80.0,32.0,66.0,29.3,0,0
102D3100,DSC_2650,3200,0.0004,80.0,32.0,48.6,38.2,0,0
102D3100,DSC_2651,3200,0.0004,80.0,32.0,48.2,36.4,0,0
102D3100,DSC_2652,3200,0.0004,80.0,32.0,51.5,33.8,0,0
102D3100,DSC_2653,3200,0.0004,80.0,32.0,45.2,38.0,0,0
102D3100,DSC_2654,3200,0.0004,80.0,32.0,40.0,44.3,0,0
102D3100,DSC_2655,3200,0.0004,80.0,32.0,42.3,41.6,0,0
102D3100,DSC_2656,3200,0.0004,80.0,32.0,37.3,38.1,0,0
102D3100,DSC_2657,3200,0.0004,80.0,32.0,33.2,39.8,0,0
102D3100,DSC_2658,3200,0.0004,80.0,32.0,35.1,38.6,0,0
102D3100,DSC_2659,3200,0.0004,80.0,32.0,38.5,39.1,0,0
102D3100,DSC_2660,3200,0.0004,80.0,32.0,44.2,44.0,0,0
102D3100,DSC_2661,3200,0.0004,80.0,32.0,42.8,45.6,0,0
102D3100,DSC_2662,3200,0.0004,80.0,32.0,62.0,23.9,0,0
102D3100,DSC_2663,3200,0.0004,80.0,32.0,55.5,33.0,0,0
102D3100,DSC_2664,3200,0.0004,80.0,32.0,79.4,50.0,0,0
102D3100,DSC_2665,3200,0.0004,80.0,32.0,75.6,25.3,0,0
102D3100,DSC_2666,3200,0.0004,80.0,32.0,59.1,37.0,0,0
102D3100,DSC_2667,3200,0.0004,75.0,32.0,85.2,37.7,0,0
102D3100,DSC_2668,3200,0.0004,92.0,32.0,99.8,54.8,0,0
102D3100,DSC_2669,3200,0.0004,92.0,32.0,131.7,61.2,0,0
102D3100,DSC_2670,3200,0.0004,75.0,32.0,148.0,72.7,0,0
102D3100,DSC_2671,3200,0.0004,75.0,32.0,240.3,69.5,0,0
102D3100,DSC_2672,3200,0.0004,75.0,32.0,47.1,38.6,0,0
102D3100,DSC_2673,3200,0.0004,75.0,32.0,56.9,33.3,0,0
102D3100,DSC_2674,3200,0.0004,75.0,32.0,65.0,34.3,0,0
102D3100,DSC_2675,3200,0.0004,75.0,32.0,57.2,35.0,0,0
102D3100,DSC_2676,3200,0.0004,75.0,32.0,58.6,33.8,0,0
102D3100,DSC_2677,3200,0.0004,75.0,32.0,53.0,33.6,0,0
102D3100,DSC_2678,3200,0.0004,75.0,32.0,53.0,36.6,0,0
102D3100,DSC_2679,3200,0.0004,75.0,32.0,56.1,35.4,0,0
102D3100,DSC_2680,3200,0.0004,75.0,32.0,57.3,36.5,0,0
102D3100,DSC_2681,3200,0.0004,75.0,32.0,48.8,22.8,0,0
102D3100,DSC_2682,3200,0.0004,75.0,32.0,125.7,23.7,0,0
102D3100,DSC_2683,3200,0.0004,75.0,32.0,86.2,25.1,0,0
102D3100,DSC_2684,3200,0.0004,75.0,32.0,63.6,26.1,0,0
102D3100,DSC_2685,3200,0.0004,75.0,32.0,74.4,26.1,0,0
102D3100,DSC_2686,3200,0.0004,75.0,32.0,62.9,26.7,0,0
102D3100,DSC_2687,3200,0.0004,75.0,32.0,64.4,25.5,0,0
102D3100,DSC_2688,3200,0.0004,75.0,32.0,57.3,28.4,0,0
102D3100,DSC_2689,3200,0.0004,75.0,32.0,50.9,28.6,0,0
102D3100,DSC_2690,3200,0.0004,75.0,32.0,50.5,26.6,0,0
102D3100,DSC_2691,3200,0.0004,75.0,32.0,53.4,25.6,0,0
102D3100,DSC_2692,3200,0.0004,75.0,32.0,60.7,25.6,0,0
102D3100,DSC_2693,3200,0.0004,75.0,32.0,56.9,26.4,0,0
102D3100,DSC_2694,3200,0.0004,75.0,32.0,46.6,27.2,0,0
102D3100,DSC_2695,3200,0.0004,75.0,32.0,50.8,27.2,0,0
102D3100,DSC_2696,3200,0.0004,75.0,32.0,56.2,31.9,0,0
102D3100,DSC_2697,3200,0.0004,75.0,32.0,56.6,34.2,0,0
102D3100,DSC_2698,3200,0.0004,75.0,32.0,59.7,31.2,0,0
102D3100,DSC_2699,3200,0.0004,75.0,32.0,55.9,31.8,0,0
102D3100,DSC_2700,3200,0.0004,75.0,32.0,59.0,31.7,0,0
102D3100,DSC_2701,3200,0.0004,75.0,32.0,60.3,34.0,0,0
102D3100,DSC_2702,3200,0.0004,145.0,32.0,31.0,34.8,0,0
102D3100,DSC_2703,3200,0.0004,190.0,32.0,32.7,38.4,0,0
102D3100,DSC_2704,3200,0.0004,190.0,32.0,41.6,44.8,0,0
102D3100,DSC_2705,3200,0.0004,190.0,32.0,31.0,33.5,0,0
102D3100,DSC_2706,3200,0.0004,190.0,32.0,34.3,39.1,0,0
102D3100,DSC_2707,3200,0.0004,190.0,32.0,40.7,44.6,0,0
102D3100,DSC_2708,3200,0.0004,190.0,32.0,33.6,39.4,0,0
102D3100,DSC_2709,3200,0.0004,190.0,32.0,43.3,45.8,0,0
102D3100,DSC_2710,3200,0.0004,190.0,32.0,32.6,38.5,0,0
102D3100,DSC_2711,3200,0.0004,190.0,32.0,43.2,36.2,0,0
102D3100,DSC_2712,3200,0.0004,190.0,32.0,58.9,37.1,0,0
102D3100,DSC_2713,3200,0.0004,190.0,32.0,51.4,42.2,0,0
102D3100,DSC_2714,3200,0.0004,190.0,32.0,44.2,43.6,0,0
102D3100,DSC_2715,3200,0.0004,190.0,32.0,35.5,37.5,0,0
102D3100,DSC_2716,3200,0.0004,190.0,32.0,44.5,42.6,0,0
102D3100,DSC_2717,3200,0.0004,190.0,32.0,39.7,36.2,0,0
102D3100,DSC_2718,3200,0.0004,190.0,32.0,47.2,44.9,0,0
102D3100,DSC_2719,3200,0.0004,190.0,32.0,50.7,44.8,0,0
102D3100,DSC_2720,3200,0.0004,190.0,32.0,52.7,45.6,0,0
102D3100,DSC_2721,3200,0.0004,190.0,32.0,52.5,45.2,0,0
102D3100,DSC_2722,3200,0.0004,190.0,32.0,41.5,38.7,0,0
102D3100,DSC_2723,3200,0.0004,190.0,32.0,36.2,39.6,0,0
102D3100,DSC_2724,3200,0.0004,190.0,32.0,33.7,39.1,0,0
102D3100,DSC_2725,3200,0.0004,190.0,32.0,44.2,35.7,0,0
102D3100,DSC_2726,3200,0.0004,200.0,32.0,38.7,40.4,0,0
102D3100,DSC_2727,3200,0.0004,200.0,32.0,32.7,35.1,0,0
102D3100,DSC_2728,3200,0.0004,135.0,32.0,46.0,31.0,0,0
102D3100,DSC_2729,3200,0.0004,135.0,32.0,49.6,30.6,0,0
102D3100,DSC_2730,3200,0.0004,135.0,32.0,46.8,29.9,0,0
102D3100,DSC_2731,3200,0.0004,135.0,32.0,46.0,32.0,0,0
102D3100,DSC_2732,3200,0.0004,135.0,32.0,57.1,27.6,0,0
102D3100,DSC_2733,3200,0.0004,135.0,32.0,46.3,33.2,0,0
102D3100,DSC_2734,3200,0.0004,135.0,32.0,48.2,33.7,0,0
102D3100,DSC_2735,3200,0.0004,135.0,32.0,48.4,29.9,0,0
102D3100,DSC_2736,3200,0.0004,135.0,32.0,42.7,29.7,0,0
102D3100,DSC_2737,3200,0.0004,75.0,32.0,48.4,27.7,0,0
102D3100,DSC_2738,3200,0.0004,75.0,32.0,43.8,27.3,0,0
102D3100,DSC_2739,3200,0.0004,75.0,32.0,46.3,27.4,0,0
102D3100,DSC_2740,3200,0.0004,75.0,32.0,46.6,29.2,0,0
102D3100,DSC_2741,3200,0.0004,75.0,32.0,46.6,30.4,0,0
102D3100,DSC_2742,3200,0.0004,75.0,32.0,51.4,34.3,0,0
102D3100,DSC_2743,3200,0.0004,75.0,32.0,48.8,35.2,0,0
102D3100,DSC_2744,3200,0.0004,75.0,32.0,48.8,35.5,0,0
102D3100,DSC_2745,3200,0.0004,75.0,32.0,49.6,36.8,0,0
102D3100,DSC_2746,3200,0.0004,75.0,32.0,43.4,44.6,0,0
102D3100,DSC_2747,3200,0.0004,75.0,32.0,45.9,43.3,0,0
102D3100,DSC_2748,3200,0.0004,75.0,32.0,55.4,32.6,0,0
102D3100,DSC_2749,3200,0.0004,75.0,32.0,54.2,32.6,0,0
102D3100,DSC_2750,3200,0.0004,75.0,32.0,49.1,27.8,0,0
102D3100,DSC_2751,3200,0.0004,75.0,32.0,39.9,29.1,0,0
102D3100,DSC_2752,3200,0.0004,75.0,32.0,33.8,31.7,0,0
102D3100,DSC_2753,3200,0.0004,75.0,32.0,56.0,33.7,0,0
102D3100,DSC_2754,3200,0.0004,75.0,32.0,53.4,30.9,0,0
102D3100,DSC_2755,3200,0.0004,75.0,32.0,44.2,30.3,0,0
102D3100,DSC_2756,3200,0.0004,75.0,32.0,50.7,30.4,0,0
102D3100,DSC_2757,3200,0.0004,75.0,32.0,53.3,29.3,0,0
102D3100,DSC_2758,3200,0.0004,75.0,32.0,37.3,33.4,0,0
102D3100,DSC_2759,3200,0.0004,75.0,32.0,39.5,32.4,0,0
102D3100,DSC_2760,3200,0.0004,75.0,32.0,48.0,35.1,0,0
102D3100,DSC_2761,3200,0.0004,75.0,32.0,40.1,31.4,0,0
102D3100,DSC_2762,3200,0.0004,75.0,32.0,48.1,30.5,0,0
102D3100,DSC_2763,3200,0.0004,75.0,32.0,56.7,29.0,0,0
102D3100,DSC_2764,3200,0.0004,75.0,32.0,55.0,30.0,0,0
102D3100,DSC_2765,3200,0.0004,75.0,32.0,48.0,31.2,0,0
102D3100,DSC_2766,3200,0.0004,75.0,32.0,48.9,29.1,0,0
102D3100,DSC_2767,3200,0.0004,75.0,32.0,43.3,43.5,0,0
102D3100,DSC_2768,3200,0.0004,75.0,32.0,44.3,46.4,0,0
102D3100,DSC_2769,3200,0.0004,75.0,32.0,48.3,35.8,0,0
102D3100,DSC_2770,3200,0.0004,75.0,32.0,47.7,34.5,0,0
102D3100,DSC_2771,3200,0.0004,75.0,32.0,46.4,36.8,0,0
102D3100,DSC_2772,3200,0.0004,75.0,32.0,51.7,35.7,0,0
102D3100,DSC_2773,3200,0.0004,75.0,32.0,50.9,35.4,0,0
102D3100,DSC_2774,3200,0.0004,75.0,32.0,50.6,35.5,0,0
102D3100,DSC_2775,3200,0.0004,75.0,32.0,51.3,36.4,0,0
102D3100,DSC_2776,3200,0.0004,75.0,32.0,56.0,29.4,0,0
102D3100,DSC_2777,3200,0.0004,75.0,32.0,49.3,27.4,0,0
102D3100,DSC_2778,3200,0.0004,75.0,32.0,48.0,26.8,0,0
102D3100,DSC_2779,3200,0.0004,75.0,32.0,42.3,25.6,0,0
102D3100,DSC_2780,3200,0.0004,75.0,32.0,61.5,33.6,0,0
102D3100,DSC_2781,3200,0.0004,75.0,32.0,57.7,32.8,0,0
102D3100,DSC_2782,3200,0.0004,75.0,32.0,57.6,33.5,0,0
102D3100,DSC_2783,3200,0.0004,80.0,32.0,51.4,32.3,0,0
102D3100,DSC_2784,3200,0.0004,80.0,32.0,43.4,34.4,0,0
102D3100,DSC_2785,3200,0.0004,80.0,32.0,47.3,37.4,0,0
102D3100,DSC_2786,3200,0.0004,80.0,32.0,47.1,35.9,0,0
102D3100,DSC_2787,3200,0.0004,80.0,32.0,42.2,21.5,0,0
102D3100,DSC_2788,3200,0.0004,92.0,32.0,40.2,33.6,0,0
102D3100,DSC_2789,3200,0.0004,92.0,32.0,40.9,35.5,0,0
102D3100,DSC_2790,3200,0.0004,75.0,32.0,51.9,37.6,0,0
102D3100,DSC_2791,3200,0.0004,75.0,32.0,51.5,36.9,0,0
102D3100,DSC_2792,3200,0.0004,75.0,32.0,46.6,34.3,0,0
102D3100,DSC_2793,3200,0.0004,75.0,32.0,50.0,38.1,0,0
102D3100,DSC_2794,3200,0.0004,75.0,32.0,50.5,38.2,0,0
102D3100,DSC_2795,3200,0.0004,75.0,32.0,54.1,41.5,0,0
102D3100,DSC_2796,3200,0.0004,75.0,32.0,51.3,40.0,0,0
102D3100,DSC_2797,3200,0.0004,75.0,32.0,52.0,39.5,0,0
102D3100,DSC_2798,3200,0.0004,75.0,32.0,54.2,31.1,0,0
102D3100,DSC_2799,3200,0.0004,75.0,32.0,57.2,31.5,0,0
102D3100,DSC_2800,3200,0.0004,75.0,32.0,52.9,31.6,0,0
102D3100,DSC_2801,3200,0.0004,75.0,32.0,50.4,34.8,0,0
102D3100,DSC_2802,3200,0.0004,75.0,32.0,48.4,35.6,0,0
102D3100,DSC_2803,3200,0.0004,75.0,32.0,39.3,30.5,0,0
102D3100,DSC_2804,3200,0.0004,75.0,32.0,42.2,30.0,0,0
102D3100,DSC_2805,3200,0.0004,75.0,32.0,54.7,31.0,0,0
102D3100,DSC_2806,3200,0.0004,75.0,32.0,54.9,30.5,0,0
102D3100,DSC_2807,3200,0.0004,75.0,32.0,59.6,31.4,0,0
102D3100,DSC_2808,3200,0.0004,75.0,32.0,55.0,31.3,0,0
102D3100,DSC_2809,3200,0.0004,75.0,32.0,57.5,34.9,0,0
102D3100,DSC_2810,3200,0.0004,75.0,32.0,56.3,32.3,0,0
102D3100,DSC_2811,3200,0.0004,75.0,32.0,51.1,31.0,0,0
102D3100,DSC_2812,3200,0.0004,75.0,32.0,48.9,36.5,0,0
102D3100,DSC_2813,3200,0.0004,75.0,32.0,48.5,39.4,0,0
102D3100,DSC_2814,3200,0.0004,75.0,32.0,45.4,38.6,0,0
102D3100,DSC_2815,3200,0.0004,75.0,32.0,43.9,28.9,0,0
102D3100,DSC_2816,3200,0.0004,75.0,32.0,42.7,29.9,0,0
102D3100,DSC_2817,3200,0.0004,75.0,32.0,42.0,30.1,0,0
102D3100,DSC_2818,3200,0.0004,75.0,32.0,44.6,28.1,0,0
102D3100,DSC_2819,3200,0.0004,75.0,32.0,57.3,39.3,0,0
102D3100,DSC_2820,3200,0.0004,75.0,32.0,48.5,39.1,0,0
102D3100,DSC_2821,3200,0.0004,75.0,32.0,63.7,52.1,0,0
102D3100,DSC_2822,3200,0.0004,75.0,32.0,96.4,58.6,0,0
102D3100,DSC_2823,3200,0.0004,75.0,32.0,121.8,59.9,0,0
102D3100,DSC_2824,3200,0.0004,75.0,32.0,47.4,43.7,0,0
102D3100,DSC_2825,3200,0.0004,75.0,32.0,55.8,33.6,0,0
102D3100,DSC_2826,3200,0.0004,75.0,32.0,57.5,35.0,0,0
102D3100,DSC_2827,3200,0.0004,75.0,32.0,58.1,29.1,0,0
102D3100,DSC_2828,3200,0.0004,75.0,32.0,57.5,30.3,0,0
102D3100,DSC_2829,3200,0.0004,75.0,32.0,56.1,38.3,0,0
102D3100,DSC_2830,3200,0.0004,75.0,32.0,53.6,38.4,0,0
102D3100,DSC_2831,3200,0.0004,75.0,32.0,47.3,27.3,0,0
102D3100,DSC_2832,3200,0.0004,75.0,32.0,45.5,27.6,0,0
102D3100,DSC_2833,3200,0.0004,80.0,32.0,46.9,28.2,0,0
102D3100,DSC_2834,3200,0.0004,80.0,32.0,43.0,28.2,0,0
102D3100,DSC_2835,3200,0.0004,80.0,32.0,33.5,30.5,0,0
102D3100,DSC_2836,3200,0.0004,80.0,32.0,55.9,28.1,0,0
102D3100,DSC_2837,3200,0.0004,80.0,32.0,49.2,28.0,0,0
102D3100,DSC_2838,3200,0.0004,75.0,32.0,57.9,32.8,0,0
102D3100,DSC_2839,3200,0.0004,75.0,32.0,53.7,32.0,0,0
102D3100,DSC_2840,3200,0.0004,75.0,32.0,49.8,36.6,0,0
102D3100,DSC_2841,3200,0.0004,75.0,32.0,48.4,41.2,0,0
102D3100,DSC_2842,3200,0.0004,75.0,32.0,49.7,48.4,0,0
102D3100,DSC_2843,3200,0.0004,75.0,32.0,52.2,36.3,0,0
102D3100,DSC_2844,3200,0.0004,75.0,32.0,53.0,36.7,0,0
102D3100,DSC_2845,3200,0.0004,75.0,32.0,59.4,28.6,0,0
102D3100,DSC_2846,3200,0.0004,75.0,32.0,61.4,28.4,0,0
102D3100,DSC_2847,3200,0.0004,75.0,32.0,36.9,31.4,0,0
102D3100,DSC_2848,3200,0.0004,75.0,32.0,31.8,29.6,0,0
102D3100,DSC_2849,3200,0.0004,75.0,32.0,58.1,35.0,0,0
102D3100,DSC_2850,3200,0.0004,75.0,32.0,54.6,33.7,0,0
102D3100,DSC_2851,3200,0.0004,75.0,32.0,55.1,40.6,0,0
102D3100,DSC_2852,3200,0.0004,75.0,32.0,55.8,36.9,0,0
102D3100,DSC_2853,3200,0.0004,75.0,32.0,49.4,28.7,0,0
102D3100,DSC_2854,3200,0.0004,75.0,32.0,46.3,31.2,0,0
102D3100,DSC_2855,3200,0.0004,75.0,32.0,57.7,29.8,0,0
102D3100,DSC_2856,3200,0.0004,75.0,32.0,58.1,31.5,0,0
102D3100,DSC_2857,3200,0.0004,75.0,32.0,54.1,38.6,0,0
102D3100,DSC_2858,3200,0.0004,75.0,32.0,48.8,42.4,0,0
102D3100,DSC_2859,3200,0.0004,75.0,32.0,54.7,34.1,0,0
102D3100,DSC_2860,3200,0.0004,75.0,32.0,49.4,30.0,0,0
102D3100,DSC_2861,3200,0.0004,75.0,32.0,55.8,29.5,0,0
102D3100,DSC_2862,3200,0.0004,75.0,32.0,55.0,29.9,0,0
102D3100,DSC_2863,3200,0.0004,75.0,32.0,57.5,33.5,0,0
102D3100,DSC_2864,3200,0.0004,75.0,32.0,52.6,31.3,0,0
102D3100,DSC_2865,3200,0.0004,75.0,32.0,53.1,31.9,0,0
102D3100,DSC_2866,3200,0.0004,75.0,32.0,47.5,23.8,0,0
102D3100,DSC_2867,3200,0.0004,75.0,32.0,49.2,23.6,0,0
102D3100,DSC_2868,3200,0.0004,75.0,32.0,45.6,26.8,0,0
102D3100,DSC_2869,3200,0.0004,75.0,32.0,46.9,26.4,0,0
102D3100,DSC_2870,3200,0.0004,75.0,32.0,44.2,25.6,0,0
102D3100,DSC_2871,3200,0.0004,75.0,32.0,47.4,27.3,0,0
102D3100,DSC_2872,3200,0.0004,75.0,32.0,41.5,27.4,0,0
102D3100,DSC_2873,3200,0.0004,75.0,32.0,40.4,27.4,0,0
102D3100,DSC_2874,3200,0.0004,75.0,32.0,40.2,28.1,0,0
102D3100,DSC_2875,3200,0.0004,75.0,32.0,55.1,26.6,0,0
102D3100,DSC_2876,3200,0.0004,75.0,32.0,47.9,27.6,0,0
102D3100,DSC_2877,3200,0.0004,75.0,32.0,46.1,27.1,0,0
102D3100,DSC_2878,3200,0.0004,75.0,32.0,37.2,28.8,0,0
102D3100,DSC_2879,3200,0.0004,75.0,32.0,40.5,26.4,0,0
102D3100,DSC_2880,3200,0.0004,75.0,32.0,50.8,29.0,0,0
102D3100,DSC_2881,3200,0.0004,75.0,32.0,52.2,36.0,0,0
102D3100,DSC_2882,3200,0.0004,75.0,32.0,116.9,64.9,0,0
102D3100,DSC_2883,3200,0.0004,75.0,32.0,174.7,92.8,0,0
102D3100,DSC_2884,3200,0.0004,75.0,32.0,55.2,34.9,0,0
102D3100,DSC_2885,3200,0.0004,75.0,32.0,48.7,38.2,0,0
102D3100,DSC_2886,3200,0.0004,75.0,32.0,46.7,34.5,0,0
102D3100,DSC_2887,3200,0.0004,75.0,32.0,38.5,30.6,0,0
102D3100,DSC_2888,3200,0.0004,75.0,32.0,55.5,23.9,0,0
102D3100,DSC_2889,3200,0.0004,75.0,32.0,35.9,30.7,0,0
102D3100,DSC_2890,3200,0.0004,75.0,32.0,34.9,34.4,0,0
102D3100,DSC_2891,3200,0.0004,75.0,32.0,47.9,45.4,0,0
102D3100,DSC_2892,3200,0.0004,75.0,32.0,50.4,41.7,0,0
102D3100,DSC_2893,3200,0.0004,75.0,32.0,58.9,33.6,0,0
102D3100,DSC_2894,3200,0.0004,75.0,32.0,51.9,35.9,0,0
102D3100,DSC_2895,3200,0.0004,75.0,32.0,52.1,36.0,0,0
102D3100,DSC_2896,3200,0.0004,75.0,32.0,49.9,39.2,0,0
102D3100,DSC_2897,3200,0.0004,75.0,32.0,50.5,40.2,0,0
102D3100,DSC_2898,3200,0.0004,80.0,32.0,46.6,40.7,0,0
102D3100,DSC_2899,3200,0.0004,80.0,32.0,43.7,39.0,0,0
102D3100,DSC_2900,3200,0.0004,80.0,32.0,44.0,39.9,0,0
102D3100,DSC_2901,3200,0.0004,80.0,32.0,51.6,30.5,0,0
102D3100,DSC_2902,3200,0.0004,80.0,32.0,48.5,30.1,0,0
102D3100,DSC_2903,3200,0.0004,80.0,32.0,48.4,30.5,0,0
102D3100,DSC_2904,3200,0.0004,80.0,32.0,34.2,30.9,0,0
102D3100,DSC_2905,3200,0.0004,80.0,32.0,34.3,31.1,0,0
102D3100,DSC_2906,3200,0.0004,80.0,32.0,35.3,31.2,0,0
102D3100,DSC_2907,3200,0.0004,85.0,32.0,38.2,28.8,0,0
102D3100,DSC_2908,3200,0.0004,85.0,32.0,34.8,27.6,0,0
102D3100,DSC_2909,3200,0.0004,85.0,32.0,46.5,33.7,0,0
102D3100,DSC_2910,3200,0.0004,85.0,32.0,46.3,35.5,0,0
102D3100,DSC_2911,3200,0.0004,75.0,32.0,55.2,35.0,0,0
102D3100,DSC_2912,3200,0.0004,75.0,32.0,52.0,35.9,0,0
102D3100,DSC_2913,3200,0.0004,75.0,32.0,49.8,35.4,0,0
102D3100,DSC_2914,3200,0.0004,80.0,32.0,50.3,34.4,0,0
102D3100,DSC_2915,3200,0.0004,80.0,32.0,48.1,32.4,0,0
102D3100,DSC_2916,3200,0.0004,75.0,32.0,52.7,33.2,0,0
102D3100,DSC_2917,3200,0.0004,75.0,32.0,52.5,33.5,0,0
102D3100,DSC_2918,3200,0.0004,75.0,32.0,50.6,32.1,0,0
102D3100,DSC_2919,3200,0.0004,75.0,32.0,35.2,31.1,0,0
102D3100,DSC_2920,3200,0.0004,75.0,32.0,554.1,134.4,0,0
102D3100,DSC_2921,3200,0.0004,75.0,32.0,575.6,131.4,0,0
102D3100,DSC_2922,3200,0.0004,75.0,32.0,569.4,139.1,0,0
102D3100,DSC_2923,3200,0.0004,75.0,32.0,572.6,131.8,0,0
102D3100,DSC_2924,3200,0.0004,75.0,32.0,543.7,124.8,0,0
102D3100,DSC_2925,3200,0.0004,75.0,32.0,576.2,124.5,0,0
102D3100,DSC_2926,3200,0.0004,75.0,32.0,523.0,127.5,0,0
102D3100,DSC_2927,3200,0.0004,75.0,32.0,549.6,119.6,0,0
102D3100,DSC_2928,3200,0.0004,75.0,32.0,626.6,113.9,0,0
102D3100,DSC_2929,3200,0.0004,75.0,32.0,573.6,114.4,0,0
102D3100,DSC_2930,3200,0.0004,80.0,32.0,50.9,32.6,0,0
102D3100,DSC_2931,3200,0.0004,80.0,32.0,46.3,33.8,0,0
102D3100,DSC_2932,3200,0.0004,80.0,32.0,47.2,35.4,0,0
102D3100,DSC_2933,3200,0.0004,80.0,32.0,47.7,36.1,0,0
102D3100,DSC_2934,3200,0.0004,80.0,32.0,46.9,36.3,0,0
102D3100,DSC_2935,3200,0.0004,80.0,32.0,52.7,31.9,0,0
102D3100,DSC_2936,3200,0.0004,80.0,32.0,47.5,35.3,0,0
102D3100,DSC_2937,3200,0.0004,80.0,32.0,43.6,35.7,0,0
102D3100,DSC_2938,3200,0.0004,80.0,32.0,45.3,36.1,0,0
102D3100,DSC_2939,3200,0.0004,80.0,32.0,45.6,35.2,0,0
102D3100,DSC_2940,3200,0.0004,80.0,32.0,43.5,35.2,0,0
102D3100,DSC_2941,3200,0.0004,75.0,32.0,59.9,34.5,0,0
102D3100,DSC_2942,3200,0.0004,75.0,32.0,53.8,33.9,0,0
102D3100,DSC_2943,3200,0.0004,75.0,32.0,55.5,35.5,0,0
102D3100,DSC_2944,3200,0.0004,75.0,32.0,58.9,30.1,0,0
102D3100,DSC_2945,3200,0.0004,75.0,32.0,57.4,29.7,0,0
102D3100,DSC_2946,3200,0.0004,75.0,32.0,51.5,29.0,0,0
102D3100,DSC_2947,3200,0.0004,75.0,32.0,52.2,30.0,0,0
102D3100,DSC_2948,3200,0.0004,75.0,32.0,59.2,32.6,0,0
102D3100,DSC_2949,3200,0.0004,75.0,32.0,55.8,33.2,0,0
102D3100,DSC_2950,3200,0.0004,75.0,32.0,49.7,35.1,0,0
102D3100,DSC_2951,3200,0.0004,75.0,32.0,48.9,42.0,0,0
102D3100,DSC_2952,3200,0.0004,75.0,32.0,50.4,36.6,0,0
102D3100,DSC_2953,3200,0.0004,75.0,32.0,51.6,35.5,0,0
102D3100,DSC_2954,3200,0.0004,75.0,32.0,57.3,31.2,0,0
102D3100,DSC_2955,3200,0.0004,75.0,32.0,53.7,32.2,0,0
102D3100,DSC_2956,3200,0.0004,75.0,32.0,23.0,108.5,0,0
102D3100,DSC_2957,3200,0.0004,75.0,32.0,22.6,112.2,0,0
102D3100,DSC_2958,3200,0.0004,75.0,32.0,52.9,33.3,0,0
102D3100,DSC_2959,3200,0.0004,75.0,32.0,52.0,32.7,0,0
102D3100,DSC_2960,3200,0.0004,75.0,32.0,51.6,30.9,0,0
102D3100,DSC_2961,3200,0.0004,75.0,32.0,52.9,31.4,0,0
102D3100,DSC_2962,3200,0.0004,75.0,32.0,52.6,32.3,0,0
102D3100,DSC_2963,3200,0.0004,75.0,32.0,53.9,30.2,0,0
102D3100,DSC_2964,3200,0.0004,75.0,32.0,53.7,33.4,0,0
102D3100,DSC_2965,3200,0.0004,75.0,32.0,53.4,34.0,0,0
102D3100,DSC_2966,3200,0.0004,75.0,32.0,38.3,27.2,0,0
102D3100,DSC_2967,3200,0.0004,75.0,32.0,36.3,26.6,0,0
102D3100,DSC_2968,3200,0.0004,75.0,32.0,36.8,31.4,0,0
102D3100,DSC_2969,3200,0.0004,75.0,32.0,34.3,30.8,0,0
102D3100,DSC_2970,3200,0.0004,75.0,32.0,38.8,28.8,0,0
102D3100,DSC_2971,3200,0.0004,75.0,32.0,51.7,25.9,0,0
102D3100,DSC_2972,3200,0.0004,75.0,32.0,42.4,27.5,0,0
102D3100,DSC_2973,3200,0.0004,75.0,32.0,38.5,27.2,0,0
102D3100,DSC_2974,3200,0.0004,80.0,32.0,52.8,23.0,0,0
102D3100,DSC_2975,3200,0.0004,80.0,32.0,52.1,26.1,0,0
102D3100,DSC_2976,3200,0.0004,80.0,32.0,52.9,29.4,0,0
102D3100,DSC_2977,3200,0.0004,80.0,32.0,53.5,30.6,0,0
102D3100,DSC_2978,3200,0.0004,80.0,32.0,47.8,32.3,0,0
102D3100,DSC_2979,3200,0.0004,80.0,32.0,50.0,32.4,0,0
102D3100,DSC_2980,3200,0.0004,80.0,32.0,47.1,33.1,0,0
102D3100,DSC_2981,3200,0.0004,80.0,32.0,46.0,36.0,0,0
102D3100,DSC_2982,3200,0.0004,80.0,32.0,37.6,28.0,0,0
102D3100,DSC_2983,3200,0.0004,80.0,32.0,49.4,29.9,0,0
102D3100,DSC_2984,3200,0.0004,80.0,32.0,49.0,31.6,0,0
102D3100,DSC_2985,3200,0.0004,80.0,32.0,50.8,26.7,0,0
102D3100,DSC_2986,3200,0.0004,75.0,32.0,56.1,32.4,0,0
102D3100,DSC_2987,3200,0.0004,75.0,32.0,51.0,35.4,0,0
102D3100,DSC_2988,3200,0.0004,75.0,32.0,49.2,35.8,0,0
102D3100,DSC_2989,3200,0.0004,75.0,32.0,49.1,38.6,0,0
102D3100,DSC_2990,3200,0.0004,75.0,32.0,47.4,37.9,0,0
102D3100,DSC_2991,3200,0.0004,75.0,32.0,54.1,29.4,0,0
102D3100,DSC_2992,3200,0.0004,75.0,32.0,70.1,52.5,0,0
102D3100,DSC_2993,3200,0.0004,75.0,32.0,49.7,41.7,0,0
102D3100,DSC_2994,3200,0.0004,75.0,32.0,55.9,35.5,0,0
102D3100,DSC_2995,3200,0.0004,75.0,32.0,54.3,35.3,0,0
102D3100,DSC_2996,3200,0.0004,75.0,32.0,55.2,30.4,0,0
102D3100,DSC_2997,3200,0.0004,75.0,32.0,57.1,33.9,0,0
102D3100,DSC_2998,3200,0.0004,75.0,32.0,54.4,34.0,0,0
102D3100,DSC_2999,3200,0.0004,75.0,32.0,49.2,30.5,0,0
102D3100,DSC_3000,3200,0.0004,75.0,32.0,53.7,30.8,0,0
102D3100,DSC_3001,3200,0.0004,75.0,32.0,53.3,33.6,0,0
102D3100,DSC_3002,3200,0.0004,75.0,32.0,53.5,45.6,0,0
102D3100,DSC_3003,3200,0.0004,75.0,32.0,53.7,37.3,0,0
102D3100,DSC_3004,3200,0.0004,75.0,32.0,51.3,29.2,0,0
102D3100,DSC_3005,3200,0.0004,75.0,32.0,52.1,27.3,0,0
102D3100,DSC_3006,3200,0.0004,75.0,32.0,47.0,31.1,0,0
102D3100,DSC_3007,3200,0.0004,75.0,32.0,52.1,27.4,0,0
102D3100,DSC_3008,3200,0.0004,75.0,32.0,56.6,27.0,0,0
102D3100,DSC_3009,3200,0.0004,75.0,32.0,42.7,28.5,0,0
102D3100,DSC_3010,3200,0.0004,75.0,32.0,40.5,27.9,0,0
102D3100,DSC_3011,3200,0.0004,75.0,32.0,55.3,28.7,0,0
102D3100,DSC_3012,3200,0.0004,75.0,32.0,46.2,29.2,0,0
102D3100,DSC_3013,3200,0.0004,75.0,32.0,36.3,30.2,0,0
102D3100,DSC_3014,3200,0.0004,75.0,32.0,39.7,29.6,0,0
102D3100,DSC_3015,3200,0.0004,75.0,32.0,47.8,31.5,0,0
102D3100,DSC_3016,3200,0.0004,75.0,32.0,48.5,39.7,0,0
102D3100,DSC_3017,3200,0.0004,75.0,32.0,50.0,41.0,0,0
102D3100,DSC_3018,3200,0.0004,75.0,32.0,46.5,47.0,0,0
102D3100,DSC_3019,3200,0.0004,75.0,32.0,50.3,34.1,0,0
102D3100,DSC_3020,3200,0.0004,75.0,32.0,48.9,27.9,0,0
102D3100,DSC_3021,3200,0.0004,75.0,32.0,61.5,28.6,0,0
102D3100,DSC_3022,3200,0.0004,75.0,32.0,38.1,30.8,0,0
102D3100,DSC_3023,3200,0.0004,75.0,32.0,50.1,33.5,0,0
102D3100,DSC_3024,3200,0.0004,75.0,32.0,52.0,39.4,0,0
102D3100,DSC_3025,3200,0.0004,75.0,32.0,47.9,38.5,0,0
102D3100,DSC_3026,3200,0.0004,75.0,32.0,45.7,27.3,0,0
102D3100,DSC_3027,3200,0.0004,75.0,32.0,36.3,28.4,0,0
102D3100,DSC_3028,3200,0.0004,75.0,32.0,47.0,29.9,0,0
102D3100,DSC_3029,3200,0.0004,75.0,32.0,54.5,26.4,0,0
102D3100,DSC_3030,3200,0.0004,75.0,32.0,41.4,25.6,0,0
102D3100,DSC_3031,3200,0.0004,75.0,32.0,52.1,27.6,0,0
102D3100,DSC_3032,3200,0.0004,75.0,32.0,57.5,31.5,0,0
102D3100,DSC_3033,3200,0.0004,75.0,32.0,49.3,35.9,0,0
102D3100,DSC_3034,3200,0.0004,75.0,32.0,50.6,37.7,0,0
102D3100,DSC_3035,3200,0.0004,75.0,32.0,51.0,34.6,0,0
102D3100,DSC_3036,3200,0.0004,75.0,32.0,50.6,35.0,0,0
102D3100,DSC_3037,3200,0.0004,75.0,32.0,47.4,32.3,0,0
102D3100,DSC_3038,3200,0.0004,80.0,32.0,50.4,34.0,0,0
102D3100,DSC_3039,3200,0.0004,80.0,32.0,48.6,31.0,0,0
102D3100,DSC_3040,3200,0.0004,80.0,32.0,43.4,25.9,0,0
102D3100,DSC_3041,3200,0.0004,80.0,32.0,45.5,26.2,0,0
102D3100,DSC_3042,3200,0.0004,80.0,32.0,51.9,33.4,0,0
102D3100,DSC_3043,3200,0.0004,80.0,32.0,48.8,32.5,0,0
102D3100,DSC_3044,3200,0.0004,80.0,32.0,48.8,31.0,0,0
102D3100,DSC_3045,3200,0.0004,80.0,32.0,47.0,34.2,0,0
102D3100,DSC_3046,3200,0.0004,80.0,32.0,48.1,33.0,0,0
102D3100,DSC_3047,3200,0.0004,80.0,32.0,47.5,32.9,0,0
102D3100,DSC_3048,3200,0.0004,75.0,32.0,51.9,27.8,0,0
102D3100,DSC_3049,3200,0.0004,75.0,32.0,50.1,27.5,0,0
102D3100,DSC_3050,3200,0.0004,75.0,32.0,50.0,25.9,0,0
102D3100,DSC_3051,3200,0.0004,75.0,32.0,48.0,26.5,0,0
102D3100,DSC_3052,3200,0.0004,75.0,32.0,48.6,27.0,0,0
102D3100,DSC_3053,3200,0.0004,75.0,32.0,53.5,25.2,0,0
102D3100,DSC_3054,3200,0.0004,75.0,32.0,46.7,25.2,0,0
102D3100,DSC_3055,3200,0.0004,75.0,32.0,52.4,29.8,0,0
102D3100,DSC_3056,3200,0.0004,75.0,32.0,50.7,29.4,0,0
102D3100,DSC_3057,3200,0.0004,80.0,32.0,45.1,35.0,0,0
102D3100,DSC_3058,3200,0.0004,80.0,32.0,45.3,35.5,0,0
102D3100,DSC_3059,3200,0.0004,80.0,32.0,48.3,37.5,0,0
102D3100,DSC_3060,3200,0.0004,75.0,32.0,75.5,24.9,0,0
102D3100,DSC_3061,3200,0.0004,75.0,32.0,67.4,23.4,0,0
102D3100,DSC_3062,3200,0.0004,75.0,32.0,46.0,36.4,0,0
102D3100,DSC_3063,3200,0.0004,75.0,32.0,45.2,38.8,0,0
102D3100,DSC_3064,3200,0.0004,75.0,32.0,71.5,47.2,0,0
102D3100,DSC_3065,3200,0.0004,75.0,32.0,47.8,37.2,0,0
102D3100,DSC_3066,3200,0.0004,75.0,32.0,46.0,30.9,0,0
102D3100,DSC_3067,3200,0.0004,75.0,32.0,50.5,28.6,0,0
102D3100,DSC_3068,3200,0.0004,75.0,32.0,48.4,28.1,0,0
102D3100,DSC_3069,3200,0.0004,75.0,32.0,55.1,25.0,0,0
102D3100,DSC_3070,3200,0.0004,75.0,32.0,67.2,24.6,0,0
102D3100,DSC_3071,3200,0.0004,75.0,32.0,49.8,32.4,0,0
102D3100,DSC_3072,3200,0.0004,75.0,32.0,48.4,36.6,0,0
102D3100,DSC_3073,3200,0.0004,75.0,32.0,46.1,34.6,0,0
102D3100,DSC_3074,3200,0.0004,75.0,32.0,44.8,34.7,0,0
102D3100,DSC_3075,3200,0.0004,75.0,32.0,43.4,34.1,0,0
102D3100,DSC_3076,3200,0.0004,75.0,32.0,48.3,34.1,0,0
102D3100,DSC_3077,3200,0.0004,75.0,32.0,45.6,34.2,0,0
102D3100,DSC_3078,3200,0.0004,75.0,32.0,48.2,40.9,0,0
102D3100,DSC_3079,3200,0.0004,75.0,32.0,39.5,26.4,0,0
102D3100,DSC_3080,3200,0.0004,75.0,32.0,37.9,26.1,0,0
102D3100,DSC_3081,3200,0.0004,75.0,32.0,39.2,26.8,0,0
102D3100,DSC_3082,3200,0.0004,75.0,32.0,34.8,26.1,0,0
102D3100,DSC_3083,3200,0.0004,135.0,32.0,57.9,27.9,0,0
102D3100,DSC_3084,3200,0.0004,135.0,32.0,56.9,27.2,0,0
102D3100,DSC_3085,3200,0.0004,170.0,32.0,82.9,42.4,0,0
102D3100,DSC_3086,3200,0.0004,170.0,32.0,65.9,38.0,0,0
102D3100,DSC_3087,3200,0.0004,170.0,32.0,62.5,33.0,0,0
102D3100,DSC_3088,3200,0.0004,170.0,32.0,57.0,32.1,0,0
102D3100,DSC_3089,3200,0.0004,170.0,32.0,56.1,31.9,0,0
102D3100,DSC_3090,3200,0.0004,170.0,32.0,49.4,30.5,0,0
102D3100,DSC_3091,3200,0.0004,170.0,32.0,53.9,28.5,0,0
102D3100,DSC_3092,3200,0.0004,170.0,32.0,52.3,27.8,0,0
102D3100,DSC_3093,3200,0.0004,145.0,32.0,54.0,27.5,0,0
102D3100,DSC_3094,3200,0.0004,145.0,32.0,53.7,26.0,0,0
102D3100,DSC_3095,3200,0.0004,155.0,32.0,57.1,27.8,0,0
102D3100,DSC_3096,3200,0.0004,155.0,32.0,55.7,26.7,0,0
102D3100,DSC_3097,3200,0.0004,155.0,32.0,52.4,31.1,0,0
102D3100,DSC_3098,3200,0.0004,155.0,32.0,55.0,31.7,0,0
102D3100,DSC_3099,3200,0.0004,122.0,32.0,60.5,32.8,0,0
102D3100,DSC_3100,3200,0.0004,122.0,32.0,62.1,33.1,0,0
102D3100,DSC_3101,3200,0.0004,122.0,32.0,64.1,33.5,0,0
102D3100,DSC_3102,3200,0.0004,122.0,32.0,62.9,33.8,0,0
102D3100,DSC_3103,3200,0.0004,122.0,32.0,67.4,31.1,0,0
102D3100,DSC_3104,3200,0.0004,122.0,32.0,61.7,30.8,0,0
102D3100,DSC_3105,3200,0.0004,135.0,32.0,65.0,30.6,0,0
102D3100,DSC_3106,3200,0.0004,135.0,32.0,61.1,29.7,0,0
102D3100,DSC_3107,3200,0.0004,145.0,32.0,73.7,22.7,0,0
102D3100,DSC_3108,3200,0.0004,145.0,32.0,63.9,23.1,0,0
102D3100,DSC_3109,3200,0.0004,145.0,32.0,57.9,23.2,0,0
102D3100,DSC_3110,3200,0.0004,135.0,32.0,62.4,22.5,0,0
102D3100,DSC_3111,3200,0.0004,135.0,32.0,62.6,21.8,0,0
102D3100,DSC_3112,3200,0.0004,135.0,32.0,67.1,22.1,0,0
102D3100,DSC_3113,3200,0.0004,135.0,32.0,45.6,24.7,0,0
102D3100,DSC_3114,3200,0.0004,135.0,32.0,46.3,25.4,0,0
102D3100,DSC_3115,3200,0.0004,155.0,32.0,60.0,27.4,0,0
102D3100,DSC_3116,3200,0.0004,155.0,32.0,48.6,28.0,0,0
102D3100,DSC_3117,3200,0.0004,155.0,32.0,48.5,31.1,0,0
102D3100,DSC_3118,3200,0.0004,155.0,32.0,42.6,37.5,0,0
102D3100,DSC_3119,3200,0.0004,170.0,32.0,42.1,26.3,0,0
102D3100,DSC_3120,3200,0.0004,170.0,32.0,43.9,25.2,0,0
102D3100,DSC_3121,3200,0.0004,155.0,32.0,42.6,26.6,0,0
102D3100,DSC_3122,3200,0.0004,155.0,32.0,41.1,24.7,0,0
102D3100,DSC_3123,3200,0.0004,170.0,32.0,44.8,20.5,0,0
102D3100,DSC_3124,3200,0.0004,170.0,32.0,46.1,21.6,0,0
102D3100,DSC_3125,3200,0.0004,180.0,32.0,35.6,28.3,0,0
102D3100,DSC_3126,3200,0.0004,180.0,32.0,39.6,25.7,0,0
102D3100,DSC_3127,3200,0.0004,180.0,32.0,35.2,28.1,0,0
102D3100,DSC_3128,3200,0.0004,170.0,32.0,37.2,27.9,0,0
102D3100,DSC_3129,3200,0.0004,170.0,32.0,39.6,26.1,0,0
102D3100,DSC_3130,3200,0.0004,170.0,32.0,39.9,24.6,0,0
102D3100,DSC_3131,3200,0.0004,170.0,32.0,39.4,28.5,0,0
102D3100,DSC_3132,3200,0.0004,170.0,32.0,40.2,28.7,0,0
102D3100,DSC_3133,3200,0.0004,180.0,32.0,56.2,23.8,0,0
102D3100,DSC_3134,3200,0.0004,180.0,32.0,49.9,23.4,0,0
102D3100,DSC_3135,3200,0.0004,190.0,32.0,54.1,24.1,0,0
102D3100,DSC_3136,3200,0.0004,190.0,32.0,66.1,25.7,0,0
102D3100,DSC_3137,3200,0.0004,170.0,32.0,54.4,26.1,0,0
102D3100,DSC_3138,3200,0.0004,170.0,32.0,65.6,25.2,0,0
102D3100,DSC_3139,3200,0.0004,170.0,32.0,64.5,26.7,0,0
102D3100,DSC_3140,3200,0.0004,170.0,32.0,58.1,25.9,0,0
102D3100,DSC_3141,3200,0.0004,155.0,32.0,37.3,40.5,0,0
102D3100,DSC_3142,3200,0.0004,155.0,32.0,35.9,41.2,0,0
102D3100,DSC_3143,3200,0.0004,155.0,32.0,39.3,40.4,0,0
102D3100,DSC_3144,3200,0.0004,155.0,32.0,41.8,41.4,0,0
102D3100,DSC_3145,3200,0.0004,155.0,32.0,41.2,44.5,0,0
102D3100,DSC_3146,3200,0.0004,155.0,32.0,44.8,48.6,0,0
102D3100,DSC_3147,3200,0.0004,155.0,32.0,48.4,48.5,0,0
102D3100,DSC_3148,3200,0.0004,155.0,32.0,46.3,51.6,0,0
102D3100,DSC_3149,3200,0.0004,170.0,32.0,58.8,54.4,0,0
102D3100,DSC_3150,3200,0.0004,155.0,32.0,34.1,74.2,0,0
102D3100,DSC_3151,3200,0.0004,180.0,32.0,65.7,25.4,0,0
102D3100,DSC_3152,3200,0.0004,180.0,32.0,63.0,25.3,0,0
102D3100,DSC_3153,3200,0.0004,180.0,32.0,63.1,25.2,0,0
102D3100,DSC_3154,3200,0.0004,180.0,32.0,50.3,37.3,0,0
102D3100,DSC_3155,3200,0.0004,180.0,32.0,54.4,37.8,0,0
102D3100,DSC_3156,3200,0.0004,200.0,32.0,48.4,47.3,0,0
102D3100,DSC_3157,3200,0.0004,200.0,32.0,50.1,38.0,0,0
102D3100,DSC_3158,3200,0.0004,210.0,32.0,55.2,31.8,0,0
102D3100,DSC_3159,3200,0.0004,210.0,32.0,52.7,31.3,0,0
102D3100,DSC_3160,3200,0.0004,220.0,32.0,48.5,27.5,0,0
102D3100,DSC_3161,3200,0.0004,200.0,32.0,59.9,33.3,0,0
102D3100,DSC_3162,3200,0.0004,220.0,32.0,54.7,32.3,0,0
102D3100,DSC_3163,3200,0.0004,220.0,32.0,76.6,37.3,0,0
102D3100,DSC_3164,3200,0.0004,220.0,32.0,81.6,38.6,0,0
102D3100,DSC_3165,3200,0.0004,220.0,32.0,128.5,52.7,0,0
102D3100,DSC_3166,3200,0.0004,220.0,32.0,220.8,67.5,0,0
102D3100,DSC_3167,3200,0.0004,145.0,32.0,50.0,26.0,0,0
102D3100,DSC_3168,3200,0.0004,145.0,32.0,41.3,26.9,0,0
102D3100,DSC_3169,3200,0.0004,145.0,32.0,67.4,25.9,0,0
102D3100,DSC_3170,3200,0.0004,145.0,32.0,66.1,25.3,0,0
102D3100,DSC_3171,3200,0.0004,145.0,32.0,76.1,25.3,0,0
102D3100,DSC_3172,3200,0.0004,145.0,32.0,53.0,26.7,0,0
102D3100,DSC_3173,3200,0.0004,145.0,32.0,49.8,26.2,0,0
102D3100,DSC_3174,3200,0.0004,145.0,32.0,53.8,26.0,0,0
102D3100,DSC_3175,3200,0.0004,155.0,32.0,50.9,25.5,0,0
102D3100,DSC_3176,3200,0.0004,145.0,32.0,61.5,33.9,0,0
102D3100,DSC_3177,3200,0.0004,145.0,32.0,63.3,34.4,0,0
102D3100,DSC_3178,3200,0.0004,145.0,32.0,61.6,34.3,0,0
102D3100,DSC_3179,3200,0.0004,145.0,32.0,65.6,27.0,0,0
102D3100,DSC_3180,3200,0.0004,145.0,32.0,57.2,26.6,0,0
102D3100,DSC_3181,3200,0.0004,135.0,32.0,60.2,27.4,0,0
102D3100,DSC_3182,3200,0.0004,135.0,32.0,68.5,26.5,0,0
102D3100,DSC_3183,3200,0.0004,122.0,32.0,92.1,26.8,0,0
102D3100,DSC_3184,3200,0.0004,122.0,32.0,79.6,25.7,0,0
102D3100,DSC_3185,3200,0.0004,122.0,32.0,85.2,26.9,0,0
102D3100,DSC_3186,3200,0.0004,122.0,32.0,83.0,27.4,0,0
102D3100,DSC_3187,3200,0.0004,135.0,32.0,74.2,29.8,0,0
102D3100,DSC_3188,3200,0.0004,135.0,32.0,74.5,27.7,0,0
102D3100,DSC_3189,3200,0.0004,135.0,32.0,81.8,25.9,0,0
102D3100,DSC_3190,3200,0.0004,135.0,32.0,43.6,25.8,0,0
102D3100,DSC_3191,3200,0.0004,135.0,32.0,59.2,27.4,0,0
102D3100,DSC_3192,3200,0.0004,122.0,32.0,54.6,27.3,0,0
102D3100,DSC_3193,3200,0.0004,155.0,32.0,65.1,36.4,0,0
102D3100,DSC_3194,3200,0.0004,155.0,32.0,64.8,35.9,0,0
102D3100,DSC_3195,3200,0.0004,155.0,32.0,66.2,36.2,0,0
102D3100,DSC_3196,3200,0.0004,155.0,32.0,66.0,36.6,0,0
102D3100,DSC_3197,3200,0.0004,145.0,32.0,69.0,36.6,0,0
102D3100,DSC_3198,3200,0.0004,145.0,32.0,62.3,35.2,0,0
102D3100,DSC_3199,3200,0.0004,145.0,32.0,63.9,34.9,0,0
102D3100,DSC_3200,3200,0.0004,145.0,32.0,56.5,35.2,0,0
102D3100,DSC_3201,3200,0.0004,135.0,32.0,76.1,28.4,0,0
102D3100,DSC_3202,3200,0.0004,135.0,32.0,77.1,27.7,0,0
102D3100,DSC_3203,3200,0.0004,122.0,32.0,89.8,28.6,0,0
102D3100,DSC_3204,3200,0.0004,116.0,32.0,45.7,26.5,0,0
102D3100,DSC_3205,3200,0.0004,116.0,32.0,46.3,25.7,0,0
102D3100,DSC_3206,3200,0.0004,116.0,32.0,45.3,26.2,0,0
102D3100,DSC_3207,3200,0.0004,116.0,32.0,49.7,26.1,0,0
102D3100,DSC_3208,3200,0.0004,116.0,32.0,53.0,24.3,0,0
102D3100,DSC_3209,3200,0.0004,105.0,32.0,69.3,30.4,0,0
102D3100,DSC_3210,3200,0.0004,105.0,32.0,72.9,29.1,0,0
102D3100,DSC_3211,3200,0.0004,105.0,32.0,73.1,31.1,0,0
102D3100,DSC_3212,3200,0.0004,105.0,32.0,73.2,32.2,0,0
102D3100,DSC_3213,3200,0.0004,105.0,32.0,72.4,31.9,0,0
102D3100,DSC_3214,3200,0.0004,105.0,32.0,78.3,33.4,0,0
102D3100,DSC_3215,3200,0.0004,105.0,32.0,80.7,34.0,0,0
102D3100,DSC_3216,3200,0.0004,105.0,32.0,51.9,30.3,0,0
102D3100,DSC_3217,3200,0.0004,116.0,32.0,40.8,26.0,0,0
102D3100,DSC_3218,3200,0.0004,116.0,32.0,44.8,26.8,0,0
102D3100,DSC_3219,3200,0.0004,98.0,32.0,47.3,25.2,0,0
102D3100,DSC_3220,3200,0.0004,98.0,32.0,44.3,24.8,0,0
102D3100,DSC_3221,3200,0.0004,98.0,32.0,50.8,25.3,0,0
102D3100,DSC_3222,3200,0.0004,98.0,32.0,47.5,25.9,0,0
102D3100,DSC_3223,3200,0.0004,98.0,32.0,48.0,27.2,0,0
102D3100,DSC_3224,3200,0.0004,92.0,32.0,76.8,33.9,0,0
102D3100,DSC_3225,3200,0.0004,92.0,32.0,76.2,34.9,0,0
102D3100,DSC_3226,3200,0.0004,92.0,32.0,62.9,31.2,0,0
102D3100,DSC_3227,3200,0.0004,92.0,32.0,73.0,31.1,0,0
102D3100,DSC_3228,3200,0.0004,92.0,32.0,71.3,31.2,0,0
102D3100,DSC_3229,3200,0.0004,85.0,32.0,89.3,39.6,0,0
102D3100,DSC_3230,3200,0.0004,85.0,32.0,85.0,37.3,0,0
102D3100,DSC_3231,3200,0.0004,80.0,32.0,58.0,27.3,0,0
102D3100,DSC_3232,3200,0.0004,80.0,32.0,48.1,25.9,0,0
102D3100,DSC_3233,3200,0.0004,85.0,32.0,44.8,30.5,0,0
102D3100,DSC_3234,3200,0.0004,85.0,32.0,45.0,30.8,0,0
102D3100,DSC_3235,3200,0.0004,80.0,32.0,42.5,31.2,0,0
102D3100,DSC_3236,3200,0.0004,80.0,32.0,42.3,28.4,0,0
102D3100,DSC_3237,3200,0.0004,80.0,32.0,55.8,31.9,0,0
102D3100,DSC_3238,3200,0.0004,80.0,32.0,56.3,30.3,0,0
102D3100,DSC_3239,3200,0.0004,80.0,32.0,68.7,34.1,0,0
102D3100,DSC_3240,3200,0.0004,80.0,32.0,75.1,32.0,0,0
102D3100,DSC_3241,3200,0.0004,105.0,32.0,86.1,50.7,0,0
102D3100,DSC_3242,3200,0.0004,80.0,32.0,83.9,46.7,0,0
102D3100,DSC_3243,3200,0.0004,80.0,32.0,85.8,46.7,0,0
102D3100,DSC_3244,3200,0.0004,80.0,32.0,84.4,44.1,0,0
102D3100,DSC_3245,3200,0.0004,85.0,32.0,69.4,31.7,0,0
102D3100,DSC_3246,3200,0.0004,85.0,32.0,66.0,31.4,0,0
102D3100,DSC_3247,3200,0.0004,85.0,32.0,66.7,32.0,0,0
102D3100,DSC_3248,3200,0.0004,85.0,32.0,65.9,31.5,0,0
102D3100,DSC_3249,3200,0.0004,92.0,32.0,64.3,29.7,0,0
102D3100,DSC_3250,3200,0.0004,92.0,32.0,70.0,26.1,0,0
102D3100,DSC_3251,3200,0.0004,92.0,32.0,73.5,25.9,0,0
102D3100,DSC_3252,3200,0.0004,85.0,32.0,79.7,26.7,0,0
102D3100,DSC_3253,3200,0.0004,85.0,32.0,78.9,26.5,0,0
102D3100,DSC_3254,3200,0.0004,85.0,32.0,79.7,34.0,0,0
102D3100,DSC_3255,3200,0.0004,85.0,32.0,80.6,36.5,0,0
102D3100,DSC_3256,3200,0.0004,85.0,32.0,78.4,40.3,0,0
102D3100,DSC_3257,3200,0.0004,92.0,32.0,67.7,37.3,0,0
102D3100,DSC_3258,3200,0.0004,92.0,32.0,73.8,39.4,0,0
102D3100,DSC_3259,3200,0.0004,85.0,32.0,209.6,52.7,0,0
102D3100,DSC_3260,3200,0.0004,85.0,32.0,342.1,68.2,0,0
102D3100,DSC_3261,3200,0.0004,85.0,32.0,549.1,99.5,0,0
102D3100,DSC_3262,3200,0.0004,85.0,32.0,57.1,27.3,0,0
102D3100,DSC_3263,3200,0.0004,85.0,32.0,53.1,28.5,0,0
102D3100,DSC_3264,3200,0.0004,85.0,32.0,49.3,28.9,0,0
102D3100,DSC_3265,3200,0.0004,85.0,32.0,74.7,33.1,0,0
102D3100,DSC_3266,3200,0.0004,85.0,32.0,76.4,33.7,0,0
102D3100,DSC_3267,3200,0.0004,85.0,32.0,78.3,37.3,0,0
102D3100,DSC_3268,3200,0.0004,85.0,32.0,53.3,32.6,0,0
102D3100,DSC_3269,3200,0.0004,85.0,32.0,57.4,28.4,0,0
102D3100,DSC_3270,3200,0.0004,85.0,32.0,49.9,31.0,0,0
102D3100,DSC_3271,3200,0.0004,85.0,32.0,54.5,29.1,0,0
102D3100,DSC_3272,3200,0.0004,85.0,32.0,59.9,31.8,0,0
102D3100,DSC_3273,3200,0.0004,92.0,32.0,49.0,31.3,0,0
102D3100,DSC_3274,3200,0.0004,92.0,32.0,47.6,28.8,0,0
102D3100,DSC_3275,3200,0.0004,92.0,32.0,58.2,32.1,0,0
102D3100,DSC_3276,3200,0.0004,92.0,32.0,58.9,35.0,0,0
102D3100,DSC_3277,3200,0.0004,92.0,32.0,61.2,36.0,0,0
102D3100,DSC_3278,3200,0.0004,80.0,32.0,44.5,34.3,0,0
102D3100,DSC_3279,3200,0.0004,98.0,32.0,47.6,33.7,0,0
102D3100,DSC_3280,3200,0.0004,145.0,32.0,38.2,27.9,0,0
102D3100,DSC_3281,3200,0.0004,145.0,32.0,40.3,26.1,0,0
102D3100,DSC_3282,3200,0.0004,145.0,32.0,35.5,25.7,0,0
102D3100,DSC_3283,3200,0.0004,180.0,32.0,45.7,27.5,0,0
102D3100,DSC_3284,3200,0.0004,180.0,32.0,44.3,26.9,0,0
102D3100,DSC_3285,3200,0.0004,170.0,32.0,63.3,34.4,0,0
102D3100,DSC_3286,3200,0.0004,170.0,32.0,69.3,34.4,0,0
102D3100,DSC_3287,3200,0.0004,170.0,32.0,74.8,35.5,0,0
102D3100,DSC_3288,3200,0.0004,170.0,32.0,77.6,32.9,0,0
102D3100,DSC_3289,3200,0.0004,170.0,32.0,83.4,38.2,0,0
102D3100,DSC_3290,3200,0.0004,170.0,32.0,64.5,33.5,0,0
102D3100,DSC_3291,3200,0.0004,170.0,32.0,83.9,33.7,0,0
102D3100,DSC_3292,3200,0.0004,170.0,32.0,92.0,33.5,0,0
102D3100,DSC_3293,3200,0.0004,170.0,32.0,80.5,30.8,0,0
102D3100,DSC_3294,3200,0.0004,180.0,32.0,89.8,29.0,0,0
102D3100,DSC_3295,3200,0.0004,180.0,32.0,91.3,28.1,0,0
102D3100,DSC_3296,3200,0.0004,190.0,32.0,107.5,26.0,0,0
102D3100,DSC_3297,3200,0.0004,190.0,32.0,103.8,24.8,0,0
102D3100,DSC_3298,3200,0.0004,190.0,32.0,140.2,24.7,0,0
102D3100,DSC_3299,3200,0.0004,190.0,32.0,142.7,24.6,0,0
102D3100,DSC_3300,3200,0.0004,190.0,32.0,104.7,24.4,0,0
102D3100,DSC_3301,3200,0.0004,190.0,32.0,87.0,31.4,0,0
102D3100,DSC_3302,3200,0.0004,190.0,32.0,86.8,31.5,0,0
102D3100,DSC_3303,3200,0.0004,190.0,32.0,88.1,34.4,0,0
102D3100,DSC_3304,3200,0.0004,190.0,32.0,86.7,35.1,0,0
102D3100,DSC_3305,3200,0.0004,200.0,32.0,69.3,30.4,0,0
102D3100,DSC_3306,3200,0.0004,200.0,32.0,90.0,28.6,0,0
102D3100,DSC_3307,3200,0.0004,200.0,32.0,61.7,31.5,0,0
102D3100,DSC_3308,3200,0.0004,200.0,32.0,115.4,27.5,0,0
102D3100,DSC_3309,3200,0.0004,200.0,32.0,106.3,29.9,0,0
102D3100,DSC_3310,3200,0.0004,200.0,32.0,108.6,33.0,0,0
102D3100,DSC_3311,3200,0.0004,200.0,32.0,105.7,34.5,0,0
103D3100,DSC_3312,3200,0.0004,200.0,32.0,73.0,38.7,0,0
103D3100,DSC_3313,3200,0.0004,200.0,32.0,75.5,35.6,0,0
103D3100,DSC_3314,3200,0.0004,200.0,32.0,72.2,36.7,0,0
103D3100,DSC_3315,3200,0.0004,200.0,32.0,96.2,35.7,0,0
103D3100,DSC_3316,3200,0.0004,200.0,32.0,112.0,46.8,0,0
103D3100,DSC_3317,3200,0.0004,200.0,32.0,98.7,66.0,0,0
103D3100,DSC_3318,3200,0.0004,210.0,32.0,84.5,29.7,0,0
103D3100,DSC_3319,3200,0.0004,210.0,32.0,106.4,30.2,0,0
103D3100,DSC_3320,3200,0.0004,210.0,32.0,100.1,29.6,0,0
103D3100,DSC_3321,3200,0.0004,220.0,32.0,125.2,28.4,0,0
103D3100,DSC_3322,3200,0.0004,220.0,32.0,91.9,31.7,0,0
103D3100,DSC_3323,3200,0.0004,220.0,32.0,91.6,31.4,0,0
103D3100,DSC_3324,3200,0.0004,220.0,32.0,112.9,28.8,0,0
103D3100,DSC_3325,3200,0.0004,220.0,32.0,103.5,29.9,0,0
103D3100,DSC_3326,3200,0.0004,220.0,32.0,96.5,30.5,0,0
103D3100,DSC_3327,3200,0.0004,220.0,32.0,92.5,30.1,0,0
103D3100,DSC_3328,3200,0.0004,220.0,32.0,131.1,26.6,0,0
103D3100,DSC_3329,3200,0.0004,220.0,32.0,80.5,29.8,0,0
103D3100,DSC_3330,3200,0.0004,220.0,32.0,81.9,30.0,0,0
103D3100,DSC_3331,3200,0.0004,220.0,32.0,78.7,39.0,0,0
103D3100,DSC_3332,3200,0.0004,220.0,32.0,76.4,42.7,0,0
103D3100,DSC_3333,3200,0.0004,240.0,32.0,140.3,23.0,0,0
103D3100,DSC_3334,3200,0.0004,240.0,32.0,71.5,30.7,0,0
103D3100,DSC_3335,3200,0.0004,240.0,32.0,76.3,30.7,0,0
103D3100,DSC_3336,3200,0.0004,240.0,32.0,66.1,35.7,0,0
103D3100,DSC_3337,3200,0.0004,240.0,32.0,71.5,37.2,0,0
103D3100,DSC_3338,3200,0.0004,240.0,32.0,59.0,29.0,0,0
103D3100,DSC_3339,3200,0.0004,220.0,32.0,68.9,34.9,0,0
103D3100,DSC_3340,3200,0.0004,220.0,32.0,64.5,33.1,0,0
103D3100,DSC_3341,3200,0.0004,220.0,32.0,62.6,33.3,0,0
103D3100,DSC_3342,3200,0.0004,220.0,32.0,72.4,33.7,0,0
103D3100,DSC_3343,3200,0.0004,220.0,32.0,76.2,35.3,0,0
103D3100,DSC_3344,3200,0.0004,220.0,32.0,80.0,36.2,0,0
103D3100,DSC_3345,3200,0.0004,220.0,32.0,92.6,47.6,0,0
103D3100,DSC_3346,3200,0.0004,220.0,32.0,93.3,43.0,0,0
103D3100,DSC_3347,3200,0.0004,220.0,32.0,74.6,36.2,0,0
103D3100,DSC_3348,3200,0.0004,220.0,32.0,91.3,32.1,0,0
103D3100,DSC_3349,3200,0.0004,210.0,32.0,86.9,38.6,0,0
103D3100,DSC_3350,3200,0.0004,210.0,32.0,84.4,37.3,0,0
103D3100,DSC_3351,3200,0.0004,210.0,32.0,89.0,38.7,0,0
103D3100,DSC_3352,3200,0.0004,210.0,32.0,77.0,39.3,0,0
103D3100,DSC_3353,3200,0.0004,200.0,32.0,113.7,42.9,0,0
103D3100,DSC_3354,3200,0.0004,200.0,32.0,107.3,41.9,0,0
103D3100,DSC_3355,3200,0.0004,210.0,32.0,76.3,40.5,0,0
103D3100,DSC_3356,3200,0.0004,210.0,32.0,63.0,42.8,0,0
103D3100,DSC_3357,3200,0.0004,210.0,32.0,81.5,38.5,0,0
103D3100,DSC_3358,3200,0.0004,75.0,32.0,52.5,34.9,0,0
103D3100,DSC_3359,3200,0.0004,75.0,32.0,50.2,34.0,0,0
103D3100,DSC_3360,3200,0.0004,75.0,32.0,49.3,35.6,0,0
103D3100,DSC_3361,3200,0.0004,75.0,32.0,44.0,34.3,0,0
103D3100,DSC_3362,3200,0.0004,75.0,32.0,53.5,34.3,0,0
103D3100,DSC_3363,3200,0.0004,75.0,32.0,53.5,35.4,0,0
103D3100,DSC_3364,3200,0.0004,75.0,32.0,58.6,39.1,0,0
103D3100,DSC_3365,3200,0.0004,75.0,32.0,66.6,47.1,0,0
103D3100,DSC_3366,3200,0.0004,75.0,32.0,82.4,52.8,0,0
103D3100,DSC_3367,3200,0.0004,75.0,32.0,80.6,61.7,0,0
103D3100,DSC_3368,3200,0.0004,75.0,32.0,74.3,54.0,0,0
103D3100,DSC_3369,3200,0.0004,75.0,32.0,57.7,45.9,0,0
103D3100,DSC_3370,3200,0.0004,75.0,32.0,57.6,31.2,0,0
103D3100,DSC_3371,3200,0.0004,75.0,32.0,52.2,34.1,0,0
103D3100,DSC_3372,3200,0.0004,75.0,32.0,49.3,33.6,0,0
103D3100,DSC_3373,3200,0.0004,75.0,32.0,50.2,35.0,0,0
103D3100,DSC_3374,3200,0.0004,75.0,32.0,55.4,37.2,0,0
103D3100,DSC_3375,3200,0.0004,75.0,32.0,49.6,36.7,0,0
103D3100,DSC_3376,3200,0.0004,75.0,32.0,54.4,38.4,0,0
103D3100,DSC_3377,3200,0.0004,75.0,32.0,67.7,47.3,0,0
103D3100,DSC_3378,3200,0.0004,75.0,32.0,75.9,53.9,0,0
103D3100,DSC_3379,3200,0.0004,75.0,32.0,64.3,47.9,0,0
103D3100,DSC_3380,3200,0.0004,75.0,32.0,52.2,35.3,0,0
103D3100,DSC_3381,3200,0.0004,80.0,32.0,18.8,82.3,0,0
103D3100,DSC_3382,3200,0.0004,75.0,32.0,48.9,32.5,0,0
103D3100,DSC_3383,3200,0.0004,75.0,32.0,51.0,34.6,0,0
103D3100,DSC_3384,3200,0.0004,75.0,32.0,52.5,34.7,0,0
103D3100,DSC_3385,3200,0.0004,75.0,32.0,53.8,35.7,0,0
103D3100,DSC_3386,3200,0.0004,75.0,32.0,57.7,39.3,0,0
103D3100,DSC_3387,3200,0.0004,75.0,32.0,65.3,46.9,0,0
103D3100,DSC_3388,3200,0.0004,75.0,32.0,18.7,52.4,0,0
103D3100,DSC_3389,3200,0.0004,75.0,32.0,19.3,54.6,0,0
103D3100,DSC_3390,3200,0.0004,75.0,32.0,20.7,59.2,0,0
103D3100,DSC_3391,3200,0.0004,75.0,32.0,56.9,36.7,0,0
103D3100,DSC_3392,3200,0.0004,75.0,32.0,55.1,35.9,0,0
103D3100,DSC_3393,3200,0.0004,75.0,32.0,53.0,38.2,0,0
103D3100,DSC_3394,3200,0.0004,75.0,32.0,59.8,43.4,0,0
103D3100,DSC_3395,3200,0.0004,75.0,32.0,55.9,51.8,0,0
103D3100,DSC_3396,3200,0.0004,75.0,32.0,61.7,43.7,0,0
103D3100,DSC_3397,3200,0.0004,75.0,32.0,68.1,50.3,0,0
103D3100,DSC_3398,3200,0.0004,75.0,32.0,207.9,84.6,0,0
103D3100,DSC_3399,3200,0.0004,75.0,32.0,287.2,101.7,0,0
103D3100,DSC_3400,3200,0.0004,75.0,32.0,48.5,29.5,0,0
103D3100,DSC_3401,3200,0.0004,75.0,32.0,44.6,32.6,0,0
103D3100,DSC_3402,3200,0.0004,75.0,32.0,47.4,39.8,0,0
103D3100,DSC_3403,3200,0.0004,75.0,32.0,36.8,27.1,0,0
103D3100,DSC_3404,3200,0.0004,75.0,32.0,35.2,31.1,0,0
103D3100,DSC_3405,3200,0.0004,75.0,32.0,40.4,32.1,0,0
103D3100,DSC_3406,3200,0.0004,75.0,32.0,34.9,30.2,0,0
103D3100,DSC_3407,3200,0.0004,75.0,32.0,37.9,32.2,0,0
103D3100,DSC_3408,3200,0.0004,75.0,32.0,38.1,32.1,0,0
103D3100,DSC_3409,3200,0.0004,75.0,32.0,47.8,37.9,0,0
103D3100,DSC_3410,3200,0.0004,75.0,32.0,34.7,28.8,0,0
103D3100,DSC_3411,3200,0.0004,75.0,32.0,30.4,30.0,0,0
103D3100,DSC_3412,3200,0.0004,75.0,32.0,25.1,27.9,0,0
103D3100,DSC_3413,3200,0.0004,75.0,32.0,68.5,47.1,0,0
103D3100,DSC_3414,3200,0.0004,75.0,32.0,76.3,48.4,0,0
103D3100,DSC_3415,3200,0.0004,75.0,32.0,82.4,50.7,0,0
103D3100,DSC_3416,3200,0.0004,75.0,32.0,44.0,27.4,0,0
103D3100,DSC_3417,3200,0.0004,75.0,32.0,42.5,27.4,0,0
103D3100,DSC_3418,3200,0.0004,75.0,32.0,52.1,31.7,0,0
103D3100,DSC_3419,3200,0.0004,75.0,32.0,55.5,38.8,0,0
103D3100,DSC_3420,3200,0.0004,75.0,32.0,65.6,44.7,0,0
103D3100,DSC_3421,3200,0.0004,75.0,32.0,55.6,39.9,0,0
103D3100,DSC_3422,3200,0.0004,75.0,32.0,44.4,32.5,0,0
103D3100,DSC_3423,3200,0.0004,75.0,32.0,46.6,33.4,0,0
103D3100,DSC_3424,3200,0.0004,75.0,32.0,43.0,31.7,0,0
103D3100,DSC_3425,3200,0.0004,75.0,32.0,51.8,37.5,0,0
103D3100,DSC_3426,3200,0.0004,75.0,32.0,126.8,57.8,0,0
103D3100,DSC_3427,3200,0.0004,75.0,32.0,220.2,80.0,0,0
103D3100,DSC_3428,3200,0.0004,75.0,32.0,280.3,93.1,0,0
103D3100,DSC_3429,3200,0.0004,75.0,32.0,33.2,27.9,0,0
103D3100,DSC_3430,3200,0.0004,75.0,32.0,54.1,37.4,0,0
103D3100,DSC_3431,3200,0.0004,75.0,32.0,48.9,37.9,0,0
103D3100,DSC_3432,3200,0.0004,75.0,32.0,72.3,47.2,0,0
103D3100,DSC_3433,3200,0.0004,75.0,32.0,90.9,51.5,0,0
103D3100,DSC_3434,3200,0.0004,75.0,32.0,108.9,67.3,0,0
103D3100,DSC_3435,3200,0.0004,75.0,32.0,255.1,86.7,0,0
103D3100,DSC_3436,3200,0.0004,75.0,32.0,36.6,38.2,0,0
103D3100,DSC_3437,3200,0.0004,75.0,32.0,53.6,39.0,0,0
103D3100,DSC_3438,3200,0.0004,75.0,32.0,37.5,30.7,0,0
103D3100,DSC_3439,3200,0.0004,75.0,32.0,40.7,32.1,0,0
103D3100,DSC_3440,3200,0.0004,75.0,32.0,39.5,31.6,0,0
103D3100,DSC_3441,3200,0.0004,75.0,32.0,45.5,34.9,0,0
103D3100,DSC_3442,3200,0.0004,75.0,32.0,88.9,55.0,0,0
103D3100,DSC_3443,3200,0.0004,75.0,32.0,94.0,56.4,0,0
103D3100,DSC_3444,3200,0.0004,75.0,32.0,44.3,34.8,0,0
103D3100,DSC_3445,3200,0.0004,75.0,32.0,45.1,35.3,0,0
103D3100,DSC_3446,3200,0.0004,75.0,32.0,44.8,34.1,0,0
103D3100,DSC_3447,3200,0.0004,75.0,32.0,118.9,56.5,0,0
103D3100,DSC_3448,3200,0.0004,75.0,32.0,108.8,55.2,0,0
103D3100,DSC_3449,3200,0.0004,75.0,32.0,73.8,49.1,0,0
103D3100,DSC_3450,3200,0.0004,75.0,32.0,48.3,35.3,0,0
103D3100,DSC_3451,3200,0.0004,75.0,32.0,49.5,37.2,0,0
103D3100,DSC_3452,3200,0.0004,75.0,32.0,47.7,35.3,0,0
103D3100,DSC_3453,3200,0.0004,75.0,32.0,41.5,32.7,0,0
103D3100,DSC_3454,3200,0.0004,75.0,32.0,43.4,31.6,0,0
103D3100,DSC_3455,3200,0.0004,75.0,32.0,39.2,29.1,0,0
103D3100,DSC_3456,3200,0.0004,75.0,32.0,41.0,29.9,0,0
103D3100,DSC_3457,3200,0.0004,75.0,32.0,104.0,47.2,0,0
103D3100,DSC_3458,3200,0.0004,75.0,32.0,106.0,48.1,0,0
103D3100,DSC_3459,3200,0.0004,75.0,32.0,111.1,50.9,0,0
103D3100,DSC_3460,3200,0.0004,75.0,32.0,38.0,31.5,0,0
103D3100,DSC_3461,3200,0.0004,75.0,32.0,35.6,31.8,0,0
103D3100,DSC_3462,3200,0.0004,75.0,32.0,37.6,28.8,0,0
103D3100,DSC_3463,3200,0.0004,75.0,32.0,39.1,27.7,0,0
103D3100,DSC_3464,3200,0.0004,75.0,32.0,83.0,53.7,0,0
103D3100,DSC_3465,3200,0.0004,75.0,32.0,122.4,60.2,0,0
103D3100,DSC_3466,3200,0.0004,75.0,32.0,190.1,71.2,0,0
103D3100,DSC_3467,3200,0.0004,75.0,32.0,242.7,76.6,0,0
103D3100,DSC_3468,3200,0.0004,75.0,32.0,250.9,69.4,0,0
103D3100,DSC_3469,3200,0.0004,75.0,32.0,403.5,89.4,0,0
103D3100,DSC_3470,3200,0.0004,75.0,32.0,59.4,39.5,0,0
103D3100,DSC_3471,3200,0.0004,75.0,32.0,58.3,41.5,0,0
103D3100,DSC_3472,3200,0.0004,75.0,32.0,29.2,32.6,0,0
103D3100,DSC_3473,3200,0.0004,75.0,32.0,33.1,28.4,0,0
103D3100,DSC_3474,3200,0.0004,75.0,32.0,58.6,38.4,0,0
103D3100,DSC_3475,3200,0.0004,75.0,32.0,58.0,39.3,0,0
103D3100,DSC_3476,3200,0.0004,75.0,32.0,128.1,58.1,0,0
103D3100,DSC_3477,3200,0.0004,75.0,32.0,191.3,71.0,0,0
103D3100,DSC_3478,3200,0.0004,75.0,32.0,410.9,90.9,0,0
103D3100,DSC_3479,3200,0.0004,75.0,32.0,366.9,86.2,0,0
103D3100,DSC_3480,3200,0.0004,75.0,32.0,75.4,50.6,0,0
103D3100,DSC_3481,3200,0.0004,75.0,32.0,29.0,31.5,0,0
103D3100,DSC_3482,3200,0.0004,75.0,32.0,33.4,29.2,0,0
103D3100,DSC_3483,3200,0.0004,75.0,32.0,58.4,40.3,0,0
103D3100,DSC_3484,3200,0.0004,75.0,32.0,67.6,23.2,0,0
103D3100,DSC_3485,3200,0.0004,75.0,32.0,62.9,23.5,0,0
103D3100,DSC_3486,3200,0.0004,75.0,32.0,57.3,25.1,0,0
103D3100,DSC_3487,3200,0.0004,75.0,32.0,38.5,27.4,0,0
103D3100,DSC_3488,3200,0.0004,75.0,32.0,35.6,27.6,0,0
103D3100,DSC_3489,3200,0.0004,75.0,32.0,37.5,27.7,0,0
103D3100,DSC_3490,3200,0.0004,75.0,32.0,38.2,24.2,0,0
103D3100,DSC_3491,3200,0.0004,75.0,32.0,39.7,25.5,0,0
103D3100,DSC_3492,3200,0.0004,75.0,32.0,42.2,26.0,0,0
103D3100,DSC_3493,3200,0.0004,75.0,32.0,49.3,25.6,0,0
103D3100,DSC_3494,3200,0.0004,75.0,32.0,113.8,58.5,0,0
103D3100,DSC_3495,3200,0.0004,75.0,32.0,96.2,53.1,0,0
103D3100,DSC_3496,3200,0.0004,75.0,32.0,60.4,38.1,0,0
103D3100,DSC_3497,3200,0.0004,75.0,32.0,57.2,36.6,0,0
103D3100,DSC_3498,3200,0.0004,75.0,32.0,262.9,80.2,0,0
103D3100,DSC_3499,3200,0.0004,75.0,32.0,247.1,78.1,0,0
103D3100,DSC_3500,3200,0.0004,75.0,32.0,64.8,23.8,0,0
103D3100,DSC_3501,3200,0.0004,75.0,32.0,48.7,23.3,0,0
103D3100,DSC_3502,3200,0.0004,75.0,32.0,56.5,38.8,0,0
103D3100,DSC_3503,3200,0.0004,75.0,32.0,58.0,40.1,0,0
103D3100,DSC_3504,3200,0.0004,75.0,32.0,70.4,46.1,0,0
103D3100,DSC_3505,3200,0.0004,75.0,32.0,48.1,32.5,0,0
103D3100,DSC_3506,3200,0.0004,75.0,32.0,37.4,28.5,0,0
103D3100,DSC_3507,3200,0.0004,75.0,32.0,40.7,28.1,0,0
103D3100,DSC_3508,3200,0.0004,75.0,32.0,40.4,27.6,0,0
103D3100,DSC_3509,3200,0.0004,75.0,32.0,43.4,26.2,0,0
103D3100,DSC_3510,3200,0.0004,75.0,32.0,54.8,24.1,0,0
103D3100,DSC_3511,3200,0.0004,75.0,32.0,44.7,25.0,0,0
103D3100,DSC_3512,3200,0.0004,75.0,32.0,40.6,27.2,0,0
103D3100,DSC_3513,3200,0.0004,75.0,32.0,38.1,27.0,0,0
103D3100,DSC_3514,3200,0.0004,75.0,32.0,29.6,30.9,0,0
103D3100,DSC_3515,3200,0.0004,75.0,32.0,53.3,34.1,0,0
103D3100,DSC_3516,3200,0.0004,75.0,32.0,53.7,34.8,0,0
103D3100,DSC_3517,3200,0.0004,75.0,32.0,63.1,43.3,0,0
103D3100,DSC_3518,3200,0.0004,75.0,32.0,62.8,42.9,0,0
103D3100,DSC_3519,3200,0.0004,75.0,32.0,53.7,32.9,0,0
103D3100,DSC_3520,3200,0.0004,75.0,32.0,55.6,34.6,0,0
103D3100,DSC_3521,3200,0.0004,75.0,32.0,56.5,37.3,0,0
103D3100,DSC_3522,3200,0.0004,75.0,32.0,51.9,32.1,0,0
103D3100,DSC_3523,3200,0.0004,75.0,32.0,50.0,31.1,0,0
103D3100,DSC_3524,3200,0.0004,75.0,32.0,52.8,32.6,0,0
103D3100,DSC_3525,3200,0.0004,75.0,32.0,54.0,34.2,0,0
103D3100,DSC_3526,3200,0.0004,75.0,32.0,55.1,34.6,0,0
103D3100,DSC_3527,3200,0.0004,75.0,32.0,52.8,34.2,0,0
103D3100,DSC_3528,3200,0.0004,75.0,32.0,55.0,34.9,0,0
103D3100,DSC_3529,3200,0.0004,75.0,32.0,54.0,34.8,0,0
103D3100,DSC_3530,3200,0.0004,75.0,32.0,55.6,34.5,0,0
103D3100,DSC_3531,3200,0.0004,75.0,32.0,56.0,33.4,0,0
103D3100,DSC_3532,3200,0.0004,75.0,32.0,55.8,35.0,0,0
103D3100,DSC_3533,3200,0.0004,75.0,32.0,52.8,33.9,0,0
103D3100,DSC_3534,3200,0.0004,75.0,32.0,59.6,37.2,0,0
103D3100,DSC_3535,3200,0.0004,75.0,32.0,57.3,39.1,0,0
103D3100,DSC_3536,3200,0.0004,75.0,32.0,36.4,34.2,0,0
103D3100,DSC_3537,3200,0.0004,75.0,32.0,36.8,34.8,0,0
103D3100,DSC_3538,3200,0.0004,75.0,32.0,37.3,32.8,0,0
103D3100,DSC_3539,3200,0.0004,75.0,32.0,37.2,33.2,0,0
103D3100,DSC_3540,3200,0.0004,75.0,32.0,36.3,32.8,0,0
103D3100,DSC_3541,3200,0.0004,75.0,32.0,35.7,32.9,0,0
103D3100,DSC_3542,3200,0.0004,75.0,32.0,33.6,31.5,0,0
103D3100,DSC_3543,3200,0.0004,75.0,32.0,34.1,31.8,0,0
103D3100,DSC_3544,3200,0.0004,240.0,32.0,78.4,29.1,0,0
103D3100,DSC_3545,3200,0.0004,240.0,32.0,74.2,26.9,0,0
103D3100,DSC_3546,3200,0.0004,240.0,32.0,69.3,26.5,0,0
103D3100,DSC_3547,3200,0.0004,240.0,32.0,78.1,30.2,0,0
103D3100,DSC_3548,3200,0.0004,240.0,32.0,69.7,25.6,0,0
103D3100,DSC_3549,3200,0.0004,240.0,32.0,84.8,28.1,0,0
103D3100,DSC_3550,3200,0.0004,240.0,32.0,84.3,27.5,0,0
103D3100,DSC_3551,3200,0.0004,240.0,32.0,81.8,27.8,0,0
103D3100,DSC_3552,3200,0.0004,240.0,32.0,77.8,28.8,0,0
103D3100,DSC_3553,3200,0.0004,240.0,32.0,74.7,26.4,0,0
103D3100,DSC_3554,3200,0.0004,240.0,32.0,69.3,31.1,0,0
103D3100,DSC_3555,3200,0.0004,240.0,32.0,62.1,27.0,0,0
103D3100,DSC_3556,3200,0.0004,240.0,32.0,51.2,27.7,0,0
103D3100,DSC_3557,3200,0.0004,240.0,32.0,46.5,24.4,0,0
103D3100,DSC_3558,3200,0.0004,240.0,32.0,36.2,26.1,0,0
103D3100,DSC_3559,3200,0.0004,240.0,32.0,44.3,17.6,0,0
103D3100,DSC_3560,3200,0.0004,240.0,32.0,48.3,18.5,0,0
103D3100,DSC_3561,3200,0.0004,240.0,32.0,42.8,26.0,0,0
103D3100,DSC_3562,3200,0.0004,240.0,32.0,28.1,25.2,0,0
1044F___,_DSC4851,110,0.008,70.0,2.8,4.5,136.0,0,0
1044F___,_DSC4852,110,0.008,70.0,2.8,4.4,133.4,0,0
1044F___,_DSC4853,100,0.00625,70.0,2.8,15.8,119.5,0,0
1044F___,_DSC4854,100,0.00625,70.0,2.8,14.0,120.2,0,0
1044F___,_DSC4855,100,0.00625,70.0,2.8,16.1,119.3,0,0
1044F___,_DSC4856,100,0.00625,70.0,2.8,17.5,118.1,0,0
1044F___,_DSC4857,180,0.008,70.0,2.8,7.1,126.5,0,0
1044F___,_DSC4858,180,0.008,70.0,2.8,7.2,127.1,0,0
1044F___,_DSC4859,180,0.008,70.0,2.8,7.5,126.1,0,0
1044F___,_DSC4860,180,0.008,70.0,2.8,7.2,127.2,0,0
1044F___,_DSC4861,180,0.008,70.0,2.8,6.8,129.9,0,0
1044F___,_DSC4862,180,0.008,70.0,2.8,9.9,127.2,0,0
1044F___,_DSC4863,180,0.008,70.0,2.8,10.1,127.7,0,0
1044F___,_DSC4864,1100,0.0008,70.0,2.8,34.7,100.3,0,0
1044F___,_DSC4865,1100,0.0008,70.0,2.8,33.0,101.3,0,0
1044F___,_DSC4866,1100,0.0008,70.0,2.8,31.6,97.1,0,0
1044F___,_DSC4867,1100,0.0008,70.0,2.8,33.3,98.6,0,0
1044F___,_DSC4868,1100,0.0008,70.0,2.8,32.3,96.9,0,0
1044F___,_DSC4869,1100,0.0008,70.0,2.8,34.5,102.0,0,0
1044F___,_DSC4870,1100,0.0008,70.0,2.8,37.4,102.5,0,0
1044F___,_DSC4871,1100,0.0008,70.0,2.8,35.9,103.8,0,0
1044F___,_DSC4872,1000,0.0008,70.0,2.8,25.5,138.4,0,0
1044F___,_DSC4873,1000,0.0008,70.0,2.8,23.9,137.0,0,0
1044F___,_DSC4874,1000,0.0008,70.0,2.8,28.2,133.4,0,0
1044F___,_DSC4875,500,0.0008,70.0,2.8,90.4,125.1,0,0
1044F___,_DSC4876,500,0.0008,70.0,2.8,89.8,124.7,0,0
1044F___,_DSC4877,500,0.0008,70.0,2.8,89.0,123.7,0,0
1044F___,_DSC4878,500,0.0008,70.0,2.8,96.5,123.3,0,0
1044F___,_DSC4879,500,0.0008,70.0,2.8,141.3,112.0,0,0
1044F___,_DSC4880,500,0.0008,70.0,2.8,132.3,113.0,0,0
1044F___,_DSC4881,400,0.0008,70.0,2.8,234.2,109.9,0,0
1044F___,_DSC4882,400,0.0008,70.0,2.8,204.5,109.6,0,0
1044F___,_DSC4883,400,0.0008,70.0,2.8,137.8,109.6,0,0
1044F___,_DSC4884,400,0.0008,70.0,2.8,103.5,110.1,0,0
1044F___,_DSC4885,200,0.0008,70.0,2.8,125.8,121.5,0,0
1044F___,_DSC4886,200,0.0008,70.0,2.8,129.7,122.1,0,0
1044F___,_DSC4887,200,0.0008,70.0,2.8,129.2,117.7,0,0
1044F___,_DSC4888,250,0.0008,70.0,2.8,40.0,128.8,0,0
1044F___,_DSC4889,250,0.0008,70.0,2.8,39.2,126.9,0,0
1044F___,_DSC4890,250,0.0008,70.0,2.8,40.9,129.3,0,0
1044F___,_DSC4891,450,0.0008,70.0,2.8,110.0,123.3,0,0
1044F___,_DSC4892,450,0.0008,70.0,2.8,98.7,123.6,0,0
1044F___,_DSC4893,450,0.0008,70.0,2.8,99.5,123.3,0,0
1044F___,_DSC4894,450,0.0008,70.0,2.8,97.5,124.1,0,0
1044F___,_DSC4895,250,0.0008,70.0,2.8,53.5,106.5,0,0
1044F___,_DSC4896,250,0.0008,70.0,2.8,38.6,105.9,0,0
1044F___,_DSC4897,250,0.0008,70.0,2.8,32.0,106.7,0,0
1044F___,_DSC4898,250,0.0008,70.0,2.8,35.4,105.9,0,0
1044F___,_DSC4899,250,0.0008,70.0,2.8,33.6,107.1,0,0
1044F___,_DSC4900,280,0.0008,70.0,2.8,42.5,113.1,0,0
1044F___,_DSC4901,280,0.0008,70.0,2.8,45.6,113.3,0,0
1044F___,_DSC4902,280,0.0008,70.0,2.8,45.8,114.0,0,0
1044F___,_DSC4903,280,0.0008,70.0,2.8,43.6,112.8,0,0
1044F___,_DSC4904,220,0.0008,70.0,2.8,10.1,124.0,0,0
1044F___,_DSC4905,220,0.0008,70.0,2.8,9.8,125.3,0,0
1044F___,_DSC4906,220,0.0008,70.0,2.8,14.4,119.0,0,0
1044F___,_DSC4907,220,0.0008,70.0,2.8,10.7,119.7,0,0
1044F___,_DSC4908,250,0.0008,70.0,2.8,41.7,64.3,0,0
1044F___,_DSC4909,250,0.0008,70.0,2.8,45.0,64.3,0,0
1044F___,_DSC4910,250,0.0008,70.0,2.8,46.6,69.5,0,0
1044F___,_DSC4911,360,0.0008,70.0,2.8,50.0,102.1,0,0
1044F___,_DSC4912,360,0.0008,70.0,2.8,48.6,101.3,0,0
1044F___,_DSC4913,360,0.0008,70.0,2.8,49.1,101.0,0,0
1044F___,_DSC4914,360,0.0008,70.0,2.8,22.7,102.2,0,0
1044F___,_DSC4915,360,0.0008,70.0,2.8,23.3,101.3,0,0
1044F___,_DSC4916,360,0.0008,70.0,2.8,23.3,97.4,0,0
1044F___,_DSC4917,360,0.0008,70.0,2.8,23.4,98.0,0,0
1044F___,_DSC4918,360,0.0008,70.0,2.8,22.5,97.6,0,0
1044F___,_DSC4919,360,0.0008,70.0,2.8,22.8,98.2,0,0
1044F___,_DSC4920,360,0.0008,70.0,2.8,22.9,98.0,0,0
1044F___,_DSC4921,560,0.0008,70.0,2.8,25.5,109.1,0,0
1044F___,_DSC4922,560,0.0008,70.0,2.8,24.8,108.2,0,0
1044F___,_DSC4923,560,0.0008,70.0,2.8,37.4,107.2,0,0
1044F___,_DSC4924,560,0.0008,70.0,2.8,37.7,107.6,0,0
1044F___,_DSC4925,560,0.0008,70.0,2.8,39.1,106.5,0,0
1044F___,_DSC4926,500,0.0008,70.0,2.8,52.0,113.2,0,0
1044F___,_DSC4927,500,0.0008,70.0,2.8,54.6,112.7,0,0
1044F___,_DSC4928,500,0.0008,70.0,2.8,55.7,112.9,0,0
1044F___,_DSC4929,500,0.0008,70.0,2.8,55.7,113.5,0,0
1044F___,_DSC4930,450,0.0008,70.0,2.8,110.4,131.5,0,0
1044F___,_DSC4931,450,0.0008,70.0,2.8,114.6,131.5,0,0
1044F___,_DSC4932,450,0.0008,70.0,2.8,121.1,131.0,0,0
1044F___,_DSC4933,560,0.0008,70.0,2.8,156.5,118.6,0,0
1044F___,_DSC4934,560,0.0008,70.0,2.8,152.8,118.9,0,0
1044F___,_DSC4935,500,0.0008,70.0,2.8,127.5,126.7,0,0
1044F___,_DSC4936,500,0.0008,70.0,2.8,122.9,127.0,0,0
1044F___,_DSC4937,500,0.0008,70.0,2.8,116.1,127.1,0,0
1044F___,_DSC4938,450,0.0008,70.0,2.8,152.0,121.3,0,0
1044F___,_DSC4939,450,0.0008,70.0,2.8,152.4,121.5,0,0
1044F___,_DSC4940,450,0.0008,70.0,2.8,111.2,118.7,0,0
1044F___,_DSC4941,400,0.0008,70.0,2.8,511.8,114.7,0,0
1044F___,_DSC4942,400,0.0008,70.0,2.8,510.6,111.6,0,0
1044F___,_DSC4943,450,0.0008,70.0,2.8,37.4,119.3,0,0
1044F___,_DSC4944,450,0.0008,70.0,2.8,33.8,120.0,0,0
1044F___,_DSC4945,3200,0.0008,70.0,2.8,25.3,61.1,0,0
1044F___,_DSC4946,3200,0.0008,70.0,2.8,24.7,59.6,0,0
1044F___,_DSC4947,3200,0.0008,70.0,2.8,1005.9,58.4,0,0
1044F___,_DSC4948,3200,0.0008,70.0,2.8,1033.3,57.4,0,0
1044F___,_DSC4949,3200,0.0008,70.0,2.8,1041.3,56.9,0,0
1044F___,_DSC4950,3200,0.0008,70.0,2.8,248.2,60.9,0,0
1044F___,_DSC4951,3200,0.0008,70.0,2.8,239.3,61.6,0,0
1044F___,_DSC4952,3200,0.0008,70.0,2.8,246.2,63.1,0,0
1044F___,_DSC4953,3200,0.0008,70.0,2.8,59.0,63.7,0,0
1044F___,_DSC4954,3200,0.0008,70.0,2.8,56.4,61.4,0,0
1044F___,_DSC4955,3200,0.0008,70.0,2.8,55.4,60.3,0,0
1044F___,_DSC4956,3200,0.0008,70.0,2.8,1006.1,62.3,0,0
1044F___,_DSC4957,3200,0.0008,70.0,2.8,1068.4,63.9,0,0
1044F___,_DSC4958,3200,0.0008,70.0,2.8,1110.6,66.6,0,0
1044F___,_DSC4959,3200,0.0008,70.0,2.8,1049.6,69.0,0,0
1044F___,_DSC4960,3200,0.0008,70.0,2.8,80.4,54.1,0,0
1044F___,_DSC4961,3200,0.0008,70.0,2.8,81.2,53.9,0,0
1044F___,_DSC4962,3200,0.0008,70.0,2.8,83.2,53.6,0,0
1044F___,_DSC4963,3200,0.0008,70.0,2.8,83.3,53.0,0,0
1044F___,_DSC4964,3200,0.0008,70.0,2.8,79.5,52.6,0,0
1044F___,_DSC4965,3200,0.0008,70.0,2.8,23.5,57.3,0,0
1044F___,_DSC4966,3200,0.0008,70.0,2.8,23.1,56.7,0,0
1044F___,_DSC4967,3200,0.0008,70.0,2.8,22.8,56.2,0,0
1044F___,_DSC4968,3200,0.0008,70.0,2.8,22.9,55.8,0,0
1044F___,_DSC4969,3200,0.0008,70.0,2.8,22.3,55.7,0,0
1044F___,_DSC4970,3200,0.0008,70.0,2.8,53.7,60.6,0,0
1044F___,_DSC4971,3200,0.0008,70.0,2.8,37.6,49.1,0,0
1044F___,_DSC4972,3200,0.0008,70.0,2.8,36.8,48.5,0,0
1044F___,_DSC4973,3200,0.0008,70.0,2.8,30.5,43.7,0,0
1044F___,_DSC4974,3200,0.0008,70.0,2.8,22.6,36.0,0,0
1044F___,_DSC4975,3200,0.0008,70.0,2.8,22.7,36.5,0,0
1044F___,_DSC4976,3200,0.0008,70.0,2.8,22.0,36.0,0,0
1044F___,_DSC4977,3200,0.0008,70.0,2.8,37.2,78.9,0,0
1044F___,_DSC4978,3200,0.0008,70.0,2.8,30.8,69.7,0,0
1044F___,_DSC4979,3200,0.0008,70.0,2.8,30.6,69.4,0,0
1044F___,_DSC4980,3200,0.0008,70.0,2.8,30.5,69.0,0,0
1044F___,_DSC4981,3200,0.0008,70.0,2.8,30.4,69.5,0,0
1044F___,_DSC4982,3200,0.0008,70.0,2.8,29.9,102.3,0,0
1044F___,_DSC4983,3200,0.0008,70.0,2.8,25.4,93.8,0,0
1044F___,_DSC4984,3200,0.0008,70.0,2.8,25.2,94.3,0,0
1044F___,_DSC4985,3200,0.0008,70.0,2.8,84.5,98.1,0,0
1044F___,_DSC4986,3200,0.0008,70.0,2.8,74.0,96.6,0,0
1044F___,_DSC4987,3200,0.0008,70.0,2.8,70.8,98.4,0,0
1044F___,_DSC4988,3200,0.0008,70.0,2.8,66.2,98.8,0,0
1044F___,_DSC4989,3200,0.0008,70.0,2.8,68.6,97.7,0,0
1044F___,_DSC4990,3200,0.0008,70.0,2.8,42.9,107.4,0,0
1044F___,_DSC4991,3200,0.0008,70.0,2.8,37.5,97.6,0,0
1044F___,_DSC4992,3200,0.0008,70.0,2.8,37.5,97.6,0,0
1044F___,_DSC4993,3200,0.0008,70.0,2.8,37.4,99.4,0,0
1044F___,_DSC4994,3200,0.0008,70.0,2.8,37.0,101.9,0,0
1044F___,_DSC4995,3200,0.0008,70.0,2.8,38.8,96.1,0,0
1044F___,_DSC4996,3200,0.0008,70.0,2.8,574.9,86.8,0,0
1044F___,_DSC4997,3200,0.0008,70.0,2.8,548.4,83.3,0,0
1044F___,_DSC4998,3200,0.0008,70.0,2.8,579.0,88.2,0,0
1044F___,_DSC4999,3200,0.0008,70.0,2.8,587.7,92.3,0,0
1044F___,_DSC5000,3200,0.0008,70.0,2.8,584.3,94.3,0,0
1044F___,_DSC5001,3200,0.0008,70.0,2.8,523.0,94.0,0,0
1044F___,_DSC5002,3200,0.0008,70.0,2.8,46.3,96.0,0,0
1044F___,_DSC5003,3200,0.0008,70.0,2.8,44.9,97.5,0,0
1044F___,_DSC5004,3200,0.0008,70.0,2.8,42.0,95.8,0,0
1044F___,_DSC5005,3200,0.0008,70.0,2.8,42.1,93.4,0,0
1044F___,_DSC5006,3200,0.0008,70.0,2.8,41.6,107.6,0,0
1044F___,_DSC5007,3200,0.0008,70.0,2.8,37.9,116.4,0,0
1044F___,_DSC5008,3200,0.0008,70.0,2.8,42.1,101.4,0,0
1044F___,_DSC5009,3200,0.0008,70.0,2.8,39.8,111.3,0,0
1044F___,_DSC5010,1000,0.0008,70.0,2.8,49.4,137.6,0,0
1044F___,_DSC5011,1000,0.0008,70.0,2.8,47.5,137.3,0,0
1044F___,_DSC5012,1000,0.0008,70.0,2.8,47.1,137.3,0,0
1044F___,_DSC5013,1000,0.0008,70.0,2.8,46.8,137.8,0,0
1044F___,_DSC5014,1000,0.0008,70.0,2.8,48.0,137.4,0,0
1044F___,_DSC5015,640,0.0008,70.0,2.8,28.9,102.8,0,0
1044F___,_DSC5016,640,0.0008,70.0,2.8,28.7,101.9,0,0
1044F___,_DSC5017,640,0.0008,70.0,2.8,28.7,100.6,0,0
1044F___,_DSC5018,640,0.0008,70.0,2.8,28.6,101.7,0,0
1044F___,_DSC5019,640,0.0008,70.0,2.8,28.1,100.7,0,0
1044F___,_DSC5020,2800,0.0008,70.0,2.8,1657.9,132.3,0,0
1044F___,_DSC5021,2800,0.0008,70.0,2.8,1627.4,129.0,0,0
1044F___,_DSC5022,2800,0.0008,70.0,2.8,1649.0,128.2,0,0
1044F___,_DSC5023,2800,0.0008,70.0,2.8,1631.7,127.9,0,0
1044F___,_DSC5024,2800,0.0008,70.0,2.8,1693.8,129.8,0,0
1044F___,_DSC5025,1600,0.0008,70.0,2.8,372.8,103.0,0,0
1044F___,_DSC5026,1600,0.0008,70.0,2.8,361.4,99.4,0,0
1044F___,_DSC5027,1600,0.0008,70.0,2.8,361.4,100.0,0,0
1044F___,_DSC5028,1600,0.0008,70.0,2.8,364.7,100.1,0,0
1044F___,_DSC5029,1600,0.0008,70.0,2.8,377.1,101.4,0,0
1044F___,_DSC5030,1600,0.0008,70.0,2.8,379.5,101.6,0,0
1044F___,_DSC5031,1800,0.0008,70.0,2.8,34.6,110.0,0,0
1044F___,_DSC5032,1800,0.0008,70.0,2.8,34.5,110.6,0,0
1044F___,_DSC5033,1800,0.0008,70.0,2.8,34.0,108.6,0,0
1044F___,_DSC5034,2000,0.0008,70.0,2.8,40.3,106.7,0,0
1044F___,_DSC5035,2000,0.0008,70.0,2.8,40.0,105.3,0,0
1044F___,_DSC5036,2000,0.0008,70.0,2.8,39.8,105.0,0,0
1044F___,_DSC5037,2000,0.0008,70.0,2.8,40.1,105.6,0,0
1044F___,_DSC5038,2800,0.0008,70.0,2.8,286.5,120.4,0,0
1044F___,_DSC5039,2800,0.0008,70.0,2.8,293.3,119.4,0,0
1044F___,_DSC5040,2800,0.0008,70.0,2.8,316.4,119.9,0,0
1044F___,_DSC5041,2800,0.0008,70.0,2.8,303.4,119.5,0,0
1044F___,_DSC5042,2800,0.0008,70.0,2.8,1026.9,119.1,0,0
1044F___,_DSC5043,2800,0.0008,70.0,2.8,966.7,118.8,0,0
1044F___,_DSC5044,2800,0.0008,70.0,2.8,978.6,118.9,0,0
1044F___,_DSC5045,2800,0.0008,70.0,2.8,899.4,118.6,0,0
1044F___,_DSC5046,3200,0.0008,70.0,2.8,396.8,95.0,0,0
1044F___,_DSC5047,3200,0.0008,70.0,2.8,376.7,94.5,0,0
1044F___,_DSC5048,3200,0.0008,70.0,2.8,161.5,95.5,0,0
1044F___,_DSC5049,3200,0.0008,70.0,2.8,390.2,100.1,0,0
1044F___,_DSC5050,3200,0.0008,70.0,2.8,412.3,98.9,0,0
1044F___,_DSC5051,3200,0.0008,70.0,2.8,438.7,98.3,0,0
1044F___,_DSC5052,3200,0.0008,70.0,2.8,233.7,100.9,0,0
1044F___,_DSC5053,3200,0.0008,70.0,2.8,50.2,94.3,0,0
1044F___,_DSC5054,3200,0.0008,70.0,2.8,53.4,93.9,0,0
1044F___,_DSC5055,3200,0.0008,70.0,2.8,54.1,93.7,0,0
1044F___,_DSC5056,1400,0.0008,70.0,2.8,67.6,100.3,0,0
1044F___,_DSC5057,1400,0.0008,70.0,2.8,68.0,99.8,0,0
1044F___,_DSC5058,1400,0.0008,70.0,2.8,66.8,99.7,0,0
1044F___,_DSC5059,1400,0.0008,70.0,2.8,65.5,99.1,0,0
1044F___,_DSC5060,3200,0.0008,70.0,2.8,76.8,109.0,0,0
1044F___,_DSC5061,3200,0.0008,70.0,2.8,76.6,106.7,0,0
1044F___,_DSC5062,2500,0.0008,70.0,2.8,61.3,120.2,0,0
1044F___,_DSC5063,2500,0.0008,70.0,2.8,63.5,112.9,0,0
1044F___,_DSC5064,2800,0.0008,70.0,2.8,943.6,114.5,0,0
1044F___,_DSC5065,2800,0.0008,70.0,2.8,679.3,112.7,0,0
1044F___,_DSC5066,2800,0.0008,70.0,2.8,540.3,111.0,0,0
1044F___,_DSC5067,2500,0.0008,70.0,2.8,280.8,99.2,0,0
1044F___,_DSC5068,2500,0.0008,70.0,2.8,278.1,99.4,0,0
1044F___,_DSC5069,2500,0.0008,70.0,2.8,268.0,98.1,0,0
1044F___,_DSC5070,2500,0.0008,70.0,2.8,278.4,97.9,0,0
1044F___,_DSC5071,100,0.0008,70.0,2.8,11.6,150.2,0,0
1044F___,_DSC5072,100,0.0008,70.0,2.8,11.2,151.6,0,0
1044F___,_DSC5073,100,0.0008,70.0,2.8,11.9,145.4,0,0
1044F___,_DSC5074,220,0.0008,70.0,2.8,517.4,151.5,0,0
1044F___,_DSC5075,220,0.0008,70.0,2.8,482.3,153.2,0,0
1044F___,_DSC5076,220,0.0008,70.0,2.8,540.6,151.3,0,0
1044F___,_DSC5077,500,0.0008,70.0,2.8,643.8,121.0,0,0
1044F___,_DSC5078,500,0.0008,70.0,2.8,690.5,121.4,0,0
1044F___,_DSC5079,500,0.0008,70.0,2.8,451.3,118.8,0,0
1044F___,_DSC5080,500,0.0008,70.0,2.8,482.0,119.3,0,0
1044F___,_DSC5081,500,0.0008,70.0,2.8,485.0,118.9,0,0
1044F___,_DSC5245,3200,0.00025,70.0,2.8,282.8,113.3,0,0
1044F___,_DSC5246,3200,0.00025,70.0,2.8,257.0,104.7,0,0
1044F___,_DSC5247,3200,0.00025,70.0,2.8,239.7,102.5,0,0
1044F___,_DSC5248,2800,0.00025,70.0,2.8,58.5,109.9,0,0
1044F___,_DSC5249,2800,0.00025,70.0,2.8,57.5,108.7,0,0
1044F___,_DSC5250,2800,0.00025,70.0,2.8,57.5,109.7,0,0
1044F___,_DSC5251,2800,0.00025,70.0,2.8,1608.1,103.7,0,0
1044F___,_DSC5252,2800,0.00025,70.0,2.8,1675.0,105.1,0,0
1044F___,_DSC5253,2800,0.00025,70.0,2.8,1756.4,105.9,0,0
1044F___,_DSC5254,1250,0.00025,70.0,2.8,962.3,87.0,0,0
1044F___,_DSC5255,1250,0.00025,70.0,2.8,957.4,86.4,0,0
1044F___,_DSC5256,1250,0.00025,70.0,2.8,954.0,85.9,0,0
1044F___,_DSC5257,1250,0.00025,70.0,2.8,996.0,85.0,0,0
1044F___,_DSC5258,1250,0.00025,70.0,2.8,984.8,84.8,0,0
1044F___,_DSC5259,1250,0.00025,70.0,2.8,990.5,84.2,0,0
1044F___,_DSC5260,1250,0.00025,70.0,2.8,974.4,84.1,0,0
1044F___,_DSC5261,1600,0.00025,70.0,2.8,1452.6,81.0,0,0
1044F___,_DSC5262,1600,0.00025,70.0,2.8,1462.6,78.5,0,0
1044F___,_DSC5263,1600,0.00025,70.0,2.8,1332.3,77.4,0,0
1044F___,_DSC5264,1800,0.00025,70.0,2.8,81.8,86.8,0,0
1044F___,_DSC5265,1800,0.00025,70.0,2.8,80.6,87.6,0,0
1044F___,_DSC5266,1800,0.00025,70.0,2.8,83.5,86.2,0,0
1044F___,_DSC5267,560,0.00025,70.0,2.8,3050.7,93.9,0,0
1044F___,_DSC5268,560,0.00025,70.0,2.8,3142.3,92.9,0,0
1044F___,_DSC5269,560,0.00025,70.0,2.8,3060.4,92.9,0,0
1044F___,_DSC5270,3200,0.00025,70.0,2.8,16.9,29.9,0,0
1044F___,_DSC5271,3200,0.00025,70.0,2.8,11.3,23.5,0,0
1044F___,_DSC5272,3200,0.00025,70.0,2.8,11.2,23.7,0,0
1044F___,_DSC5273,3200,0.00025,70.0,2.8,11.7,23.3,0,0
1044F___,_DSC5274,3200,0.00025,70.0,2.8,26.5,35.1,0,0
1044F___,_DSC5275,3200,0.00025,70.0,2.8,26.0,35.6,0,0
1044F___,_DSC5276,3200,0.00025,70.0,2.8,25.9,35.4,0,0
1044F___,_DSC5277,3200,0.00025,70.0,2.8,39.3,25.9,0,0
1044F___,_DSC5278,3200,0.00025,70.0,2.8,57.6,32.1,0,0
1044F___,_DSC5279,3200,0.00025,70.0,2.8,40.1,26.2,0,0
1044F___,_DSC5280,3200,0.00025,70.0,2.8,41.5,27.3,0,0
1044F___,_DSC5281,3200,0.00025,70.0,2.8,42.5,28.5,0,0
1044F___,_DSC5282,3200,0.00025,70.0,2.8,44.0,29.8,0,0
1044F___,_DSC5283,3200,0.00025,70.0,2.8,50.0,30.5,0,0
1044F___,_DSC5284,3200,0.00025,70.0,2.8,92.2,62.6,0,0
1044F___,_DSC5285,3200,0.00025,70.0,2.8,92.2,62.7,0,0
1044F___,_DSC5286,3200,0.00025,70.0,2.8,90.2,64.2,0,0
1044F___,_DSC5287,3200,0.00025,70.0,2.8,92.7,65.1,0,0
1044F___,_DSC5288,2000,0.00025,70.0,2.8,4951.9,106.0,0,0
1044F___,_DSC5289,2000,0.00025,70.0,2.8,4781.9,105.6,0,0
1044F___,_DSC5290,2000,0.00025,70.0,2.8,4764.1,105.8,0,0
1044F___,_DSC5291,3200,0.00025,70.0,2.8,5.3,14.1,0,0
1044F___,_DSC5292,3200,0.00025,70.0,2.8,5.2,13.3,0,0
1044F___,_DSC5293,3200,0.00025,70.0,2.8,5.2,13.3,0,0
1044F___,_DSC5294,3200,0.00025,70.0,2.8,7.2,15.2,0,0
1044F___,_DSC5295,3200,0.00025,70.0,2.8,7.1,14.6,0,0
1044F___,_DSC5296,3200,0.00025,70.0,2.8,7.3,15.2,0,0
1044F___,_DSC5297,3200,0.00025,70.0,2.8,7.3,15.2,0,0
1044F___,_DSC5298,3200,0.00025,70.0,2.8,7.0,14.9,0,0
1044F___,_DSC5299,3200,0.00025,70.0,2.8,16.3,30.0,0,0
1044F___,_DSC5300,3200,0.00025,70.0,2.8,17.9,31.3,0,0
1044F___,_DSC5301,3200,0.00025,70.0,2.8,18.6,32.3,0,0
1044F___,_DSC5302,3200,0.00025,70.0,2.8,21.8,38.2,0,0
1044F___,_DSC5303,3200,0.00025,70.0,2.8,21.1,38.7,0,0
1044F___,_DSC5304,3200,0.00025,70.0,2.8,21.2,38.1,0,0
1044F___,_DSC5305,3200,0.00025,70.0,2.8,16.9,33.8,0,0
1044F___,_DSC5306,3200,0.00025,70.0,2.8,11.2,27.1,0,0
1044F___,_DSC5307,3200,0.00025,70.0,2.8,10.7,26.1,0,0
1044F___,_DSC5308,3200,0.00025,70.0,2.8,10.8,26.5,0,0
1044F___,_DSC5309,3200,0.00025,70.0,2.8,9.8,25.1,0,0
1044F___,_DSC5310,1800,0.00025,70.0,2.8,82.8,90.1,0,0
1044F___,_DSC5311,1800,0.00025,70.0,2.8,80.0,90.4,0,0
1044F___,_DSC5312,1800,0.00025,70.0,2.8,75.7,91.4,0,0
1044F___,_DSC5313,1800,0.00025,70.0,2.8,73.6,91.7,0,0
1044F___,_DSC5314,1400,0.00025,70.0,2.8,303.8,86.1,0,0
1044F___,_DSC5315,1400,0.00025,70.0,2.8,317.8,83.8,0,0
1044F___,_DSC5316,1400,0.00025,70.0,2.8,322.5,83.5,0,0
1044F___,_DSC5317,1400,0.00025,70.0,2.8,327.4,82.5,0,0
1044F___,_DSC5318,1400,0.00025,70.0,2.8,321.3,82.3,0,0
1044F___,_DSC5319,1400,0.00025,70.0,2.8,322.8,81.3,0,0
1044F___,_DSC5320,1400,0.00025,70.0,2.8,330.5,81.3,0,0
1044F___,_DSC5321,800,0.00025,70.0,2.8,275.5,117.4,0,0
1044F___,_DSC5322,800,0.00025,70.0,2.8,266.1,120.7,0,0
1044F___,_DSC5323,800,0.00025,70.0,2.8,263.4,120.7,0,0
1044F___,_DSC5324,800,0.00025,70.0,2.8,269.7,115.8,0,0
1044F___,_DSC5325,800,0.00025,70.0,2.8,266.1,120.6,0,0
1044F___,_DSC5326,800,0.00025,70.0,2.8,266.3,112.1,0,0
1044F___,_DSC5327,500,0.00025,70.0,2.8,231.3,64.4,0,0
1044F___,_DSC5328,500,0.00025,70.0,2.8,230.7,64.3,0,0
1044F___,_DSC5329,500,0.00025,70.0,2.8,207.2,62.1,0,0
1044F___,_DSC5330,500,0.00025,70.0,2.8,207.5,63.4,0,0
1044F___,_DSC5331,500,0.00025,70.0,2.8,189.2,64.0,0,0
1044F___,_DSC5332,500,0.00025,70.0,2.8,153.1,65.0,0,0
1044F___,_DSC5333,3200,0.00025,70.0,2.8,597.8,51.4,0,0
1044F___,_DSC5334,3200,0.00025,70.0,2.8,584.0,50.7,0,0
1044F___,_DSC5335,3200,0.00025,70.0,2.8,580.8,50.7,0,0
1044F___,_DSC5336,3200,0.00025,70.0,2.8,587.9,50.7,0,0
1044F___,_DSC5337,720,0.00025,70.0,2.8,1113.9,95.6,0,0
1044F___,_DSC5338,720,0.00025,70.0,2.8,1160.4,93.5,0,0
1044F___,_DSC5339,720,0.00025,70.0,2.8,1183.0,93.2,0,0
1044F___,_DSC5340,720,0.00025,70.0,2.8,1191.9,95.5,0,0
1044F___,_DSC5341,720,0.00025,70.0,2.8,1176.3,94.0,0,0
1044F___,_DSC5342,720,0.00025,70.0,2.8,1195.1,96.1,0,0
1044F___,_DSC5343,720,0.00025,70.0,2.8,1265.6,83.9,0,0
1044F___,_DSC5344,720,0.00025,70.0,2.8,1240.0,82.6,0,0
1044F___,_DSC5345,1800,0.00025,70.0,2.8,2285.5,108.8,0,0
1044F___,_DSC5346,1800,0.00025,70.0,2.8,2278.1,108.5,0,0
1044F___,_DSC5347,1800,0.00025,70.0,2.8,682.8,112.3,0,0
1044F___,_DSC5348,1800,0.00025,70.0,2.8,733.8,112.4,0,0
1044F___,_DSC5349,1800,0.00025,70.0,2.8,666.2,110.9,0,0
1044F___,_DSC5350,1800,0.00025,70.0,2.8,662.8,113.0,0,0
1044F___,_DSC5351,450,0.00025,70.0,2.8,205.6,54.1,0,0
1044F___,_DSC5352,450,0.00025,70.0,2.8,205.2,53.0,0,0
1044F___,_DSC5353,450,0.00025,70.0,2.8,210.6,51.8,0,0
1044F___,_DSC5354,450,0.00025,70.0,2.8,221.5,53.1,0,0
1044F___,_DSC5355,450,0.00025,70.0,2.8,219.1,51.9,0,0
1044F___,_DSC5356,450,0.00025,70.0,2.8,218.6,50.5,0,0
1044F___,_DSC5357,3200,0.00025,70.0,2.8,13.5,21.8,0,0
1044F___,_DSC5358,3200,0.00025,70.0,2.8,10.8,17.2,0,0
1044F___,_DSC5359,3200,0.00025,70.0,2.8,12.9,16.8,0,0
1044F___,_DSC5360,3200,0.00025,70.0,2.8,13.7,16.7,0,0
1044F___,_DSC5361,3200,0.00025,70.0,2.8,12.8,16.0,0,0
1044F___,_DSC5362,3200,0.00025,70.0,2.8,11.5,20.5,0,0
1044F___,_DSC5363,3200,0.00025,70.0,2.8,10.5,20.2,0,0
1044F___,_DSC5364,3200,0.00025,70.0,2.8,10.2,19.8,0,0
1044F___,_DSC5365,3200,0.00025,70.0,2.8,10.2,19.7,0,0
1044F___,_DSC5366,3200,0.00025,70.0,2.8,10.4,20.0,0,0
1044F___,_DSC5367,3200,0.00025,70.0,2.8,52.0,43.0,0,0
1044F___,_DSC5368,3200,0.00025,70.0,2.8,44.7,43.0,0,0
1044F___,_DSC5369,3200,0.00025,70.0,2.8,39.2,43.3,0,0
1044F___,_DSC5370,3200,0.00025,70.0,2.8,40.3,40.9,0,0
1044F___,_DSC5371,3200,0.00025,70.0,2.8,40.9,42.1,0,0
1044F___,_DSC5372,800,0.00025,70.0,2.8,777.9,42.4,0,0
1044F___,_DSC5373,800,0.00025,70.0,2.8,771.8,42.0,0,0
1044F___,_DSC5374,800,0.00025,70.0,2.8,761.2,41.7,0,0
1044F___,_DSC5375,800,0.00025,70.0,2.8,767.1,41.9,0,0
1044F___,_DSC5376,800,0.00025,70.0,2.8,749.7,42.0,0,0
1044F___,_DSC5377,800,0.00025,70.0,2.8,725.3,41.6,0,0
1044F___,_DSC5378,1250,0.00025,70.0,2.8,1454.8,47.5,0,0
1044F___,_DSC5379,1250,0.00025,70.0,2.8,1431.1,48.0,0,0
1044F___,_DSC5380,1250,0.00025,70.0,2.8,1459.3,46.3,0,0
1044F___,_DSC5381,1250,0.00025,70.0,2.8,1468.0,44.9,0,0
1044F___,_DSC5382,1250,0.00025,70.0,2.8,1471.2,44.0,0,0
1044F___,_DSC5383,400,0.00025,70.0,2.8,24.7,88.8,0,0
1044F___,_DSC5384,400,0.00025,70.0,2.8,25.1,87.3,0,0
1044F___,_DSC5385,400,0.00025,70.0,2.8,24.8,84.9,0,0
1044F___,_DSC5386,400,0.00025,70.0,2.8,25.3,85.6,0,0
1044F___,_DSC5387,800,0.00025,70.0,2.8,111.4,109.0,0,0
1044F___,_DSC5388,800,0.00025,70.0,2.8,111.3,107.6,0,0
1044F___,_DSC5389,800,0.00025,70.0,2.8,114.3,107.1,0,0
1044F___,_DSC5390,800,0.00025,70.0,2.8,119.0,104.9,0,0
1044F___,_DSC5391,3200,0.00025,70.0,2.8,3571.8,100.4,0,0
1044F___,_DSC5392,3200,0.00025,70.0,2.8,3193.8,93.4,0,0
1044F___,_DSC5393,3200,0.00025,70.0,2.8,3017.0,91.1,0,0
1044F___,_DSC5394,3200,0.00025,70.0,2.8,3062.3,90.8,0,0
1044F___,_DSC5395,3200,0.00025,70.0,2.8,3048.8,90.3,0,0
1044F___,_DSC5396,3200,0.00025,70.0,2.8,3132.3,90.0,0,0
1044F___,_DSC5397,1100,0.00025,70.0,2.8,1095.4,84.5,0,0
1044F___,_DSC5398,1100,0.00025,70.0,2.8,1082.1,84.0,0,0
1044F___,_DSC5399,1100,0.00025,70.0,2.8,1121.5,86.2,0,0
1044F___,_DSC5400,1100,0.00025,70.0,2.8,1185.9,87.1,0,0
1044F___,_DSC5401,1600,0.00025,70.0,2.8,69.2,94.0,0,0
1044F___,_DSC5402,1600,0.00025,70.0,2.8,67.2,91.9,0,0
1044F___,_DSC5403,1600,0.00025,70.0,2.8,66.7,93.4,0,0
1044F___,_DSC5404,1600,0.00025,70.0,2.8,65.7,96.3,0,0
1044F___,_DSC5405,1100,0.00025,70.0,2.8,574.2,101.5,0,0
1044F___,_DSC5406,1100,0.00025,70.0,2.8,516.1,104.1,0,0
1044F___,_DSC5407,1100,0.00025,70.0,2.8,513.2,102.4,0,0
1044F___,_DSC5408,1100,0.00025,70.0,2.8,509.1,104.7,0,0
1044F___,_DSC5409,160,0.00025,70.0,2.8,396.0,54.9,0,0
1044F___,_DSC5410,160,0.00025,70.0,2.8,389.4,54.6,0,0
1044F___,_DSC5411,160,0.00025,70.0,2.8,426.9,53.6,0,0
1044F___,_DSC5412,160,0.00025,70.0,2.8,419.7,53.9,0,0
1044F___,_DSC5413,160,0.00025,70.0,2.8,383.1,54.7,0,0
1044F___,_DSC5414,3200,0.00025,70.0,2.8,8.7,16.2,0,0
1044F___,_DSC5415,3200,0.00025,70.0,2.8,5.7,12.6,0,0
1044F___,_DSC5416,3200,0.00025,70.0,2.8,5.8,13.0,0,0
1044F___,_DSC5417,3200,0.00025,70.0,2.8,5.8,12.7,0,0
1044F___,_DSC5418,3200,0.00025,70.0,2.8,5.6,12.3,0,0
1044F___,_DSC5419,3200,0.00025,70.0,2.8,5.6,12.5,0,0
1044F___,_DSC5420,3200,0.00025,70.0,2.8,17.3,34.8,0,0
1044F___,_DSC5421,3200,0.00025,70.0,2.8,17.7,35.7,0,0
1044F___,_DSC5422,3200,0.00025,70.0,2.8,18.4,36.7,0,0
1044F___,_DSC5423,3200,0.00025,70.0,2.8,19.0,38.1,0,0
1044F___,_DSC5424,3200,0.00025,70.0,2.8,18.3,38.4,0,0
1044F___,_DSC5425,3200,0.00025,70.0,2.8,18.3,38.7,0,0
1044F___,_DSC5426,3200,0.00025,70.0,2.8,18.9,39.1,0,0
1044F___,_DSC5427,3200,0.00025,70.0,2.8,19.8,40.0,0,0
1044F___,_DSC5428,3200,0.00025,70.0,2.8,36.1,52.4,0,0
1044F___,_DSC5429,3200,0.00025,70.0,2.8,34.6,50.2,0,0
1044F___,_DSC5430,3200,0.00025,70.0,2.8,34.0,50.1,0,0
1044F___,_DSC5431,3200,0.00025,70.0,2.8,33.6,50.6,0,0
1044F___,_DSC5432,3200,0.00025,70.0,2.8,27.1,52.0,0,0
1044F___,_DSC5433,3200,0.00025,70.0,2.8,27.6,51.9,0,0
1044F___,_DSC5434,3200,0.00025,70.0,2.8,26.3,52.7,0,0
1044F___,_DSC5435,3200,0.00025,70.0,2.8,62.2,61.2,0,0
1044F___,_DSC5436,3200,0.00025,70.0,2.8,51.0,53.3,0,0
1044F___,_DSC5437,3200,0.00025,70.0,2.8,52.6,54.6,0,0
1044F___,_DSC5438,3200,0.00025,70.0,2.8,52.2,54.7,0,0
1044F___,_DSC5439,3200,0.00025,70.0,2.8,43.1,54.0,0,0
1044F___,_DSC5440,2000,0.00025,70.0,2.8,129.6,95.0,0,0
1044F___,_DSC5441,2000,0.00025,70.0,2.8,129.5,100.3,0,0
1044F___,_DSC5442,2000,0.00025,70.0,2.8,116.8,103.9,0,0
1044F___,_DSC5443,2000,0.00025,70.0,2.8,119.5,104.9,0,0
1044F___,_DSC5444,2000,0.00025,70.0,2.8,106.8,105.8,0,0
1044F___,_DSC5445,3200,0.00025,70.0,2.8,304.9,56.4,0,0
1044F___,_DSC5446,3200,0.00025,70.0,2.8,298.1,55.9,0,0
1044F___,_DSC5447,3200,0.00025,70.0,2.8,292.7,55.6,0,0
1044F___,_DSC5448,3200,0.00025,70.0,2.8,284.9,54.6,0,0
1044F___,_DSC5449,3200,0.00025,70.0,2.8,228.5,57.1,0,0
1044F___,_DSC5450,3200,0.00025,70.0,2.8,241.5,57.5,0,0
1044F___,_DSC5451,3200,0.00025,70.0,2.8,239.6,57.0,0,0
1044F___,_DSC5452,3200,0.00025,70.0,2.8,234.1,57.0,0,0
1044F___,_DSC5453,1600,0.00025,70.0,2.8,1884.6,69.4,0,0
1044F___,_DSC5454,1600,0.00025,70.0,2.8,1787.6,69.6,0,0
1044F___,_DSC5455,1600,0.00025,70.0,2.8,1778.6,69.0,0,0
1044F___,_DSC5456,1400,0.00025,70.0,2.8,105.1,72.6,0,0
1044F___,_DSC5457,1400,0.00025,70.0,2.8,103.9,72.1,0,0
1044F___,_DSC5458,1400,0.00025,70.0,2.8,106.1,71.8,0,0
1044F___,_DSC5459,1400,0.00025,70.0,2.8,102.8,71.4,0,0
1044F___,_DSC5460,1400,0.00025,70.0,2.8,106.8,71.1,0,0
1044F___,_DSC5461,720,0.00025,70.0,2.8,982.5,49.1,0,0
1044F___,_DSC5462,720,0.00025,70.0,2.8,983.4,49.3,0,0
1044F___,_DSC5463,720,0.00025,70.0,2.8,986.0,49.7,0,0
1044F___,_DSC5464,720,0.00025,70.0,2.8,922.0,50.0,0,0
1044F___,_DSC5465,800,0.00025,70.0,2.8,531.1,53.2,0,0
1044F___,_DSC5466,800,0.00025,70.0,2.8,579.9,56.3,0,0
1044F___,_DSC5467,800,0.00025,70.0,2.8,608.3,56.1,0,0
1044F___,_DSC5468,800,0.00025,70.0,2.8,646.3,55.6,0,0
1044F___,_DSC5469,250,0.00025,70.0,2.8,1301.0,59.0,0,0
1044F___,_DSC5470,250,0.00025,70.0,2.8,1280.9,57.8,0,0
1044F___,_DSC5471,250,0.00025,70.0,2.8,1299.7,57.9,0,0
1044F___,_DSC5472,250,0.00025,70.0,2.8,1265.5,57.2,0,0
1044F___,_DSC5477,3200,0.00025,50.0,2.8,1117.6,62.4,0,0
1044F___,_DSC5478,3200,0.00025,50.0,2.8,1122.9,57.0,0,0
1044F___,_DSC5479,3200,0.00025,50.0,2.8,1223.8,58.5,0,0
1044F___,_DSC5480,3200,0.0008,50.0,16.0,783.7,11.7,0,0
1044F___,_DSC5481,3200,0.0008,50.0,16.0,802.0,11.9,0,0
1044F___,_DSC5482,3200,0.0008,50.0,16.0,782.5,11.7,0,0
1044F___,_DSC5483,3200,0.0008,50.0,16.0,705.9,10.6,0,0
1044F___,_DSC5484,3200,0.0008,50.0,16.0,689.8,10.5,0,0
1044F___,_DSC5485,3200,0.0008,50.0,16.0,700.5,10.7,0,0
1044F___,_DSC5486,3200,0.0008,50.0,16.0,291.9,4.8,0,0
1044F___,_DSC5487,3200,0.0008,50.0,16.0,116.1,3.4,0,0
1044F___,_DSC5488,3200,0.0008,50.0,16.0,255.4,4.7,0,0
1044F___,_DSC5489,3200,0.0008,50.0,16.0,265.7,4.8,0,0
1044F___,_DSC5490,3200,0.0008,50.0,16.0,270.0,4.8,0,0
1044F___,_DSC5491,3200,0.0008,50.0,16.0,533.8,7.3,0,0
1044F___,_DSC5492,3200,0.0008,50.0,16.0,565.1,7.7,0,0
1044F___,_DSC5493,3200,0.0008,50.0,16.0,635.1,8.1,0,0
1044F___,_DSC5494,3200,0.0008,50.0,16.0,307.8,3.8,0,0
1044F___,_DSC5495,3200,0.0008,50.0,16.0,307.9,3.9,0,0
1044F___,_DSC5496,3200,0.0008,50.0,16.0,306.3,4.0,0,0
1044F___,_DSC5497,3200,0.0008,50.0,16.0,308.7,3.9,0,0
106KIL24,_DSC5498,3200,0.0008,50.0,16.0,1.5,1.4,0,0
106KIL24,_DSC5499,3200,0.0008,50.0,16.0,1.7,1.6,0,0
106KIL24,_DSC5500,3200,0.0008,50.0,16.0,1.6,1.6,0,0
106KIL24,_DSC5501,3200,0.0008,50.0,16.0,3.0,1.7,0,0
106KIL24,_DSC5502,3200,0.0008,50.0,16.0,6.7,1.6,0,0
106KIL24,_DSC5503,3200,0.0008,50.0,16.0,9.6,1.6,0,0
106KIL24,_DSC5504,3200,0.0008,50.0,16.0,10.2,1.8,0,0
106KIL24,_DSC5505,3200,0.0008,50.0,16.0,8.4,1.8,0,0
106KIL24,_DSC5506,3200,0.0008,50.0,16.0,12.8,1.6,0,0
106KIL24,_DSC5507,3200,0.0008,50.0,16.0,212.1,2.7,0,0
106KIL24,_DSC5508,3200,0.0008,50.0,16.0,218.9,2.8,0,0
106KIL24,_DSC5509,3200,0.0008,50.0,16.0,208.9,2.9,0,0
106KIL24,_DSC5510,3200,0.0008,50.0,16.0,195.0,2.8,0,0
106KIL24,_DSC5511,3200,0.0008,50.0,16.0,321.3,14.7,0,0
106KIL24,_DSC5512,3200,0.0008,50.0,16.0,313.9,14.7,0,0
106KIL24,_DSC5513,3200,0.0008,50.0,16.0,338.2,15.1,0,0
106KIL24,_DSC5514,2200,0.0008,50.0,16.0,548.1,72.8,0,0
106KIL24,_DSC5515,2200,0.0008,50.0,16.0,552.0,73.8,0,0
106KIL24,_DSC5516,2200,0.0008,50.0,16.0,553.9,75.5,0,0
106KIL24,_DSC5517,1250,0.0008,50.0,16.0,257.4,85.1,0,0
106KIL24,_DSC5518,1250,0.0008,50.0,16.0,251.6,87.4,0,0
106KIL24,_DSC5519,1250,0.0008,50.0,16.0,249.7,91.3,0,0
106KIL24,_DSC5520,1250,0.0008,50.0,16.0,231.2,92.5,0,0
106KIL24,_DSC5521,2000,0.0008,50.0,16.0,547.2,85.1,0,0
106KIL24,_DSC5522,2000,0.0008,50.0,16.0,599.9,85.4,0,0
106KIL24,_DSC5523,2000,0.0008,50.0,16.0,508.4,81.2,0,0
106KIL24,_DSC5524,2000,0.0008,50.0,16.0,542.3,81.8,0,0
106KIL24,_DSC5525,2000,0.0008,50.0,16.0,368.6,99.2,0,0
106KIL24,_DSC5526,2000,0.0008,50.0,16.0,341.1,90.9,0,0
106KIL24,_DSC5527,2000,0.0008,50.0,16.0,328.9,89.1,0,0
106KIL24,_DSC5528,2000,0.0008,50.0,16.0,295.3,87.8,0,0
106KIL24,_DSC5529,2000,0.0008,50.0,16.0,286.1,92.0,0,0
106KIL24,_DSC5530,2000,0.0008,50.0,16.0,282.4,91.0,0,0
106KIL24,_DSC5531,1400,0.0008,50.0,16.0,115.0,104.6,0,0
106KIL24,_DSC5532,1400,0.0008,50.0,16.0,114.5,108.2,0,0
106KIL24,_DSC5533,1400,0.0008,50.0,16.0,127.8,102.0,0,0
106KIL24,_DSC5534,450,0.0008,50.0,16.0,56.0,105.5,0,0
106KIL24,_DSC5535,400,0.0008,50.0,16.0,49.6,101.2,0,0
106KIL24,_DSC5536,450,0.0008,50.0,16.0,56.5,105.4,0,0
106KIL24,_DSC5537,450,0.0008,50.0,16.0,55.1,100.8,0,0
106KIL24,_DSC5538,2000,0.0008,50.0,16.0,332.6,83.3,0,0
106KIL24,_DSC5539,2000,0.0008,50.0,16.0,323.1,82.2,0,0
106KIL24,_DSC5540,2000,0.0008,50.0,16.0,292.0,80.3,0,0
106KIL24,_DSC5541,2000,0.0008,50.0,16.0,286.4,83.0,0,0
106KIL24,_DSC5542,2000,0.0008,50.0,16.0,263.3,82.1,0,0
106KIL24,_DSC5543,2000,0.0008,50.0,16.0,283.6,83.3,0,0
106KIL24,_DSC5544,3200,0.0008,50.0,16.0,372.4,97.1,0,0
106KIL24,_DSC5545,3200,0.0008,50.0,16.0,354.0,98.5,0,0
106KIL24,_DSC5546,3200,0.0008,50.0,16.0,349.4,96.4,0,0
106KIL24,_DSC5547,3200,0.0008,50.0,16.0,360.9,98.7,0,0
106KIL24,_DSC5548,1000,0.0008,50.0,16.0,82.8,77.5,0,0
106KIL24,_DSC5549,1000,0.0008,50.0,16.0,95.3,76.1,0,0
106KIL24,_DSC5550,1000,0.0008,50.0,16.0,89.5,76.5,0,0
106KIL24,_DSC5551,1000,0.0008,50.0,16.0,89.8,80.4,0,0
106KIL24,_DSC5552,1400,0.0008,50.0,16.0,118.8,95.6,0,0
106KIL24,_DSC5553,1400,0.0008,50.0,16.0,107.3,94.4,0,0
106KIL24,_DSC5554,1400,0.0008,50.0,16.0,108.2,96.2,0,0
106KIL24,_DSC5555,1100,0.0008,50.0,16.0,138.4,93.1,0,0
106KIL24,_DSC5556,1100,0.0008,50.0,16.0,131.5,92.1,0,0
106KIL24,_DSC5557,1100,0.0008,50.0,16.0,125.5,92.7,0,0
106KIL24,_DSC5558,1100,0.0008,50.0,16.0,123.4,95.8,0,0
106KIL24,_DSC5559,1400,0.0008,50.0,16.0,210.0,94.1,0,0
106KIL24,_DSC5560,1400,0.0008,50.0,16.0,146.9,80.9,0,0
106KIL24,_DSC5561,1600,0.0008,50.0,16.0,241.8,101.6,0,0
106KIL24,_DSC5562,1600,0.0008,50.0,16.0,231.4,98.5,0,0
106KIL24,_DSC5563,1600,0.0008,50.0,16.0,71.6,115.7,0,0
106KIL24,_DSC5564,800,0.0008,50.0,16.0,382.5,100.4,0,0
106KIL24,_DSC5565,800,0.0008,50.0,16.0,368.2,97.7,0,0
106KIL24,_DSC5566,800,0.0008,50.0,16.0,389.0,100.1,0,0
106KIL24,_DSC5567,800,0.0008,50.0,16.0,721.0,106.0,0,0
106KIL24,_DSC5568,800,0.0008,50.0,16.0,704.9,105.2,0,0
106KIL24,_DSC5569,800,0.0008,50.0,16.0,733.9,103.7,0,0
106KIL24,_DSC5570,800,0.0008,50.0,16.0,717.8,102.6,0,0
106KIL24,_DSC5571,800,0.0008,50.0,16.0,750.5,105.9,0,0
106KIL24,_DSC5572,800,0.0008,50.0,16.0,759.9,106.0,0,0
106KIL24,_DSC5573,800,0.0008,50.0,16.0,696.5,102.2,0,0
106KIL24,_DSC5574,800,0.0008,50.0,16.0,701.6,104.6,0,0
106KIL24,_DSC5575,800,0.0008,50.0,16.0,706.9,105.1,0,0
106KIL24,_DSC5576,1400,0.0008,50.0,16.0,303.0,98.0,0,0
106KIL24,_DSC5577,1400,0.0008,50.0,16.0,264.7,92.6,0,0
106KIL24,_DSC5578,1400,0.0008,50.0,16.0,282.8,92.0,0,0
106KIL24,_DSC5579,1400,0.0008,50.0,16.0,271.9,94.0,0,0
106KIL24,_DSC5580,1800,0.0008,50.0,16.0,1050.8,96.3,0,0
106KIL24,_DSC5581,1800,0.0008,50.0,16.0,1021.4,96.6,0,0
106KIL24,_DSC5582,1800,0.0008,50.0,16.0,1095.2,101.2,0,0
106KIL24,_DSC5583,1800,0.0008,50.0,16.0,1106.3,103.0,0,0
106KIL24,_DSC5584,1800,0.0008,50.0,16.0,1103.1,97.9,0,0
106KIL24,_DSC5585,1800,0.0008,50.0,16.0,1063.9,99.4,0,0
106KIL24,_DSC5586,720,0.0008,50.0,16.0,580.2,106.2,0,0
106KIL24,_DSC5587,720,0.0008,50.0,16.0,532.5,107.1,0,0
106KIL24,_DSC5588,720,0.0008,50.0,16.0,502.9,105.0,0,0
106KIL24,_DSC5589,720,0.0008,50.0,16.0,478.7,102.9,0,0
106KIL24,_DSC5590,720,0.0008,50.0,16.0,474.0,104.7,0,0
106KIL24,_DSC5591,720,0.0008,50.0,16.0,502.2,104.8,0,0
106KIL24,_DSC5592,720,0.0008,50.0,16.0,640.4,114.6,0,0
106KIL24,_DSC5593,720,0.0008,50.0,16.0,584.8,110.0,0,0
106KIL24,_DSC5594,720,0.0008,50.0,16.0,602.7,106.8,0,0
106KIL24,_DSC5595,720,0.0008,50.0,16.0,621.6,108.4,0,0
106KIL24,_DSC5596,720,0.0008,50.0,16.0,599.3,109.6,0,0
106KIL24,_DSC5597,1000,0.0008,50.0,16.0,705.6,90.9,0,0
106KIL24,_DSC5598,1000,0.0008,50.0,16.0,767.7,90.1,0,0
106KIL24,_DSC5599,1000,0.0008,50.0,16.0,771.6,91.6,0,0
106KIL24,_DSC5600,1000,0.0008,50.0,16.0,732.4,91.2,0,0
106KIL24,_DSC5601,1250,0.0008,50.0,16.0,940.6,101.5,0,0
106KIL24,_DSC5602,1250,0.0008,50.0,16.0,897.6,102.4,0,0
106KIL24,_DSC5603,1600,0.0008,50.0,16.0,347.1,107.7,0,0
106KIL24,_DSC5604,1600,0.0008,50.0,16.0,387.0,112.1,0,0
106KIL24,_DSC5605,1600,0.0008,50.0,16.0,393.5,111.2,0,0
106KIL24,_DSC5606,1600,0.0008,50.0,16.0,384.1,110.7,0,0
106KIL24,_DSC5607,1600,0.0008,50.0,16.0,369.6,109.6,0,0
106KIL24,_DSC5608,800,0.0008,50.0,16.0,99.9,109.0,0,0
106KIL24,_DSC5609,800,0.0008,50.0,16.0,99.1,105.7,0,0
106KIL24,_DSC5610,800,0.0008,50.0,16.0,103.3,107.7,0,0
106KIL24,_DSC5611,800,0.0008,50.0,16.0,102.7,90.9,0,0
106KIL24,_DSC5612,1100,0.0008,50.0,16.0,114.1,103.6,0,0
106KIL24,_DSC5613,800,0.0008,50.0,16.0,135.2,102.8,0,0
106KIL24,_DSC5614,800,0.0008,50.0,16.0,109.5,114.2,0,0
106KIL24,_DSC5615,900,0.0008,50.0,16.0,98.3,110.7,0,0
106KIL24,_DSC5616,1250,0.0008,50.0,16.0,217.5,109.7,0,0
106KIL24,_DSC5617,1250,0.0008,50.0,16.0,200.7,111.3,0,0
106KIL24,_DSC5618,1600,0.0008,50.0,16.0,767.9,121.1,0,0
106KIL24,_DSC5619,720,0.0008,50.0,16.0,1229.8,88.3,0,0
106KIL24,_DSC5620,720,0.0008,50.0,16.0,1005.9,82.4,0,0
106KIL24,_DSC5621,720,0.0008,50.0,16.0,1199.2,86.3,0,0
106KIL24,_DSC5622,720,0.0008,50.0,16.0,1025.1,80.3,0,0
106KIL24,_DSC5623,720,0.0008,50.0,16.0,1071.0,83.1,0,0
106KIL24,_DSC5624,720,0.0008,50.0,16.0,1064.2,81.5,0,0
106KIL24,_DSC5625,1000,0.0008,50.0,16.0,817.4,76.2,0,0
106KIL24,_DSC5626,1000,0.0008,50.0,16.0,805.5,76.1,0,0
106KIL24,_DSC5627,1000,0.0008,50.0,16.0,823.2,78.9,0,0
106KIL24,_DSC5628,800,0.0008,50.0,16.0,694.7,83.5,0,0
106KIL24,_DSC5629,800,0.0008,50.0,16.0,712.6,82.7,0,0
106KIL24,_DSC5630,800,0.0008,50.0,16.0,740.9,78.3,0,0
106KIL24,_DSC5631,900,0.0008,50.0,16.0,786.1,81.1,0,0
106KIL24,_DSC5632,900,0.0008,50.0,16.0,795.2,82.2,0,0
106KIL24,_DSC5633,720,0.0008,50.0,16.0,63.5,117.1,0,0
106KIL24,_DSC5634,720,0.0008,50.0,16.0,62.5,116.8,0,0
106KIL24,_DSC5635,720,0.0008,50.0,16.0,61.3,121.2,0,0
106KIL24,_DSC5636,1600,0.000625,50.0,16.0,344.2,111.1,0,0
106KIL24,_DSC5637,1600,0.000625,50.0,16.0,350.8,107.2,0,0
106KIL24,_DSC5638,1600,0.000625,50.0,16.0,303.1,106.2,0,0
106KIL24,_DSC5639,1600,0.000625,50.0,16.0,319.7,108.4,0,0
106KIL24,_DSC5640,1600,0.000625,50.0,16.0,327.4,106.0,0,0
106KIL24,_DSC5641,2000,0.000625,50.0,16.0,368.7,108.7,0,0
106KIL24,_DSC5642,560,0.000625,50.0,16.0,128.9,116.4,0,0
106KIL24,_DSC5643,560,0.000625,50.0,16.0,126.9,112.7,0,0
106KIL24,_DSC5644,560,0.000625,50.0,16.0,124.8,113.3,0,0
106KIL24,_DSC5645,500,0.000625,50.0,16.0,165.4,108.4,0,0
106KIL24,_DSC5646,500,0.000625,50.0,16.0,162.7,107.8,0,0
106KIL24,_DSC5647,500,0.000625,50.0,16.0,162.8,108.7,0,0
106KIL24,_DSC5648,500,0.000625,50.0,16.0,162.2,109.2,0,0
106KIL24,_DSC5649,500,0.000625,50.0,16.0,154.9,109.8,0,0
106KIL24,_DSC5650,560,0.000625,50.0,16.0,177.2,112.8,0,0
106KIL24,_DSC5651,560,0.000625,50.0,16.0,175.3,112.9,0,0
106KIL24,_DSC5652,560,0.000625,50.0,16.0,172.4,110.0,0,0
106KIL24,_DSC5653,560,0.000625,50.0,16.0,176.1,112.6,0,0
106KIL24,_DSC5654,560,0.000625,50.0,16.0,175.5,108.8,0,0
106KIL24,_DSC5655,500,0.000625,50.0,16.0,166.6,103.4,0,0
106KIL24,_DSC5656,500,0.000625,50.0,16.0,163.7,107.0,0,0
106KIL24,_DSC5657,500,0.000625,50.0,16.0,167.2,106.3,0,0
106KIL24,_DSC5658,500,0.000625,50.0,16.0,173.8,113.8,0,0
106KIL24,_DSC5659,1100,0.000625,50.0,16.0,940.9,96.9,0,0
106KIL24,_DSC5660,1100,0.000625,50.0,16.0,1074.0,100.0,0,0
106KIL24,_DSC5661,1100,0.000625,50.0,16.0,927.1,96.9,0,0
106KIL24,_DSC5662,1100,0.000625,50.0,16.0,907.3,94.7,0,0
106KIL24,_DSC5663,560,0.000625,50.0,16.0,166.1,113.3,0,0
106KIL24,_DSC5664,560,0.000625,50.0,16.0,162.9,110.5,0,0
106KIL24,_DSC5665,560,0.000625,50.0,16.0,167.4,114.0,0,0
106KIL24,_DSC5666,560,0.000625,50.0,16.0,163.3,111.3,0,0
106KIL24,_DSC5667,1100,0.000625,50.0,16.0,801.1,101.5,0,0
106KIL24,_DSC5668,1100,0.000625,50.0,16.0,683.5,102.8,0,0
106KIL24,_DSC5669,1100,0.000625,50.0,16.0,674.8,103.1,0,0
106KIL24,_DSC5670,1100,0.000625,50.0,16.0,753.1,105.7,0,0
106KIL24,_DSC5671,500,0.000625,50.0,16.0,174.9,105.8,0,0
106KIL24,_DSC5672,500,0.000625,50.0,16.0,176.9,107.6,0,0
106KIL24,_DSC5673,500,0.000625,50.0,16.0,173.9,105.5,0,0
107FARML,DSC_7692,1400,0.0008,32.0,22.0,139.4,86.0,0,0
107FARML,DSC_7693,1600,0.0008,70.0,22.0,182.7,94.8,0,0
107FARML,DSC_7694,1600,0.0008,70.0,22.0,190.8,90.8,0,0
107FARML,DSC_7695,720,0.00125,46.0,22.0,178.6,87.5,0,0
107FARML,DSC_7696,1000,0.00125,46.0,22.0,241.5,90.1,0,0
107FARML,DSC_7697,800,0.00125,21.0,22.0,219.4,82.8,0,0
107FARML,DSC_7698,800,0.00125,21.0,22.0,222.5,82.1,0,0
107FARML,DSC_7699,900,0.00125,21.0,22.0,240.3,80.3,0,0
107FARML,DSC_7700,900,0.00125,21.0,22.0,239.4,80.5,0,0
107FARML,DSC_7701,900,0.00125,18.0,22.0,253.1,80.5,0,0
107FARML,DSC_7702,800,0.00125,38.0,22.0,273.3,90.7,0,0
107FARML,DSC_7703,1000,0.00125,18.0,22.0,297.8,80.2,0,0
107FARML,DSC_7704,720,0.00125,35.0,22.0,173.5,90.1,0,0
107FARML,DSC_7705,720,0.00125,35.0,22.0,185.9,90.1,0,0
107FARML,DSC_7706,720,0.00125,35.0,22.0,168.7,86.8,0,0
107FARML,DSC_7707,500,0.00125,70.0,22.0,28.4,97.8,0,0
107FARML,DSC_7708,500,0.00125,70.0,22.0,29.9,95.8,0,0
107FARML,DSC_7709,560,0.00125,70.0,22.0,32.9,99.4,0,0
107FARML,DSC_7710,500,0.00125,100.0,22.0,21.6,104.7,0,0
107FARML,DSC_7711,500,0.00125,100.0,22.0,20.3,105.5,0,0
107FARML,DSC_7712,450,0.00125,100.0,22.0,18.7,101.4,0,0
107FARML,DSC_7713,500,0.00125,100.0,22.0,27.0,102.3,0,0
107FARML,DSC_7714,500,0.00125,100.0,22.0,18.9,104.7,0,0
107FARML,DSC_7715,100,0.02,35.0,22.0,182.9,90.0,0,0
107FARML,DSC_7716,100,0.02,35.0,22.0,189.5,88.7,0,0
107FARML,DSC_7717,100,0.025,31.0,22.0,145.7,90.3,0,0
107FARML,DSC_7718,100,0.03333333333333333,44.0,22.0,59.8,83.5,0,0
107FARML,DSC_7719,100,0.03333333333333333,44.0,22.0,67.2,84.1,0,0
107FARML,DSC_7720,100,0.03333333333333333,35.0,22.0,86.9,80.9,0,0
107FARML,DSC_7721,100,0.04,29.0,22.0,88.0,79.3,0,0
107FARML,DSC_7722,100,0.03333333333333333,38.0,22.0,118.9,81.5,0,0
107FARML,DSC_7723,100,0.03333333333333333,38.0,22.0,169.3,79.7,0,0
107FARML,DSC_7724,100,0.03333333333333333,38.0,22.0,96.8,88.7,0,0
107FARML,DSC_7725,100,0.02,116.0,22.0,80.8,86.6,0,0
107FARML,DSC_7726,100,0.025,116.0,22.0,54.7,87.7,0,0
107FARML,DSC_7727,100,0.025,116.0,22.0,105.2,82.7,0,0
107FARML,DSC_7728,100,0.025,116.0,22.0,104.5,87.6,0,0
107FARML,DSC_7729,100,0.025,100.0,22.0,51.6,79.1,0,0
107FARML,DSC_7730,100,0.025,100.0,22.0,85.7,83.2,0,0
107FARML,DSC_7731,1000,0.002,122.0,22.0,195.9,80.9,0,0
107FARML,DSC_7732,1000,0.002,122.0,22.0,194.7,83.3,0,0
107FARML,DSC_7733,1000,0.002,122.0,22.0,198.8,81.9,0,0
107FARML,DSC_7734,1000,0.002,122.0,22.0,197.5,82.3,0,0
107FARML,DSC_7735,1000,0.002,122.0,22.0,223.0,72.7,0,0
107FARML,DSC_7736,900,0.002,29.0,22.0,111.8,80.4,0,0
107FARML,DSC_7737,1000,0.002,22.0,22.0,123.5,79.9,0,0
107FARML,DSC_7738,1000,0.002,22.0,22.0,116.9,81.1,0,0
107FARML,DSC_7739,900,0.002,22.0,22.0,103.6,79.3,0,0
107FARML,DSC_7740,1000,0.002,22.0,22.0,115.6,78.8,0,0
107FARML,DSC_7741,1000,0.002,22.0,22.0,112.9,77.7,0,0
107FARML,DSC_7742,1000,0.002,23.0,22.0,120.2,79.5,0,0
107FARML,DSC_7743,500,0.004,27.0,22.0,155.1,84.5,0,0
107FARML,DSC_7744,500,0.004,27.0,22.0,156.4,84.0,0,0
107FARML,DSC_7745,450,0.004,27.0,22.0,122.1,85.2,0,0
107FARML,DSC_7746,450,0.004,27.0,22.0,121.9,85.3,0,0
107FARML,DSC_7747,450,0.004,27.0,22.0,121.3,84.5,0,0
107FARML,DSC_7748,450,0.004,23.0,22.0,117.6,82.4,0,0
107FARML,DSC_7749,1000,0.004,23.0,22.0,117.6,76.3,0,0
107FARML,DSC_7750,1100,0.004,23.0,22.0,136.2,80.1,0,0
107FARML,DSC_7751,1100,0.004,23.0,22.0,142.8,77.1,0,0
107FARML,DSC_7752,800,0.004,40.0,22.0,93.8,91.8,0,0
107FARML,DSC_7753,720,0.004,40.0,22.0,85.6,87.9,0,0
107FARML,DSC_7754,720,0.004,40.0,22.0,112.5,83.9,0,0
107FARML,DSC_7755,800,0.004,40.0,22.0,154.1,85.0,0,0
107FARML,DSC_7756,800,0.004,40.0,22.0,154.2,85.3,0,0
107FARML,DSC_7757,720,0.004,35.0,22.0,62.8,92.0,0,0
107FARML,DSC_7758,720,0.004,35.0,22.0,77.9,90.6,0,0
107FARML,DSC_7759,1000,0.004,23.0,22.0,127.0,81.5,0,0
107FARML,DSC_7760,500,0.004,27.0,22.0,130.6,84.3,0,0
107FARML,DSC_7761,560,0.004,27.0,22.0,154.2,86.8,0,0
107FARML,DSC_7762,560,0.004,32.0,22.0,132.4,89.5,0,0
107FARML,DSC_7763,500,0.004,100.0,22.0,17.3,101.2,0,0
107FARML,DSC_7764,500,0.004,86.0,22.0,26.6,99.9,0,0
107FARML,DSC_7765,500,0.004,86.0,22.0,27.6,97.4,0,0
107FARML,DSC_7766,640,0.004,86.0,22.0,45.1,100.1,0,0
107FARML,DSC_7767,500,0.004,116.0,22.0,17.0,99.4,0,0
107FARML,DSC_7768,500,0.004,116.0,22.0,14.4,97.3,0,0
107FARML,DSC_7769,720,0.004,116.0,22.0,29.5,104.8,0,0
107FARML,DSC_7770,640,0.004,80.0,22.0,41.4,96.9,0,0
107FARML,DSC_7771,640,0.004,70.0,22.0,49.7,88.4,0,0
107FARML,DSC_7772,560,0.004,100.0,22.0,94.6,90.4,0,0
107FARML,DSC_7773,640,0.004,80.0,22.0,150.9,82.7,0,0
107FARML,DSC_7774,500,0.004,86.0,22.0,254.4,93.8,0,0
107FARML,DSC_7775,1000,0.004,38.0,22.0,171.7,99.5,0,0
107FARML,DSC_7776,1100,0.004,40.0,22.0,151.4,101.6,0,0
107FARML,DSC_7777,1100,0.004,40.0,22.0,167.9,101.4,0,0
107FARML,DSC_7778,1100,0.004,40.0,22.0,173.5,101.1,0,0
107FARML,DSC_7779,1100,0.004,35.0,22.0,178.0,99.4,0,0
107FARML,DSC_7780,1100,0.004,35.0,22.0,177.2,100.5,0,0
107FARML,DSC_7781,1000,0.004,35.0,22.0,183.3,94.4,0,0
107FARML,DSC_7782,900,0.004,55.0,22.0,146.4,100.6,0,0
107FARML,DSC_7783,900,0.004,55.0,22.0,162.5,100.5,0,0
107FARML,DSC_7784,1000,0.004,58.0,22.0,180.5,105.0,0,0
107FARML,DSC_7785,1000,0.004,58.0,22.0,181.6,105.2,0,0
107FARML,DSC_7786,900,0.004,50.0,22.0,182.2,102.6,0,0
107FARML,DSC_7787,900,0.004,50.0,22.0,226.5,102.3,0,0
107FARML,DSC_7788,400,0.004,70.0,22.0,153.9,83.4,0,0
107FARML,DSC_7789,360,0.004,86.0,22.0,189.7,88.0,0,0
107FARML,DSC_7790,500,0.005,86.0,22.0,173.6,92.5,0,0
107FARML,DSC_7791,500,0.005,86.0,22.0,173.9,93.4,0,0
107FARML,DSC_7792,640,0.005,80.0,22.0,114.6,98.9,0,0
107FARML,DSC_7793,640,0.005,80.0,22.0,173.3,99.4,0,0
107FARML,DSC_7794,280,0.005,86.0,22.0,175.4,86.2,0,0
107FARML,DSC_7795,320,0.005,86.0,22.0,238.6,88.3,0,0
107FARML,DSC_7796,400,0.005,86.0,22.0,328.7,94.7,0,0
107FARML,DSC_7797,400,0.005,92.0,22.0,201.8,92.5,0,0
107FARML,DSC_7798,320,0.005,75.0,22.0,146.9,89.3,0,0
107FARML,DSC_7799,320,0.005,75.0,22.0,187.9,92.4,0,0
107FARML,DSC_7800,320,0.005,75.0,22.0,154.2,90.3,0,0
107FARML,DSC_7801,360,0.005,80.0,22.0,182.9,91.5,0,0
107FARML,DSC_7802,360,0.005,80.0,22.0,234.6,90.6,0,0
107FARML,DSC_7803,360,0.005,86.0,22.0,157.0,99.3,0,0
107FARML,DSC_7804,360,0.005,86.0,22.0,168.1,98.1,0,0
107FARML,DSC_7805,280,0.005,70.0,22.0,88.4,89.6,0,0
107FARML,DSC_7806,640,0.005,135.0,22.0,123.8,102.5,0,0
107FARML,DSC_7807,640,0.005,135.0,22.0,296.9,100.6,0,0
107FARML,DSC_7808,720,0.005,185.0,22.0,349.4,103.3,0,0
107FARML,DSC_7809,720,0.005,185.0,22.0,226.7,103.0,0,0
107FARML,DSC_7810,400,0.005,92.0,22.0,194.3,96.7,0,0
107FARML,DSC_7811,450,0.005,92.0,22.0,178.2,94.3,0,0
107FARML,DSC_7812,640,0.005,92.0,22.0,176.3,104.1,0,0
107FARML,DSC_7813,640,0.005,122.0,22.0,309.2,107.1,0,0
107FARML,DSC_7814,640,0.005,155.0,22.0,130.9,115.2,0,0
107FARML,DSC_7815,320,0.005,116.0,22.0,92.2,87.2,0,0
107FARML,DSC_7816,900,0.005,145.0,22.0,477.0,101.9,0,0
107FARML,DSC_7817,320,0.008,135.0,22.0,307.5,104.1,0,0
107FARML,DSC_7818,250,0.008,70.0,22.0,123.1,92.5,0,0
107FARML,_DSC5707,1100,0.0004,50.0,9.0,1113.5,86.0,0,0
107FARML,_DSC5708,1100,0.0004,50.0,9.0,1063.2,81.2,0,0
107FARML,_DSC5709,100,0.0003125,50.0,1.8,61.7,107.5,0,0
107FARML,_DSC5710,100,0.0003125,50.0,1.8,63.1,107.8,0,0
107FARML,_DSC5711,100,0.0008,50.0,1.8,19.7,139.3,0,0
107FARML,_DSC5712,100,0.0008,50.0,1.8,20.0,135.1,0,0
107FARML,_DSC5713,100,0.0008,50.0,1.8,19.4,137.5,0,0
107FARML,_DSC5714,100,0.0004,50.0,1.8,213.3,135.0,0,0
107FARML,_DSC5715,100,0.0004,50.0,1.8,208.9,128.7,0,0
107FARML,_DSC5716,100,0.0004,50.0,1.8,217.1,124.9,0,0
107FARML,_DSC5717,140,0.0004,50.0,1.8,33.1,119.1,0,0
107FARML,_DSC5718,140,0.0004,50.0,1.8,20.3,119.0,0,0
107FARML,_DSC5719,140,0.0004,50.0,1.8,23.5,118.9,0,0
107FARML,_DSC5720,140,0.0004,50.0,1.8,22.4,119.6,0,0
107FARML,_DSC5721,140,0.0004,50.0,1.8,31.2,119.6,0,0
108BOTAN,_DSC5723,1000,0.0004,50.0,1.8,10.3,145.2,0,0
108BOTAN,_DSC5724,1000,0.0004,50.0,1.8,10.8,141.3,0,0
108BOTAN,_DSC5725,200,0.0004,50.0,1.8,22.4,121.8,0,0
108BOTAN,_DSC5726,180,0.0004,50.0,1.8,18.4,109.6,0,0
108BOTAN,_DSC5727,160,0.0004,50.0,1.8,36.6,103.7,0,0
108BOTAN,_DSC5728,220,0.0004,50.0,1.8,24.3,124.1,0,0
108BOTAN,_DSC5729,400,0.0004,50.0,1.8,17.0,127.3,0,0
108BOTAN,_DSC5730,100,0.0004,50.0,1.8,12.6,100.2,0,0
108BOTAN,_DSC5731,100,0.0004,50.0,1.8,11.6,95.5,0,0
108BOTAN,_DSC5732,100,0.0004,50.0,1.8,11.3,95.8,0,0
108BOTAN,_DSC5733,100,0.0004,50.0,1.8,12.0,96.1,0,0
108BOTAN,_DSC5734,110,0.0004,50.0,1.8,8.6,98.3,0,0
108BOTAN,_DSC5735,100,0.00025,50.0,1.8,21.0,101.8,0,0
108BOTAN,_DSC5736,100,0.00025,50.0,1.8,182.6,122.4,0,0
108BOTAN,_DSC5737,100,0.00025,50.0,1.8,183.2,114.2,0,0
108BOTAN,_DSC5738,100,0.00025,50.0,1.8,178.0,113.4,0,0
108BOTAN,_DSC5739,100,0.0003125,50.0,1.8,164.2,126.0,0,0
108BOTAN,_DSC5740,100,0.0003125,50.0,1.8,166.4,126.1,0,0
108BOTAN,_DSC5741,100,0.0003125,50.0,1.8,169.3,125.4,0,0
108BOTAN,_DSC5742,100,0.005,50.0,1.8,1222.9,91.0,0,0
108BOTAN,_DSC5743,100,0.005,50.0,1.8,1252.3,92.7,0,0
108BOTAN,_DSC5744,100,0.005,50.0,1.8,1547.4,96.0,0,0
108BOTAN,_DSC5745,100,0.005,50.0,1.8,1748.8,96.9,0,0
108BOTAN,_DSC5746,100,0.005,50.0,1.8,1135.7,99.6,0,0
108BOTAN,_DSC5747,100,0.003125,50.0,1.8,1400.4,68.7,0,0
108BOTAN,_DSC5748,100,0.003125,50.0,1.8,1475.9,69.8,0,0
108BOTAN,_DSC5749,100,0.003125,50.0,1.8,1307.2,70.7,0,0
108BOTAN,_DSC5750,100,0.003125,50.0,1.8,1422.6,72.2,0,0
108BOTAN,_DSC5751,100,0.003125,50.0,1.8,1426.1,71.0,0,0
108BOTAN,_DSC5752,100,0.003125,50.0,1.8,656.8,74.7,0,0
108BOTAN,_DSC5753,100,0.0025,50.0,1.8,1784.7,68.4,0,0
108BOTAN,_DSC5754,100,0.0025,50.0,1.8,1830.0,69.4,0,0
108BOTAN,_DSC5755,100,0.0025,50.0,1.8,1708.3,65.2,0,0
108BOTAN,_DSC5756,100,0.0025,50.0,1.8,1739.3,67.5,0,0
108BOTAN,_DSC5757,100,0.003125,50.0,1.8,1356.8,73.7,0,0
108BOTAN,_DSC5758,100,0.003125,50.0,1.8,1436.2,73.3,0,0
108BOTAN,_DSC5759,100,0.003125,50.0,1.8,1466.5,73.2,0,0
108BOTAN,_DSC5760,100,0.003125,50.0,1.8,1405.8,73.5,0,0
108BOTAN,_DSC5761,100,0.003125,50.0,1.8,1458.0,73.9,0,0
108BOTAN,_DSC5762,100,0.003125,50.0,1.8,1454.1,73.8,0,0
108BOTAN,_DSC5763,100,0.003125,50.0,1.8,1333.8,75.5,0,0
108BOTAN,_DSC5764,110,0.016666666666666666,50.0,5.0,1464.0,68.2,0,0
108BOTAN,_DSC5765,110,0.016666666666666666,50.0,5.0,1267.3,74.5,0,0
108BOTAN,_DSC5766,110,0.016666666666666666,50.0,5.0,1626.0,70.0,0,0
108BOTAN,_DSC5767,110,0.016666666666666666,50.0,5.0,2618.6,73.7,0,0
108BOTAN,_DSC5768,110,0.016666666666666666,50.0,5.0,2051.9,74.0,0,0
108BOTAN,_DSC5769,110,0.016666666666666666,50.0,5.0,2439.8,73.3,0,0
108BOTAN,_DSC5770,110,0.016666666666666666,50.0,5.0,1853.1,73.7,0,0
108BOTAN,_DSC5771,110,0.016666666666666666,50.0,5.0,1300.3,75.8,0,0
108BOTAN,_DSC5772,110,0.016666666666666666,50.0,5.0,1579.9,78.8,0,0
108BOTAN,_DSC5773,560,0.016666666666666666,50.0,11.0,1374.9,63.6,0,0
108BOTAN,_DSC5774,560,0.016666666666666666,50.0,11.0,1063.2,68.7,0,0
108BOTAN,_DSC5775,560,0.016666666666666666,50.0,11.0,1763.6,66.4,0,0
108BOTAN,_DSC5776,560,0.016666666666666666,50.0,11.0,1974.5,69.5,0,0
108BOTAN,_DSC5777,560,0.016666666666666666,50.0,11.0,1799.4,69.1,0,0
108BOTAN,_DSC5778,560,0.016666666666666666,50.0,11.0,2062.6,68.3,0,0
108BOTAN,_DSC5779,560,0.016666666666666666,50.0,11.0,1315.1,69.8,0,0
108BOTAN,_DSC5780,560,0.016666666666666666,50.0,11.0,2059.1,69.9,0,0
108BOTAN,_DSC5781,560,0.016666666666666666,50.0,11.0,1591.5,69.4,0,0
108BOTAN,_DSC5782,560,0.016666666666666666,50.0,11.0,2271.7,71.3,0,0
108BOTAN,_DSC5783,800,0.02,50.0,16.0,337.2,61.9,0,0
108BOTAN,_DSC5784,800,0.02,50.0,16.0,607.2,61.0,0,0
108BOTAN,_DSC5785,800,0.02,50.0,16.0,772.9,60.9,0,0
108BOTAN,_DSC5786,800,0.02,50.0,16.0,1337.6,60.5,0,0
108BOTAN,_DSC5787,800,0.02,50.0,16.0,1350.4,60.4,0,0
108BOTAN,_DSC5788,800,0.02,50.0,16.0,1049.8,59.3,0,0
108BOTAN,_DSC5789,800,0.02,50.0,16.0,643.5,62.0,0,0
108BOTAN,_DSC5790,800,0.02,50.0,16.0,1477.4,55.4,0,0
108BOTAN,_DSC5791,800,0.02,50.0,16.0,1448.2,59.7,0,0
108BOTAN,_DSC5792,800,0.02,50.0,16.0,1616.5,62.8,0,0
108BOTAN,_DSC5793,800,0.02,50.0,16.0,83.8,68.0,0,0
108BOTAN,_DSC5794,800,0.025,50.0,16.0,705.0,68.0,0,0
108BOTAN,_DSC5795,800,0.02,50.0,16.0,481.0,72.2,0,0
108BOTAN,_DSC5796,800,0.02,50.0,16.0,1006.7,70.8,0,0
108BOTAN,_DSC5797,800,0.025,50.0,16.0,1444.5,60.7,0,0
108BOTAN,_DSC5798,800,0.025,50.0,16.0,721.8,62.0,0,0
108BOTAN,_DSC5799,800,0.04,50.0,16.0,170.4,80.3,0,0
108BOTAN,_DSC5800,800,0.025,50.0,16.0,1035.9,68.1,0,0
108BOTAN,_DSC5801,800,0.025,50.0,16.0,789.3,67.9,0,0
108BOTAN,_DSC5802,800,0.02,50.0,16.0,1318.8,60.6,0,0
108BOTAN,_DSC5803,800,0.02,50.0,16.0,1146.8,59.6,0,0
108BOTAN,_DSC5804,800,0.02,50.0,16.0,1180.1,61.5,0,0
108BOTAN,_DSC5805,800,0.02,50.0,16.0,374.6,148.5,0,0
108BOTAN,_DSC5806,100,0.002,50.0,1.8,446.1,120.4,0,0
108BOTAN,_DSC5807,100,0.002,50.0,1.8,457.2,119.7,0,0
108BOTAN,_DSC5808,100,0.002,50.0,1.8,452.1,120.2,0,0
108BOTAN,_DSC5809,100,0.002,50.0,1.8,450.7,120.1,0,0
108BOTAN,_DSC5810,100,0.002,50.0,1.8,459.3,120.2,0,0
108BOTAN,_DSC5811,100,0.002,50.0,1.8,438.4,120.3,0,0
108BOTAN,_DSC5812,100,0.002,50.0,1.8,449.2,120.2,0,0
108BOTAN,_DSC5813,100,0.002,50.0,1.8,447.5,120.0,0,0
108BOTAN,_DSC5814,100,0.002,50.0,1.8,454.4,120.1,0,0
108BOTAN,_DSC5815,100,0.002,50.0,1.8,456.1,120.4,0,0
108BOTAN,_DSC5816,100,0.002,50.0,1.8,446.6,120.1,0,0
108BOTAN,_DSC5817,100,0.002,50.0,1.8,649.2,105.4,0,0
108BOTAN,_DSC5818,100,0.002,50.0,1.8,635.7,106.9,0,0
108BOTAN,_DSC5819,100,0.002,50.0,1.8,644.8,107.8,0,0
108BOTAN,_DSC5820,100,0.002,50.0,1.8,642.5,108.7,0,0
108BOTAN,_DSC5821,100,0.002,50.0,1.8,635.5,109.9,0,0
108BOTAN,_DSC5822,100,0.002,50.0,1.8,657.2,108.1,0,0
108BOTAN,_DSC5823,100,0.002,50.0,1.8,296.1,119.5,0,0
108BOTAN,_DSC5824,100,0.002,50.0,1.8,302.8,118.9,0,0
108BOTAN,_DSC5825,100,0.002,50.0,1.8,306.3,121.4,0,0
108BOTAN,_DSC5826,100,0.002,50.0,1.8,291.8,121.5,0,0
108BOTAN,_DSC5827,100,0.002,50.0,1.8,305.3,121.3,0,0
108BOTAN,_DSC5828,100,0.002,50.0,1.8,302.9,119.0,0,0
108BOTAN,_DSC5829,100,0.002,50.0,1.8,298.6,117.6,0,0
108BOTAN,_DSC5830,100,0.002,50.0,1.8,302.7,117.8,0,0
108BOTAN,_DSC5831,100,0.002,50.0,1.8,300.1,117.8,0,0
108BOTAN,_DSC5832,100,0.002,50.0,1.8,309.7,121.5,0,0
108BOTAN,_DSC5833,100,0.002,50.0,1.8,310.4,120.1,0,0
108BOTAN,_DSC5834,100,0.002,50.0,1.8,307.1,117.3,0,0
108BOTAN,_DSC5835,100,0.002,50.0,1.8,294.9,116.3,0,0
108BOTAN,_DSC5836,100,0.002,50.0,1.8,748.2,125.7,0,0
108BOTAN,_DSC5837,100,0.0025,50.0,1.8,489.9,128.0,0,0
108BOTAN,_DSC5838,100,0.0025,50.0,1.8,472.8,128.8,0,0
108BOTAN,_DSC5839,100,0.002,50.0,1.8,495.0,124.8,0,0
108BOTAN,_DSC5840,100,0.002,50.0,1.8,482.4,125.4,0,0
108BOTAN,_DSC5841,100,0.002,50.0,1.8,507.3,120.7,0,0
108BOTAN,_DSC5842,100,0.002,50.0,1.8,439.9,120.2,0,0
108BOTAN,_DSC5843,100,0.002,50.0,1.8,523.1,120.3,0,0
108BOTAN,_DSC5844,100,0.002,50.0,1.8,477.4,122.0,0,0
108BOTAN,_DSC5845,100,0.002,50.0,1.8,516.3,126.7,0,0
108BOTAN,_DSC5846,100,0.002,50.0,1.8,504.6,127.6,0,0
108BOTAN,_DSC5847,100,0.002,50.0,1.8,508.3,127.6,0,0
108BOTAN,_DSC5848,100,0.002,50.0,1.8,493.7,128.0,0,0
108BOTAN,_DSC5849,100,0.002,50.0,1.8,485.0,127.6,0,0
108BOTAN,_DSC5850,100,0.002,50.0,1.8,420.9,127.5,0,0
108BOTAN,_DSC5851,100,0.0015625,50.0,1.8,255.9,114.4,0,0
108BOTAN,_DSC5852,100,0.0015625,50.0,1.8,266.5,113.3,0,0
108BOTAN,_DSC5853,100,0.0015625,50.0,1.8,265.8,112.2,0,0
108BOTAN,_DSC5854,100,0.0015625,50.0,1.8,263.8,111.8,0,0
108BOTAN,_DSC5855,100,0.0015625,50.0,1.8,264.0,111.7,0,0
108BOTAN,_DSC5856,100,0.0015625,50.0,1.8,265.8,111.6,0,0
108BOTAN,_DSC5857,100,0.0015625,50.0,1.8,263.7,110.9,0,0
108BOTAN,_DSC5858,100,0.0015625,50.0,1.8,263.9,111.0,0,0
108BOTAN,_DSC5859,100,0.0015625,50.0,1.8,266.6,110.6,0,0
108BOTAN,_DSC5860,100,0.0015625,50.0,1.8,264.1,109.6,0,0
108BOTAN,_DSC5861,100,0.0015625,50.0,1.8,270.9,114.1,0,0
108BOTAN,_DSC5862,100,0.0015625,50.0,1.8,309.4,114.8,0,0
108BOTAN,_DSC5863,100,0.0015625,50.0,1.8,340.0,114.2,0,0
108BOTAN,_DSC5864,100,0.0015625,50.0,1.8,338.7,114.5,0,0
108BOTAN,_DSC5865,100,0.0015625,50.0,1.8,336.7,114.3,0,0
108BOTAN,_DSC5866,100,0.0015625,50.0,1.8,336.3,114.7,0,0
108BOTAN,_DSC5867,100,0.0015625,50.0,1.8,340.6,114.7,0,0
110BUL24,_DSC5868,100,0.0008,70.0,2.8,13.3,182.4,0,0
110BUL24,_DSC5869,100,0.0008,70.0,2.8,13.3,179.2,0,0
110BUL24,_DSC5870,100,0.0008,70.0,2.8,13.4,178.9,0,0
110BUL24,_DSC5871,200,0.0004,70.0,2.8,10.4,173.9,0,0
110BUL24,_DSC5872,200,0.0004,70.0,2.8,11.3,174.0,0,0
110BUL24,_DSC5873,200,0.0004,70.0,2.8,10.4,173.7,0,0
110BUL24,_DSC5874,200,0.0004,70.0,2.8,10.6,173.5,0,0
110BUL24,_DSC5875,200,0.0004,70.0,2.8,10.5,174.6,0,0
110BUL24,_DSC5876,100,0.004,70.0,2.8,9.6,242.6,0,0
110BUL24,_DSC5877,100,0.004,70.0,2.8,9.7,242.6,0,0
110BUL24,_DSC5878,100,0.004,70.0,2.8,9.6,242.5,0,0
110BUL24,_DSC5879,100,0.004,70.0,2.8,9.5,242.7,0,0
110BUL24,_DSC5880,100,0.002,70.0,6.3,4.5,150.2,0,0
110BUL24,_DSC5881,100,0.002,70.0,6.3,4.4,151.8,0,0
110BUL24,_DSC5882,140,0.002,70.0,6.3,3.7,174.1,0,0
110BUL24,_DSC5883,125,0.002,70.0,6.3,3.6,168.5,0,0
110BUL24,_DSC5884,180,0.002,70.0,6.3,3.4,188.5,0,0
110BUL24,_DSC5885,450,0.002,70.0,6.3,42.7,114.3,0,0
110BUL24,_DSC5886,450,0.002,70.0,6.3,29.3,116.3,0,0
110BUL24,_DSC5887,450,0.002,70.0,6.3,23.4,116.2,0,0
110BUL24,_DSC5888,450,0.002,70.0,6.3,23.7,116.5,0,0
110BUL24,_DSC5889,450,0.002,70.0,6.3,21.7,115.0,0,0
110BUL24,_DSC5890,450,0.002,70.0,6.3,22.2,114.9,0,0
110BUL24,_DSC5891,640,0.002,70.0,6.3,25.4,119.1,0,0
110BUL24,_DSC5892,640,0.002,70.0,6.3,24.1,118.3,0,0
110BUL24,_DSC5893,640,0.002,70.0,6.3,23.9,117.9,0,0
110BUL24,_DSC5894,640,0.002,70.0,6.3,23.9,118.0,0,0
110BUL24,_DSC5895,640,0.002,70.0,6.3,22.0,121.2,0,0
110BUL24,_DSC5896,720,0.002,70.0,6.3,31.6,123.9,0,0
110BUL24,_DSC5897,720,0.002,70.0,6.3,42.3,124.6,0,0
110BUL24,_DSC5898,720,0.002,70.0,6.3,60.1,125.0,0,0
110BUL24,_DSC5899,720,0.002,70.0,6.3,59.1,122.8,0,0
110BUL24,_DSC5900,720,0.002,70.0,6.3,39.9,126.9,0,0
110BUL24,_DSC5901,720,0.002,70.0,6.3,21.5,127.8,0,0
110BUL24,_DSC5902,720,0.002,70.0,6.3,63.4,122.4,0,0
110BUL24,_DSC5903,720,0.002,70.0,6.3,43.8,121.1,0,0
110BUL24,_DSC5904,720,0.002,70.0,6.3,56.6,122.1,0,0
110BUL24,_DSC5905,720,0.002,70.0,6.3,37.1,121.5,0,0
110BUL24,_DSC5906,450,0.002,70.0,6.3,28.7,126.9,0,0
110BUL24,_DSC5907,450,0.002,70.0,6.3,20.7,128.5,0,0
110BUL24,_DSC5908,450,0.002,70.0,6.3,33.0,128.5,0,0
110BUL24,_DSC5909,450,0.002,70.0,6.3,35.3,129.8,0,0
110BUL24,_DSC5910,640,0.002,70.0,6.3,61.2,120.9,0,0
110BUL24,_DSC5911,640,0.002,70.0,6.3,61.2,120.2,0,0
110BUL24,_DSC5912,640,0.002,70.0,6.3,68.5,119.9,0,0
110BUL24,_DSC5913,640,0.002,70.0,6.3,70.5,124.4,0,0
110BUL24,_DSC5914,640,0.002,70.0,6.3,61.7,125.7,0,0
110BUL24,_DSC5915,640,0.002,70.0,6.3,43.8,125.4,0,0
110BUL24,_DSC5916,900,0.002,70.0,6.3,39.6,119.4,0,0
110BUL24,_DSC5917,900,0.002,70.0,6.3,38.9,119.1,0,0
110BUL24,_DSC5918,900,0.002,70.0,6.3,39.2,118.9,0,0
110BUL24,_DSC5919,900,0.002,70.0,6.3,40.9,118.6,0,0
110BUL24,_DSC5920,1250,0.002,70.0,6.3,30.7,142.6,0,0
110BUL24,_DSC5921,1250,0.002,70.0,6.3,34.2,142.0,0,0
110BUL24,_DSC5922,1250,0.002,70.0,6.3,30.7,141.7,0,0
110BUL24,_DSC5923,1250,0.002,70.0,6.3,33.5,141.2,0,0
110BUL24,_DSC5924,1250,0.002,70.0,6.3,30.0,140.9,0,0
110BUL24,_DSC5925,1250,0.002,70.0,6.3,31.8,141.6,0,0
110BUL24,_DSC5926,1250,0.002,70.0,6.3,38.2,141.4,0,0
110BUL24,_DSC5927,1250,0.002,70.0,6.3,36.7,141.3,0,0
110BUL24,_DSC5928,400,0.002,70.0,6.3,14.5,134.8,0,0
110BUL24,_DSC5929,400,0.002,70.0,6.3,15.5,137.1,0,0
110BUL24,_DSC5930,400,0.002,70.0,6.3,19.8,138.5,0,0
110BUL24,_DSC5931,500,0.002,70.0,6.3,24.0,125.5,0,0
110BUL24,_DSC5932,500,0.002,70.0,6.3,26.3,125.0,0,0
110BUL24,_DSC5933,500,0.002,70.0,6.3,29.4,124.5,0,0
110BUL24,_DSC5934,500,0.002,70.0,6.3,22.7,126.0,0,0
110BUL24,_DSC5935,720,0.002,70.0,6.3,37.4,107.9,0,0
110BUL24,_DSC5936,720,0.002,70.0,6.3,52.4,107.0,0,0
110BUL24,_DSC5937,720,0.002,70.0,6.3,51.1,106.1,0,0
110BUL24,_DSC5938,720,0.002,70.0,6.3,49.9,107.2,0,0
110BUL24,_DSC5939,720,0.002,70.0,6.3,45.7,108.7,0,0
110BUL24,_DSC5940,720,0.002,70.0,6.3,39.9,108.7,0,0
110BUL24,_DSC5941,720,0.002,70.0,6.3,36.4,108.5,0,0
110BUL24,_DSC5942,400,0.002,70.0,6.3,24.7,108.3,0,0
110BUL24,_DSC5943,400,0.002,70.0,6.3,24.7,107.3,0,0
110BUL24,_DSC5944,400,0.002,70.0,6.3,26.1,108.7,0,0
110BUL24,_DSC5945,400,0.002,70.0,6.3,26.6,108.3,0,0
110BUL24,_DSC5946,400,0.002,70.0,6.3,18.9,105.7,0,0
110BUL24,_DSC5947,400,0.002,70.0,6.3,29.2,110.7,0,0
110BUL24,_DSC5948,400,0.002,70.0,6.3,28.9,111.0,0,0
110BUL24,_DSC5949,400,0.002,70.0,6.3,29.4,109.4,0,0
110BUL24,_DSC5950,400,0.002,70.0,6.3,28.3,109.2,0,0
110BUL24,_DSC5951,400,0.002,70.0,6.3,29.4,109.6,0,0
110BUL24,_DSC5952,400,0.002,70.0,6.3,27.4,109.8,0,0
110BUL24,_DSC5953,400,0.002,70.0,6.3,27.3,110.9,0,0
110BUL24,_DSC5954,400,0.002,70.0,6.3,24.4,108.6,0,0
110BUL24,_DSC5955,450,0.002,70.0,6.3,30.2,116.8,0,0
110BUL24,_DSC5956,450,0.002,70.0,6.3,30.1,116.4,0,0
110BUL24,_DSC5957,450,0.002,70.0,6.3,31.0,116.3,0,0
110BUL24,_DSC5958,450,0.002,70.0,6.3,30.6,116.3,0,0
110BUL24,_DSC5959,450,0.002,70.0,6.3,30.1,116.9,0,0
110BUL24,_DSC5960,450,0.002,70.0,6.3,29.1,116.3,0,0
110BUL24,_DSC5961,450,0.002,70.0,6.3,32.1,115.9,0,0
110BUL24,_DSC5962,450,0.002,70.0,6.3,31.7,115.3,0,0
110BUL24,_DSC5963,450,0.002,70.0,6.3,31.1,115.4,0,0
110BUL24,_DSC5964,450,0.002,70.0,6.3,31.4,115.3,0,0
110BUL24,_DSC5965,450,0.002,70.0,6.3,29.4,121.5,0,0
110BUL24,_DSC5966,450,0.002,70.0,6.3,26.8,121.0,0,0
110BUL24,_DSC5967,450,0.002,70.0,6.3,29.1,123.0,0,0
110BUL24,_DSC5968,450,0.002,70.0,6.3,25.2,120.8,0,0
110BUL24,_DSC5969,450,0.002,70.0,6.3,31.8,121.4,0,0
110BUL24,_DSC5970,450,0.002,70.0,6.3,27.4,121.8,0,0
110BUL24,_DSC5971,450,0.002,70.0,6.3,30.5,120.2,0,0
110BUL24,_DSC5972,450,0.002,70.0,6.3,31.3,120.0,0,0
110BUL24,_DSC5973,450,0.002,70.0,6.3,28.9,120.0,0,0
110BUL24,_DSC5974,450,0.002,70.0,6.3,31.1,119.6,0,0
110BUL24,_DSC5975,500,0.002,70.0,6.3,29.1,128.1,0,0
110BUL24,_DSC5976,500,0.002,70.0,6.3,30.0,126.6,0,0
110BUL24,_DSC5977,500,0.002,70.0,6.3,27.5,127.9,0,0
110BUL24,_DSC5978,500,0.002,70.0,6.3,26.1,128.9,0,0
110BUL24,_DSC5979,500,0.002,70.0,6.3,26.6,128.3,0,0
110BUL24,_DSC5980,500,0.002,70.0,6.3,29.8,115.7,0,0
110BUL24,_DSC5981,500,0.002,70.0,6.3,26.2,118.0,0,0
110BUL24,_DSC5982,500,0.002,70.0,6.3,30.6,114.6,0,0
110BUL24,_DSC5983,500,0.002,70.0,6.3,28.0,117.8,0,0
110BUL24,_DSC5984,500,0.002,70.0,6.3,26.0,115.0,0,0
110BUL24,_DSC5985,500,0.002,70.0,6.3,30.0,117.5,0,0
110BUL24,_DSC5986,500,0.002,70.0,6.3,29.3,114.1,0,0
110BUL24,_DSC5987,500,0.002,70.0,6.3,29.7,117.9,0,0
110BUL24,_DSC5988,500,0.002,70.0,6.3,29.7,114.8,0,0
110BUL24,_DSC5989,500,0.002,70.0,6.3,31.2,117.3,0,0
110BUL24,_DSC5990,560,0.002,70.0,6.3,33.5,121.0,0,0
110BUL24,_DSC5991,560,0.002,70.0,6.3,32.8,121.2,0,0
110BUL24,_DSC5992,500,0.002,70.0,6.3,26.7,114.5,0,0
110BUL24,_DSC5993,500,0.002,70.0,6.3,31.3,115.8,0,0
110BUL24,_DSC5994,500,0.002,70.0,6.3,30.7,111.8,0,0
110BUL24,_DSC5995,500,0.002,70.0,6.3,31.4,114.8,0,0
110BUL24,_DSC5996,500,0.002,70.0,6.3,32.3,110.7,0,0
110BUL24,_DSC5997,500,0.002,70.0,6.3,31.5,114.7,0,0
110BUL24,_DSC5998,500,0.002,70.0,6.3,32.2,111.3,0,0
110BUL24,_DSC5999,500,0.002,70.0,6.3,32.2,110.7,0,0
110BUL24,_DSC6000,500,0.002,70.0,6.3,31.0,111.1,0,0
110BUL24,_DSC6001,560,0.002,70.0,6.3,61.0,113.3,0,0
110BUL24,_DSC6002,560,0.002,70.0,6.3,49.7,116.8,0,0
110BUL24,_DSC6003,560,0.002,70.0,6.3,55.1,119.1,0,0
110BUL24,_DSC6004,560,0.002,70.0,6.3,58.7,118.0,0,0
110BUL24,_DSC6005,560,0.002,70.0,6.3,54.4,118.5,0,0
110BUL24,_DSC6006,560,0.002,70.0,6.3,55.5,120.0,0,0
110BUL24,_DSC6007,640,0.002,70.0,6.3,42.3,123.2,0,0
110BUL24,_DSC6008,640,0.002,70.0,6.3,42.6,123.6,0,0
110BUL24,_DSC6009,640,0.002,70.0,6.3,34.3,124.0,0,0
110BUL24,_DSC6010,640,0.002,70.0,6.3,43.9,123.0,0,0
110BUL24,_DSC6011,640,0.002,70.0,6.3,52.4,121.3,0,0
110BUL24,_DSC6012,640,0.002,70.0,6.3,51.8,122.1,0,0
110BUL24,_DSC6013,640,0.002,70.0,6.3,53.7,119.9,0,0
110BUL24,_DSC6014,640,0.002,70.0,6.3,52.5,122.2,0,0
110BUL24,_DSC6015,640,0.002,70.0,6.3,51.7,121.8,0,0
110BUL24,_DSC6016,640,0.002,70.0,6.3,52.4,121.4,0,0
110BUL24,_DSC6017,720,0.002,70.0,6.3,73.2,133.4,0,0
110BUL24,_DSC6018,720,0.002,70.0,6.3,53.2,133.0,0,0
110BUL24,_DSC6019,720,0.002,70.0,6.3,120.6,133.7,0,0
110BUL24,_DSC6020,720,0.002,70.0,6.3,92.7,130.3,0,0
110BUL24,_DSC6021,720,0.002,70.0,6.3,101.1,133.6,0,0
110BUL24,_DSC6022,720,0.002,70.0,6.3,41.5,129.7,0,0
110BUL24,_DSC6023,720,0.002,70.0,6.3,39.3,129.2,0,0
110BUL24,_DSC6024,720,0.002,70.0,6.3,50.4,128.2,0,0
110BUL24,_DSC6025,720,0.002,70.0,6.3,44.3,129.1,0,0
110BUL24,_DSC6026,720,0.002,70.0,6.3,51.0,129.0,0,0
110BUL24,_DSC6027,720,0.002,70.0,6.3,63.3,127.7,0,0
110BUL24,_DSC6028,720,0.002,70.0,6.3,79.6,127.3,0,0
110BUL24,_DSC6029,560,0.002,70.0,6.3,48.7,107.3,0,0
110BUL24,_DSC6030,560,0.002,70.0,6.3,46.3,111.2,0,0
110BUL24,_DSC6031,560,0.002,70.0,6.3,48.0,110.2,0,0
110BUL24,_DSC6032,560,0.002,70.0,6.3,50.5,113.4,0,0
110BUL24,_DSC6033,560,0.002,70.0,6.3,48.8,114.7,0,0
110BUL24,_DSC6034,560,0.002,70.0,6.3,50.6,111.9,0,0
110BUL24,_DSC6035,560,0.002,70.0,6.3,49.1,111.4,0,0
110BUL24,_DSC6036,560,0.002,70.0,6.3,47.5,111.5,0,0
110BUL24,_DSC6037,560,0.002,70.0,6.3,52.4,113.6,0,0
110BUL24,_DSC6038,560,0.002,70.0,6.3,46.9,113.1,0,0
110BUL24,_DSC6039,560,0.002,70.0,6.3,45.1,113.1,0,0
110BUL24,_DSC6040,560,0.002,70.0,6.3,31.4,124.7,0,0
110BUL24,_DSC6041,500,0.002,70.0,6.3,76.5,121.4,0,0
110BUL24,_DSC6042,500,0.002,70.0,6.3,87.2,118.0,0,0
110BUL24,_DSC6043,500,0.002,70.0,6.3,62.5,117.3,0,0
110BUL24,_DSC6044,500,0.002,70.0,6.3,60.6,115.0,0,0
110BUL24,_DSC6045,500,0.002,70.0,6.3,44.4,119.7,0,0
110BUL24,_DSC6046,500,0.002,70.0,6.3,41.6,117.5,0,0
110BUL24,_DSC6047,500,0.002,70.0,6.3,54.3,116.8,0,0
110BUL24,_DSC6048,500,0.002,70.0,6.3,64.2,121.8,0,0
110BUL24,_DSC6049,500,0.002,70.0,6.3,64.8,122.0,0,0
110BUL24,_DSC6050,500,0.002,70.0,6.3,61.3,121.6,0,0
110BUL24,_DSC6051,500,0.002,70.0,6.3,73.9,122.1,0,0
110BUL24,_DSC6052,500,0.002,70.0,6.3,72.8,122.7,0,0
110BUL24,_DSC6053,500,0.002,70.0,6.3,39.9,118.7,0,0
110BUL24,_DSC6054,500,0.002,70.0,6.3,38.2,118.9,0,0
110BUL24,_DSC6055,500,0.002,70.0,6.3,34.0,120.5,0,0
110BUL24,_DSC6056,500,0.002,70.0,6.3,37.0,117.7,0,0
110BUL24,_DSC6057,500,0.002,70.0,6.3,37.2,118.3,0,0
110BUL24,_DSC6058,500,0.002,70.0,6.3,36.9,120.3,0,0
110BUL24,_DSC6059,500,0.002,70.0,6.3,40.0,118.0,0,0
110BUL24,_DSC6060,450,0.002,70.0,6.3,81.4,108.6,0,0
110BUL24,_DSC6061,450,0.002,70.0,6.3,83.0,108.4,0,0
110BUL24,_DSC6062,450,0.002,70.0,6.3,74.7,107.6,0,0
110BUL24,_DSC6063,450,0.002,70.0,6.3,85.4,107.1,0,0
110BUL24,_DSC6064,450,0.002,70.0,6.3,88.8,107.1,0,0
110BUL24,_DSC6065,450,0.002,70.0,6.3,89.7,107.0,0,0
110BUL24,_DSC6066,450,0.002,70.0,6.3,76.4,107.7,0,0
110BUL24,_DSC6067,450,0.002,70.0,6.3,83.9,107.2,0,0
110BUL24,_DSC6068,560,0.002,70.0,6.3,173.4,132.3,0,0
110BUL24,_DSC6069,560,0.002,70.0,6.3,155.5,130.5,0,0
110BUL24,_DSC6070,560,0.002,70.0,6.3,115.2,128.9,0,0
110BUL24,_DSC6071,560,0.002,70.0,6.3,163.6,130.1,0,0
110BUL24,_DSC6072,560,0.002,70.0,6.3,157.7,131.6,0,0
110BUL24,_DSC6073,560,0.002,70.0,6.3,173.4,130.5,0,0
110BUL24,_DSC6074,560,0.002,70.0,6.3,170.2,131.2,0,0
110BUL24,_DSC6075,560,0.002,70.0,6.3,175.0,131.3,0,0
110BUL24,_DSC6076,560,0.002,70.0,6.3,79.5,133.1,0,0
110BUL24,_DSC6077,560,0.002,70.0,6.3,85.0,133.2,0,0
110BUL24,_DSC6078,560,0.002,70.0,6.3,79.8,133.1,0,0
110BUL24,_DSC6079,560,0.002,70.0,6.3,83.6,133.2,0,0
110BUL24,_DSC6080,560,0.002,70.0,6.3,81.5,132.9,0,0
110BUL24,_DSC6081,560,0.002,70.0,6.3,68.8,132.3,0,0
110BUL24,_DSC6082,560,0.002,70.0,6.3,38.7,131.6,0,0
110BUL24,_DSC6083,900,0.002,70.0,6.3,37.5,103.7,0,0
110BUL24,_DSC6084,900,0.002,70.0,6.3,38.3,102.9,0,0
110BUL24,_DSC6085,900,0.002,70.0,6.3,39.3,103.0,0,0
110BUL24,_DSC6086,900,0.002,70.0,6.3,38.1,103.9,0,0
110BUL24,_DSC6087,1000,0.002,70.0,6.3,33.9,117.8,0,0
110BUL24,_DSC6088,1000,0.002,70.0,6.3,34.9,116.9,0,0
110BUL24,_DSC6089,1000,0.002,70.0,6.3,36.3,116.8,0,0
110BUL24,_DSC6090,1000,0.002,70.0,6.3,37.1,116.7,0,0
110BUL24,_DSC6091,1250,0.002,70.0,6.3,40.1,116.9,0,0
110BUL24,_DSC6092,1250,0.002,70.0,6.3,36.0,116.0,0,0
110BUL24,_DSC6093,1250,0.002,70.0,6.3,40.9,118.6,0,0
110BUL24,_DSC6094,1100,0.002,70.0,6.3,40.2,113.7,0,0
110BUL24,_DSC6095,1100,0.002,70.0,6.3,41.2,113.7,0,0
110BUL24,_DSC6096,1100,0.002,70.0,6.3,40.9,114.7,0,0
110BUL24,_DSC6097,1100,0.002,70.0,6.3,40.9,113.1,0,0
110BUL24,_DSC6098,3200,0.002,70.0,11.0,36.1,99.8,0,0
110BUL24,_DSC6099,3200,0.002,70.0,11.0,35.7,98.5,0,0
110BUL24,_DSC6100,3200,0.002,70.0,11.0,33.6,99.3,0,0
110BUL24,_DSC6101,3200,0.002,70.0,11.0,35.5,98.6,0,0
110BUL24,_DSC6102,3200,0.002,70.0,11.0,41.1,99.9,0,0
110BUL24,_DSC6103,3200,0.002,70.0,11.0,39.6,98.6,0,0
110BUL24,_DSC6104,3200,0.002,70.0,11.0,41.0,100.6,0,0
110BUL24,_DSC6105,3200,0.002,70.0,11.0,36.4,98.0,0,0
110BUL24,_DSC6106,2500,0.002,70.0,11.0,53.7,145.0,0,0
110BUL24,_DSC6107,2500,0.002,70.0,11.0,61.3,144.1,0,0
110BUL24,_DSC6108,2500,0.002,70.0,11.0,63.9,145.7,0,0
110BUL24,_DSC6109,2500,0.002,70.0,11.0,59.5,145.9,0,0
110BUL24,_DSC6110,2500,0.002,70.0,11.0,57.8,144.6,0,0
110BUL24,_DSC6111,2500,0.002,70.0,11.0,53.6,142.1,0,0
110BUL24,_DSC6112,2500,0.002,70.0,11.0,38.4,141.7,0,0
110BUL24,_DSC6113,2500,0.002,70.0,11.0,47.9,142.6,0,0
110BUL24,_DSC6114,2500,0.002,70.0,11.0,61.5,141.2,0,0
110BUL24,_DSC6115,2500,0.002,70.0,11.0,64.5,147.0,0,0
110BUL24,_DSC6116,2500,0.002,70.0,11.0,50.5,134.6,0,0
110BUL24,_DSC6117,2500,0.002,70.0,11.0,40.1,132.8,0,0
110BUL24,_DSC6118,2500,0.002,70.0,11.0,40.7,131.9,0,0
110BUL24,_DSC6119,2500,0.002,70.0,11.0,51.7,132.4,0,0
110BUL24,_DSC6120,2500,0.002,70.0,11.0,47.5,131.7,0,0
110BUL24,_DSC6121,3200,0.002,70.0,11.0,31.9,127.1,0,0
110BUL24,_DSC6122,3200,0.002,70.0,11.0,36.5,124.3,0,0
110BUL24,_DSC6123,3200,0.002,70.0,11.0,43.6,124.5,0,0
110BUL24,_DSC6124,3200,0.002,70.0,11.0,44.1,124.0,0,0
110BUL24,_DSC6125,3200,0.002,70.0,11.0,48.2,124.2,0,0
110BUL24,_DSC6126,3200,0.002,70.0,11.0,44.0,125.5,0,0
110BUL24,_DSC6127,3200,0.002,70.0,11.0,36.5,126.3,0,0
110BUL24,_DSC6128,3200,0.002,70.0,11.0,33.7,137.3,0,0
110BUL24,_DSC6129,3200,0.002,70.0,11.0,33.9,137.0,0,0
110BUL24,_DSC6130,3200,0.002,70.0,11.0,37.2,135.8,0,0
110BUL24,_DSC6131,3200,0.002,70.0,11.0,28.1,135.5,0,0
110BUL24,_DSC6132,3200,0.002,70.0,11.0,27.2,136.1,0,0
110BUL24,_DSC6133,2500,0.002,70.0,11.0,29.6,120.2,0,0
110BUL24,_DSC6134,2500,0.002,70.0,11.0,25.6,121.2,0,0
110BUL24,_DSC6135,2500,0.002,70.0,11.0,21.1,123.0,0,0
110BUL24,_DSC6136,2500,0.002,70.0,11.0,23.4,124.8,0,0
110BUL24,_DSC6137,3200,0.002,70.0,11.0,37.9,133.4,0,0
110BUL24,_DSC6138,3200,0.002,70.0,11.0,60.4,132.4,0,0
110BUL24,_DSC6139,3200,0.002,70.0,11.0,44.5,131.2,0,0
110BUL24,_DSC6140,3200,0.002,70.0,11.0,28.3,128.4,0,0
110BUL24,_DSC6141,1600,0.002,70.0,11.0,54.2,112.2,0,0
110BUL24,_DSC6142,1600,0.002,70.0,11.0,45.6,111.1,0,0
110BUL24,_DSC6143,1600,0.002,70.0,11.0,47.0,110.4,0,0
110BUL24,_DSC6144,1600,0.002,70.0,11.0,54.4,110.2,0,0
110BUL24,_DSC6145,1600,0.002,70.0,11.0,58.9,111.4,0,0
110BUL24,_DSC6146,1600,0.002,70.0,11.0,55.8,111.9,0,0
110BUL24,_DSC6147,1600,0.002,70.0,11.0,52.2,111.2,0,0
110BUL24,_DSC6148,1600,0.002,70.0,11.0,50.9,110.7,0,0
110BUL24,_DSC6149,2000,0.002,70.0,11.0,53.2,114.9,0,0
110BUL24,_DSC6150,2000,0.002,70.0,11.0,36.9,110.3,0,0
110BUL24,_DSC6151,2000,0.002,70.0,11.0,49.9,120.8,0,0
110BUL24,_DSC6152,2000,0.002,70.0,11.0,42.4,119.9,0,0
110BUL24,_DSC6153,2000,0.002,70.0,11.0,48.9,119.2,0,0
110BUL24,_DSC6154,2000,0.002,70.0,11.0,54.2,118.0,0,0
110BUL24,_DSC6155,2000,0.002,70.0,11.0,38.1,121.4,0,0
110BUL24,_DSC6156,2000,0.002,70.0,11.0,48.1,120.1,0,0
110BUL24,_DSC6157,2000,0.002,70.0,11.0,56.5,119.6,0,0
110BUL24,_DSC6158,2000,0.002,70.0,11.0,51.8,119.3,0,0
110BUL24,_DSC6159,2200,0.002,70.0,11.0,41.1,113.2,0,0
110BUL24,_DSC6160,2200,0.002,70.0,11.0,51.4,113.9,0,0
110BUL24,_DSC6161,2200,0.002,70.0,11.0,48.0,113.6,0,0
110BUL24,_DSC6162,2200,0.002,70.0,11.0,35.1,113.7,0,0
110BUL24,_DSC6163,2200,0.002,70.0,11.0,41.8,113.2,0,0
110BUL24,_DSC6164,2200,0.002,70.0,11.0,49.9,113.9,0,0
110BUL24,_DSC6165,2200,0.002,70.0,11.0,36.4,113.5,0,0
110BUL24,_DSC6166,2500,0.002,70.0,11.0,45.2,121.5,0,0
110BUL24,_DSC6167,2500,0.002,70.0,11.0,49.3,122.8,0,0
110BUL24,_DSC6168,2500,0.002,70.0,11.0,53.1,123.3,0,0
110BUL24,_DSC6169,2500,0.002,70.0,11.0,37.6,127.2,0,0
110BUL24,_DSC6170,2500,0.002,70.0,11.0,49.8,123.6,0,0
110BUL24,_DSC6171,2500,0.002,70.0,11.0,33.0,121.1,0,0
110BUL24,_DSC6172,2500,0.002,70.0,11.0,28.8,121.9,0,0
110BUL24,_DSC6173,2500,0.002,70.0,11.0,43.0,121.3,0,0
110BUL24,_DSC6174,2200,0.002,70.0,11.0,44.9,112.7,0,0
110BUL24,_DSC6175,2200,0.002,70.0,11.0,38.8,113.8,0,0
110BUL24,_DSC6176,2200,0.002,70.0,11.0,47.7,114.0,0,0
110BUL24,_DSC6177,2200,0.002,70.0,11.0,46.4,114.5,0,0
110BUL24,_DSC6178,2200,0.002,70.0,11.0,33.8,113.9,0,0
110BUL24,_DSC6179,3200,0.002,70.0,11.0,46.3,119.1,0,0
110BUL24,_DSC6180,3200,0.002,70.0,11.0,24.0,116.9,0,0
110BUL24,_DSC6181,3200,0.002,70.0,11.0,15.1,122.6,0,0
110BUL24,_DSC6182,3200,0.002,70.0,11.0,14.9,114.2,0,0
110BUL24,_DSC6183,3200,0.002,70.0,11.0,14.5,119.3,0,0
110BUL24,_DSC6184,3200,0.002,70.0,11.0,14.7,118.9,0,0
110BUL24,_DSC6185,2800,0.002,70.0,11.0,29.2,123.4,0,0
110BUL24,_DSC6186,2800,0.002,70.0,11.0,33.9,122.6,0,0
110BUL24,_DSC6187,2800,0.002,70.0,11.0,34.9,123.5,0,0
110BUL24,_DSC6188,2800,0.002,70.0,11.0,37.4,123.6,0,0
110BUL24,_DSC6189,2800,0.002,70.0,11.0,53.4,123.1,0,0
110BUL24,_DSC6190,2800,0.002,70.0,11.0,24.8,123.7,0,0
110BUL24,_DSC6191,2800,0.002,70.0,11.0,23.4,116.9,0,0
110BUL24,_DSC6192,2800,0.002,70.0,11.0,29.1,117.8,0,0
110BUL24,_DSC6193,2800,0.002,70.0,11.0,26.3,116.2,0,0
110BUL24,_DSC6194,2800,0.002,70.0,11.0,19.0,106.0,0,0
110BUL24,_DSC6374,3200,0.00025,70.0,2.8,77.9,90.2,0,0
110BUL24,_DSC6375,3200,0.00025,70.0,2.8,57.8,86.7,0,0
110BUL24,_DSC6376,3200,0.00025,70.0,2.8,41.0,85.8,0,0
110BUL24,_DSC6377,3200,0.00025,70.0,2.8,37.5,89.6,0,0
110BUL24,_DSC6378,3200,0.00025,70.0,2.8,32.9,89.3,0,0
110BUL24,_DSC6379,3200,0.00025,70.0,8.0,10.7,19.3,0,0
110BUL24,_DSC6380,3200,0.00025,70.0,8.0,13.0,21.3,0,0
110BUL24,_DSC6381,3200,0.00025,70.0,8.0,30.1,20.7,0,0
110BUL24,_DSC6382,3200,0.00025,70.0,8.0,29.2,20.2,0,0
110BUL24,_DSC6383,3200,0.00025,70.0,8.0,15.2,19.9,0,0
111AUG24,_DSC6384,3200,0.00025,70.0,8.0,6.5,15.5,0,0
111AUG24,_DSC6385,3200,0.00025,70.0,8.0,6.2,14.9,0,0
111AUG24,_DSC6386,3200,0.00025,70.0,8.0,5.8,14.4,0,0
111AUG24,_DSC6387,3200,0.00025,70.0,2.8,58.7,53.6,0,0
111AUG24,_DSC6388,3200,0.00025,70.0,2.8,68.5,54.4,0,0
111AUG24,_DSC6389,3200,0.00025,70.0,2.8,61.9,53.0,0,0
111AUG24,_DSC6390,3200,0.00025,70.0,2.8,52.9,52.9,0,0
111AUG24,_DSC6391,3200,0.00025,70.0,2.8,51.0,53.0,0,0
111AUG24,_DSC6392,3200,0.00025,70.0,2.8,50.6,53.3,0,0
111AUG24,_DSC6393,3200,0.00025,70.0,2.8,45.0,53.0,0,0
111AUG24,_DSC6394,3200,0.00025,70.0,2.8,46.7,53.1,0,0
111AUG24,_DSC6395,3200,0.00025,70.0,2.8,15.5,26.6,0,0
111AUG24,_DSC6396,3200,0.00025,70.0,2.8,15.6,26.4,0,0
111AUG24,_DSC6397,3200,0.00025,70.0,2.8,14.5,26.4,0,0
111AUG24,_DSC6398,3200,0.00025,70.0,2.8,14.4,26.7,0,0
111AUG24,_DSC6399,3200,0.00025,70.0,2.8,14.2,26.7,0,0
111AUG24,_DSC6400,3200,0.00025,70.0,2.8,12.4,26.3,0,0
111AUG24,_DSC6401,3200,0.00025,70.0,2.8,10.5,25.7,0,0
111AUG24,_DSC6402,3200,0.00025,70.0,2.8,13.3,25.7,0,0
111AUG24,_DSC6403,3200,0.00025,70.0,2.8,18.2,25.4,0,0
111AUG24,_DSC6404,3200,0.00025,70.0,2.8,18.9,33.2,0,0
111AUG24,_DSC6405,3200,0.00025,70.0,2.8,14.3,26.3,0,0
111AUG24,_DSC6406,3200,0.00025,70.0,2.8,14.2,26.1,0,0
111AUG24,_DSC6407,2000,0.00025,70.0,2.8,44.0,89.3,0,0
111AUG24,_DSC6408,2000,0.00025,70.0,2.8,44.5,84.2,0,0
111AUG24,_DSC6409,2000,0.00025,70.0,2.8,51.9,85.7,0,0
111AUG24,_DSC6410,2000,0.00025,70.0,2.8,63.2,84.6,0,0
111AUG24,_DSC6411,2800,0.00025,70.0,2.8,45.2,78.7,0,0
111AUG24,_DSC6412,2800,0.00025,70.0,2.8,47.3,78.6,0,0
111AUG24,_DSC6413,2800,0.00025,70.0,2.8,50.3,78.6,0,0
111AUG24,_DSC6414,2800,0.00025,70.0,2.8,51.9,78.8,0,0
111AUG24,_DSC6415,2800,0.00025,70.0,2.8,51.5,78.5,0,0
111AUG24,_DSC6416,3200,0.00025,70.0,2.8,58.9,76.7,0,0
111AUG24,_DSC6417,3200,0.00025,70.0,2.8,59.0,75.9,0,0
111AUG24,_DSC6418,3200,0.00025,70.0,2.8,59.1,75.5,0,0
111AUG24,_DSC6419,3200,0.00025,70.0,2.8,60.5,75.6,0,0
111AUG24,_DSC6420,1100,0.00025,70.0,2.8,57.9,128.8,0,0
111AUG24,_DSC6421,1100,0.00025,70.0,2.8,55.2,123.4,0,0
111AUG24,_DSC6422,1000,0.00025,70.0,2.8,1490.5,110.5,0,0
111AUG24,_DSC6423,1000,0.00025,70.0,2.8,1552.6,109.6,0,0
111AUG24,_DSC6424,1000,0.00025,70.0,2.8,1586.8,110.6,0,0
111AUG24,_DSC6425,1800,0.00025,70.0,2.8,3613.0,119.7,0,0
111AUG24,_DSC6426,1800,0.00025,70.0,2.8,3522.7,120.0,0,0
111AUG24,_DSC6427,1800,0.00025,70.0,2.8,3374.4,118.7,0,0
111AUG24,_DSC6428,1800,0.00025,70.0,2.8,3283.5,120.0,0,0
111AUG24,_DSC6429,2500,0.00025,70.0,2.8,3052.4,138.5,0,0
111AUG24,_DSC6430,2500,0.00025,70.0,2.8,3239.7,138.9,0,0
111AUG24,_DSC6431,2500,0.00025,70.0,2.8,3286.8,140.1,0,0
111AUG24,_DSC6432,2500,0.00025,70.0,2.8,3205.1,136.7,0,0
111AUG24,_DSC6433,2200,0.00025,70.0,2.8,77.1,127.3,0,0
111AUG24,_DSC6434,2200,0.00025,70.0,2.8,79.0,125.1,0,0
111AUG24,_DSC6435,2200,0.00025,70.0,2.8,79.9,125.4,0,0
111AUG24,_DSC6436,2500,0.00025,70.0,2.8,406.6,119.3,0,0
111AUG24,_DSC6437,2500,0.00025,70.0,2.8,369.6,118.9,0,0
111AUG24,_DSC6438,2500,0.00025,70.0,2.8,354.1,118.5,0,0
111AUG24,_DSC6439,3200,0.00025,70.0,2.8,428.6,121.7,0,0
111AUG24,_DSC6440,3200,0.00025,70.0,2.8,412.4,121.4,0,0
111AUG24,_DSC6441,3200,0.00025,70.0,2.8,407.6,119.2,0,0
111AUG24,_DSC6442,3200,0.00025,70.0,2.8,421.9,117.8,0,0
111AUG24,_DSC6443,3200,0.00025,70.0,2.8,451.4,116.8,0,0
111AUG24,_DSC6444,3200,0.00025,70.0,2.8,446.7,113.0,0,0
111AUG24,_DSC6445,3200,0.00025,70.0,2.8,437.2,110.7,0,0
111AUG24,_DSC6446,3200,0.00025,70.0,2.8,2607.3,117.8,0,0
111AUG24,_DSC6447,3200,0.00025,70.0,2.8,2495.3,114.3,0,0
111AUG24,_DSC6448,3200,0.00025,70.0,2.8,19.9,124.3,0,0
111AUG24,_DSC6449,3200,0.00025,70.0,2.8,80.6,121.3,0,0
111AUG24,_DSC6450,3200,0.00025,70.0,2.8,95.1,122.3,0,0
111AUG24,_DSC6451,3200,0.00025,70.0,2.8,52.3,124.6,0,0
111AUG24,_DSC6452,3200,0.00025,70.0,2.8,54.4,120.9,0,0
111AUG24,_DSC6453,2500,0.00025,70.0,2.8,678.0,112.3,0,0
111AUG24,_DSC6454,2500,0.00025,70.0,2.8,670.2,111.7,0,0
111AUG24,_DSC6455,2500,0.00025,70.0,2.8,666.8,112.7,0,0
111AUG24,_DSC6456,2500,0.00025,70.0,2.8,1330.7,115.7,0,0
111AUG24,_DSC6457,2500,0.00025,70.0,2.8,1463.5,115.8,0,0
111AUG24,_DSC6458,2500,0.00025,70.0,2.8,1453.6,115.8,0,0
111AUG24,_DSC6459,2500,0.00025,70.0,2.8,1677.0,117.5,0,0
111AUG24,_DSC6460,2500,0.00025,70.0,2.8,1510.1,121.4,0,0
111AUG24,_DSC6461,2500,0.00025,70.0,2.8,1351.9,121.0,0,0
111AUG24,_DSC6462,2500,0.00025,70.0,2.8,1343.4,118.4,0,0
111AUG24,_DSC6463,2500,0.00025,70.0,2.8,62.8,150.1,0,0
111AUG24,_DSC6464,2500,0.00025,70.0,2.8,65.8,149.2,0,0
111AUG24,_DSC6465,2500,0.00025,70.0,2.8,62.3,152.9,0,0
111AUG24,_DSC6466,2000,0.00025,70.0,2.8,2496.3,139.1,0,0
111AUG24,_DSC6467,2000,0.00025,70.0,2.8,2516.5,135.4,0,0
111AUG24,_DSC6468,2000,0.00025,70.0,2.8,2467.5,135.6,0,0
111AUG24,_DSC6469,2000,0.00025,70.0,2.8,816.0,149.0,0,0
111AUG24,_DSC6470,2000,0.00025,70.0,2.8,799.3,148.4,0,0
111AUG24,_DSC6471,2000,0.00025,70.0,2.8,805.2,148.9,0,0
111AUG24,_DSC6472,2000,0.00025,70.0,2.8,722.5,151.7,0,0
111AUG24,_DSC6473,2000,0.00025,70.0,2.8,30.7,126.5,0,0
111AUG24,_DSC6474,2000,0.00025,70.0,2.8,24.1,135.6,0,0
111AUG24,_DSC6475,2000,0.00025,70.0,2.8,19.0,148.8,0,0
111AUG24,_DSC6476,1250,0.00025,70.0,2.8,36.9,116.5,0,0
111AUG24,_DSC6477,1400,0.00025,70.0,2.8,28.8,117.9,0,0
111AUG24,_DSC6478,1400,0.00025,70.0,2.8,28.8,119.0,0,0
111AUG24,_DSC6479,1400,0.00025,70.0,2.8,583.9,115.0,0,0
111AUG24,_DSC6480,1400,0.00025,70.0,2.8,644.1,114.5,0,0
111AUG24,_DSC6481,1250,0.00025,70.0,2.8,606.7,107.0,0,0
111AUG24,_DSC6482,1250,0.00025,70.0,2.8,629.9,105.6,0,0
111AUG24,_DSC6483,1250,0.00025,70.0,2.8,622.1,103.6,0,0
111AUG24,_DSC6484,1600,0.00025,70.0,2.8,905.1,116.8,0,0
111AUG24,_DSC6485,1600,0.00025,70.0,2.8,860.0,116.4,0,0
111AUG24,_DSC6486,1400,0.00025,70.0,2.8,55.8,112.2,0,0
111AUG24,_DSC6487,1400,0.00025,70.0,2.8,54.6,112.0,0,0
111AUG24,_DSC6488,1100,0.00025,70.0,2.8,444.3,96.0,0,0
111AUG24,_DSC6489,1100,0.00025,70.0,2.8,374.6,97.3,0,0
111AUG24,_DSC6490,1100,0.00025,70.0,2.8,363.3,97.3,0,0
111AUG24,_DSC6491,1100,0.00025,70.0,2.8,351.8,96.7,0,0
111AUG24,_DSC6492,1400,0.00025,70.0,2.8,1509.8,113.4,0,0
111AUG24,_DSC6493,1400,0.00025,70.0,2.8,1558.2,113.0,0,0
111AUG24,_DSC6494,1400,0.00025,70.0,2.8,1512.5,113.3,0,0
111AUG24,_DSC6495,1400,0.00025,70.0,2.8,1503.0,112.2,0,0
111AUG24,_DSC6496,2500,0.00025,70.0,2.8,2954.2,128.8,0,0
111AUG24,_DSC6497,2500,0.00025,70.0,2.8,2914.4,128.7,0,0
111AUG24,_DSC6498,2500,0.00025,70.0,2.8,2672.4,127.9,0,0
111AUG24,_DSC6499,2500,0.00025,70.0,2.8,2392.3,127.9,0,0
111AUG24,_DSC6500,500,0.00025,70.0,2.8,38.5,95.9,0,0
111AUG24,_DSC6501,500,0.00025,70.0,2.8,36.5,95.9,0,0
111AUG24,_DSC6502,500,0.00025,70.0,2.8,37.2,96.2,0,0
111AUG24,_DSC6503,640,0.00025,70.0,2.8,260.5,108.9,0,0
111AUG24,_DSC6504,640,0.00025,70.0,2.8,235.2,107.6,0,0
111AUG24,_DSC6505,640,0.00025,70.0,2.8,205.8,105.3,0,0
111AUG24,_DSC6506,1800,0.00025,70.0,2.8,295.2,115.1,0,0
111AUG24,_DSC6507,1800,0.00025,70.0,2.8,304.5,113.9,0,0
111AUG24,_DSC6508,1800,0.00025,70.0,2.8,29.6,126.9,0,0
111AUG24,_DSC6509,1800,0.00025,70.0,2.8,23.7,128.2,0,0
111AUG24,_DSC6510,1800,0.00025,70.0,2.8,24.5,128.5,0,0
111AUG24,_DSC6511,2200,0.00025,70.0,2.8,21.8,149.1,0,0
111AUG24,_DSC6512,2200,0.00025,70.0,2.8,20.3,148.7,0,0
111AUG24,_DSC6513,2200,0.00025,70.0,2.8,20.9,144.6,0,0
111AUG24,_DSC6514,1800,0.00025,70.0,2.8,24.3,141.7,0,0
111AUG24,_DSC6515,1800,0.00025,70.0,2.8,16.3,144.6,0,0
111AUG24,_DSC6516,1800,0.00025,70.0,2.8,16.4,142.8,0,0
111AUG24,_DSC6517,1800,0.00025,70.0,2.8,17.0,139.7,0,0
111AUG24,_DSC6518,1400,0.00025,70.0,2.8,19.8,133.2,0,0
111AUG24,_DSC6519,1400,0.00025,70.0,2.8,20.1,132.1,0,0
111AUG24,_DSC6520,1400,0.00025,70.0,2.8,20.9,129.9,0,0
111AUG24,_DSC6521,1000,0.00025,70.0,2.8,2365.6,102.3,0,0
111AUG24,_DSC6522,1000,0.00025,70.0,2.8,2384.2,100.3,0,0
111AUG24,_DSC6523,1000,0.00025,70.0,2.8,2288.7,100.1,0,0
111AUG24,_DSC6524,1250,0.00025,70.0,2.8,665.1,115.7,0,0
111AUG24,_DSC6525,1250,0.00025,70.0,2.8,644.5,114.5,0,0
111AUG24,_DSC6526,1250,0.00025,70.0,2.8,758.9,113.9,0,0
111AUG24,_DSC6527,1100,0.00025,70.0,2.8,1041.2,107.9,0,0
111AUG24,_DSC6528,1100,0.00025,70.0,2.8,1173.8,108.5,0,0
111AUG24,_DSC6529,1100,0.00025,70.0,2.8,1182.8,107.8,0,0
111AUG24,_DSC6530,1250,0.00025,70.0,2.8,248.5,117.0,0,0
111AUG24,_DSC6531,1250,0.00025,70.0,2.8,242.3,115.3,0,0
111AUG24,_DSC6532,1250,0.00025,70.0,2.8,210.1,113.2,0,0
111AUG24,_DSC6533,1250,0.00025,70.0,2.8,237.8,112.9,0,0
111AUG24,_DSC6534,1250,0.00025,70.0,2.8,268.7,114.1,0,0
111AUG24,_DSC6535,1250,0.00025,70.0,2.8,978.5,112.9,0,0
111AUG24,_DSC6536,1250,0.00025,70.0,2.8,1030.1,112.5,0,0
111AUG24,_DSC6537,1250,0.00025,70.0,2.8,1041.0,112.2,0,0
111AUG24,_DSC6538,1250,0.00025,70.0,2.8,1016.4,111.7,0,0
111AUG24,_DSC6539,1250,0.00025,70.0,2.8,957.0,111.3,0,0
111AUG24,_DSC6540,1250,0.00025,70.0,2.8,1070.2,110.8,0,0
111AUG24,_DSC6541,1250,0.00025,70.0,2.8,1027.8,110.5,0,0
111AUG24,_DSC6542,1250,0.00025,70.0,2.8,924.8,109.3,0,0
111AUG24,_DSC6543,1600,0.00025,70.0,2.8,653.5,118.5,0,0
111AUG24,_DSC6544,1600,0.00025,70.0,2.8,695.0,117.3,0,0
111AUG24,_DSC6545,1600,0.00025,70.0,2.8,682.3,116.6,0,0
111AUG24,_DSC6546,1600,0.00025,70.0,2.8,696.0,117.7,0,0
111AUG24,_DSC6547,1600,0.00025,70.0,2.8,739.9,116.7,0,0
111AUG24,_DSC6548,1400,0.00025,70.0,2.8,116.7,113.4,0,0
111AUG24,_DSC6549,1400,0.00025,70.0,2.8,111.3,112.5,0,0
111AUG24,_DSC6550,1600,0.00025,70.0,2.8,483.3,119.0,0,0
111AUG24,_DSC6551,1600,0.00025,70.0,2.8,454.1,118.4,0,0
111AUG24,_DSC6552,1600,0.00025,70.0,2.8,429.4,118.0,0,0
111AUG24,_DSC6553,1250,0.00025,70.0,2.8,2275.3,104.2,0,0
111AUG24,_DSC6554,1250,0.00025,70.0,2.8,2325.4,103.8,0,0
111AUG24,_DSC6555,1250,0.00025,70.0,2.8,2338.6,103.3,0,0
111AUG24,_DSC6556,1250,0.00025,70.0,2.8,2344.3,102.6,0,0
111AUG24,_DSC6557,1250,0.00025,70.0,2.8,2331.9,102.2,0,0
111AUG24,_DSC6558,1400,0.00025,70.0,2.8,164.8,119.2,0,0
111AUG24,_DSC6559,1400,0.00025,70.0,2.8,188.9,118.6,0,0
111AUG24,_DSC6560,1400,0.00025,70.0,2.8,184.3,118.3,0,0
111AUG24,_DSC6561,1250,0.00025,70.0,2.8,1430.3,108.3,0,0
111AUG24,_DSC6562,1250,0.00025,70.0,2.8,1395.7,107.6,0,0
111AUG24,_DSC6563,1250,0.00025,70.0,2.8,1333.3,106.9,0,0
111AUG24,_DSC6564,1250,0.00025,70.0,2.8,1290.3,107.0,0,0
111AUG24,_DSC6565,180,0.00025,70.0,2.8,15.3,116.6,0,0
111AUG24,_DSC6566,180,0.00025,70.0,2.8,15.3,117.5,0,0
111AUG24,_DSC6567,180,0.00025,70.0,2.8,15.3,118.4,0,0
111AUG24,_DSC6568,180,0.00025,70.0,2.8,39.1,111.9,0,0
111AUG24,_DSC6569,180,0.00025,70.0,2.8,40.6,111.2,0,0
111AUG24,_DSC6570,180,0.00025,70.0,2.8,41.3,111.3,0,0
111AUG24,_DSC6571,180,0.00025,70.0,2.8,42.7,110.1,0,0
111AUG24,_DSC6572,180,0.00025,70.0,2.8,865.9,108.3,0,0
111AUG24,_DSC6573,180,0.00025,70.0,2.8,835.3,107.4,0,0
111AUG24,_DSC6574,180,0.00025,70.0,2.8,889.9,107.3,0,0
111AUG24,_DSC6575,200,0.00025,70.0,2.8,2298.1,107.3,0,0
111AUG24,_DSC6576,200,0.00025,70.0,2.8,2174.6,106.1,0,0
111AUG24,_DSC6577,200,0.00025,70.0,2.8,2138.1,108.0,0,0
111AUG24,_DSC6578,200,0.00025,70.0,2.8,2128.2,106.7,0,0
111AUG24,_DSC6579,180,0.00025,70.0,2.8,28.7,108.2,0,0
111AUG24,_DSC6580,180,0.00025,70.0,2.8,29.5,107.3,0,0
111AUG24,_DSC6581,200,0.00025,70.0,2.8,27.3,122.6,0,0
111AUG24,_DSC6582,200,0.00025,70.0,2.8,30.2,122.2,0,0
111AUG24,_DSC6583,200,0.00025,70.0,2.8,32.1,121.9,0,0
111AUG24,_DSC6584,160,0.00025,70.0,2.8,39.0,112.0,0,0
111AUG24,_DSC6585,160,0.00025,70.0,2.8,42.8,111.4,0,0
111AUG24,_DSC6586,160,0.00025,70.0,2.8,44.3,111.7,0,0
111AUG24,_DSC6587,220,0.00025,70.0,2.8,969.1,122.3,0,0
111AUG24,_DSC6588,220,0.00025,70.0,2.8,1055.7,121.7,0,0
111AUG24,_DSC6589,220,0.00025,70.0,2.8,1116.0,122.6,0,0
111AUG24,_DSC6590,220,0.00025,70.0,2.8,1242.5,121.9,0,0
111AUG24,_DSC6591,220,0.00025,70.0,2.8,1237.4,121.2,0,0
111AUG24,_DSC6592,160,0.00025,70.0,2.8,45.5,109.8,0,0
111AUG24,_DSC6593,160,0.00025,70.0,2.8,46.5,109.9,0,0
111AUG24,_DSC6594,200,0.00025,70.0,2.8,550.3,115.8,0,0
111AUG24,_DSC6595,200,0.00025,70.0,2.8,464.6,115.9,0,0
111AUG24,_DSC6596,200,0.00025,70.0,2.8,415.1,116.1,0,0
111AUG24,_DSC6597,1100,0.00025,70.0,2.8,2893.3,101.5,0,0
111AUG24,_DSC6598,1100,0.00025,70.0,2.8,2918.9,101.0,0,0
111AUG24,_DSC6599,1100,0.00025,70.0,2.8,2927.1,100.8,0,0
111AUG24,_DSC6600,1100,0.00025,70.0,2.8,2941.3,101.0,0,0
111AUG24,_DSC6601,1250,0.00025,70.0,2.8,1560.4,101.7,0,0
111AUG24,_DSC6602,1250,0.00025,70.0,2.8,1424.9,101.0,0,0
111AUG24,_DSC6603,1250,0.00025,70.0,2.8,1841.1,106.4,0,0
111AUG24,_DSC6604,200,0.00025,70.0,2.8,553.8,117.4,0,0
111AUG24,_DSC6605,200,0.00025,70.0,2.8,569.8,117.2,0,0
111AUG24,_DSC6606,200,0.00025,70.0,2.8,579.6,117.3,0,0
111AUG24,_DSC6607,1600,0.00025,70.0,2.8,358.2,112.7,0,0
111AUG24,_DSC6608,1600,0.00025,70.0,2.8,422.0,112.3,0,0
111AUG24,_DSC6609,1600,0.00025,70.0,2.8,417.2,112.2,0,0
111AUG24,_DSC6610,1600,0.00025,70.0,2.8,490.1,111.4,0,0
111AUG24,_DSC6611,1400,0.00025,70.0,2.8,32.4,105.5,0,0
111AUG24,_DSC6612,1800,0.00025,70.0,2.8,20.8,138.1,0,0
111AUG24,_DSC6613,500,0.00025,70.0,2.8,28.6,84.1,0,0
111AUG24,_DSC6614,1250,0.00025,70.0,2.8,47.3,103.0,0,0
111AUG24,_DSC6615,2000,0.00025,70.0,2.8,28.5,144.7,0,0
111AUG24,_DSC6616,1600,0.00025,70.0,2.8,18.5,150.5,0,0
111AUG24,_DSC6617,900,0.00025,70.0,2.8,844.0,114.2,0,0
111AUG24,_DSC6618,360,0.00025,70.0,2.8,17.5,104.6,0,0
111AUG24,_DSC6619,360,0.00025,70.0,2.8,16.6,94.4,0,0
111AUG24,_DSC6620,450,0.00025,70.0,2.8,14.5,173.6,0,0
111AUG24,_DSC6621,280,0.00025,70.0,2.8,90.0,133.7,0,0
111AUG24,_DSC6622,1000,0.00025,70.0,2.8,24.2,132.7,0,0
111AUG24,_DSC6623,1000,0.00025,70.0,2.8,54.1,114.3,0,0
111AUG24,_DSC6624,1600,0.00025,70.0,2.8,139.9,140.6,0,0
111AUG24,_DSC6625,1100,0.00025,70.0,2.8,25.3,136.3,0,0
111AUG24,_DSC6626,1100,0.00025,70.0,2.8,23.5,163.1,0,0
111AUG24,_DSC6627,320,0.00025,70.0,2.8,105.5,136.4,0,0
111AUG24,_DSC6628,800,0.00025,70.0,2.8,25.4,104.6,0,0
111AUG24,_DSC6629,360,0.00025,70.0,2.8,18.1,112.8,0,0
111AUG24,_DSC6630,360,0.00025,70.0,2.8,17.9,112.0,0,0
111AUG24,_DSC6631,360,0.00025,70.0,2.8,16.3,113.7,0,0
111AUG24,_DSC6632,3200,0.00025,70.0,2.8,230.3,71.2,0,0
111AUG24,_DSC6633,3200,0.00025,70.0,2.8,252.2,69.5,0,0
111AUG24,_DSC6634,3200,0.00025,70.0,2.8,232.0,70.5,0,0
111AUG24,_DSC6635,3200,0.00025,70.0,2.8,215.4,71.1,0,0
111AUG24,_DSC6636,3200,0.00025,70.0,2.8,124.5,74.2,0,0
111AUG24,_DSC6637,3200,0.00025,70.0,2.8,298.5,69.7,0,0
111AUG24,_DSC6638,3200,0.00025,70.0,2.8,303.8,70.0,0,0
111AUG24,_DSC6639,3200,0.00025,70.0,2.8,62.9,36.1,0,0
111AUG24,_DSC6640,3200,0.00025,70.0,2.8,64.6,36.2,0,0
111AUG24,_DSC6641,3200,0.00025,70.0,2.8,65.3,36.6,0,0
111AUG24,_DSC6642,3200,0.00025,70.0,2.8,63.8,37.2,0,0
111AUG24,_DSC6643,1600,0.00025,70.0,2.8,63.8,98.4,0,0
111AUG24,_DSC6644,1600,0.00025,70.0,2.8,62.5,98.9,0,0
111AUG24,_DSC6645,2000,0.00025,70.0,2.8,68.5,110.1,0,0
111AUG24,_DSC6646,2000,0.00025,70.0,2.8,59.3,109.0,0,0
111AUG24,_DSC6647,2000,0.00025,70.0,2.8,36.1,109.2,0,0
111AUG24,_DSC6648,2000,0.00025,70.0,2.8,28.0,111.3,0,0
111AUG24,_DSC6649,2000,0.00025,70.0,2.8,25.4,110.9,0,0
111AUG24,_DSC6650,280,0.00025,70.0,2.8,11.5,101.9,0,0
111AUG24,_DSC6651,280,0.00025,70.0,2.8,12.0,100.1,0,0
111AUG24,_DSC6652,250,0.00025,70.0,2.8,17.4,92.9,0,0
111AUG24,_DSC6653,250,0.00025,70.0,2.8,15.1,91.8,0,0
111AUG24,_DSC6654,250,0.00025,70.0,2.8,14.7,92.1,0,0
111AUG24,_DSC6655,250,0.00025,70.0,2.8,14.6,91.1,0,0
111AUG24,_DSC6656,280,0.00025,70.0,2.8,21.3,97.2,0,0
111AUG24,_DSC6657,280,0.00025,70.0,2.8,21.6,96.7,0,0
111AUG24,_DSC6658,280,0.00025,70.0,2.8,20.8,95.5,0,0
111AUG24,_DSC6659,280,0.00025,70.0,2.8,19.8,95.5,0,0
111AUG24,_DSC6660,250,0.00025,70.0,2.8,21.6,84.5,0,0
111AUG24,_DSC6661,250,0.00025,70.0,2.8,19.6,82.4,0,0
111AUG24,_DSC6662,250,0.00025,70.0,2.8,19.6,82.6,0,0
111AUG24,_DSC6663,250,0.00025,70.0,2.8,18.6,83.3,0,0
111AUG24,_DSC6664,320,0.00025,70.0,2.8,58.1,97.8,0,0
111AUG24,_DSC6665,320,0.00025,70.0,2.8,40.3,94.6,0,0
111AUG24,_DSC6666,320,0.00025,70.0,2.8,25.9,95.7,0,0
111AUG24,_DSC6667,320,0.00025,70.0,2.8,18.1,91.8,0,0
111AUG24,_DSC6668,1000,0.00025,70.0,2.8,649.6,71.0,0,0
111AUG24,_DSC6669,1000,0.00025,70.0,2.8,691.1,71.1,0,0
111AUG24,_DSC6670,1000,0.00025,70.0,2.8,678.4,70.7,0,0
111AUG24,_DSC6671,1000,0.00025,70.0,2.8,698.7,70.7,0,0
111AUG24,_DSC6672,1000,0.00025,70.0,2.8,923.8,69.8,0,0
111AUG24,_DSC6673,1000,0.00025,70.0,2.8,899.6,69.2,0,0
111AUG24,_DSC6674,1000,0.00025,70.0,2.8,920.1,68.9,0,0
111AUG24,_DSC6675,1000,0.00025,70.0,2.8,970.8,65.1,0,0
111AUG24,_DSC6676,1800,0.00025,70.0,2.8,1598.6,79.5,0,0
111AUG24,_DSC6677,1800,0.00025,70.0,2.8,1630.8,77.9,0,0
111AUG24,_DSC6678,1800,0.00025,70.0,2.8,1627.6,76.6,0,0
111AUG24,_DSC6679,800,0.00025,70.0,2.8,882.6,145.6,0,0
111AUG24,_DSC6680,800,0.00025,70.0,2.8,744.1,145.5,0,0
111AUG24,_DSC6681,560,0.00025,70.0,2.8,141.0,127.1,0,0
111AUG24,_DSC6682,560,0.00025,70.0,2.8,147.0,129.9,0,0
111AUG24,_DSC6683,500,0.00025,70.0,2.8,3649.6,123.3,0,0
111AUG24,_DSC6684,500,0.00025,70.0,2.8,3747.2,121.1,0,0
111AUG24,_DSC6685,500,0.00025,70.0,2.8,3874.0,120.7,0,0
111AUG24,_DSC6686,1250,0.00025,70.0,2.8,217.9,120.3,0,0
111AUG24,_DSC6687,1250,0.00025,70.0,2.8,207.4,120.5,0,0
111AUG24,_DSC6688,1250,0.00025,70.0,2.8,208.6,119.7,0,0
111AUG24,_DSC6689,1250,0.00025,70.0,2.8,213.2,119.3,0,0
111AUG24,_DSC6690,1250,0.00025,70.0,2.8,1470.4,119.6,0,0
111AUG24,_DSC6691,1250,0.00025,70.0,2.8,1347.3,118.9,0,0
111AUG24,_DSC6692,1250,0.00025,70.0,2.8,1294.9,118.7,0,0
111AUG24,_DSC6693,1250,0.00025,70.0,2.8,1015.6,118.7,0,0
111AUG24,_DSC6694,560,0.00025,70.0,2.8,592.2,128.9,0,0
111AUG24,_DSC6695,560,0.00025,70.0,2.8,544.6,129.4,0,0
111AUG24,_DSC6696,400,0.00025,70.0,2.8,1510.0,120.2,0,0
111AUG24,_DSC6697,400,0.00025,70.0,2.8,1576.1,119.6,0,0
111AUG24,_DSC6698,450,0.00025,70.0,2.8,24.8,133.7,0,0
111AUG24,_DSC6699,450,0.00025,70.0,2.8,23.5,135.2,0,0
111AUG24,_DSC6700,450,0.00025,70.0,2.8,23.3,135.0,0,0
111AUG24,_DSC6701,400,0.00025,70.0,2.8,1108.5,126.5,0,0
111AUG24,_DSC6702,400,0.00025,70.0,2.8,991.5,126.8,0,0
111AUG24,_DSC6703,400,0.00025,70.0,2.8,191.0,133.4,0,0
111AUG24,_DSC6704,400,0.00025,70.0,2.8,230.7,127.8,0,0
111AUG24,_DSC6705,400,0.00025,70.0,2.8,272.8,123.4,0,0
111AUG24,_DSC6706,250,0.00025,70.0,2.8,564.6,112.1,0,0
111AUG24,_DSC6707,250,0.00025,70.0,2.8,500.8,111.8,0,0
111AUG24,_DSC6708,800,0.00025,70.0,2.8,1174.5,116.7,0,0
111AUG24,_DSC6709,800,0.00025,70.0,2.8,1122.7,115.9,0,0
111AUG24,_DSC6710,800,0.00025,70.0,2.8,1228.9,115.2,0,0
111AUG24,_DSC6711,800,0.00025,70.0,2.8,1203.2,115.2,0,0
111AUG24,_DSC6712,800,0.00025,70.0,2.8,161.0,117.7,0,0
111AUG24,_DSC6713,800,0.00025,70.0,2.8,163.0,117.6,0,0
111AUG24,_DSC6714,320,0.00025,70.0,2.8,3608.0,107.1,0,0
111AUG24,_DSC6715,320,0.00025,70.0,2.8,4215.8,107.3,0,0
111AUG24,_DSC6716,320,0.00025,70.0,2.8,4438.7,106.5,0,0
111AUG24,_DSC6717,320,0.00025,70.0,2.8,4686.6,105.4,0,0
111AUG24,_DSC6718,320,0.00025,70.0,2.8,4581.2,105.1,0,0
111AUG24,_DSC6719,320,0.00025,70.0,2.8,4525.5,103.9,0,0
111AUG24,_DSC6720,360,0.00025,70.0,2.8,2227.4,106.2,0,0
111AUG24,_DSC6721,360,0.00025,70.0,2.8,2204.5,104.1,0,0
111AUG24,_DSC6722,360,0.00025,70.0,2.8,2364.0,101.4,0,0
111AUG24,_DSC6723,360,0.00025,70.0,2.8,2036.9,101.0,0,0
111AUG24,_DSC6724,180,0.00025,70.0,2.8,764.0,152.5,0,0
111AUG24,_DSC6725,125,0.00025,70.0,2.8,1503.5,135.4,0,0
111AUG24,_DSC6726,160,0.00025,70.0,2.8,322.1,144.5,0,0
111AUG24,_DSC6727,320,0.00025,70.0,2.8,47.4,114.8,0,0
111AUG24,_DSC6728,1100,0.00025,70.0,2.8,2607.9,119.1,0,0
111AUG24,_DSC6729,1100,0.00025,70.0,2.8,43.8,122.1,0,0
111AUG24,_DSC6730,1100,0.00025,70.0,2.8,526.3,120.8,0,0
111AUG24,_DSC6731,1100,0.00025,70.0,2.8,44.1,125.1,0,0
111AUG24,_DSC6732,1000,0.00025,70.0,2.8,27.7,121.6,0,0
111AUG24,_DSC6733,125,0.00025,70.0,2.8,15.8,144.4,0,0
111AUG24,_DSC6734,125,0.00025,70.0,2.8,7.6,147.6,0,0
111AUG24,_DSC6735,125,0.00025,70.0,2.8,6.0,151.3,0,0
111AUG24,_DSC6736,125,0.00025,70.0,2.8,6.1,151.9,0,0
111AUG24,_DSC6737,125,0.00025,70.0,2.8,8.8,150.3,0,0
111AUG24,_DSC6738,110,0.00025,70.0,2.8,7.9,139.2,0,0
111AUG24,_DSC6739,110,0.00025,70.0,2.8,14.4,138.9,0,0
111AUG24,_DSC6740,110,0.00025,70.0,2.8,81.0,138.3,0,0
111AUG24,_DSC6741,125,0.00025,70.0,2.8,6.0,148.3,0,0
111AUG24,_DSC6742,140,0.00025,70.0,2.8,6.9,148.7,0,0
111AUG24,_DSC6743,125,0.00025,70.0,2.8,26.3,146.2,0,0
111AUG24,_DSC6744,125,0.00025,70.0,2.8,24.3,147.7,0,0
111AUG24,_DSC6745,140,0.00025,70.0,2.8,25.2,154.6,0,0
111AUG24,_DSC6746,125,0.00025,70.0,2.8,20.6,158.4,0,0
111AUG24,_DSC6747,250,0.00025,70.0,2.8,240.3,98.8,0,0
111AUG24,_DSC6748,250,0.00025,70.0,2.8,251.3,99.7,0,0
111AUG24,_DSC6749,280,0.00025,70.0,2.8,244.3,106.2,0,0
111AUG24,_DSC6750,250,0.00025,70.0,2.8,226.7,98.9,0,0
111AUG24,_DSC6751,280,0.00025,70.0,2.8,226.6,105.4,0,0
111AUG24,_DSC6752,280,0.00025,70.0,2.8,241.3,109.3,0,0
111AUG24,_DSC6753,320,0.00025,70.0,2.8,221.5,115.1,0,0
111AUG24,_DSC6754,280,0.00025,70.0,2.8,219.2,105.3,0,0
111AUG24,_DSC6755,250,0.00025,70.0,2.8,252.6,105.4,0,0
111AUG24,_DSC6756,110,0.00025,70.0,2.8,1113.0,135.6,0,0
111AUG24,_DSC6757,125,0.00025,70.0,2.8,1379.3,142.4,0,0
111AUG24,_DSC6758,125,0.00025,70.0,2.8,516.1,138.6,0,0
111AUG24,_DSC6759,140,0.00025,70.0,2.8,12.6,141.9,0,0
111AUG24,_DSC6760,140,0.00025,70.0,2.8,234.1,135.2,0,0
111AUG24,_DSC6761,280,0.00025,70.0,2.8,4042.0,100.6,0,0
111AUG24,_DSC6762,280,0.00025,70.0,2.8,49.9,111.7,0,0
111AUG24,_DSC6763,450,0.00025,70.0,2.8,160.4,134.9,0,0
111AUG24,_DSC6764,400,0.00025,70.0,2.8,57.6,100.2,0,0
111AUG24,_DSC6765,400,0.00025,70.0,2.8,22.6,98.7,0,0
111AUG24,_DSC6766,400,0.00025,70.0,2.8,13.4,137.3,0,0
111AUG24,_DSC6767,280,0.00025,70.0,2.8,15.0,97.4,0,0
111AUG24,_DSC6768,450,0.00025,70.0,2.8,228.4,99.7,0,0
111AUG24,_DSC6769,450,0.00025,70.0,2.8,22.4,100.4,0,0
111AUG24,_DSC6770,280,0.00025,70.0,2.8,16.8,102.2,0,0
111AUG24,_DSC6771,320,0.00025,70.0,2.8,36.7,108.9,0,0
111AUG24,_DSC6772,1800,0.00025,70.0,2.8,78.2,96.6,0,0
111AUG24,_DSC6773,640,0.00025,70.0,2.8,13.7,157.8,0,0
111AUG24,_DSC6774,250,0.00025,70.0,2.8,15.1,113.7,0,0
111AUG24,_DSC6775,160,0.00025,70.0,2.8,12.7,105.2,0,0
111AUG24,_DSC6776,180,0.00025,70.0,2.8,189.3,112.1,0,0
111AUG24,_DSC6777,450,0.00025,70.0,2.8,20.8,111.3,0,0
111AUG24,_DSC6778,500,0.00025,70.0,2.8,18.2,118.1,0,0
111AUG24,_DSC6779,400,0.00025,70.0,2.8,21.0,123.0,0,0
111AUG24,_DSC6780,450,0.00025,70.0,2.8,20.0,78.8,0,0
111AUG24,_DSC6781,360,0.00025,70.0,2.8,15.5,157.8,0,0
111AUG24,_DSC6782,280,0.00025,70.0,2.8,16.5,108.7,0,0
111AUG24,_DSC6783,400,0.00025,70.0,2.8,20.8,131.5,0,0
111AUG24,_DSC6784,180,0.00025,70.0,2.8,66.0,111.7,0,0
111AUG24,_DSC6785,180,0.00025,70.0,2.8,34.3,111.0,0,0
111AUG24,_DSC6786,200,0.00025,70.0,2.8,206.1,111.3,0,0
111AUG24,_DSC6787,320,0.00025,70.0,2.8,27.0,124.8,0,0
111AUG24,_DSC6788,250,0.00025,70.0,2.8,31.7,126.1,0,0
111AUG24,_DSC6789,250,0.00025,70.0,2.8,21.5,115.0,0,0
111AUG24,_DSC6790,160,0.00025,70.0,2.8,84.7,106.4,0,0
111AUG24,_DSC6791,180,0.00025,70.0,2.8,458.3,115.9,0,0
111AUG24,_DSC6792,220,0.00025,70.0,2.8,1055.5,116.8,0,0
111AUG24,_DSC6793,180,0.00025,70.0,2.8,19.5,116.9,0,0
111AUG24,_DSC6794,180,0.00025,70.0,2.8,173.1,116.6,0,0
111AUG24,_DSC6795,180,0.00025,70.0,2.8,28.3,115.2,0,0
111AUG24,_DSC6796,250,0.00025,70.0,2.8,841.9,126.9,0,0
111AUG24,_DSC6797,250,0.00025,70.0,2.8,518.3,126.3,0,0
111AUG24,_DSC6798,220,0.00025,70.0,2.8,13.1,128.1,0,0
111AUG24,_DSC6799,200,0.00025,70.0,2.8,500.8,119.3,0,0
111AUG24,_DSC6800,180,0.00025,70.0,2.8,21.1,113.7,0,0
111AUG24,_DSC6801,180,0.00025,70.0,2.8,141.3,108.1,0,0
111AUG24,_DSC6802,220,0.00025,70.0,2.8,19.9,104.1,0,0
111AUG24,_DSC6803,250,0.00025,70.0,2.8,42.6,100.4,0,0
111AUG24,_DSC6804,250,0.00025,70.0,2.8,21.1,104.9,0,0
111AUG24,_DSC6805,220,0.00025,70.0,2.8,1291.5,100.7,0,0
111AUG24,_DSC6806,720,0.00025,70.0,2.8,3678.1,111.4,0,0
111AUG24,_DSC6807,720,0.00025,70.0,2.8,96.3,115.9,0,0
111AUG24,_DSC6808,720,0.00025,70.0,2.8,149.4,113.7,0,0
111AUG24,_DSC6809,800,0.00025,70.0,2.8,513.6,117.9,0,0
111AUG24,_DSC6810,720,0.00025,70.0,2.8,122.5,133.8,0,0
111AUG24,_DSC6811,280,0.00025,70.0,2.8,519.8,112.5,0,0
111AUG24,_DSC6812,500,0.00025,70.0,2.8,1589.1,122.2,0,0
111AUG24,_DSC6813,500,0.00025,70.0,2.8,37.4,122.6,0,0
111AUG24,_DSC6814,400,0.00025,70.0,2.8,94.5,119.7,0,0
111AUG24,_DSC6815,220,0.00025,70.0,2.8,3358.6,105.4,0,0
111AUG24,_DSC6816,200,0.00025,70.0,2.8,12.0,119.3,0,0
111AUG24,_DSC6817,220,0.00025,70.0,2.8,16.1,120.7,0,0
111AUG24,_DSC6818,250,0.00025,70.0,2.8,1364.3,121.5,0,0
111AUG24,_DSC6819,200,0.00025,70.0,2.8,1402.0,111.0,0,0
111AUG24,_DSC6820,220,0.00025,70.0,2.8,22.5,118.2,0,0
111AUG24,_DSC6821,220,0.00025,70.0,2.8,193.0,117.8,0,0
111AUG24,_DSC6822,200,0.00025,70.0,2.8,722.7,108.9,0,0
111AUG24,_DSC6823,220,0.00025,70.0,2.8,470.2,114.7,0,0
111AUG24,_DSC6824,220,0.00025,70.0,2.8,622.1,114.8,0,0
111AUG24,_DSC6825,220,0.00025,70.0,2.8,632.8,114.8,0,0
111AUG24,_DSC6826,220,0.00025,70.0,2.8,26.4,117.7,0,0
111AUG24,_DSC6827,220,0.00025,70.0,2.8,4146.6,112.8,0,0
111AUG24,_DSC6828,320,0.00025,70.0,2.8,185.2,114.4,0,0
111AUG24,_DSC6829,360,0.00025,70.0,2.8,3820.0,118.8,0,0
111AUG24,_DSC6830,320,0.00025,70.0,2.8,42.7,113.5,0,0
111AUG24,_DSC6831,220,0.00025,70.0,2.8,49.9,123.5,0,0
111AUG24,_DSC6832,250,0.00025,70.0,2.8,25.2,131.0,0,0
111AUG24,_DSC6833,180,0.00025,70.0,2.8,53.5,108.7,0,0
111AUG24,_DSC6834,180,0.00025,70.0,2.8,497.4,106.2,0,0
111AUG24,_DSC6835,180,0.00025,70.0,2.8,2016.7,104.9,0,0
111AUG24,_DSC6836,280,0.00025,70.0,2.8,360.2,131.6,0,0
111AUG24,_DSC6837,200,0.00025,70.0,2.8,67.2,118.1,0,0
111AUG24,_DSC6838,200,0.00025,70.0,2.8,96.9,128.4,0,0
111AUG24,_DSC6839,200,0.00025,70.0,2.8,97.2,126.1,0,0
111AUG24,_DSC6840,280,0.00025,70.0,2.8,1046.3,139.7,0,0
111AUG24,_DSC6841,320,0.00025,70.0,2.8,41.8,131.6,0,0
111AUG24,_DSC7154,200,0.008,75.0,4.5,16.4,117.8,0,0
111AUG24,_DSC7155,160,0.008,75.0,4.5,16.2,107.8,0,0
111AUG24,_DSC7156,200,0.008,80.0,4.5,148.7,102.8,0,0
111AUG24,_DSC7157,200,0.008,80.0,4.5,156.7,99.4,0,0
111AUG24,_DSC7158,400,0.004,145.0,4.8,151.4,115.4,0,0
111AUG24,_DSC7159,160,0.008,122.0,4.8,356.1,114.2,0,0
111AUG24,_DSC7160,110,0.008,92.0,4.5,106.5,112.5,0,0
111AUG24,_DSC7161,100,0.005,85.0,6.3,418.7,78.1,0,0
111AUG24,_DSC7162,100,0.002,105.0,4.8,448.7,55.3,0,0
111AUG24,_DSC7163,100,0.0015625,105.0,4.8,533.1,58.3,0,0
111AUG24,_DSC7164,100,0.002,105.0,4.8,535.8,61.6,0,0
111AUG24,_DSC7165,100,0.002,105.0,4.8,447.1,58.5,0,0
111AUG24,_DSC7166,100,0.0015625,105.0,4.8,498.4,61.2,0,0
111AUG24,_DSC7167,100,0.008,92.0,4.5,108.0,87.7,0,0
111AUG24,_DSC7168,160,0.008,75.0,4.5,92.0,91.9,0,0
111AUG24,_DSC7169,220,0.008,75.0,4.5,75.1,106.9,0,0
111AUG24,_DSC7170,200,0.008,75.0,4.5,53.3,94.5,0,0
111AUG24,_DSC7171,140,0.008,85.0,4.5,458.1,105.2,0,0
111AUG24,_DSC7172,140,0.008,85.0,4.5,75.3,104.2,0,0
111AUG24,_DSC7173,160,0.008,85.0,4.5,506.0,102.9,0,0
111AUG24,_DSC7174,100,0.005,85.0,4.5,135.0,76.7,0,0
111AUG24,_DSC7175,100,0.00625,85.0,4.5,139.9,83.3,0,0
111AUG24,_DSC7176,100,0.004,75.0,4.5,389.7,114.5,0,0
111AUG24,_DSC7177,100,0.008,75.0,4.5,324.2,113.8,0,0
111AUG24,_DSC7178,100,0.008,75.0,4.5,205.5,115.9,0,0
111AUG24,_DSC7179,100,0.008,75.0,4.5,888.8,138.8,0,0
111AUG24,_DSC7180,100,0.008,75.0,4.5,631.3,103.9,0,0
111AUG24,_DSC7181,200,0.008,75.0,4.5,135.3,65.4,0,0
111AUG24,_DSC7182,160,0.008,75.0,4.5,125.5,59.8,0,0
111AUG24,_DSC7183,180,0.008,75.0,4.5,135.4,70.3,0,0
111AUG24,_DSC7184,100,0.008,75.0,4.5,80.9,76.4,0,0
111AUG24,_DSC7185,100,0.008,80.0,4.5,86.1,72.6,0,0
111AUG24,_DSC7186,100,0.008,80.0,4.5,19.0,90.4,0,0
111AUG24,_DSC7187,100,0.008,80.0,4.5,147.1,84.3,0,0
111AUG24,_DSC7188,100,0.008,240.0,5.6,23.4,97.4,0,0
111AUG24,_DSC7189,100,0.008,240.0,5.6,29.8,106.6,0,0
111AUG24,_DSC7190,100,0.008,240.0,5.6,13.8,81.5,0,0
111AUG24,_DSC7191,100,0.008,240.0,5.6,284.2,88.9,0,0
111AUG24,_DSC7192,100,0.008,75.0,4.5,1096.7,140.9,0,0
111AUG24,_DSC7193,100,0.008,75.0,4.5,1399.2,141.1,0,0
111AUG24,_DSC7194,100,0.008,75.0,4.5,163.9,164.3,0,0
111AUG24,_DSC7195,100,0.008,75.0,4.5,797.0,159.8,0,0
111AUG24,_DSC7196,100,0.008,75.0,4.5,376.9,77.6,0,0
111AUG24,_DSC7197,100,0.008,75.0,4.5,333.7,77.0,0,0
111AUG24,_DSC7198,125,0.008,155.0,5.0,21.2,98.7,0,0
111AUG24,_DSC7199,110,0.008,155.0,5.0,17.3,96.0,0,0
111AUG24,_DSC7200,100,0.008,75.0,4.5,272.7,82.8,0,0
111AUG24,_DSC7201,110,0.008,75.0,4.5,288.9,84.6,0,0
111AUG24,_DSC7202,100,0.008,75.0,4.5,356.3,81.9,0,0
111AUG24,_DSC7203,110,0.008,105.0,4.8,60.5,99.7,0,0
111AUG24,_DSC7204,110,0.008,75.0,4.5,298.1,85.8,0,0
111AUG24,_DSC7205,100,0.008,92.0,4.5,187.1,90.8,0,0
111AUG24,_DSC7206,180,0.008,180.0,5.0,18.1,84.1,0,0
111AUG24,_DSC7207,220,0.008,180.0,5.0,16.4,90.7,0,0
111AUG24,_DSC7208,220,0.008,180.0,5.0,13.8,91.1,0,0
111AUG24,_DSC7209,220,0.008,180.0,5.0,16.0,89.6,0,0
111AUG24,_DSC7210,110,0.008,98.0,4.8,170.8,78.7,0,0
111AUG24,_DSC7211,125,0.008,85.0,4.5,146.2,77.7,0,0
111AUG24,_DSC7212,125,0.008,85.0,4.5,156.4,72.6,0,0
111AUG24,_DSC7213,140,0.008,98.0,4.8,121.6,82.2,0,0
111AUG24,_DSC7214,160,0.008,98.0,4.8,126.5,86.0,0,0
111AUG24,_DSC7215,140,0.008,92.0,4.5,150.8,88.8,0,0
111AUG24,_DSC7216,140,0.008,92.0,4.5,98.6,89.5,0,0
111AUG24,_DSC7217,100,0.008,92.0,4.5,160.9,119.9,0,0
111AUG24,_DSC7218,100,0.008,92.0,4.5,244.3,122.3,0,0
111AUG24,_DSC7219,100,0.008,92.0,4.5,282.9,115.4,0,0
111AUG24,_DSC7220,125,0.008,190.0,5.3,36.1,89.7,0,0
111AUG24,_DSC7221,125,0.008,190.0,5.3,25.4,89.0,0,0
111AUG24,_DSC7222,140,0.008,155.0,5.0,42.2,101.7,0,0
111AUG24,_DSC7223,125,0.008,155.0,5.0,53.7,94.2,0,0
111AUG24,_DSC7224,140,0.008,220.0,5.6,121.4,86.2,0,0
111AUG24,_DSC7225,125,0.008,220.0,5.6,93.2,81.1,0,0
111AUG24,_DSC7226,125,0.008,122.0,4.8,764.8,94.5,0,0
111AUG24,_DSC7227,110,0.008,122.0,4.8,499.8,89.5,0,0
111AUG24,_DSC7228,110,0.008,75.0,4.5,652.2,107.7,0,0
111AUG24,_DSC7229,100,0.008,75.0,4.5,881.7,107.4,0,0
111AUG24,_DSC7230,140,0.008,75.0,4.5,1564.3,101.7,0,0
111AUG24,_DSC7231,125,0.008,75.0,4.5,919.8,107.0,0,0
111AUG24,_DSC7232,140,0.008,170.0,5.0,128.1,84.5,0,0
111AUG24,_DSC7233,140,0.008,170.0,5.0,136.8,82.8,0,0
111AUG24,_DSC7234,160,0.008,155.0,5.0,104.6,90.7,0,0
111AUG24,_DSC7235,100,0.008,105.0,4.8,348.0,125.2,0,0
111AUG24,_DSC7236,100,0.008,105.0,4.8,180.4,120.8,0,0
111AUG24,_DSC7237,100,0.008,98.0,4.8,444.9,121.8,0,0
111AUG24,_DSC7238,100,0.008,75.0,4.5,532.4,131.3,0,0
111AUG24,_DSC7239,100,0.008,75.0,4.5,593.2,133.2,0,0
111AUG24,_DSC7240,100,0.008,75.0,4.5,774.7,130.8,0,0
112MSYWD,_DSC7574,3200,0.2,70.0,22.0,29.2,60.6,0,0
112MSYWD,_DSC7575,3200,0.2,70.0,22.0,39.6,68.2,0,0
112MSYWD,_DSC7576,3200,0.16666666666666666,70.0,22.0,42.6,58.7,0,0
112MSYWD,_DSC7577,3200,0.25,70.0,22.0,19.3,84.9,0,0
112MSYWD,_DSC7578,3200,0.16666666666666666,70.0,22.0,39.1,63.1,0,0
112MSYWD,_DSC7579,3200,0.16666666666666666,70.0,22.0,43.5,71.0,0,0
112MSYWD,_DSC7580,3200,0.03333333333333333,70.0,22.0,13.8,85.1,0,0
112MSYWD,_DSC7581,3200,0.04,70.0,22.0,43.7,82.8,0,0
112MSYWD,_DSC7582,3200,0.04,70.0,22.0,20.7,81.1,0,0
112MSYWD,_DSC7583,3200,0.16666666666666666,70.0,22.0,29.9,100.8,0,0
112MSYWD,_DSC7584,3200,0.16666666666666666,70.0,22.0,26.5,83.5,0,0
112MSYWD,_DSC7585,3200,0.16666666666666666,70.0,22.0,30.5,77.0,0,0
112MSYWD,_DSC7586,3200,0.2,70.0,22.0,21.2,84.1,0,0
112MSYWD,_DSC7587,3200,0.1,70.0,22.0,14.7,72.3,0,0
112MSYWD,_DSC7588,3200,0.125,70.0,22.0,14.0,76.4,0,0
112MSYWD,_DSC7589,3200,0.1,70.0,22.0,12.0,75.0,0,0
112MSYWD,_DSC7590,3200,0.125,70.0,22.0,11.5,61.0,0,0
112MSYWD,_DSC7591,3200,0.125,70.0,22.0,16.3,78.8,0,0
112MSYWD,_DSC7592,3200,0.125,70.0,22.0,16.5,79.7,0,0
112MSYWD,_DSC7593,3200,0.125,70.0,22.0,12.4,74.0,0,0
112MSYWD,_DSC7594,3200,0.125,70.0,22.0,15.7,75.8,0,0
112MSYWD,_DSC7595,3200,0.16666666666666666,70.0,22.0,13.1,75.6,0,0
112MSYWD,_DSC7596,3200,0.3333333333333333,70.0,22.0,78.2,113.4,0,0
112MSYWD,_DSC7597,3200,0.3333333333333333,70.0,22.0,93.7,113.8,0,0
112MSYWD,_DSC7598,3200,0.25,70.0,22.0,75.2,110.2,0,0
112MSYWD,_DSC7599,3200,0.005,70.0,2.8,41.1,97.2,0,0
112MSYWD,_DSC7600,3200,0.005,70.0,2.8,60.3,100.4,0,0
112MSYWD,_DSC7601,2800,0.004,70.0,2.8,38.4,112.3,0,0
112MSYWD,_DSC7602,2800,0.004,70.0,2.8,46.4,117.3,0,0
112MSYWD,_DSC7603,2800,0.004,70.0,2.8,112.8,116.1,0,0
112MSYWD,_DSC7604,3200,0.004,70.0,2.8,180.8,111.0,0,0
112MSYWD,_DSC7605,3200,0.004,70.0,2.8,68.0,117.8,0,0
112MSYWD,_DSC7606,2800,0.004,70.0,2.8,67.7,116.0,0,0
112MSYWD,_DSC7607,2800,0.004,70.0,2.8,123.4,106.1,0,0
112MSYWD,_DSC7608,2800,0.004,70.0,2.8,153.8,110.7,0,0
112MSYWD,_DSC7609,3200,0.004,70.0,2.8,166.2,114.3,0,0
112MSYWD,_DSC7610,3200,0.004,70.0,2.8,24.2,116.9,0,0
112MSYWD,_DSC7611,3200,0.004,70.0,2.8,94.1,117.9,0,0
112MSYWD,_DSC7612,3200,0.004,70.0,2.8,55.9,119.5,0,0
112MSYWD,_DSC7613,3200,0.004,70.0,2.8,58.5,105.7,0,0
112MSYWD,_DSC7614,3200,0.004,70.0,2.8,34.5,107.7,0,0
112MSYWD,_DSC7615,3200,0.004,70.0,2.8,39.4,104.6,0,0
112MSYWD,_DSC7616,1100,0.004,70.0,2.8,72.5,91.3,0,0
112MSYWD,_DSC7617,900,0.004,70.0,2.8,129.8,87.4,0,0
112MSYWD,_DSC7618,1000,0.004,70.0,2.8,76.9,88.6,0,0
112MSYWD,_DSC7619,1250,0.004,70.0,2.8,123.3,91.2,0,0
112MSYWD,_DSC7620,1250,0.004,70.0,2.8,70.9,90.4,0,0
112MSYWD,_DSC7621,1100,0.004,70.0,2.8,71.7,79.3,0,0
112MSYWD,_DSC7622,1400,0.004,70.0,2.8,63.2,95.0,0,0
112MSYWD,_DSC7623,900,0.004,70.0,2.8,69.9,86.1,0,0
112MSYWD,_DSC7624,1000,0.004,70.0,2.8,65.3,101.8,0,0
112MSYWD,_DSC7625,1000,0.004,70.0,2.8,134.8,93.8,0,0
112MSYWD,_DSC7626,1100,0.004,70.0,2.8,120.9,104.0,0,0
112MSYWD,_DSC7627,1100,0.004,70.0,2.8,72.2,102.6,0,0
112MSYWD,_DSC7628,1100,0.004,70.0,2.8,66.0,99.7,0,0
112MSYWD,_DSC7629,1000,0.004,70.0,2.8,157.2,91.5,0,0
112MSYWD,_DSC7630,1100,0.004,70.0,2.8,97.2,94.5,0,0
112MSYWD,_DSC7631,1250,0.004,70.0,2.8,69.2,96.3,0,0
112MSYWD,_DSC7632,1000,0.004,70.0,2.8,69.5,88.0,0,0
112MSYWD,_DSC7633,1250,0.004,70.0,2.8,182.2,103.1,0,0
112MSYWD,_DSC7634,1000,0.004,70.0,2.8,163.9,91.4,0,0
112MSYWD,_DSC7635,1100,0.004,70.0,2.8,75.9,94.3,0,0
112MSYWD,_DSC7636,1800,0.004,70.0,2.8,50.4,104.5,0,0
112MSYWD,_DSC7637,1400,0.004,70.0,2.8,44.8,84.9,0,0
112MSYWD,_DSC7638,1800,0.004,70.0,2.8,31.9,91.6,0,0
112MSYWD,_DSC7639,1400,0.004,70.0,2.8,25.7,90.6,0,0
112MSYWD,_DSC7640,2200,0.004,70.0,2.8,172.3,103.5,0,0
112MSYWD,_DSC7641,1600,0.004,70.0,2.8,22.9,96.7,0,0
112MSYWD,_DSC7642,2500,0.004,70.0,2.8,25.2,93.5,0,0
112MSYWD,_DSC7643,2500,0.004,70.0,2.8,35.1,93.6,0,0
112MSYWD,_DSC7644,3200,0.004,70.0,2.8,24.1,111.4,0,0
112MSYWD,_DSC7645,2800,0.004,70.0,2.8,25.0,90.2,0,0
112MSYWD,_DSC7646,3200,0.00625,70.0,2.8,31.4,97.5,0,0
112MSYWD,_DSC7647,3200,0.004,70.0,2.8,24.0,79.3,0,0
112MSYWD,_DSC7648,3200,0.00625,70.0,2.8,26.3,95.1,0,0
112MSYWD,_DSC7649,1100,0.004,70.0,2.8,97.7,77.4,0,0
112MSYWD,_DSC7650,1250,0.004,70.0,2.8,56.3,75.6,0,0
112MSYWD,_DSC7651,1400,0.004,70.0,2.8,66.9,78.7,0,0
112MSYWD,_DSC7652,1250,0.004,70.0,2.8,92.7,76.0,0,0
112MSYWD,_DSC7653,1250,0.004,70.0,2.8,89.2,71.2,0,0
112MSYWD,_DSC7654,1400,0.004,70.0,2.8,90.0,76.1,0,0
112MSYWD,_DSC7655,1400,0.004,70.0,2.8,107.5,75.1,0,0
112MSYWD,_DSC7656,3200,0.0125,70.0,8.0,74.3,77.4,0,0
112MSYWD,_DSC7657,3200,0.0125,70.0,8.0,71.6,73.4,0,0
112MSYWD,_DSC7658,3200,0.0125,70.0,8.0,102.5,83.0,0,0
112MSYWD,_DSC7659,3200,0.0125,70.0,8.0,66.5,73.1,0,0
112MSYWD,_DSC7660,3200,0.02,70.0,8.0,132.6,68.4,0,0
112MSYWD,_DSC7661,3200,0.0125,70.0,8.0,112.3,86.8,0,0
112MSYWD,_DSC7662,3200,0.016666666666666666,70.0,8.0,107.1,97.0,0,0
112MSYWD,_DSC7663,3200,0.016666666666666666,70.0,8.0,96.8,92.7,0,0
112MSYWD,_DSC7664,3200,0.016666666666666666,70.0,8.0,54.6,94.2,0,0
112MSYWD,_DSC7665,1800,0.004,70.0,2.8,48.5,91.5,0,0
112MSYWD,_DSC7666,1800,0.004,70.0,2.8,50.4,94.0,0,0
112MSYWD,_DSC7667,1800,0.004,70.0,2.8,38.4,91.7,0,0
112MSYWD,_DSC7668,1800,0.004,70.0,2.8,43.1,90.5,0,0
112MSYWD,_DSC7669,1800,0.004,70.0,2.8,36.1,93.4,0,0
112MSYWD,_DSC7670,1800,0.004,70.0,2.8,57.4,90.8,0,0
112MSYWD,_DSC7671,1800,0.004,70.0,2.8,56.7,91.0,0,0
112MSYWD,_DSC7672,2200,0.004,70.0,2.8,46.7,99.7,0,0
112MSYWD,_DSC7673,3200,0.004,70.0,2.8,32.4,109.7,0,0
112MSYWD,_DSC7674,3200,0.004,70.0,2.8,24.3,129.8,0,0
112MSYWD,_DSC7675,2000,0.004,70.0,2.8,58.5,89.3,0,0
112MSYWD,_DSC7676,2200,0.004,70.0,2.8,50.7,99.6,0,0
112MSYWD,_DSC7677,3200,0.016666666666666666,70.0,2.8,44.3,70.8,0,0
112MSYWD,_DSC7678,3200,0.016666666666666666,70.0,2.8,204.8,73.5,0,0
112MSYWD,_DSC7679,3200,0.008,70.0,2.8,29.8,86.9,0,0
112MSYWD,_DSC7680,3200,0.008,70.0,2.8,40.3,89.1,0,0
112MSYWD,_DSC7681,3200,0.00625,70.0,2.8,30.0,88.4,0,0
112MSYWD,_DSC7682,3200,0.00625,70.0,2.8,146.7,85.0,0,0
112MSYWD,_DSC7683,3200,0.016666666666666666,70.0,2.8,89.1,72.1,0,0
112MSYWD,_DSC7684,3200,0.008,70.0,2.8,74.2,108.3,0,0
112MSYWD,_DSC7685,3200,0.008,70.0,2.8,138.0,108.5,0,0
112MSYWD,_DSC7810,220,0.004,70.0,2.8,14.7,123.9,0,0
112MSYWD,_DSC7811,220,0.004,70.0,2.8,137.4,113.1,0,0
112MSYWD,_DSC7812,220,0.004,70.0,2.8,144.3,114.1,0,0
112MSYWD,_DSC7813,200,0.004,70.0,2.8,410.7,105.2,0,0
112MSYWD,_DSC7814,180,0.004,70.0,2.8,130.4,101.8,0,0
112MSYWD,_DSC7815,280,0.004,70.0,2.8,12.9,84.5,0,0
112MSYWD,_DSC7816,500,0.004,70.0,2.8,15.8,117.6,0,0
112MSYWD,_DSC7817,500,0.004,70.0,2.8,15.8,118.2,0,0
112MSYWD,_DSC7818,360,0.004,70.0,2.8,398.1,99.6,0,0
112MSYWD,_DSC7819,360,0.004,70.0,2.8,324.1,102.3,0,0
112MSYWD,_DSC7820,400,0.004,70.0,2.8,643.5,96.6,0,0
112MSYWD,_DSC7821,500,0.004,70.0,2.8,11.2,145.9,0,0
112MSYWD,_DSC7822,450,0.004,70.0,2.8,11.7,142.4,0,0
112MSYWD,_DSC7823,800,0.004,70.0,2.8,454.3,113.0,0,0
112MSYWD,_DSC7824,720,0.004,70.0,2.8,79.0,110.5,0,0
112MSYWD,_DSC7825,800,0.004,70.0,2.8,39.4,116.7,0,0
112MSYWD,_DSC7826,3200,0.004,70.0,2.8,21.8,100.6,0,0
112MSYWD,_DSC7827,3200,0.005,70.0,2.8,24.2,115.1,0,0
112MSYWD,_DSC7828,3200,0.01,70.0,2.8,20.5,102.2,0,0
112MSYWD,_DSC7829,3200,0.0125,70.0,2.8,19.5,106.9,0,0
112MSYWD,_DSC7830,3200,0.01,70.0,2.8,20.2,103.9,0,0
112MSYWD,_DSC7831,560,0.004,70.0,2.8,160.6,88.8,0,0
112MSYWD,_DSC7832,450,0.004,70.0,2.8,29.3,91.8,0,0
112MSYWD,_DSC7833,450,0.004,70.0,2.8,41.8,90.9,0,0
112MSYWD,_DSC7834,3200,0.016666666666666666,70.0,2.8,24.6,100.7,0,0
112MSYWD,_DSC7835,3200,0.008,70.0,2.8,29.0,91.6,0,0
112MSYWD,_DSC7836,3200,0.008,70.0,2.8,36.1,94.7,0,0
112MSYWD,_DSC7837,3200,0.008,70.0,2.8,39.3,96.5,0,0
112MSYWD,_DSC7838,3200,0.01,70.0,2.8,37.5,104.7,0,0
112MSYWD,_DSC7839,3200,0.01,70.0,2.8,23.6,93.4,0,0
112MSYWD,_DSC7840,1600,0.004,70.0,2.8,285.4,113.7,0,0
112MSYWD,_DSC7841,1600,0.004,70.0,2.8,377.7,117.4,0,0
112MSYWD,_DSC7842,1400,0.004,70.0,2.8,344.8,115.2,0,0
112MSYWD,_DSC7843,3200,0.005,70.0,2.8,32.3,90.5,0,0
112MSYWD,_DSC7844,3200,0.005,70.0,2.8,29.4,96.6,0,0
112MSYWD,_DSC7845,3200,0.004,70.0,2.8,31.4,81.2,0,0
112MSYWD,_DSC7846,3200,0.005,70.0,2.8,33.0,92.8,0,0
112MSYWD,_DSC7847,3200,0.01,70.0,2.8,27.2,83.2,0,0
112MSYWD,_DSC7848,2500,0.004,70.0,2.8,282.7,105.2,0,0
112MSYWD,_DSC7849,2500,0.004,70.0,2.8,304.8,112.6,0,0
112MSYWD,_DSC7850,2500,0.004,70.0,2.8,327.6,104.9,0,0
112MSYWD,_DSC7851,3200,0.008,70.0,2.8,25.3,113.8,0,0
112MSYWD,_DSC7852,3200,0.008,70.0,2.8,42.5,113.2,0,0
112MSYWD,_DSC7853,1000,0.004,70.0,2.8,38.4,99.4,0,0
112MSYWD,_DSC7854,1250,0.004,70.0,2.8,37.1,113.0,0,0
112MSYWD,_DSC7855,1100,0.004,70.0,2.8,45.7,98.4,0,0
112MSYWD,_DSC7856,1100,0.004,70.0,2.8,43.2,104.0,0,0
112MSYWD,_DSC7857,400,0.004,70.0,2.8,14.1,83.0,0,0
112MSYWD,_DSC7858,400,0.004,70.0,2.8,14.9,79.5,0,0
112MSYWD,_DSC7859,500,0.004,70.0,2.8,17.9,87.5,0,0
112MSYWD,_DSC7860,450,0.004,70.0,2.8,17.0,83.3,0,0
112MSYWD,_DSC7861,1250,0.004,70.0,2.8,136.3,108.8,0,0
112MSYWD,_DSC7862,1400,0.004,70.0,2.8,181.7,108.2,0,0
112MSYWD,_DSC7863,1400,0.004,70.0,2.8,111.4,109.5,0,0
112MSYWD,_DSC7864,1400,0.004,70.0,2.8,162.8,105.4,0,0
112MSYWD,_DSC7865,1100,0.004,70.0,2.8,248.7,101.4,0,0
112MSYWD,_DSC7866,1100,0.004,70.0,2.8,241.0,102.3,0,0
112MSYWD,_DSC7867,280,0.004,70.0,2.8,134.7,108.5,0,0
112MSYWD,_DSC7868,400,0.004,70.0,2.8,29.8,121.2,0,0
112MSYWD,_DSC7869,560,0.004,70.0,2.8,115.2,145.6,0,0
112MSYWD,_DSC7870,560,0.004,70.0,2.8,53.2,146.7,0,0
112MSYWD,_DSC7871,560,0.004,70.0,2.8,236.9,147.0,0,0
112MSYWD,_DSC7872,800,0.004,70.0,2.8,49.2,153.6,0,0
112MSYWD,_DSC7873,720,0.004,70.0,2.8,45.2,145.8,0,0
112MSYWD,_DSC7874,720,0.004,70.0,2.8,173.8,151.1,0,0
112MSYWD,_DSC7875,720,0.004,70.0,2.8,177.8,107.4,0,0
112MSYWD,_DSC7876,640,0.004,70.0,2.8,178.4,115.3,0,0
112MSYWD,_DSC7877,640,0.004,70.0,2.8,171.7,101.2,0,0
112MSYWD,_DSC7878,2200,0.004,70.0,2.8,133.2,92.1,0,0
112MSYWD,_DSC7879,2800,0.004,70.0,2.8,105.8,108.3,0,0
112MSYWD,_DSC7880,280,0.004,70.0,2.8,26.2,76.8,0,0
112MSYWD,_DSC7881,250,0.004,70.0,2.8,15.6,70.6,0,0
112MSYWD,_DSC7882,100,0.000625,70.0,2.8,47.8,150.7,0,0
112MSYWD,_DSC7883,100,0.001,70.0,2.8,4.7,123.4,0,0
112MSYWD,_DSC7884,100,0.0008,70.0,2.8,4.9,148.7,0,0
112MSYWD,_DSC7885,100,0.0004,70.0,2.8,6.9,133.0,0,0
112MSYWD,_DSC7886,100,0.000625,70.0,2.8,3.4,150.9,0,0
112MSYWD,_DSC7887,100,0.00125,70.0,2.8,70.0,66.0,0,0
112MSYWD,_DSC7888,100,0.003125,70.0,2.8,125.2,113.3,0,0
112MSYWD,_DSC7889,100,0.002,70.0,2.8,59.9,102.3,0,0
112MSYWD,_DSC7890,100,0.0015625,70.0,2.8,113.3,124.2,0,0
112MSYWD,_DSC7891,100,0.001,70.0,2.8,27.5,154.0,0,0
112MSYWD,_DSC7892,100,0.0004,70.0,2.8,118.5,126.8,0,0
112MSYWD,_DSC7893,100,0.0004,70.0,2.8,109.4,124.0,0,0
112MSYWD,_DSC7894,100,0.0004,70.0,2.8,385.9,128.4,0,0
112MSYWD,_DSC7895,100,0.0025,70.0,2.8,7.1,115.9,0,0
112MSYWD,_DSC7896,100,0.004,70.0,2.8,33.2,114.4,0,0
112MSYWD,_DSC7897,110,0.004,70.0,2.8,26.4,119.7,0,0
112MSYWD,_DSC7898,110,0.004,70.0,2.8,17.1,115.8,0,0
112MSYWD,_DSC7899,560,0.004,70.0,2.8,176.8,118.6,0,0
112MSYWD,_DSC7900,560,0.004,70.0,2.8,253.8,117.5,0,0
112MSYWD,_DSC7901,560,0.004,70.0,2.8,234.6,117.6,0,0
112MSYWD,_DSC7902,560,0.004,70.0,2.8,23.4,144.7,0,0
112MSYWD,_DSC7903,250,0.004,70.0,2.8,94.7,134.9,0,0
112MSYWD,_DSC7904,250,0.004,70.0,2.8,103.2,138.1,0,0
112MSYWD,_DSC7905,250,0.004,70.0,2.8,90.1,138.5,0,0
112MSYWD,_DSC7906,250,0.004,70.0,2.8,94.3,138.3,0,0
112MSYWD,_DSC7907,250,0.004,70.0,2.8,91.0,139.9,0,0
112MSYWD,_DSC7908,250,0.004,70.0,2.8,91.6,139.9,0,0
112MSYWD,_DSC7909,250,0.004,70.0,2.8,82.1,144.4,0,0
112MSYWD,_DSC7910,250,0.004,70.0,2.8,87.2,143.6,0,0
112MSYWD,_DSC7911,250,0.004,70.0,2.8,65.2,145.1,0,0
112MSYWD,_DSC7912,250,0.004,70.0,2.8,76.1,140.4,0,0
112MSYWD,_DSC7913,250,0.004,70.0,2.8,89.1,140.9,0,0
112MSYWD,_DSC7914,220,0.004,70.0,2.8,58.4,132.2,0,0
112MSYWD,_DSC7915,220,0.004,70.0,2.8,64.9,134.2,0,0
112MSYWD,_DSC7916,250,0.004,70.0,2.8,88.9,134.9,0,0
112MSYWD,_DSC7917,250,0.004,70.0,2.8,73.1,129.8,0,0
112MSYWD,_DSC7918,250,0.004,70.0,2.8,58.2,134.7,0,0
112MSYWD,_DSC7919,100,0.0008,70.0,2.8,118.5,117.3,0,0
112MSYWD,_DSC7920,100,0.000625,70.0,2.8,96.5,101.7,0,0
112MSYWD,_DSC7921,100,0.000625,70.0,2.8,106.4,103.4,0,0
112MSYWD,_DSC7922,100,0.000625,70.0,2.8,190.2,99.7,0,0
112MSYWD,_DSC7923,100,0.000625,70.0,2.8,185.4,99.6,0,0
112MSYWD,_DSC7924,100,0.000625,70.0,2.8,104.1,98.7,0,0
112MSYWD,_DSC7925,100,0.000625,70.0,2.8,110.4,100.0,0,0
112MSYWD,_DSC7926,640,0.004,70.0,2.8,144.5,126.4,0,0
112MSYWD,_DSC7927,640,0.004,70.0,2.8,134.6,125.7,0,0
112MSYWD,_DSC7928,640,0.004,70.0,2.8,138.0,125.7,0,0
112MSYWD,_DSC7929,720,0.004,70.0,2.8,45.7,123.5,0,0
112MSYWD,_DSC7930,720,0.004,70.0,2.8,31.1,124.4,0,0
112MSYWD,_DSC7931,560,0.004,70.0,2.8,254.9,123.2,0,0
112MSYWD,_DSC7932,560,0.004,70.0,2.8,256.1,121.6,0,0
112MSYWD,_DSC7933,560,0.004,70.0,2.8,259.8,120.8,0,0
112MSYWD,_DSC7934,560,0.004,70.0,2.8,208.8,120.6,0,0
112MSYWD,_DSC7935,560,0.004,70.0,2.8,201.7,121.1,0,0
112MSYWD,_DSC7936,560,0.004,70.0,2.8,198.2,122.3,0,0
112MSYWD,_DSC7937,560,0.004,70.0,2.8,192.5,120.6,0,0
112MSYWD,_DSC7938,640,0.004,70.0,2.8,238.3,122.7,0,0
112MSYWD,_DSC7939,640,0.004,70.0,2.8,217.0,119.9,0,0
112MSYWD,_DSC7940,640,0.004,70.0,2.8,250.4,119.3,0,0
112MSYWD,_DSC7941,640,0.004,70.0,2.8,261.7,119.5,0,0
112MSYWD,_DSC7942,640,0.004,70.0,2.8,264.7,119.1,0,0
112MSYWD,_DSC7943,640,0.004,70.0,2.8,251.7,118.7,0,0
112MSYWD,_DSC7944,640,0.004,70.0,2.8,240.4,116.8,0,0
112MSYWD,_DSC7945,640,0.004,70.0,2.8,102.2,115.9,0,0
112MSYWD,_DSC7946,720,0.004,70.0,2.8,84.9,133.7,0,0
112MSYWD,_DSC7947,720,0.004,70.0,2.8,93.0,139.2,0,0
112MSYWD,_DSC7948,720,0.004,70.0,2.8,105.1,140.8,0,0
112MSYWD,_DSC7949,720,0.004,70.0,2.8,89.1,139.4,0,0
112MSYWD,_DSC7950,800,0.004,70.0,2.8,68.4,137.9,0,0
112MSYWD,_DSC7951,800,0.004,70.0,2.8,61.3,136.0,0,0
112MSYWD,_DSC7952,720,0.004,70.0,2.8,60.0,137.1,0,0
112MSYWD,_DSC7953,720,0.004,70.0,2.8,64.1,136.6,0,0
112MSYWD,_DSC7954,720,0.004,70.0,2.8,23.8,130.9,0,0
112MSYWD,_DSC7955,640,0.004,70.0,2.8,82.0,123.6,0,0
112MSYWD,_DSC7956,640,0.004,70.0,2.8,79.5,123.7,0,0
112MSYWD,_DSC7957,640,0.004,70.0,2.8,41.1,126.1,0,0
112MSYWD,_DSC7958,640,0.004,70.0,2.8,23.4,122.2,0,0
112MSYWD,_DSC7959,640,0.004,70.0,2.8,255.2,120.6,0,0
112MSYWD,_DSC7960,640,0.004,70.0,2.8,114.4,124.5,0,0
112MSYWD,_DSC7961,220,0.004,70.0,2.8,325.4,131.4,0,0
112MSYWD,_DSC7962,200,0.004,70.0,2.8,334.5,131.2,0,0
112MSYWD,_DSC7963,200,0.004,70.0,2.8,235.5,131.2,0,0
112MSYWD,_DSC7964,200,0.004,70.0,2.8,237.2,130.1,0,0
112MSYWD,_DSC7965,200,0.004,70.0,2.8,264.4,130.3,0,0
112MSYWD,_DSC7966,200,0.004,70.0,2.8,257.3,131.4,0,0
112MSYWD,_DSC7967,200,0.004,70.0,2.8,262.3,131.0,0,0
112MSYWD,_DSC7968,200,0.004,70.0,2.8,277.3,130.6,0,0
112MSYWD,_DSC7969,200,0.004,70.0,2.8,278.8,130.1,0,0
112MSYWD,_DSC7970,200,0.004,70.0,2.8,244.8,129.5,0,0
112MSYWD,_DSC7971,200,0.004,70.0,2.8,489.4,127.2,0,0
112MSYWD,_DSC7972,200,0.004,70.0,2.8,509.6,128.8,0,0
112MSYWD,_DSC7973,200,0.004,70.0,2.8,555.8,127.5,0,0
112MSYWD,_DSC7974,200,0.004,70.0,2.8,528.8,128.1,0,0
112MSYWD,_DSC7975,280,0.004,70.0,2.8,413.4,121.4,0,0
112MSYWD,_DSC7976,280,0.004,70.0,2.8,3104.2,114.7,0,0
112MSYWD,_DSC7977,400,0.004,70.0,2.8,1278.7,127.3,0,0
112MSYWD,_DSC7978,400,0.004,70.0,2.8,27.8,129.3,0,0
112MSYWD,_DSC7979,360,0.004,70.0,2.8,67.1,123.0,0,0
112MSYWD,_DSC7980,400,0.004,70.0,2.8,2477.8,122.5,0,0
112MSYWD,_DSC7981,400,0.004,70.0,2.8,2446.7,120.7,0,0
112MSYWD,_DSC7982,400,0.004,70.0,2.8,127.6,127.9,0,0
112MSYWD,_DSC7983,400,0.004,70.0,2.8,2395.6,121.6,0,0
112MSYWD,_DSC7984,2200,0.004,70.0,2.8,50.0,109.6,0,0
112MSYWD,_DSC7985,2200,0.004,70.0,2.8,50.8,123.1,0,0
112MSYWD,_DSC7986,3200,0.0125,70.0,2.8,29.1,110.2,0,0
112MSYWD,_DSC7987,3200,0.0125,70.0,2.8,238.4,98.9,0,0
112MSYWD,_DSC7988,3200,0.0125,70.0,2.8,299.8,102.4,0,0
112MSYWD,_DSC7989,3200,0.004,70.0,2.8,167.4,119.7,0,0
112MSYWD,_DSC7990,3200,0.004,70.0,2.8,106.8,119.2,0,0
112MSYWD,_DSC7991,2200,0.004,70.0,2.8,37.4,119.3,0,0
112MSYWD,_DSC7992,1100,0.004,70.0,2.8,74.6,102.0,0,0
112MSYWD,_DSC7993,3200,0.004,70.0,2.8,68.7,102.5,0,0
112MSYWD,_DSC7994,2000,0.004,70.0,2.8,44.6,122.7,0,0
112MSYWD,_DSC7995,1250,0.004,70.0,2.8,33.5,109.2,0,0
112MSYWD,_DSC7996,1100,0.004,70.0,2.8,36.0,104.0,0,0
112MSYWD,_DSC7997,3200,0.00625,70.0,2.8,156.8,112.9,0,0
112MSYWD,_DSC7998,3200,0.005,70.0,2.8,229.8,110.2,0,0
112MSYWD,_DSC7999,3200,0.005,70.0,2.8,99.9,116.4,0,0
112MSYWD,_DSC8000,3200,0.004,70.0,2.8,48.2,106.7,0,0
112MSYWD,_DSC8001,3200,0.00625,70.0,2.8,112.6,118.5,0,0
112MSYWD,_DSC8002,3200,0.00625,70.0,2.8,84.7,109.6,0,0
112MSYWD,_DSC8003,3200,0.00625,70.0,2.8,80.1,115.0,0,0
112MSYWD,_DSC8004,3200,0.00625,70.0,2.8,75.6,116.4,0,0
112MSYWD,_DSC8005,3200,0.005,70.0,2.8,74.9,108.8,0,0
112MSYWD,_DSC8006,3200,0.005,70.0,2.8,24.0,146.8,0,0
112MSYWD,_DSC8007,3200,0.00625,70.0,2.8,46.1,142.5,0,0
112MSYWD,_DSC8008,3200,0.005,70.0,2.8,22.5,107.2,0,0
112MSYWD,_DSC8009,3200,0.005,70.0,2.8,17.7,108.2,0,0
112MSYWD,_DSC8010,3200,0.008,70.0,2.8,87.6,112.2,0,0
112MSYWD,_DSC8011,3200,0.0125,70.0,2.8,29.6,104.3,0,0
112MSYWD,_DSC8012,3200,0.0125,70.0,2.8,25.5,113.7,0,0
112MSYWD,_DSC8013,3200,0.008,70.0,2.8,14.2,110.6,0,0
112MSYWD,_DSC8014,3200,0.01,70.0,2.8,13.5,116.5,0,0
112MSYWD,_DSC8015,3200,0.00625,70.0,2.8,20.8,82.2,0,0
112MSYWD,_DSC8016,3200,0.005,70.0,2.8,22.5,76.6,0,0
112MSYWD,_DSC8017,3200,0.00625,70.0,2.8,52.1,147.0,0,0
112MSYWD,_DSC8018,2800,0.004,70.0,2.8,209.9,132.1,0,0
112MSYWD,_DSC8019,1800,0.004,70.0,2.8,39.9,122.2,0,0
112MSYWD,_DSC8020,2500,0.004,70.0,2.8,36.8,134.9,0,0
112MSYWD,_DSC8021,2800,0.004,70.0,2.8,312.9,125.1,0,0
112MSYWD,_DSC8022,3200,0.008,70.0,2.8,139.8,162.7,0,0
112MSYWD,_DSC8023,3200,0.005,70.0,2.8,85.0,147.6,0,0
112MSYWD,_DSC8024,3200,0.004,70.0,2.8,126.8,137.6,0,0
112MSYWD,_DSC8025,1000,0.004,70.0,2.8,40.4,120.0,0,0
112MSYWD,_DSC8026,1400,0.004,70.0,2.8,31.3,140.2,0,0
112MSYWD,_DSC8027,1400,0.004,70.0,2.8,31.7,140.6,0,0
112MSYWD,_DSC8028,1400,0.004,70.0,2.8,33.3,131.5,0,0
112MSYWD,_DSC8029,1400,0.004,70.0,2.8,31.4,130.3,0,0
112MSYWD,_DSC8030,2500,0.004,70.0,2.8,68.9,149.8,0,0
112MSYWD,_DSC8031,2500,0.004,70.0,2.8,71.6,153.2,0,0
112MSYWD,_DSC8032,2500,0.004,70.0,2.8,71.6,153.2,0,0
112MSYWD,_DSC8033,2500,0.004,70.0,2.8,80.9,153.8,0,0
112MSYWD,_DSC8034,2800,0.004,70.0,2.8,38.5,135.1,0,0
112MSYWD,_DSC8035,2800,0.004,70.0,2.8,38.4,134.7,0,0
112MSYWD,_DSC8036,2800,0.004,70.0,2.8,39.3,133.1,0,0
112MSYWD,_DSC8037,2800,0.004,70.0,2.8,34.5,137.2,0,0
112MSYWD,_DSC8038,3200,0.004,70.0,2.8,43.9,144.0,0,0
112MSYWD,_DSC8039,3200,0.004,70.0,2.8,41.2,141.4,0,0
112MSYWD,_DSC8040,3200,0.004,70.0,2.8,38.6,120.0,0,0
112MSYWD,_DSC8041,1000,0.004,70.0,2.8,23.4,137.3,0,0
112MSYWD,_DSC8042,1000,0.004,70.0,2.8,23.8,136.1,0,0
112MSYWD,_DSC8043,1000,0.004,70.0,2.8,22.7,135.9,0,0
112MSYWD,_DSC8044,1000,0.004,70.0,2.8,22.5,137.1,0,0
112MSYWD,_DSC8045,800,0.004,70.0,2.8,17.8,141.2,0,0
112MSYWD,_DSC8046,800,0.004,70.0,2.8,17.8,141.2,0,0
112MSYWD,_DSC8047,800,0.004,70.0,2.8,17.0,145.0,0,0
112MSYWD,_DSC8048,800,0.004,70.0,2.8,16.0,146.5,0,0
112MSYWD,_DSC8049,900,0.004,70.0,2.8,16.8,147.8,0,0
112MSYWD,_DSC8050,640,0.004,70.0,2.8,15.0,138.1,0,0
112MSYWD,_DSC8051,640,0.004,70.0,2.8,14.7,140.3,0,0
112MSYWD,_DSC8052,640,0.004,70.0,2.8,14.6,141.8,0,0
112MSYWD,_DSC8053,640,0.004,70.0,2.8,14.2,142.2,0,0
112MSYWD,_DSC8054,640,0.004,70.0,2.8,15.1,138.1,0,0
112MSYWD,_DSC8055,640,0.004,70.0,2.8,15.2,137.5,0,0
112MSYWD,_DSC8056,640,0.004,70.0,2.8,14.4,141.7,0,0
112MSYWD,_DSC8057,900,0.004,70.0,2.8,18.9,139.4,0,0
112MSYWD,_DSC8058,900,0.004,70.0,2.8,19.1,139.5,0,0
112MSYWD,_DSC8059,900,0.004,70.0,2.8,19.3,139.2,0,0
112MSYWD,_DSC8060,900,0.004,70.0,2.8,19.0,139.9,0,0
112MSYWD,_DSC8061,3200,0.04,70.0,2.8,23.7,132.7,0,0
112MSYWD,_DSC8062,3200,0.04,70.0,2.8,17.7,137.8,0,0
112MSYWD,_DSC8063,3200,0.04,70.0,2.8,15.5,128.1,0,0
112MSYWD,_DSC8064,3200,0.05,70.0,2.8,17.5,138.9,0,0
112MSYWD,_DSC8065,3200,0.05,70.0,2.8,15.1,140.5,0,0
112MSYWD,_DSC8066,3200,0.04,70.0,2.8,15.8,123.2,0,0
112MSYWD,_DSC8067,3200,0.04,70.0,2.8,26.9,128.2,0,0
112MSYWD,_DSC8068,3200,0.04,70.0,2.8,16.3,124.8,0,0
112MSYWD,_DSC8069,3200,0.04,70.0,2.8,20.8,123.2,0,0
112MSYWD,_DSC8070,3200,0.04,70.0,2.8,23.1,118.0,0,0
112MSYWD,_DSC8071,3200,0.05,70.0,2.8,20.4,134.4,0,0
112MSYWD,_DSC8072,3200,0.05,70.0,2.8,15.6,133.7,0,0
112MSYWD,_DSC8073,3200,0.05,70.0,2.8,16.0,128.4,0,0
112MSYWD,_DSC8074,3200,0.05,70.0,2.8,14.0,131.2,0,0
112MSYWD,_DSC8075,2200,0.004,70.0,2.8,34.1,158.5,0,0
112MSYWD,_DSC8076,2200,0.004,70.0,2.8,41.2,132.9,0,0
112MSYWD,_DSC8077,2200,0.004,70.0,2.8,37.5,115.1,0,0
112MSYWD,_DSC8078,100,0.004,70.0,2.8,22.0,125.9,0,0
112MSYWD,_DSC8079,100,0.004,70.0,2.8,21.7,126.6,0,0
112MSYWD,_DSC8080,100,0.004,70.0,2.8,16.9,125.3,0,0
112MSYWD,_DSC8081,160,0.004,70.0,2.8,15.6,120.2,0,0
112MSYWD,_DSC8082,160,0.004,70.0,2.8,15.7,121.0,0,0
112MSYWD,_DSC8083,160,0.004,70.0,2.8,15.7,119.8,0,0
112MSYWD,_DSC8084,100,0.004,70.0,2.8,49.5,118.4,0,0
112MSYWD,_DSC8085,280,0.004,70.0,2.8,61.9,127.7,0,0
112MSYWD,_DSC8086,320,0.004,70.0,2.8,77.3,118.8,0,0
112MSYWD,_DSC8087,320,0.004,70.0,2.8,476.9,120.9,0,0
112MSYWD,_DSC8088,500,0.004,70.0,2.8,408.1,117.3,0,0
112MSYWD,_DSC8089,500,0.004,70.0,2.8,421.1,134.7,0,0
112MSYWD,_DSC8090,320,0.004,70.0,2.8,535.2,101.2,0,0
112MSYWD,_DSC8091,280,0.004,70.0,2.8,274.3,100.2,0,0
112MSYWD,_DSC8092,320,0.004,70.0,2.8,664.7,108.2,0,0
112MSYWD,_DSC8093,320,0.004,70.0,2.8,619.9,106.9,0,0
112MSYWD,_DSC8094,320,0.004,70.0,2.8,600.8,105.8,0,0
112MSYWD,_DSC8095,320,0.004,70.0,2.8,594.8,104.8,0,0
112MSYWD,_DSC8096,320,0.004,70.0,2.8,610.5,105.2,0,0
112MSYWD,_DSC8097,320,0.004,70.0,2.8,551.7,105.3,0,0
112MSYWD,_DSC8098,320,0.004,70.0,2.8,581.6,105.7,0,0
112MSYWD,_DSC8099,320,0.004,70.0,2.8,596.5,107.3,0,0
112MSYWD,_DSC8100,320,0.004,70.0,2.8,582.1,104.8,0,0
112MSYWD,_DSC8101,320,0.004,70.0,2.8,541.7,102.7,0,0
112MSYWD,_DSC8102,320,0.004,70.0,2.8,581.6,103.4,0,0
112MSYWD,_DSC8103,220,0.004,70.0,2.8,521.3,100.7,0,0
112MSYWD,_DSC8104,220,0.004,70.0,2.8,701.1,100.5,0,0
112MSYWD,_DSC8105,220,0.004,70.0,2.8,454.5,100.9,0,0
112MSYWD,_DSC8106,250,0.004,70.0,2.8,507.3,108.3,0,0
112MSYWD,_DSC8107,250,0.004,70.0,2.8,162.4,113.8,0,0
112MSYWD,_DSC8108,200,0.004,70.0,2.8,229.6,77.5,0,0
112MSYWD,_DSC8109,200,0.004,70.0,2.8,237.5,80.1,0,0
112MSYWD,_DSC8110,200,0.004,70.0,2.8,116.4,74.7,0,0
112MSYWD,_DSC8111,160,0.004,70.0,2.8,115.9,73.9,0,0
112MSYWD,_DSC8112,160,0.004,70.0,2.8,110.3,71.1,0,0
112MSYWD,_DSC8113,140,0.004,70.0,2.8,33.8,73.1,0,0
112MSYWD,_DSC8114,360,0.004,70.0,2.8,71.7,128.0,0,0
112MSYWD,_DSC8115,280,0.004,70.0,2.8,124.7,123.4,0,0
112MSYWD,_DSC8116,360,0.004,70.0,2.8,173.6,127.4,0,0
112MSYWD,_DSC8117,360,0.004,70.0,2.8,77.2,124.5,0,0
112MSYWD,_DSC8118,360,0.004,70.0,2.8,94.5,122.5,0,0
112MSYWD,_DSC8119,450,0.004,70.0,2.8,71.9,150.3,0,0
112MSYWD,_DSC8120,250,0.004,70.0,2.8,131.5,112.0,0,0
112MSYWD,_DSC8121,250,0.004,70.0,2.8,101.3,115.2,0,0
112MSYWD,_DSC8122,250,0.004,70.0,2.8,187.0,112.7,0,0
112MSYWD,_DSC8123,250,0.004,70.0,2.8,181.8,109.7,0,0
112MSYWD,_DSC8124,250,0.004,70.0,2.8,151.2,108.4,0,0
112MSYWD,_DSC8125,250,0.004,70.0,2.8,164.4,107.5,0,0
112MSYWD,_DSC8126,250,0.004,70.0,2.8,146.0,107.8,0,0
112MSYWD,_DSC8127,250,0.004,70.0,2.8,130.5,108.2,0,0
112MSYWD,_DSC8128,360,0.004,70.0,2.8,145.2,131.0,0,0
112MSYWD,_DSC8129,360,0.004,70.0,2.8,174.5,131.2,0,0
112MSYWD,_DSC8130,360,0.004,70.0,2.8,179.0,129.2,0,0
112MSYWD,_DSC8131,125,0.004,70.0,2.8,17.4,129.2,0,0
112MSYWD,_DSC8132,125,0.004,70.0,2.8,6.2,133.4,0,0
112MSYWD,_DSC8133,110,0.004,70.0,2.8,40.6,122.7,0,0
112MSYWD,_DSC8134,110,0.004,70.0,2.8,44.5,123.1,0,0
112MSYWD,_DSC8135,110,0.004,70.0,2.8,43.9,122.9,0,0
112MSYWD,_DSC8136,110,0.004,70.0,2.8,30.7,123.7,0,0
112MSYWD,_DSC8137,110,0.004,70.0,2.8,15.3,129.9,0,0
112MSYWD,_DSC8138,110,0.004,70.0,2.8,15.5,124.5,0,0
112MSYWD,_DSC8139,110,0.004,70.0,2.8,12.1,118.2,0,0
112MSYWD,_DSC8140,110,0.004,70.0,2.8,14.4,126.1,0,0
112MSYWD,_DSC8141,110,0.004,70.0,2.8,17.3,150.0,0,0
112MSYWD,_DSC8142,110,0.004,70.0,2.8,11.9,118.1,0,0
112MSYWD,_DSC8143,450,0.004,70.0,2.8,82.3,120.4,0,0
112MSYWD,_DSC8144,450,0.004,70.0,2.8,87.7,120.7,0,0
112MSYWD,_DSC8145,450,0.004,70.0,2.8,72.2,119.5,0,0
112MSYWD,_DSC8146,450,0.004,70.0,2.8,96.9,119.7,0,0
112MSYWD,_DSC8147,450,0.004,70.0,2.8,49.5,121.7,0,0
112MSYWD,_DSC8148,560,0.004,70.0,2.8,21.3,134.0,0,0
112MSYWD,_DSC8149,500,0.004,70.0,2.8,15.7,137.9,0,0
112MSYWD,_DSC8150,500,0.004,70.0,2.8,15.8,137.4,0,0
112MSYWD,_DSC8151,500,0.004,70.0,2.8,15.7,136.4,0,0
112MSYWD,_DSC8152,500,0.004,70.0,2.8,15.8,136.2,0,0
113NOV24,_DSC9651,500,0.004,240.0,20.0,18.3,131.0,0,0
113NOV24,_DSC9652,500,0.004,240.0,20.0,21.5,131.3,0,0
113NOV24,_DSC9653,900,0.004,240.0,20.0,47.5,144.2,0,0
113NOV24,_DSC9654,450,0.004,240.0,20.0,42.0,115.7,0,0
113NOV24,_DSC9655,1800,0.004,240.0,20.0,59.6,128.6,0,0
113NOV24,_DSC9656,1100,0.004,240.0,20.0,31.9,111.9,0,0
113NOV24,_DSC9657,1800,0.004,240.0,20.0,57.0,131.2,0,0
113NOV24,_DSC9658,2800,0.004,240.0,20.0,107.7,130.2,0,0
113NOV24,_DSC9659,2500,0.004,240.0,20.0,89.0,135.3,0,0
113NOV24,_DSC9660,2500,0.004,240.0,20.0,139.3,131.4,0,0
113NOV24,_DSC9661,900,0.004,240.0,20.0,103.8,148.8,0,0
113NOV24,_DSC9662,800,0.004,240.0,20.0,49.8,150.3,0,0
113NOV24,_DSC9663,500,0.004,240.0,20.0,13.0,152.0,0,0
113NOV24,_DSC9664,500,0.004,240.0,20.0,131.0,124.7,0,0
113NOV24,_DSC9665,500,0.004,240.0,20.0,74.3,124.6,0,0
113NOV24,_DSC9666,640,0.004,240.0,20.0,42.8,138.2,0,0
113NOV24,_DSC9667,640,0.004,240.0,20.0,63.5,132.7,0,0
113NOV24,_DSC9668,1100,0.004,75.0,20.0,162.3,144.6,0,0
113NOV24,_DSC9669,1250,0.004,92.0,20.0,318.8,150.6,0,0
113NOV24,_DSC9670,1400,0.004,92.0,20.0,299.9,151.3,0,0
113NOV24,_DSC9671,1250,0.004,92.0,20.0,287.1,143.6,0,0
113NOV24,_DSC9672,640,0.004,75.0,20.0,99.6,142.3,0,0
113NOV24,_DSC9673,500,0.004,210.0,20.0,126.9,134.2,0,0
113NOV24,_DSC9674,400,0.004,210.0,20.0,105.1,130.0,0,0
113NOV24,_DSC9675,450,0.004,210.0,20.0,121.6,132.2,0,0
113NOV24,_DSC9676,560,0.004,210.0,20.0,69.3,144.8,0,0
113NOV24,_DSC9677,640,0.004,220.0,20.0,324.9,135.4,0,0
113NOV24,_DSC9678,400,0.004,75.0,20.0,367.5,179.0,0,0
113NOV24,_DSC9679,250,0.004,80.0,20.0,752.5,158.1,0,0
113NOV24,_DSC9680,320,0.004,75.0,20.0,461.1,161.8,0,0
113NOV24,_DSC9681,320,0.004,75.0,20.0,505.3,165.2,0,0
113NOV24,_DSC9682,360,0.004,80.0,20.0,493.3,177.0,0,0
113NOV24,_DSC9683,640,0.004,240.0,20.0,442.6,132.0,0,0
113NOV24,_DSC9684,720,0.004,240.0,20.0,479.5,135.6,0,0
113NOV24,_DSC9685,640,0.004,240.0,20.0,507.9,128.2,0,0
113NOV24,_DSC9686,720,0.004,240.0,20.0,586.4,138.5,0,0
113NOV24,_DSC9687,100,0.0025,240.0,5.6,455.0,109.7,0,0
113NOV24,_DSC9688,100,0.0025,240.0,5.6,447.7,109.3,0,0
113NOV24,_DSC9689,100,0.0025,240.0,5.6,276.1,118.5,0,0
113NOV24,_DSC9690,100,0.0025,240.0,5.6,366.8,112.6,0,0
113NOV24,_DSC9691,100,0.003125,240.0,5.6,428.4,123.7,0,0
113NOV24,_DSC9692,100,0.003125,240.0,5.6,312.7,128.0,0,0
113NOV24,_DSC9693,100,0.003125,240.0,5.6,428.8,120.6,0,0
113NOV24,_DSC9694,1800,0.004,220.0,40.0,1181.6,123.2,0,0
113NOV24,_DSC9695,2200,0.004,220.0,40.0,278.0,124.9,0,0
113NOV24,_DSC9696,2000,0.004,220.0,40.0,686.2,120.6,0,0
113NOV24,_DSC9697,2800,0.004,220.0,40.0,748.2,142.3,0,0
113NOV24,_DSC9698,3200,0.004,220.0,40.0,760.2,146.7,0,0
113NOV24,_DSC9699,180,0.004,200.0,11.0,207.7,151.9,0,0
113NOV24,_DSC9700,160,0.004,200.0,11.0,237.6,142.4,0,0
113NOV24,_DSC9701,200,0.004,200.0,11.0,226.7,152.0,0,0
113NOV24,_DSC9702,220,0.004,190.0,11.0,282.0,163.0,0,0
113NOV24,_DSC9703,180,0.004,200.0,11.0,226.2,152.3,0,0
113NOV24,_DSC9704,200,0.004,190.0,11.0,264.2,155.2,0,0
113NOV24,_DSC9705,160,0.004,200.0,11.0,169.7,146.0,0,0
113NOV24,_DSC9706,160,0.004,200.0,11.0,210.9,144.8,0,0
113NOV24,_DSC9707,180,0.004,200.0,11.0,210.9,148.5,0,0
113NOV24,_DSC9708,160,0.004,200.0,11.0,182.4,146.9,0,0
113NOV24,_DSC9709,160,0.004,190.0,11.0,177.5,148.7,0,0
113NOV24,_DSC9710,200,0.004,200.0,11.0,218.4,159.3,0,0
113NOV24,_DSC9711,200,0.004,200.0,11.0,236.1,156.3,0,0
113NOV24,_DSC9712,200,0.004,210.0,11.0,127.8,130.1,0,0
113NOV24,_DSC9713,220,0.004,210.0,11.0,151.0,142.4,0,0
113NOV24,_DSC9714,100,0.004,75.0,11.0,457.7,168.5,0,0
113NOV24,_DSC9715,100,0.0025,75.0,11.0,470.3,160.1,0,0
113NOV24,_DSC9716,100,0.004,75.0,11.0,345.5,161.9,0,0
113NOV24,_DSC9717,160,0.004,80.0,11.0,354.3,179.9,0,0
113NOV24,_DSC9718,110,0.004,80.0,11.0,231.1,163.6,0,0
113NOV24,_DSC9719,110,0.004,80.0,11.0,212.0,166.2,0,0
113NOV24,_DSC9720,125,0.004,80.0,11.0,280.9,166.2,0,0
113NOV24,_DSC9721,140,0.004,75.0,11.0,338.0,140.6,0,0
113NOV24,_DSC9722,140,0.004,75.0,11.0,363.5,140.1,0,0
113NOV24,_DSC9723,250,0.004,75.0,11.0,362.7,128.9,0,0
113NOV24,_DSC9724,250,0.004,75.0,11.0,476.8,128.0,0,0
113NOV24,_DSC9725,220,0.004,75.0,11.0,192.6,135.7,0,0
113NOV24,_DSC9726,200,0.004,75.0,11.0,126.6,141.9,0,0
113NOV24,_DSC9727,250,0.004,75.0,11.0,325.7,144.8,0,0
113NOV24,_DSC9728,180,0.004,75.0,11.0,171.1,136.3,0,0
113NOV24,_DSC9729,160,0.004,75.0,11.0,569.9,156.2,0,0
113NOV24,_DSC9730,180,0.004,75.0,11.0,499.5,160.3,0,0
113NOV24,_DSC9731,180,0.004,75.0,11.0,376.3,157.0,0,0
113NOV24,_DSC9732,140,0.004,75.0,11.0,270.1,159.5,0,0
113NOV24,_DSC9733,140,0.004,75.0,11.0,439.0,151.9,0,0
113NOV24,_DSC9734,180,0.004,75.0,11.0,225.3,162.9,0,0
113NOV24,_DSC9735,160,0.004,75.0,11.0,444.0,154.9,0,0
113NOV24,_DSC9736,125,0.004,75.0,11.0,298.8,149.3,0,0
113NOV24,_DSC9737,140,0.004,75.0,11.0,864.0,169.1,0,0
113NOV24,_DSC9738,250,0.004,240.0,11.0,49.9,139.4,0,0
113NOV24,_DSC9739,280,0.004,240.0,11.0,76.5,144.2,0,0
113NOV24,_DSC9740,220,0.004,240.0,11.0,32.3,166.0,0,0
113NOV24,_DSC9741,250,0.004,240.0,11.0,88.2,135.7,0,0
113NOV24,_DSC9742,280,0.004,240.0,11.0,115.6,130.8,0,0
113NOV24,_DSC9743,320,0.004,240.0,11.0,82.0,146.8,0,0
113NOV24,_DSC9744,100,0.003125,240.0,11.0,162.4,130.5,0,0
113NOV24,_DSC9745,125,0.004,240.0,11.0,208.1,148.5,0,0
113NOV24,_DSC9746,140,0.004,240.0,11.0,256.5,150.8,0,0
113NOV24,_DSC9747,110,0.004,155.0,11.0,32.3,152.3,0,0
113NOV24,_DSC9748,110,0.004,155.0,11.0,38.1,152.1,0,0
113NOV24,_DSC9749,220,0.004,122.0,11.0,71.6,152.5,0,0
113NOV24,_DSC9750,220,0.004,122.0,11.0,75.2,153.8,0,0
113NOV24,_DSC9751,720,0.004,240.0,11.0,89.1,107.0,0,0
113NOV24,_DSC9752,720,0.004,240.0,11.0,86.5,106.9,0,0
113NOV24,_DSC9753,720,0.004,240.0,11.0,93.5,108.9,0,0
113NOV24,_DSC9754,720,0.004,240.0,11.0,221.6,105.0,0,0
113NOV24,_DSC9755,800,0.004,240.0,11.0,191.8,114.4,0,0
113NOV24,_DSC9756,800,0.004,240.0,11.0,188.6,113.4,0,0
113NOV24,_DSC9757,720,0.004,240.0,11.0,166.2,111.7,0,0
113NOV24,_DSC9758,720,0.004,240.0,11.0,172.6,109.3,0,0
113NOV24,_DSC9759,720,0.004,240.0,11.0,192.9,112.3,0,0
113NOV24,_DSC9760,720,0.004,240.0,11.0,110.4,110.1,0,0
113NOV24,_DSC9761,720,0.004,240.0,11.0,72.3,108.0,0,0
113NOV24,_DSC9762,800,0.004,240.0,11.0,23.7,108.4,0,0
113NOV24,_DSC9763,800,0.004,240.0,11.0,62.1,111.8,0,0
113NOV24,_DSC9764,800,0.004,240.0,11.0,72.3,108.9,0,0
113NOV24,_DSC9765,800,0.004,240.0,11.0,76.0,112.5,0,0
113NOV24,_DSC9766,800,0.004,240.0,11.0,62.5,113.7,0,0
113NOV24,_DSC9767,800,0.004,240.0,11.0,62.3,111.3,0,0
113NOV24,_DSC9768,900,0.004,240.0,11.0,206.1,110.1,0,0
113NOV24,_DSC9769,900,0.004,240.0,11.0,92.9,111.0,0,0
113NOV24,_DSC9770,900,0.004,240.0,11.0,157.0,110.4,0,0
113NOV24,_DSC9771,900,0.004,240.0,11.0,163.5,110.9,0,0
113NOV24,_DSC9772,900,0.004,240.0,11.0,120.5,111.0,0,0
113NOV24,_DSC9773,900,0.004,145.0,11.0,249.5,126.4,0,0
113NOV24,_DSC9774,900,0.004,145.0,11.0,167.3,124.5,0,0
113NOV24,_DSC9775,900,0.004,145.0,11.0,271.7,125.0,0,0
113NOV24,_DSC9776,900,0.004,145.0,11.0,246.5,127.9,0,0
113NOV24,_DSC9777,900,0.004,135.0,11.0,89.4,125.0,0,0
113NOV24,_DSC9778,900,0.004,135.0,11.0,91.9,123.7,0,0
113NOV24,_DSC9779,900,0.004,135.0,11.0,104.7,126.9,0,0
113NOV24,_DSC9780,900,0.004,122.0,11.0,144.3,124.9,0,0
113NOV24,_DSC9781,900,0.004,122.0,11.0,138.8,124.0,0,0
113NOV24,_DSC9782,900,0.004,122.0,11.0,139.0,124.4,0,0
113NOV24,_DSC9783,900,0.004,122.0,11.0,147.4,124.2,0,0
113NOV24,_DSC9784,450,0.004,122.0,11.0,30.3,128.3,0,0
113NOV24,_DSC9785,450,0.004,122.0,11.0,108.2,118.6,0,0
113NOV24,_DSC9786,450,0.004,122.0,11.0,109.9,121.1,0,0
113NOV24,_DSC9787,450,0.004,122.0,11.0,142.0,135.0,0,0
113NOV24,_DSC9788,450,0.004,122.0,11.0,153.8,137.2,0,0
113NOV24,_DSC9789,500,0.004,122.0,11.0,20.7,91.2,0,0
113NOV24,_DSC9790,500,0.004,122.0,11.0,31.3,84.5,0,0
113NOV24,_DSC9791,500,0.004,122.0,11.0,31.5,88.0,0,0
113NOV24,_DSC9792,500,0.004,122.0,11.0,31.3,88.2,0,0
113NOV24,_DSC9793,900,0.004,135.0,11.0,73.6,126.6,0,0
113NOV24,_DSC9794,900,0.004,135.0,11.0,73.8,127.2,0,0
113NOV24,_DSC9795,900,0.004,135.0,11.0,102.8,122.9,0,0
113NOV24,_DSC9796,900,0.004,135.0,11.0,110.5,122.5,0,0
113NOV24,_DSC9797,900,0.004,135.0,11.0,248.7,125.9,0,0
113NOV24,_DSC9798,900,0.004,135.0,11.0,274.6,123.8,0,0
113NOV24,_DSC9799,900,0.004,135.0,11.0,301.1,123.8,0,0
113NOV24,_DSC9800,1000,0.004,240.0,11.0,43.0,128.3,0,0
113NOV24,_DSC9801,1000,0.004,240.0,11.0,72.0,128.8,0,0
113NOV24,_DSC9802,800,0.004,240.0,11.0,54.2,118.1,0,0
113NOV24,_DSC9803,800,0.004,240.0,11.0,41.4,116.6,0,0
113NOV24,_DSC9804,720,0.004,240.0,11.0,154.9,113.5,0,0
113NOV24,_DSC9805,720,0.004,240.0,11.0,135.0,113.4,0,0
113NOV24,_DSC9806,900,0.004,240.0,11.0,164.8,128.4,0,0
113NOV24,_DSC9807,900,0.004,240.0,11.0,65.7,125.0,0,0
113NOV24,_DSC9808,900,0.004,240.0,11.0,82.6,124.5,0,0
113NOV24,_DSC9809,900,0.004,240.0,11.0,180.5,121.7,0,0
113NOV24,_DSC9810,900,0.004,240.0,11.0,232.3,122.1,0,0
113NOV24,_DSC9811,900,0.004,240.0,11.0,208.7,121.0,0,0
113NOV24,_DSC9812,400,0.004,240.0,11.0,111.1,102.4,0,0
113NOV24,_DSC9813,400,0.004,240.0,11.0,143.4,102.9,0,0
113NOV24,_DSC9814,320,0.004,240.0,11.0,30.2,94.9,0,0
113NOV24,_DSC9815,320,0.004,240.0,11.0,29.7,90.1,0,0
113NOV24,_DSC9816,360,0.004,240.0,11.0,61.1,97.0,0,0
113NOV24,_DSC9817,320,0.004,240.0,11.0,41.7,93.2,0,0
113NOV24,_DSC9818,320,0.004,240.0,11.0,56.4,93.5,0,0
113NOV24,_DSC9819,320,0.004,240.0,11.0,93.8,92.0,0,0
113NOV24,_DSC9820,320,0.004,240.0,11.0,88.7,92.3,0,0
113NOV24,_DSC9821,320,0.004,240.0,11.0,89.5,93.1,0,0
113NOV24,_DSC9822,320,0.004,240.0,11.0,86.2,94.9,0,0
113NOV24,_DSC9823,320,0.004,240.0,11.0,76.7,94.1,0,0
113NOV24,_DSC9824,320,0.004,240.0,11.0,91.7,93.5,0,0
113NOV24,_DSC9825,320,0.004,240.0,11.0,99.0,93.1,0,0
113NOV24,_DSC9826,320,0.004,240.0,11.0,192.3,95.8,0,0
113NOV24,_DSC9827,320,0.004,240.0,11.0,241.8,95.0,0,0
113NOV24,_DSC9828,320,0.004,240.0,11.0,105.1,94.1,0,0
113NOV24,_DSC9829,320,0.004,240.0,11.0,311.4,90.3,0,0
113NOV24,_DSC9830,320,0.004,240.0,11.0,277.4,90.2,0,0
113NOV24,_DSC9831,320,0.004,240.0,11.0,356.7,90.7,0,0
113NOV24,_DSC9832,320,0.004,240.0,11.0,331.9,89.1,0,0
113NOV24,_DSC9833,320,0.004,240.0,11.0,285.7,89.5,0,0
113NOV24,_DSC9834,320,0.004,240.0,11.0,125.8,88.3,0,0
113NOV24,_DSC9835,320,0.004,240.0,11.0,106.7,92.5,0,0
113NOV24,_DSC9836,320,0.004,240.0,11.0,46.4,93.3,0,0
113NOV24,_DSC9837,320,0.004,240.0,11.0,47.3,94.1,0,0
113NOV24,_DSC9838,320,0.004,240.0,11.0,27.9,92.2,0,0
113NOV24,_DSC9839,320,0.004,240.0,11.0,24.3,92.9,0,0
113NOV24,_DSC9840,900,0.004,240.0,11.0,70.8,87.6,0,0
113NOV24,_DSC9841,900,0.004,240.0,11.0,141.2,80.5,0,0
113NOV24,_DSC9842,900,0.004,240.0,11.0,57.0,96.8,0,0
113NOV24,_DSC9843,900,0.004,240.0,11.0,61.5,95.0,0,0
113NOV24,_DSC9844,900,0.004,240.0,11.0,114.7,101.9,0,0
113NOV24,_DSC9845,900,0.004,240.0,11.0,173.9,98.0,0,0
113NOV24,_DSC9846,800,0.004,240.0,11.0,533.9,89.7,0,0
113NOV24,_DSC9847,800,0.004,240.0,11.0,383.3,88.2,0,0
113NOV24,_DSC9848,800,0.004,240.0,11.0,452.3,87.7,0,0
113NOV24,_DSC9849,800,0.004,240.0,11.0,470.4,88.5,0,0
113NOV24,_DSC9850,800,0.004,240.0,11.0,518.5,88.3,0,0
113NOV24,_DSC9851,220,0.004,240.0,5.6,11.1,93.5,0,0
113NOV24,_DSC9852,220,0.004,240.0,5.6,28.0,68.7,0,0
113NOV24,_DSC9853,220,0.004,240.0,5.6,38.9,70.8,0,0
113NOV24,_DSC9854,220,0.004,240.0,5.6,31.1,71.8,0,0
113NOV24,_DSC9855,220,0.004,240.0,5.6,24.7,70.4,0,0
113NOV24,_DSC9856,250,0.004,240.0,5.6,17.5,86.8,0,0
113NOV24,_DSC9857,250,0.004,240.0,5.6,277.7,76.0,0,0
113NOV24,_DSC9858,250,0.004,240.0,5.6,198.8,78.6,0,0
113NOV24,_DSC9859,250,0.004,240.0,5.6,189.1,78.3,0,0
113NOV24,_DSC9860,250,0.004,240.0,5.6,96.6,79.4,0,0
113NOV24,_DSC9861,100,0.003125,240.0,5.6,35.3,75.9,0,0
113NOV24,_DSC9862,100,0.003125,240.0,5.6,27.8,73.8,0,0
113NOV24,_DSC9863,100,0.003125,240.0,5.6,33.8,72.1,0,0
113NOV24,_DSC9864,100,0.003125,240.0,5.6,35.6,70.6,0,0
113NOV24,_DSC9865,100,0.003125,240.0,5.6,35.3,71.7,0,0
113NOV24,_DSC9866,100,0.003125,240.0,5.6,37.5,73.5,0,0
113NOV24,_DSC9867,100,0.003125,240.0,5.6,35.9,72.9,0,0
113NOV24,_DSC9868,100,0.003125,240.0,5.6,11.2,72.0,0,0
113NOV24,_DSC9869,250,0.004,240.0,5.6,152.9,84.7,0,0
113NOV24,_DSC9870,250,0.004,240.0,5.6,214.2,74.9,0,0
113NOV24,_DSC9871,250,0.004,240.0,5.6,197.6,77.4,0,0
113NOV24,_DSC9872,250,0.004,240.0,5.6,114.9,77.5,0,0
113NOV24,_DSC9873,220,0.004,240.0,5.6,98.7,91.4,0,0
113NOV24,_DSC9874,220,0.004,240.0,5.6,112.9,91.4,0,0
113NOV24,_DSC9875,220,0.004,240.0,5.6,93.2,93.2,0,0
113NOV24,_DSC9876,220,0.004,240.0,5.6,123.6,93.6,0,0
113NOV24,_DSC9877,220,0.004,240.0,5.6,81.9,94.9,0,0
113NOV24,_DSC9878,220,0.004,220.0,5.6,28.5,83.1,0,0
113NOV24,_DSC9879,220,0.004,220.0,5.6,24.0,86.3,0,0
113NOV24,_DSC9880,220,0.004,220.0,5.6,50.3,71.1,0,0
113NOV24,_DSC9881,220,0.004,220.0,5.6,43.9,74.3,0,0
113NOV24,_DSC9882,220,0.004,220.0,5.6,33.2,79.5,0,0
113NOV24,_DSC9883,220,0.004,220.0,5.6,28.9,80.3,0,0
113NOV24,_DSC9884,220,0.004,220.0,5.6,16.0,80.4,0,0
113NOV24,_DSC9885,220,0.004,240.0,5.6,29.4,105.8,0,0
113NOV24,_DSC9886,220,0.004,240.0,5.6,33.3,112.2,0,0
113NOV24,_DSC9887,220,0.004,240.0,5.6,32.7,113.2,0,0
113NOV24,_DSC9888,220,0.004,240.0,5.6,29.1,113.2,0,0
113NOV24,_DSC9889,220,0.004,240.0,5.6,25.5,112.1,0,0
113NOV24,_DSC9890,220,0.004,240.0,5.6,27.9,113.7,0,0
113NOV24,_DSC9891,220,0.004,240.0,5.6,27.0,112.8,0,0
113NOV24,_DSC9892,220,0.004,240.0,5.6,32.5,109.1,0,0
113NOV24,_DSC9893,250,0.004,240.0,5.6,26.2,82.9,0,0
113NOV24,_DSC9894,250,0.004,240.0,5.6,25.5,82.7,0,0
113NOV24,_DSC9895,250,0.004,240.0,5.6,25.6,80.8,0,0
113NOV24,_DSC9896,250,0.004,240.0,5.6,25.0,82.1,0,0
113NOV24,_DSC9897,250,0.004,240.0,5.6,27.7,82.0,0,0
113NOV24,_DSC9898,250,0.004,240.0,5.6,26.8,81.4,0,0
113NOV24,_DSC9899,250,0.004,240.0,5.6,24.1,83.2,0,0
113NOV24,_DSC9900,250,0.004,240.0,5.6,17.5,83.2,0,0
113NOV24,_DSC9901,250,0.004,240.0,5.6,20.9,79.8,0,0
113NOV24,_DSC9902,100,0.0015625,105.0,5.6,50.5,154.5,0,0
113NOV24,_DSC9903,100,0.0015625,105.0,5.6,35.2,164.4,0,0
113NOV24,_DSC9904,1100,0.004,75.0,32.0,128.0,156.7,0,0
113NOV24,_DSC9905,1100,0.004,75.0,32.0,145.6,153.1,0,0
113NOV24,_DSC9906,3200,0.005,240.0,36.0,139.8,124.1,0,0
113NOV24,_DSC9907,3200,0.008,240.0,36.0,72.7,133.5,0,0
113NOV24,_DSC9908,3200,0.005,240.0,36.0,239.6,119.1,0,0
113NOV24,_DSC9909,3200,0.005,240.0,36.0,295.0,112.6,0,0
113NOV24,_DSC9910,3200,0.004,240.0,36.0,176.1,107.4,0,0
113NOV24,_DSC9911,1100,0.004,75.0,32.0,370.1,136.7,0,0
113NOV24,_DSC9912,2800,0.004,80.0,32.0,1404.7,152.9,0,0
113NOV24,_DSC9913,3200,0.004,80.0,32.0,1428.7,156.2,0,0
113NOV24,_DSC9914,3200,0.005,80.0,32.0,919.1,119.9,0,0
113NOV24,_DSC9915,1250,0.004,80.0,32.0,438.9,139.5,0,0
113NOV24,_DSC9916,2800,0.004,75.0,32.0,595.6,159.7,0,0
113NOV24,_DSC9917,2800,0.004,75.0,32.0,589.3,151.2,0,0
113NOV24,_DSC9918,2800,0.004,75.0,32.0,563.7,138.6,0,0
113NOV24,_DSC9919,2800,0.004,75.0,32.0,613.2,122.0,0,0
113NOV24,_DSC9920,3200,0.00625,75.0,32.0,642.0,145.2,0,0
113NOV24,_DSC9921,3200,0.00625,75.0,32.0,528.8,156.7,0,0
113NOV24,_DSC9922,3200,0.00625,75.0,32.0,631.1,162.3,0,0
113NOV24,_DSC9923,3200,0.005,75.0,32.0,432.2,114.1,0,0
113NOV24,_DSC9924,3200,0.005,75.0,32.0,487.8,116.3,0,0
113NOV24,_DSC9925,3200,0.005,75.0,32.0,388.4,149.1,0,0
113NOV24,_DSC9926,3200,0.005,75.0,32.0,377.0,134.2,0,0
113NOV24,_DSC9927,3200,0.005,75.0,32.0,377.7,146.9,0,0
113NOV24,_DSC9928,3200,0.00625,75.0,32.0,489.9,150.1,0,0
113NOV24,_DSC9929,3200,0.00625,75.0,32.0,447.8,147.9,0,0
113NOV24,_DSC9930,3200,0.005,75.0,32.0,451.9,127.2,0,0
113NOV24,_DSC9931,3200,0.005,75.0,32.0,508.4,127.6,0,0
113NOV24,_DSC9932,3200,0.005,75.0,32.0,502.7,124.4,0,0
113NOV24,_DSC9933,3200,0.01,75.0,32.0,569.4,140.3,0,0
113NOV24,_DSC9934,3200,0.01,75.0,32.0,600.7,135.6,0,0
113NOV24,_DSC9935,3200,0.008,75.0,32.0,562.8,140.6,0,0
113NOV24,_DSC9936,3200,0.008,75.0,32.0,547.4,141.1,0,0
113NOV24,_DSC9937,1000,0.004,92.0,32.0,64.0,137.4,0,0
113NOV24,_DSC9938,1000,0.004,92.0,32.0,28.0,135.1,0,0
113NOV24,_DSC9939,1000,0.004,85.0,32.0,34.0,149.8,0,0
113NOV24,_DSC9940,3200,0.005,240.0,36.0,1358.3,92.6,0,0
113NOV24,_DSC9941,3200,0.005,240.0,36.0,625.3,107.3,0,0
113NOV24,_DSC9942,3200,0.005,240.0,36.0,2234.3,100.5,0,0
113NOV24,_DSC9943,3200,0.005,240.0,36.0,2143.7,87.6,0,0
113NOV24,_DSC9944,3200,0.005,240.0,36.0,2177.1,89.0,0,0
113NOV24,_DSC9945,3200,0.00625,240.0,36.0,1046.4,102.1,0,0
113NOV24,_DSC9946,3200,0.00625,240.0,36.0,1373.3,107.8,0,0
113NOV24,_DSC9947,3200,0.00625,240.0,36.0,450.1,105.2,0,0
113NOV24,_DSC9948,3200,0.00625,240.0,36.0,981.7,86.4,0,0
113NOV24,_DSC9949,3200,0.00625,240.0,36.0,487.3,109.6,0,0
113NOV24,_DSC9950,3200,0.00625,240.0,36.0,1143.9,97.1,0,0
113NOV24,_DSC9951,3200,0.005,240.0,36.0,2218.3,103.7,0,0
113NOV24,_DSC9952,3200,0.00625,240.0,36.0,193.3,111.7,0,0
113NOV24,_DSC9953,3200,0.005,240.0,36.0,1506.1,97.7,0,0
113NOV24,_DSC9954,3200,0.005,240.0,36.0,662.1,96.1,0,0
113NOV24,_DSC9955,3200,0.005,240.0,36.0,1517.2,96.4,0,0
113NOV24,_DSC9956,3200,0.005,240.0,36.0,1209.5,98.8,0,0
113NOV24,_DSC9957,3200,0.005,240.0,36.0,879.2,98.6,0,0
113NOV24,_DSC9958,3200,0.005,240.0,36.0,1668.0,95.5,0,0
113NOV24,_DSC9959,3200,0.005,240.0,36.0,2205.0,97.0,0,0
113NOV24,_DSC9960,3200,0.00625,240.0,36.0,1848.6,97.8,0,0
113NOV24,_DSC9961,3200,0.00625,240.0,36.0,1795.5,93.1,0,0
113NOV24,_DSC9962,125,0.004,240.0,5.6,12.9,89.8,0,0
113NOV24,_DSC9963,140,0.004,240.0,5.6,92.8,90.3,0,0
113NOV24,_DSC9964,140,0.004,240.0,5.6,1949.4,80.5,0,0
113NOV24,_DSC9965,140,0.004,240.0,5.6,1916.4,85.5,0,0
113NOV24,_DSC9966,140,0.004,240.0,5.6,2721.4,95.5,0,0
113NOV24,_DSC9967,280,0.004,240.0,5.6,3027.0,116.4,0,0
113NOV24,_DSC9968,280,0.004,240.0,5.6,3186.8,129.1,0,0
113NOV24,_DSC9969,280,0.004,240.0,5.6,3267.3,128.0,0,0
113NOV24,_DSC9970,125,0.004,240.0,5.6,3222.5,84.6,0,0
113NOV24,_DSC9971,125,0.004,240.0,5.6,2862.0,91.3,0,0
113NOV24,_DSC9972,125,0.004,240.0,5.6,1264.8,88.6,0,0
113NOV24,_DSC9973,125,0.004,240.0,5.6,2643.4,93.8,0,0
113NOV24,_DSC9974,125,0.004,240.0,5.6,2562.9,83.8,0,0
113NOV24,_DSC9975,125,0.004,240.0,5.6,1736.9,82.8,0,0
113NOV24,_DSC9976,125,0.004,240.0,5.6,2210.6,88.9,0,0
113NOV24,_DSC9977,100,0.003125,170.0,5.6,363.4,77.5,0,0
113NOV24,_DSC9978,100,0.003125,240.0,5.6,107.2,70.3,0,0
113NOV24,_DSC9979,100,0.003125,240.0,5.6,141.4,71.8,0,0
113NOV24,_DSC9980,100,0.003125,240.0,5.6,92.7,71.6,0,0
113NOV24,_DSC9981,100,0.003125,240.0,5.6,118.7,66.2,0,0
113NOV24,_DSC9982,100,0.003125,240.0,5.6,173.2,67.7,0,0
113NOV24,_DSC9983,100,0.003125,240.0,5.6,173.2,67.5,0,0
113NOV24,_DSC9984,100,0.003125,240.0,5.6,191.5,67.3,0,0
113NOV24,_DSC9985,100,0.003125,240.0,5.6,221.8,68.8,0,0
113NOV24,_DSC9986,100,0.003125,240.0,5.6,145.4,67.5,0,0
113NOV24,_DSC9987,100,0.003125,240.0,5.6,110.1,66.2,0,0
114FERNH,_DSC0678,2000,0.004,75.0,5.0,271.0,141.0,0,0
114FERNH,_DSC0679,1100,0.004,75.0,4.5,384.2,100.2,0,0
114FERNH,_DSC0680,1800,0.004,75.0,4.5,116.4,142.3,0,0
114FERNH,_DSC0681,1250,0.004,75.0,4.5,164.2,109.7,0,0
114FERNH,_DSC0682,1100,0.004,240.0,5.6,25.2,100.8,0,0
114FERNH,_DSC0683,1000,0.004,240.0,5.6,23.2,93.5,0,0
114FERNH,_DSC0684,2500,0.004,240.0,5.6,30.0,107.5,0,0
114FERNH,_DSC0685,2200,0.004,80.0,4.5,102.1,123.4,0,0
114FERNH,_DSC0686,2200,0.004,80.0,4.5,68.0,123.9,0,0
114FERNH,_DSC0687,1250,0.004,200.0,5.3,44.4,124.6,0,0
114FERNH,_DSC0688,1250,0.004,200.0,5.3,203.2,121.3,0,0
114FERNH,_DSC0689,360,0.004,240.0,5.6,8.7,140.6,0,0
114FERNH,_DSC0690,1800,0.004,75.0,4.5,20.6,143.8,0,0
114FERNH,_DSC0691,1800,0.004,75.0,4.5,20.4,144.4,0,0
114FERNH,_DSC0692,1400,0.004,92.0,4.5,76.7,96.1,0,0
114FERNH,_DSC0693,900,0.004,240.0,5.6,27.8,101.9,0,0
114FERNH,_DSC0694,1100,0.004,240.0,5.6,30.6,109.0,0,0
114FERNH,_DSC0695,800,0.004,240.0,5.6,23.1,105.5,0,0
114FERNH,_DSC0696,800,0.004,240.0,5.6,23.7,102.4,0,0
114FERNH,_DSC0697,720,0.004,80.0,4.5,32.8,130.1,0,0
114FERNH,_DSC0698,720,0.004,98.0,4.8,153.0,116.0,0,0
114FERNH,_DSC0699,720,0.004,85.0,4.5,27.9,126.6,0,0
114FERNH,_DSC0700,640,0.004,105.0,4.8,20.2,122.2,0,0
114FERNH,_DSC0701,720,0.004,105.0,4.8,22.8,127.9,0,0
114FERNH,_DSC0702,560,0.004,92.0,4.5,26.1,121.3,0,0
114FERNH,_DSC0703,720,0.004,98.0,4.8,25.5,126.1,0,0
114FERNH,_DSC0704,560,0.004,116.0,4.8,125.4,111.8,0,0
114FERNH,_DSC0705,800,0.004,116.0,4.8,168.4,121.2,0,0
114FERNH,_DSC0706,800,0.004,116.0,4.8,152.5,122.2,0,0
114FERNH,_DSC0707,800,0.004,116.0,4.8,151.4,119.5,0,0
114FERNH,_DSC0708,800,0.004,116.0,4.8,157.1,120.8,0,0
114FERNH,_DSC0709,560,0.004,135.0,4.8,22.8,133.9,0,0
114FERNH,_DSC0710,560,0.004,135.0,4.8,25.4,134.1,0,0
114FERNH,_DSC0711,560,0.004,135.0,4.8,24.3,135.4,0,0
114FERNH,_DSC0712,1600,0.004,75.0,4.5,120.2,119.7,0,0
114FERNH,_DSC0713,1600,0.004,75.0,4.5,113.3,120.8,0,0
114FERNH,_DSC0714,720,0.004,75.0,4.5,135.8,106.6,0,0
114FERNH,_DSC0715,640,0.004,75.0,4.5,123.4,105.0,0,0
114FERNH,_DSC0716,640,0.004,75.0,4.5,124.8,104.1,0,0
114FERNH,_DSC0717,900,0.004,75.0,4.5,245.7,132.4,0,0
114FERNH,_DSC0718,900,0.004,75.0,4.5,198.0,117.9,0,0
114FERNH,_DSC0719,900,0.004,75.0,4.5,260.0,130.5,0,0
114FERNH,_DSC0720,1000,0.004,75.0,4.5,159.4,141.4,0,0
114FERNH,_DSC0721,140,0.004,75.0,4.5,15.6,122.4,0,0
114FERNH,_DSC0722,125,0.004,75.0,4.5,36.3,118.0,0,0
114FERNH,_DSC0723,180,0.004,180.0,5.0,6.9,125.8,0,0
114FERNH,_DSC0724,1000,0.004,75.0,4.5,47.4,125.7,0,0
114FERNH,_DSC0725,1000,0.004,92.0,4.5,335.9,113.0,0,0
114FERNH,_DSC0726,2800,0.004,220.0,5.6,74.4,63.7,0,0
114FERNH,_DSC0727,3200,0.00625,240.0,5.6,33.2,83.2,0,0
114FERNH,_DSC0728,3200,0.005,240.0,5.6,67.5,71.7,0,0
115GLEND,_DSC0867,,0.008,18.0,3.5,29.9,104.3,0,0
115GLEND,_DSC0868,,0.008,18.0,3.5,104.5,54.7,0,0
115GLEND,_DSC0869,,0.008,18.0,3.5,33.8,85.8,0,0
115GLEND,_DSC0870,,0.008,18.0,3.5,35.4,81.3,0,0
115GLEND,_DSC0871,,0.008,18.0,3.5,139.6,40.7,0,0
115GLEND,_DSC0872,,0.008,18.0,3.5,179.5,39.2,0,0
115GLEND,_DSC0873,100,0.1,46.0,25.0,111.9,120.1,0,0
115GLEND,_DSC0874,100,0.1,55.0,25.0,45.1,120.2,0,0
115GLEND,_DSC0875,100,0.04,330.0,25.0,28.9,134.2,0,0
115GLEND,_DSC0876,100,0.06666666666666667,18.0,22.0,235.1,108.4,0,0
115GLEND,_DSC0877,100,0.125,18.0,22.0,40.6,115.8,0,0
115GLEND,_DSC0878,100,0.07692307692307693,18.0,22.0,146.1,125.4,0,0
115GLEND,_DSC0879,100,0.07692307692307693,32.0,22.0,390.0,90.3,0,0
115GLEND,_DSC0880,100,0.1,29.0,22.0,201.5,114.1,0,0
115GLEND,_DSC0881,100,0.1,18.0,22.0,211.6,137.9,0,0
115GLEND,_DSC0882,100,0.06666666666666667,18.0,22.0,251.9,125.7,0,0
115GLEND,_DSC0883,100,0.06666666666666667,18.0,22.0,91.1,125.4,0,0
115GLEND,_DSC0884,100,0.06666666666666667,400.0,25.0,6.0,125.0,0,0
115GLEND,_DSC0885,100,0.05,400.0,25.0,13.5,114.3,0,0
115GLEND,_DSC0886,100,0.01,26.0,3.5,436.6,174.8,0,0
115GLEND,_DSC0887,100,0.01,26.0,3.5,1343.4,169.3,0,0
115GLEND,_DSC0888,100,0.01,400.0,6.3,105.6,140.9,0,0
115GLEND,_DSC0889,100,0.01,400.0,6.3,76.0,130.0,0,0
115GLEND,_DSC0890,100,0.01,400.0,6.3,110.0,127.7,0,0
115GLEND,_DSC0891,100,0.01,400.0,6.3,20.0,134.6,0,0
115GLEND,_DSC0892,100,0.01,400.0,6.3,13.1,141.6,0,0
115GLEND,_DSC0893,100,0.01,400.0,6.3,11.7,206.0,0,0
115GLEND,_DSC0894,100,0.01,400.0,6.3,24.1,181.3,0,0
115GLEND,_DSC0895,100,0.01,400.0,6.3,38.0,191.1,0,0
115GLEND,_DSC0896,100,0.01,23.0,3.5,547.8,176.3,0,0
115GLEND,_DSC0897,100,0.01,50.0,4.5,794.9,222.9,0,0
115GLEND,_DSC0898,100,0.01,50.0,4.5,891.3,219.6,0,0
115GLEND,_DSC0899,100,0.01,50.0,4.5,539.9,219.2,0,0
115GLEND,_DSC0900,100,0.01,400.0,6.3,57.7,165.0,0,0
115GLEND,_DSC0901,100,0.01,400.0,6.3,9.9,150.3,0,0
115GLEND,_DSC0902,100,0.01,58.0,4.5,724.8,219.9,0,0
115GLEND,_DSC0903,100,0.01,58.0,4.5,533.7,219.9,0,0
115GLEND,_DSC0904,100,0.01,55.0,4.5,275.5,231.5,0,0
115GLEND,_DSC0905,100,0.01,400.0,6.3,44.9,167.3,0,0
115GLEND,_DSC0906,100,0.01,400.0,6.3,6.8,181.2,0,0
115GLEND,_DSC0907,100,0.01,400.0,6.3,31.8,132.3,0,0
115GLEND,_DSC0908,100,0.01,400.0,6.3,13.6,145.4,0,0
115GLEND,_DSC0909,100,0.01,400.0,6.3,29.5,148.4,0,0
115GLEND,_DSC0910,100,0.01,400.0,6.3,12.5,188.7,0,0
115GLEND,_DSC0911,100,0.01,400.0,6.3,24.8,193.1,0,0
115GLEND,_DSC0912,100,0.01,400.0,6.3,23.7,190.5,0,0
115GLEND,_DSC0913,100,0.01,400.0,6.3,21.9,190.4,0,0
115GLEND,_DSC0914,100,0.01,400.0,6.3,26.3,188.2,0,0
115GLEND,_DSC0915,100,0.01,400.0,6.3,5.0,173.1,0,0
115GLEND,_DSC0916,100,0.01,400.0,6.3,4.2,169.3,0,0
115GLEND,_DSC0917,100,0.01,400.0,6.3,9.0,151.8,0,0
115GLEND,_DSC0918,100,0.01,400.0,6.3,5.1,168.4,0,0
115GLEND,_DSC0919,100,0.01,400.0,6.3,24.4,198.2,0,0
115GLEND,_DSC0920,100,0.01,400.0,6.3,22.7,201.9,0,0
115GLEND,_DSC0921,100,0.01,400.0,6.3,16.1,199.6,0,0
115GLEND,_DSC0922,100,0.01,400.0,6.3,13.6,204.8,0,0
115GLEND,_DSC0923,100,0.01,400.0,6.3,7.4,202.5,0,0
115GLEND,_DSC0924,100,0.01,400.0,6.3,34.1,199.2,0,0
115GLEND,_DSC0925,100,0.01,400.0,6.3,7.0,202.2,0,0
115GLEND,_DSC0926,100,0.01,400.0,6.3,4.3,207.6,0,0
115GLEND,_DSC0927,100,0.01,400.0,6.3,241.0,116.2,0,0
115GLEND,_DSC0928,100,0.01,92.0,5.0,638.3,141.6,0,0
115GLEND,_DSC0929,100,0.01,92.0,5.0,84.2,152.9,0,0
115GLEND,_DSC0930,100,0.01,92.0,5.0,339.2,174.6,0,0
115GLEND,_DSC0931,100,0.01,18.0,3.5,785.1,196.4,0,0
115GLEND,_DSC0932,100,0.01,18.0,3.5,724.6,199.8,0,0
115GLEND,_DSC0933,100,0.01,31.0,3.5,807.4,177.3,0,0
115GLEND,_DSC0934,125,0.01,18.0,3.5,1451.6,126.4,0,0
115GLEND,_DSC0935,125,0.01,18.0,3.5,1505.3,129.1,0,0
115GLEND,_DSC0936,125,0.01,18.0,3.5,2233.6,127.0,0,0
115GLEND,_DSC0937,110,0.01,24.0,3.5,1401.6,112.5,0,0
115GLEND,_DSC0938,110,0.01,24.0,3.5,1273.6,112.9,0,0
115GLEND,_DSC0939,125,0.01,24.0,3.5,1788.5,119.2,0,0
115GLEND,_DSC0940,100,0.01,18.0,3.5,1270.5,190.9,0,0
115GLEND,_DSC0941,100,0.01,18.0,3.5,1591.2,189.5,0,0
115GLEND,_DSC0942,100,0.01,18.0,3.5,2004.1,183.3,0,0
115GLEND,_DSC0943,100,0.01,18.0,3.5,1837.0,192.9,0,0
115GLEND,_DSC0944,100,0.01,29.0,3.5,1996.7,188.6,0,0
115GLEND,_DSC0945,100,0.01,32.0,3.5,1606.7,194.2,0,0
115GLEND,_DSC0946,100,0.01,35.0,4.0,1911.9,187.6,0,0
115GLEND,_DSC0947,100,0.01,400.0,6.3,7.3,181.8,0,0
115GLEND,_DSC0948,100,0.01,400.0,6.3,4.6,194.2,0,0
115GLEND,_DSC0949,100,0.01,400.0,6.3,3.6,205.2,0,0
115GLEND,_DSC0950,100,0.01,400.0,6.3,5.7,195.8,0,0
115GLEND,_DSC0951,100,0.01,400.0,6.3,15.2,182.2,0,0
115GLEND,_DSC0952,100,0.01,400.0,6.3,7.1,175.1,0,0
115GLEND,_DSC0953,100,0.01,400.0,6.3,14.6,169.2,0,0
115GLEND,_DSC0954,100,0.01,400.0,6.3,11.6,175.5,0,0
115GLEND,_DSC0955,100,0.01,400.0,6.3,6.5,184.7,0,0
115GLEND,_DSC0956,100,0.01,400.0,6.3,10.7,171.2,0,0
115GLEND,_DSC0957,100,0.01,400.0,6.3,8.5,175.5,0,0
115GLEND,_DSC0958,100,0.01,400.0,6.3,7.1,183.5,0,0
115GLEND,_DSC0959,100,0.004,400.0,6.3,39.5,112.1,0,0
115GLEND,_DSC0960,100,0.003125,400.0,6.3,20.4,108.4,0,0
115GLEND,_DSC0961,100,0.004,400.0,6.3,20.4,110.6,0,0
115GLEND,_DSC0962,100,0.004,400.0,6.3,62.1,109.9,0,0
115GLEND,_DSC0963,100,0.004,400.0,6.3,38.4,115.2,0,0
115GLEND,_DSC0964,100,0.004,400.0,6.3,29.4,109.2,0,0
115GLEND,_DSC0965,100,0.004,400.0,6.3,16.5,106.3,0,0
115GLEND,_DSC0966,100,0.005,400.0,6.3,16.5,120.9,0,0
115GLEND,_DSC0967,100,0.003125,400.0,6.3,41.1,104.5,0,0
115GLEND,_DSC0968,100,0.004,400.0,6.3,22.0,114.8,0,0
115GLEND,_DSC0969,100,0.0025,400.0,6.3,52.1,122.1,0,0
115GLEND,_DSC0970,100,0.0025,400.0,6.3,17.9,118.2,0,0
115GLEND,_DSC0971,100,0.004,100.0,6.3,274.7,73.6,0,0
115GLEND,_DSC0972,100,0.01,400.0,6.3,13.8,149.3,0,0
115GLEND,_DSC0973,100,0.01,86.0,6.3,99.1,209.9,0,0
115GLEND,_DSC0974,100,0.01,400.0,6.3,62.7,186.3,0,0
115GLEND,_DSC0975,100,0.01,400.0,6.3,44.0,204.9,0,0
115GLEND,_DSC0976,100,0.01,100.0,6.3,228.9,222.7,0,0
115GLEND,_DSC0977,100,0.01,200.0,6.3,80.0,218.0,0,0
115GLEND,_DSC0978,100,0.01,200.0,6.3,46.7,227.7,0,0
115GLEND,_DSC0979,100,0.01,400.0,6.3,11.1,216.2,0,0
115GLEND,_DSC0980,100,0.01,18.0,6.3,1580.9,225.4,0,0
115GLEND,_DSC0981,100,0.01,18.0,6.3,470.7,222.3,0,0
115GLEND,_DSC0982,100,0.01,18.0,6.3,2204.7,219.4,0,0
115GLEND,_DSC0983,100,0.01,18.0,6.3,894.3,216.0,0,0
115GLEND,_DSC0984,100,0.01,40.0,6.3,2110.2,220.5,0,0
115GLEND,_DSC0985,100,0.01,40.0,6.3,471.4,225.6,0,0
115GLEND,_DSC0986,100,0.01,40.0,6.3,599.1,224.3,0,0
115GLEND,_DSC0987,100,0.01,40.0,6.3,2785.2,214.0,0,0
115GLEND,_DSC0988,100,0.01,80.0,6.3,663.5,227.8,0,0
115GLEND,_DSC0989,100,0.01,80.0,6.3,1680.0,215.1,0,0
115GLEND,_DSC0990,100,0.01,80.0,6.3,1047.4,226.4,0,0
115GLEND,_DSC0991,100,0.01,170.0,6.3,114.6,229.7,0,0
115GLEND,_DSC0992,100,0.01,170.0,6.3,74.8,234.0,0,0
115GLEND,_DSC0993,100,0.01,170.0,6.3,19.0,242.0,0,0
115GLEND,_DSC0994,100,0.01,400.0,6.3,7.5,235.5,0,0
115GLEND,_DSC0995,100,0.01,400.0,6.3,4.8,226.5,0,0
115GLEND,_DSC0996,100,0.01,400.0,6.3,4.7,224.6,0,0
115GLEND,_DSC0997,100,0.01,400.0,6.3,5.4,231.0,0,0
115GLEND,_DSC0998,100,0.01,400.0,6.3,33.0,223.1,0,0
115GLEND,_DSC0999,100,0.01,400.0,6.3,12.2,229.3,0,0
115GLEND,_DSC1000,100,0.01,400.0,6.3,61.8,223.4,0,0
115GLEND,_DSC1001,100,0.01,86.0,6.3,785.1,220.9,0,0
115GLEND,_DSC1002,100,0.01,155.0,6.3,290.7,215.7,0,0
115GLEND,_DSC1003,100,0.01,155.0,6.3,564.9,214.8,0,0
115GLEND,_DSC1004,100,0.01,155.0,6.3,411.1,232.4,0,0
115GLEND,_DSC1005,100,0.01,155.0,6.3,665.6,226.6,0,0
116FML25,_DSC1408,200,0.004,400.0,6.3,47.1,111.9,0,0
116FML25,_DSC1409,200,0.003125,400.0,6.3,46.0,112.9,0,0
116FML25,_DSC1410,200,0.004,400.0,6.3,80.9,114.3,0,0
116FML25,_DSC1411,200,0.003125,400.0,6.3,618.3,39.2,0,0
116FML25,_DSC1412,200,0.0025,400.0,6.3,159.5,55.2,0,0
116FML25,_DSC1413,200,0.003125,400.0,6.3,1920.8,48.5,0,0
116FML25,_DSC1414,200,0.002,400.0,6.3,564.2,48.0,0,0
116FML25,_DSC1415,200,0.00625,400.0,6.3,465.2,63.8,0,0
116FML25,_DSC1416,200,0.005,400.0,6.3,490.6,54.4,0,0
116FML25,_DSC1417,200,0.001,400.0,6.3,1535.4,60.7,0,0
116FML25,_DSC1418,200,0.01,400.0,6.3,81.2,82.9,0,0
116FML25,_DSC1419,200,0.0015625,400.0,6.3,535.3,82.2,0,0
116FML25,_DSC1420,200,0.003125,400.0,6.3,1638.1,85.6,0,0
116FML25,_DSC1421,200,0.004,400.0,6.3,900.9,57.1,0,0
116FML25,_DSC1422,200,0.002,400.0,6.3,119.0,81.8,0,0
116FML25,_DSC1423,200,0.005,400.0,6.3,58.1,109.8,0,0
116FML25,_DSC1424,200,0.0025,400.0,6.3,931.5,105.4,0,0
116FML25,_DSC1425,200,0.005,400.0,6.3,332.9,78.3,0,0
116FML25,_DSC1426,200,0.005,400.0,6.3,122.9,57.5,0,0
116FML25,_DSC1427,200,0.004,400.0,6.3,226.2,75.9,0,0
116FML25,_DSC1428,200,0.0025,400.0,6.3,790.0,91.7,0,0
116FML25,_DSC1429,200,0.00625,400.0,6.3,605.0,68.9,0,0
116FML25,_DSC1430,200,0.008,400.0,6.3,29.9,96.5,0,0
116FML25,_DSC1431,200,0.001,80.0,5.6,2293.0,92.3,0,0
116FML25,_DSC1432,200,0.00125,80.0,5.6,1920.3,66.5,0,0
116FML25,_DSC1433,200,0.008,135.0,5.6,47.6,60.1,0,0
116FML25,_DSC1434,200,0.016666666666666666,220.0,5.6,40.3,53.9,0,0
116FML25,_DSC1435,200,0.008,50.0,5.6,964.1,54.1,0,0
116FML25,_DSC1436,200,0.00625,116.0,5.6,1479.0,75.9,0,0
116FML25,_DSC1437,200,0.004,370.0,6.3,155.8,61.8,0,0
116FML25,_DSC1438,200,0.005,370.0,6.3,54.6,77.6,0,0
116FML25,_DSC1439,200,0.01,80.0,5.6,1386.3,73.3,0,0
116FML25,_DSC1440,200,0.0025,155.0,5.6,358.3,43.5,0,0
116FML25,_DSC1441,200,0.003125,135.0,5.6,78.0,49.1,0,0
116FML25,_DSC1442,200,0.008,400.0,6.3,19.5,54.0,0,0
116FML25,_DSC1443,200,0.00625,400.0,6.3,17.4,44.8,0,0
116FML25,_DSC1444,200,0.0125,400.0,6.3,21.2,60.0,0,0
116FML25,_DSC1445,200,0.0125,400.0,6.3,22.2,67.6,0,0
116FML25,_DSC1446,200,0.005,100.0,5.6,763.1,71.1,0,0
116FML25,_DSC1447,200,0.01,400.0,6.3,49.8,82.7,0,0
116FML25,_DSC1448,200,0.025,29.0,5.6,3904.0,93.2,0,0
116FML25,_DSC1449,200,0.0125,40.0,5.6,1646.0,73.3,0,0
116FML25,_DSC1450,200,0.0125,46.0,5.6,389.2,74.4,0,0
116FML25,_DSC1451,200,0.004,18.0,5.6,5760.5,101.1,0,0
116FML25,_DSC1452,200,0.003125,18.0,5.6,6264.4,93.3,0,0
116FML25,_DSC1453,200,0.0025,18.0,5.6,6441.4,100.3,0,0
116FML25,_DSC1454,200,0.025,18.0,5.6,4708.0,118.5,0,0
116FML25,_DSC1455,200,0.025,26.0,5.6,3424.4,113.7,0,0
116FML25,_DSC1456,200,0.005,70.0,5.6,1398.8,68.0,0,0
116FML25,_DSC1457,200,0.0125,75.0,5.6,2011.3,90.6,0,0
116FML25,_DSC1458,200,0.0025,18.0,5.6,6776.5,80.7,0,0
116FML25,_DSC1459,200,0.003125,27.0,5.6,5744.2,70.0,0,0
116FML25,_DSC1460,200,0.00625,240.0,6.3,1046.9,99.6,0,0
116FML25,_DSC1461,200,0.004,92.0,5.6,1501.9,73.4,0,0
116FML25,_DSC1462,200,0.0025,18.0,5.6,4026.8,79.1,0,0
116FML25,_DSC1463,200,0.002,18.0,5.6,4145.8,85.8,0,0
116FML25,_DSC1464,200,0.03333333333333333,18.0,5.6,3278.0,107.6,0,0
116FML25,_DSC1465,200,0.004,18.0,5.6,6006.4,104.2,0,0
116FML25,_DSC1466,200,0.005,18.0,5.6,6524.8,104.3,0,0
116FML25,_DSC1467,1600,0.008,18.0,22.0,2602.5,111.8,0,0
116FML25,_DSC1468,2200,0.008,18.0,22.0,3704.5,102.0,0,0
116FML25,_DSC1469,,0.008,55.0,22.0,1341.4,65.1,0,0
116FML25,_DSC1470,,0.008,55.0,22.0,1774.1,64.7,0,0
116FML25,_DSC1471,,0.008,80.0,22.0,1342.8,65.1,0,0
116FML25,_DSC1472,,0.008,62.0,22.0,1120.3,78.1,0,0
116FML25,_DSC1473,2500,0.008,86.0,22.0,1960.9,53.9,0,0
116FML25,_DSC1474,,0.008,40.0,22.0,1637.4,70.4,0,0
116FML25,_DSC1475,,0.008,35.0,22.0,1740.6,69.9,0,0
116FML25,_DSC1476,,0.008,31.0,22.0,1279.1,60.8,0,0
116FML25,_DSC1477,1250,0.008,300.0,22.0,29.0,64.3,0,0
116FML25,_DSC1478,640,0.008,170.0,22.0,34.7,71.1,0,0
116FML25,_DSC1479,640,0.008,185.0,22.0,31.1,71.0,0,0
116FML25,_DSC1480,1600,0.008,400.0,22.0,47.3,62.4,0,0
116FML25,_DSC1481,,0.008,44.0,22.0,1122.2,54.8,0,0
116FML25,_DSC1482,,0.008,44.0,22.0,865.7,54.5,0,0
116FML25,_DSC1483,,0.008,18.0,22.0,1964.0,94.0,0,0
116FML25,_DSC1484,,0.008,29.0,22.0,2409.7,74.4,0,0
116FML25,_DSC1485,,0.008,35.0,22.0,1957.8,75.7,0,0
116FML25,_DSC1486,,0.008,29.0,22.0,1429.2,69.3,0,0
116FML25,_DSC1487,,0.008,31.0,22.0,1060.5,68.3,0,0
116FML25,_DSC1488,,0.008,31.0,22.0,1291.4,64.4,0,0
116FML25,_DSC1489,,0.008,26.0,22.0,2351.1,63.2,0,0
116FML25,_DSC1490,,0.008,26.0,22.0,1888.8,63.5,0,0
116FML25,_DSC1491,,0.008,50.0,22.0,1326.0,64.6,0,0
116FML25,_DSC1492,,0.008,38.0,22.0,1110.0,68.7,0,0
116FML25,_DSC1493,2000,0.008,145.0,22.0,1266.0,59.9,0,0
116FML25,_DSC1494,1800,0.008,200.0,22.0,887.8,56.5,0,0
116FML25,_DSC1495,2800,0.008,300.0,22.0,318.6,74.4,0,0
116FML25,_DSC1496,,0.008,50.0,22.0,2195.6,71.2,0,0
116FML25,_DSC1497,,0.008,46.0,22.0,2029.0,63.5,0,0
116FML25,_DSC1498,2200,0.008,35.0,22.0,972.2,107.0,0,0
116FML25,_DSC1499,2800,0.008,31.0,22.0,1343.3,110.3,0,0
116FML25,_DSC1500,,0.008,35.0,22.0,1734.3,79.9,0,0
116FML25,_DSC1501,,0.008,38.0,22.0,1915.1,75.2,0,0
116FML25,_DSC1502,,0.008,38.0,22.0,1953.2,73.8,0,0
116FML25,_DSC1503,2200,0.008,44.0,22.0,1263.3,76.9,0,0
116FML25,_DSC1504,2000,0.008,46.0,22.0,1705.2,87.8,0,0
116FML25,_DSC1505,3200,0.008,29.0,22.0,1345.8,73.9,0,0
116FML25,_DSC1506,,0.008,62.0,22.0,580.7,73.6,0,0
116FML25,_DSC1507,,0.008,100.0,22.0,943.0,72.3,0,0
116FML25,_DSC1508,,0.008,116.0,22.0,483.5,68.0,0,0
116FML25,_DSC1509,,0.008,70.0,22.0,1000.2,68.3,0,0
116FML25,_DSC1510,,0.008,70.0,22.0,1452.7,67.2,0,0
116FML25,_DSC1511,,0.008,46.0,22.0,1521.5,67.7,0,0
116FML25,_DSC1512,,0.008,27.0,22.0,1934.7,87.2,0,0
116FML25,_DSC1513,,0.008,22.0,22.0,1612.7,92.5,0,0
116FML25,_DSC1514,3200,0.008,200.0,22.0,106.1,58.7,0,0
116FML25,_DSC1515,,0.008,38.0,22.0,1743.5,89.1,0,0
116FML25,_DSC1516,,0.008,50.0,22.0,1741.7,84.3,0,0
116FML25,_DSC1517,,0.008,50.0,22.0,1897.0,83.2,0,0
116FML25,_DSC1518,,0.008,35.0,22.0,2600.0,87.9,0,0
116FML25,_DSC1519,,0.008,32.0,22.0,1417.4,82.1,0,0
116FML25,_DSC1520,,0.008,27.0,22.0,2015.5,86.8,0,0
116FML25,_DSC1521,,0.008,100.0,22.0,581.7,66.9,0,0
116FML25,_DSC1522,,0.008,100.0,22.0,658.3,76.7,0,0
116FML25,_DSC1523,,0.008,92.0,22.0,1547.1,77.2,0,0
116FML25,_DSC1524,2800,0.008,135.0,22.0,264.1,64.4,0,0
116FML25,_DSC1525,,0.008,40.0,22.0,687.0,48.8,0,0
116FML25,_DSC1526,,0.008,55.0,22.0,744.7,50.3,0,0
116FML25,_DSC1527,,0.008,70.0,22.0,628.9,40.8,0,0
116FML25,_DSC1528,,0.008,70.0,22.0,262.4,44.4,0,0
116FML25,_DSC1529,,0.008,100.0,22.0,326.6,49.7,0,0
116FML25,_DSC1530,,0.008,122.0,22.0,218.6,50.5,0,0
116FML25,_DSC1531,,0.008,122.0,22.0,278.6,44.0,0,0
116FML25,_DSC1532,,0.008,122.0,22.0,195.3,48.3,0,0
116FML25,_DSC1533,,0.008,55.0,22.0,928.5,51.1,0,0
116FML25,_DSC1534,,0.008,50.0,22.0,998.5,53.5,0,0
116FML25,_DSC1535,280,0.008,58.0,4.5,746.1,59.0,0,0
116FML25,_DSC1536,280,0.008,65.0,4.5,273.4,54.1,0,0
116FML25,_DSC1537,280,0.008,65.0,4.5,326.0,53.8,0,0
116FML25,_DSC1538,280,0.008,55.0,4.5,490.5,61.1,0,0
116FML25,_DSC1539,360,0.008,65.0,4.5,497.6,65.6,0,0
116FML25,_DSC1540,220,0.008,400.0,6.3,151.1,67.7,0,0
116FML25,_DSC1541,250,0.008,400.0,6.3,15.7,75.6,0,0
116FML25,_DSC1542,250,0.008,400.0,6.3,14.6,74.7,0,0
116FML25,_DSC1543,280,0.008,400.0,6.3,17.7,80.4,0,0
116FML25,_DSC1544,280,0.008,400.0,6.3,16.4,80.0,0,0
116FML25,_DSC1545,125,0.008,400.0,6.3,395.5,69.2,0,0
116FML25,_DSC1546,100,0.008,300.0,6.3,214.0,61.7,0,0
116FML25,_DSC1547,200,0.03333333333333333,50.0,11.0,1601.1,82.8,0,0
116FML25,_DSC1548,200,0.03333333333333333,50.0,11.0,1021.4,83.7,0,0
116FML25,_DSC1549,720,0.008,50.0,11.0,2538.6,80.1,0,0
116FML25,_DSC1550,720,0.008,50.0,11.0,2799.9,79.2,0,0
116FML25,_DSC1551,900,0.008,58.0,11.0,2478.9,76.7,0,0
116FML25,_DSC1552,1400,0.008,58.0,11.0,1674.9,99.4,0,0
116FML25,_DSC1553,900,0.008,58.0,11.0,1590.0,77.5,0,0
116FML25,_DSC1554,640,0.008,40.0,11.0,2909.4,73.3,0,0
116FML25,_DSC1555,640,0.008,38.0,11.0,3162.3,76.8,0,0
116FML25,_DSC1556,640,0.008,38.0,11.0,2775.4,76.3,0,0
116FML25,_DSC1557,2000,0.008,40.0,18.0,1372.1,73.9,0,0
116FML25,_DSC1558,2200,0.008,50.0,18.0,1534.9,77.1,0,0
116FML25,_DSC1559,2200,0.008,50.0,18.0,1162.5,80.0,0,0
116FML25,_DSC1560,2200,0.008,44.0,18.0,1627.4,75.0,0,0
116FML25,_DSC1561,2200,0.008,35.0,18.0,2638.8,84.9,0,0
116FML25,_DSC1562,,0.008,38.0,25.0,1226.8,79.2,0,0
116FML25,_DSC1563,,0.008,46.0,25.0,1210.4,65.4,0,0
116FML25,_DSC1564,,0.008,38.0,25.0,1800.4,79.1,0,0
116FML25,_DSC1565,,0.008,35.0,25.0,1623.7,75.3,0,0
116FML25,_DSC1566,,0.008,27.0,22.0,1786.7,91.2,0,0
116FML25,_DSC1567,,0.008,26.0,22.0,2606.1,96.8,0,0
116FML25,_DSC1568,,0.008,29.0,22.0,2332.2,85.8,0,0
116FML25,_DSC1569,,0.008,32.0,22.0,1984.6,80.8,0,0
116FML25,_DSC1570,,0.008,27.0,22.0,2421.3,88.0,0,0
116FML25,_DSC1571,3200,0.008,32.0,22.0,569.6,76.2,0,0
116FML25,_DSC1572,3200,0.008,32.0,22.0,1645.1,74.5,0,0
116FML25,_DSC1573,3200,0.008,32.0,22.0,1606.8,73.2,0,0
116FML25,_DSC1574,,0.008,400.0,25.0,170.4,77.1,0,0
116FML25,_DSC1575,,0.008,300.0,25.0,166.3,76.7,0,0
116FML25,_DSC1576,2800,0.008,220.0,25.0,124.8,55.6,0,0
116FML25,_DSC1577,,0.008,270.0,25.0,159.8,66.6,0,0
116FML25,_DSC1578,,0.008,220.0,25.0,222.0,66.4,0,0
116FML25,_DSC1579,2800,0.008,200.0,25.0,139.7,56.7,0,0
116FML25,_DSC1580,2200,0.008,75.0,25.0,753.9,63.3,0,0
116FML25,_DSC1581,2200,0.008,75.0,25.0,835.6,63.9,0,0
116FML25,_DSC1582,,0.008,18.0,22.0,2095.6,103.7,0,0
116FML25,_DSC1583,,0.00625,18.0,22.0,2648.0,94.4,0,0
116FML25,_DSC1584,125,0.00625,18.0,3.5,4973.3,110.5,0,0
116FML25,_DSC1585,180,0.00625,18.0,3.5,5018.7,119.8,0,0
116FML25,_DSC1586,100,0.00625,18.0,3.5,2396.9,193.6,0,0
116FML25,_DSC1587,100,0.00625,50.0,4.5,800.4,117.9,0,0
116FML25,_DSC1588,100,0.00625,32.0,3.5,1389.5,119.8,0,0
116FML25,_DSC1589,100,0.00625,58.0,4.5,1194.7,102.9,0,0
117MAY25,_DSC1726,100,0.0015625,70.0,4.5,582.7,99.6,0,0
117MAY25,_DSC1727,100,0.0025,400.0,6.3,346.7,107.1,0,0
117MAY25,_DSC1728,100,0.005,135.0,13.0,124.0,111.5,0,0
117MAY25,_DSC1729,100,0.005,86.0,13.0,80.8,109.6,0,0
117MAY25,_DSC1730,100,0.003125,50.0,4.5,2203.6,103.7,0,0
117MAY25,_DSC1731,100,0.004,86.0,5.0,1052.4,99.0,0,0
117MAY25,_DSC1732,100,0.0015625,70.0,4.5,1443.1,91.4,0,0
117MAY25,_DSC1733,100,0.00625,58.0,4.5,1992.8,98.3,0,0
117MAY25,_DSC1734,100,0.005,70.0,4.5,1292.8,95.1,0,0
117MAY25,_DSC1735,100,0.0008,80.0,5.0,63.7,144.1,0,0
117MAY25,_DSC1736,100,0.005,80.0,13.0,191.6,103.6,0,0
117MAY25,_DSC1737,100,0.0025,46.0,4.0,107.0,116.9,0,0
117MAY25,_DSC1738,100,0.003125,145.0,5.6,154.0,90.6,0,0
117MAY25,_DSC1740,100,0.002,65.0,4.5,347.1,109.0,0,0
117MAY25,_DSC1741,100,0.005,46.0,8.0,646.7,123.1,0,0
117MAY25,_DSC1742,100,0.0025,70.0,4.5,119.3,107.1,0,0
117MAY25,_DSC1746,100,0.00125,18.0,3.5,2460.1,117.1,0,0
117MAY25,_DSC1747,100,0.00125,18.0,3.5,2077.4,127.4,0,0
117MAY25,_DSC1748,100,0.001,18.0,3.5,2663.9,123.0,0,0
117MAY25,_DSC1749,100,0.001,18.0,3.5,2068.4,132.0,0,0
117MAY25,_DSC1750,100,0.0015625,38.0,4.0,2114.0,104.1,0,0
117MAY25,_DSC1751,100,0.001,26.0,3.5,1988.6,119.9,0,0
117MAY25,_DSC1752,100,0.005,62.0,9.0,1778.2,103.5,0,0
117MAY25,_DSC1753,100,0.00125,18.0,3.5,2183.2,121.5,0,0
117MAY25,_DSC1754,100,0.00125,27.0,3.5,2287.3,111.5,0,0
117MAY25,_DSC1755,100,0.002,50.0,4.5,1922.5,107.0,0,0
117MAY25,_DSC1756,100,0.002,50.0,4.5,2043.3,106.3,0,0
117MAY25,_DSC1757,100,0.002,50.0,4.5,1644.5,106.4,0,0
117MAY25,_DSC1758,100,0.002,58.0,4.5,1881.8,109.9,0,0
117MAY25,_DSC1759,100,0.0025,75.0,5.0,925.2,114.7,0,0
117MAY25,_DSC1760,100,0.002,75.0,5.0,1356.7,101.3,0,0
117MAY25,_DSC1761,100,0.005,18.0,5.6,3076.6,107.5,0,0
117MAY25,_DSC1762,100,0.005,18.0,4.5,3013.8,123.6,0,0
117MAY25,_DSC1763,100,0.005,18.0,9.0,1529.7,139.0,0,0
117MAY25,_DSC1764,100,0.005,18.0,9.0,2130.8,136.2,0,0
117MAY25,_DSC1765,100,0.005,20.0,9.0,1886.9,135.1,0,0
117MAY25,_DSC1766,100,0.00125,70.0,4.5,630.1,104.4,0,0
117MAY25,_DSC1767,100,0.0015625,92.0,5.0,385.0,125.3,0,0
117MAY25,_DSC1768,100,0.003125,145.0,5.6,611.5,117.1,0,0
117MAY25,_DSC1769,100,0.0015625,44.0,4.0,1071.4,106.6,0,0
117MAY25,_DSC1770,100,0.00125,18.0,3.5,2393.0,106.8,0,0
117MAY25,_DSC1771,100,0.00125,18.0,3.5,2648.1,102.6,0,0
117MAY25,_DSC1772,100,0.008,116.0,5.0,569.6,88.6,0,0
117MAY25,_DSC1773,100,0.005,40.0,7.1,1479.0,70.9,0,0
117MAY25,_DSC1774,100,0.0025,40.0,4.0,1269.5,82.7,0,0
117MAY25,_DSC1775,100,0.005,20.0,7.1,2144.1,88.2,0,0
117MAY25,_DSC1776,100,0.00625,86.0,5.0,917.1,91.0,0,0
117MAY25,_DSC1777,100,0.005,86.0,7.1,725.0,98.0,0,0
117MAY25,_DSC1778,100,0.01,75.0,5.0,748.4,86.0,0,0
117MAY25,_DSC1779,100,0.00625,55.0,4.5,1023.3,100.0,0,0
117MAY25,_DSC1780,1400,0.008,18.0,22.0,2597.6,83.5,0,0
117MAY25,_DSC1781,1400,0.008,18.0,22.0,4160.3,100.9,0,0
117MAY25,_DSC1782,1400,0.008,18.0,22.0,4145.5,97.5,0,0
117MAY25,_DSC1783,1400,0.008,18.0,22.0,3327.0,93.9,0,0
117MAY25,_DSC1784,1000,0.008,18.0,22.0,2685.8,78.1,0,0
117MAY25,_DSC1785,720,0.008,44.0,22.0,1966.5,62.0,0,0
117MAY25,_DSC1786,800,0.008,18.0,22.0,3972.5,79.6,0,0
117MAY25,_DSC1787,640,0.008,100.0,22.0,2038.5,63.0,0,0
117MAY25,_DSC1788,1000,0.008,18.0,22.0,3337.7,113.5,0,0
117MAY25,_DSC1789,2200,0.008,44.0,22.0,2406.1,82.8,0,0
117MAY25,_DSC1790,900,0.008,22.0,22.0,2953.7,94.6,0,0
117MAY25,_DSC1791,1100,0.008,18.0,22.0,2587.0,73.8,0,0
117MAY25,_DSC1792,900,0.008,18.0,22.0,3060.6,84.6,0,0
117MAY25,_DSC1793,1000,0.008,18.0,22.0,2521.1,89.7,0,0
117MAY25,_DSC1794,1000,0.008,55.0,22.0,3428.6,85.6,0,0
117MAY25,_DSC1795,1000,0.008,55.0,22.0,3146.3,82.2,0,0
117MAY25,_DSC1796,720,0.008,35.0,22.0,4227.5,95.2,0,0
117MAY25,_DSC1797,,0.008,18.0,22.0,1154.7,73.3,0,0
117MAY25,_DSC1798,3200,0.008,40.0,22.0,1497.9,44.0,0,0
117MAY25,_DSC1799,2200,0.008,86.0,22.0,1013.3,50.8,0,0
117MAY25,_DSC1800,2200,0.008,86.0,22.0,633.5,61.2,0,0
117MAY25,_DSC1801,,0.008,29.0,22.0,1536.7,58.6,0,0
117MAY25,_DSC1802,1800,0.008,75.0,22.0,1760.1,51.7,0,0
117MAY25,_DSC1803,1800,0.008,86.0,22.0,2117.5,53.5,0,0
117MAY25,_DSC1804,2000,0.008,38.0,22.0,3271.9,75.0,0,0
117MAY25,_DSC1805,2500,0.008,18.0,22.0,2790.0,76.5,0,0
117MAY25,_DSC1806,2500,0.008,31.0,22.0,2802.3,71.2,0,0
117MAY25,_DSC1807,1400,0.008,50.0,22.0,2237.0,69.1,0,0
117MAY25,_DSC1808,3200,0.008,18.0,22.0,2409.9,88.8,0,0
117MAY25,_DSC1809,3200,0.008,18.0,22.0,2975.8,89.1,0,0
117MAY25,_DSC1810,3200,0.008,18.0,22.0,3049.4,87.1,0,0
117MAY25,_DSC1811,2800,0.008,18.0,22.0,3063.1,83.0,0,0
117MAY25,_DSC1812,3200,0.008,18.0,22.0,2865.0,85.5,0,0
117MAY25,_DSC1813,3200,0.008,18.0,22.0,2691.0,84.3,0,0
117MAY25,_DSC1814,320,0.008,100.0,22.0,1008.3,68.2,0,0
117MAY25,_DSC1815,250,0.008,122.0,22.0,572.9,62.9,0,0
117MAY25,_DSC1816,280,0.008,155.0,22.0,1256.6,67.4,0,0
117MAY25,_DSC1817,280,0.008,155.0,22.0,953.0,68.3,0,0
117MAY25,_DSC1818,400,0.008,220.0,22.0,1688.0,70.1,0,0
117MAY25,_DSC1819,320,0.008,122.0,22.0,463.1,69.7,0,0
117MAY25,_DSC1820,,0.008,18.0,22.0,1673.0,114.7,0,0
117MAY25,_DSC1821,,0.008,18.0,22.0,1628.2,101.7,0,0
117MAY25,_DSC1822,2000,0.008,145.0,22.0,962.3,78.0,0,0
117MAY25,_DSC1823,1800,0.008,145.0,22.0,997.2,66.0,0,0
117MAY25,_DSC1824,1600,0.008,145.0,22.0,360.1,60.8,0,0
117MAY25,_DSC1825,1000,0.008,18.0,22.0,1296.2,91.9,0,0
117MAY25,_DSC1826,560,0.008,55.0,22.0,1953.7,64.3,0,0
117MAY25,_DSC1827,280,0.008,200.0,22.0,611.9,55.9,0,0
117MAY25,_DSC1828,450,0.008,100.0,22.0,2050.3,62.9,0,0
117MAY25,_DSC1829,400,0.008,100.0,22.0,1224.3,58.4,0,0
117MAY25,_DSC1830,1000,0.008,46.0,22.0,2504.8,70.7,0,0
117MAY25,_DSC1831,900,0.008,46.0,22.0,2114.9,65.7,0,0
117MAY25,_DSC1832,800,0.008,35.0,22.0,2570.3,80.1,0,0
117MAY25,_DSC1833,1000,0.008,31.0,22.0,1713.6,71.6,0,0
117MAY25,_DSC1834,1000,0.008,18.0,22.0,2614.3,89.1,0,0
117MAY25,_DSC1835,720,0.008,38.0,22.0,2326.7,70.4,0,0
117MAY25,_DSC1836,1100,0.008,400.0,22.0,137.1,62.5,0,0
117MAY25,_DSC1837,720,0.008,75.0,22.0,779.6,58.7,0,0
117MAY25,_DSC1838,1100,0.008,29.0,22.0,2865.6,80.8,0,0
117MAY25,_DSC1839,1000,0.008,22.0,22.0,2449.5,88.6,0,0
117MAY25,_DSC1840,1100,0.008,18.0,22.0,3036.6,100.5,0,0
117MAY25,_DSC1841,720,0.008,250.0,22.0,43.0,46.2,0,0
117MAY25,_DSC1842,200,0.001,75.0,5.0,30.3,74.8,0,0
117MAY25,_DSC1843,200,0.0008,86.0,5.0,30.9,56.5,0,0
117MAY25,_DSC1844,200,0.0005,70.0,4.5,50.2,46.1,0,0
117MAY25,_DSC1845,200,0.0008,65.0,4.5,41.3,47.3,0,0
117MAY25,_DSC1846,200,0.0005,70.0,4.5,73.6,46.1,0,0
117MAY25,_DSC1847,900,0.008,18.0,22.0,2242.6,91.5,0,0
117MAY25,_DSC1848,400,0.008,40.0,22.0,1938.5,58.4,0,0
117MAY25,_DSC1849,500,0.008,50.0,22.0,1085.2,64.7,0,0
117MAY25,_DSC1850,500,0.008,35.0,22.0,2917.1,76.3,0,0
117MAY25,_DSC1851,1100,0.008,116.0,22.0,1903.6,68.2,0,0
117MAY25,_DSC1852,800,0.008,185.0,22.0,368.5,51.1,0,0
117MAY25,_DSC1853,1100,0.008,44.0,22.0,1138.2,46.7,0,0
117MAY25,_DSC1854,560,0.008,65.0,22.0,667.5,39.5,0,0
117MAY25,_DSC1855,,0.008,18.0,22.0,2376.5,76.3,0,0
117MAY25,_DSC1856,2000,0.008,35.0,22.0,2584.0,57.2,0,0
117MAY25,_DSC1857,1800,0.008,50.0,22.0,2478.3,51.7,0,0
117MAY25,_DSC1858,2800,0.008,18.0,22.0,2445.9,64.3,0,0
117MAY25,_DSC1859,1800,0.008,46.0,22.0,2498.3,48.5,0,0
117MAY25,_DSC1860,1000,0.008,35.0,22.0,3595.4,64.2,0,0
117MAY25,_DSC1861,900,0.008,44.0,22.0,3307.3,57.8,0,0
117MAY25,_DSC1862,450,0.008,240.0,22.0,654.9,45.1,0,0
117MAY25,_DSC1863,640,0.008,18.0,22.0,1684.7,85.1,0,0
117MAY25,_DSC1864,720,0.008,18.0,22.0,2392.9,91.9,0,0
117MAY25,_DSC1865,560,0.008,18.0,22.0,1841.3,82.0,0,0
117MAY25,_DSC1866,450,0.008,18.0,22.0,2370.3,89.7,0,0
117MAY25,_DSC1867,500,0.008,18.0,22.0,3019.4,96.1,0,0
117MAY25,_DSC1868,500,0.008,65.0,22.0,2399.9,72.4,0,0
117MAY25,_DSC1869,500,0.008,116.0,22.0,1166.4,65.6,0,0
117MAY25,_DSC1870,400,0.008,18.0,22.0,1737.7,102.2,0,0
117MAY25,_DSC1871,720,0.008,55.0,22.0,274.0,87.5,0,0
117MAY25,_DSC1872,720,0.008,44.0,22.0,673.7,102.0,0,0
117MAY25,_DSC1873,360,0.008,18.0,22.0,1714.4,100.8,0,0
117MAY25,_DSC1874,360,0.008,18.0,22.0,703.2,96.5,0,0
117MAY25,_DSC1875,320,0.008,18.0,22.0,1494.7,89.6,0,0
117MAY25,_DSC1876,320,0.008,18.0,22.0,1525.7,89.7,0,0
117MAY25,_DSC1877,200,0.002,46.0,4.0,802.1,43.0,0,0
117MAY25,_DSC1878,200,0.00625,200.0,5.6,19.5,60.5,0,0
117MAY25,_DSC1879,200,0.008,145.0,5.6,77.4,64.2,0,0
117MAY25,_DSC1880,200,0.00625,400.0,6.3,19.1,65.3,0,0
117MAY25,_DSC1881,200,0.00125,200.0,5.6,220.2,49.2,0,0
117MAY25,_DSC1882,200,0.01,18.0,3.5,2496.7,100.3,0,0
117MAY25,_DSC1883,200,0.01,50.0,4.5,316.2,80.0,0,0
117MAY25,_DSC1884,200,0.01,122.0,5.6,22.8,67.6,0,0
117MAY25,_DSC1885,200,0.016666666666666666,92.0,5.0,36.2,72.0,0,0
117MAY25,_DSC1886,200,0.003125,18.0,3.5,4888.2,98.4,0,0
117MAY25,_DSC1887,200,0.004,21.0,3.5,5183.1,87.7,0,0
117MAY25,_DSC1888,800,0.008,18.0,22.0,2990.5,74.5,0,0
117MAY25,_DSC1889,720,0.008,18.0,22.0,2236.6,71.0,0,0
117MAY25,_DSC1890,640,0.008,24.0,22.0,2788.4,66.9,0,0
117MAY25,_DSC1891,500,0.0125,23.0,22.0,2768.7,73.3,0,0
117MAY25,_DSC1892,400,0.0125,23.0,22.0,1521.4,62.0,0,0
117MAY25,_DSC1893,400,0.0125,23.0,22.0,1824.2,58.9,0,0
117MAY25,_DSC1894,500,0.0125,23.0,22.0,1016.4,73.4,0,0
117MAY25,_DSC1895,200,0.04,23.0,22.0,2117.0,74.2,0,0
117MAY25,_DSC1896,200,0.04,23.0,22.0,2294.0,74.3,0,0
117MAY25,_DSC1897,200,0.04,23.0,22.0,2214.3,77.6,0,0
117MAY25,_DSC1898,200,0.04,31.0,22.0,723.1,82.1,0,0
117MAY25,_DSC1899,200,0.05,26.0,22.0,988.0,93.6,0,0
117MAY25,_DSC1900,200,0.07692307692307693,18.0,22.0,1614.9,107.3,0,0
118DODDR,_DSC2002,100,0.025,38.0,4.0,882.4,97.4,0,0
118DODDR,_DSC2003,200,0.0125,26.0,4.0,1038.0,97.7,0,0
118DODDR,_DSC2004,200,0.0125,26.0,4.0,3433.0,94.6,0,0
118DODDR,_DSC2005,200,0.04,400.0,6.3,29.1,84.2,0,0
118DODDR,_DSC2006,200,0.00625,18.0,4.0,3679.6,104.4,0,0
118DODDR,_DSC2007,200,0.003125,31.0,4.0,1036.2,79.9,0,0
118DODDR,_DSC2008,200,0.004,55.0,4.5,459.2,96.2,0,0
118DODDR,_DSC2009,200,0.0015625,400.0,6.3,15.8,112.1,0,0
118DODDR,_DSC2010,200,0.00125,400.0,6.3,11.9,103.9,0,0
118DODDR,_DSC2011,200,0.0015625,400.0,6.3,13.6,113.3,0,0
118DODDR,_DSC2012,200,0.0015625,400.0,6.3,16.9,112.1,0,0
118DODDR,_DSC2013,200,0.0015625,400.0,6.3,14.3,106.6,0,0
118DODDR,_DSC2014,200,0.0015625,400.0,6.3,14.1,104.4,0,0
118DODDR,_DSC2015,200,0.0015625,400.0,6.3,14.7,117.6,0,0
118DODDR,_DSC2016,200,0.0015625,400.0,6.3,13.1,116.2,0,0
118DODDR,_DSC2017,200,0.0015625,400.0,6.3,10.5,116.1,0,0
118DODDR,_DSC2018,200,0.0015625,400.0,6.3,14.6,117.5,0,0
118DODDR,_DSC2019,200,0.00125,400.0,6.3,15.8,106.3,0,0
118DODDR,_DSC2020,200,0.001,100.0,5.0,46.9,138.6,0,0
118DODDR,_DSC2021,200,0.0008,62.0,4.5,479.2,126.1,0,0
118DODDR,_DSC2022,200,0.000625,46.0,4.0,446.0,132.9,0,0
118DODDR,_DSC2023,200,0.0008,75.0,5.0,578.3,131.5,0,0
118DODDR,_DSC2024,200,0.0008,86.0,5.0,33.9,142.6,0,0
118DODDR,_DSC2025,200,0.0005,70.0,4.5,75.2,119.2,0,0
118DODDR,_DSC2026,200,0.00125,35.0,4.0,336.9,147.5,0,0
118DODDR,_DSC2027,200,0.00125,18.0,4.0,201.8,162.6,0,0
118DODDR,_DSC2028,200,0.001,31.0,4.0,251.6,140.4,0,0
118DODDR,_DSC2029,200,0.00125,29.0,4.0,258.9,144.1,0,0
118DODDR,_DSC2030,200,0.001,21.0,4.0,444.6,150.8,0,0
118DODDR,_DSC2031,200,0.004,135.0,5.6,809.8,97.5,0,0
119BOTA_,DSC_2327,200,0.008,185.0,5.6,16.4,92.6,0,0
119BOTA_,DSC_2328,200,0.00625,240.0,6.3,14.3,80.6,0,0
119BOTA_,DSC_2329,200,0.008,300.0,6.3,22.1,83.3,0,0
119BOTA_,DSC_2330,200,0.008,300.0,6.3,19.6,85.3,0,0
119BOTA_,DSC_2331,200,0.0008,38.0,4.0,1347.4,110.8,0,0
119BOTA_,DSC_2332,200,0.001,23.0,4.0,713.3,87.3,0,0
119BOTA_,DSC_2333,200,0.001,23.0,4.0,670.3,87.6,0,0
119BOTA_,DSC_2334,200,0.001,18.0,4.0,736.3,99.0,0,0
119BOTA_,DSC_2335,200,0.002,370.0,6.3,66.6,94.6,0,0
119BOTA_,DSC_2336,200,0.002,135.0,5.6,238.5,101.9,0,0
119BOTA_,DSC_2337,200,0.002,135.0,5.6,233.3,93.8,0,0
119BOTA_,DSC_2338,200,0.0025,400.0,6.3,194.1,90.3,0,0
119BOTA_,DSC_2339,200,0.0025,400.0,6.3,159.4,89.7,0,0
119BOTA_,DSC_2340,200,0.003125,400.0,6.3,90.6,97.7,0,0
119BOTA_,DSC_2341,200,0.003125,400.0,6.3,95.4,121.1,0,0
119BOTA_,DSC_2342,200,0.0003125,35.0,4.0,1917.2,63.6,0,0
119BOTA_,DSC_2343,200,0.0004,86.0,5.0,457.1,65.1,0,0
119BOTA_,DSC_2344,200,0.000625,400.0,6.3,105.5,85.3,0,0
119BOTA_,DSC_2345,200,0.0008,400.0,6.3,67.3,67.8,0,0
119BOTA_,DSC_2346,200,0.000625,58.0,4.5,37.7,106.7,0,0
119BOTA_,DSC_2347,200,0.00125,220.0,5.6,39.3,69.9,0,0
119BOTA_,DSC_2348,200,0.00125,300.0,6.3,25.7,77.8,0,0
119BOTA_,DSC_2349,200,0.0015625,300.0,6.3,34.6,79.4,0,0
119BOTA_,DSC_2350,200,0.0015625,300.0,6.3,37.5,79.0,0,0
119BOTA_,DSC_2351,200,0.00125,300.0,6.3,34.5,74.7,0,0
119BOTA_,DSC_2352,200,0.00125,300.0,6.3,35.5,72.2,0,0
119BOTA_,DSC_2353,200,0.00125,300.0,6.3,36.0,71.3,0,0
119BOTA_,DSC_2354,200,0.00125,300.0,6.3,37.8,69.8,0,0
119BOTA_,DSC_2355,200,0.00125,300.0,6.3,36.3,68.2,0,0
119BOTA_,DSC_2356,200,0.00125,300.0,6.3,33.0,67.4,0,0
119BOTA_,DSC_2357,200,0.00125,300.0,6.3,24.2,67.3,0,0
119BOTA_,DSC_2358,200,0.00125,300.0,6.3,21.9,68.3,0,0
119BOTA_,DSC_2359,200,0.002,300.0,6.3,30.5,76.4,0,0
119BOTA_,DSC_2360,200,0.002,300.0,6.3,37.6,74.5,0,0
119BOTA_,DSC_2361,100,0.025,400.0,6.3,48.7,85.2,0,0
119BOTA_,DSC_2362,100,0.025,400.0,6.3,30.1,90.0,0,0
119BOTA_,DSC_2363,100,0.025,400.0,6.3,57.8,89.3,0,0
119BOTA_,DSC_2364,100,0.025,400.0,6.3,40.8,89.3,0,0
119BOTA_,DSC_2365,100,0.025,400.0,6.3,6.2,70.4,0,0
119BOTA_,DSC_2366,100,0.025,400.0,6.3,8.8,69.3,0,0
119BOTA_,DSC_2367,100,0.025,400.0,6.3,8.1,67.1,0,0
119BOTA_,DSC_2368,100,0.025,400.0,6.3,6.4,65.3,0,0
119BOTA_,DSC_2369,100,0.005,400.0,6.3,21.0,80.9,0,0
119BOTA_,DSC_2370,100,0.01,400.0,6.3,23.7,99.0,0,0
119BOTA_,DSC_2371,100,0.001,400.0,6.3,29.5,81.2,0,0
119BOTA_,DSC_2372,100,0.00125,400.0,6.3,33.0,54.6,0,0
119BOTA_,DSC_2373,100,0.016666666666666666,400.0,6.3,20.0,76.0,0,0
119BOTA_,DSC_2374,100,0.02,400.0,6.3,35.4,80.2,0,0
119BOTA_,DSC_2375,100,0.02,400.0,6.3,22.6,77.5,0,0
119BOTA_,DSC_2376,100,0.016666666666666666,400.0,6.3,22.7,70.7,0,0
119BOTA_,DSC_2377,100,0.01,400.0,6.3,19.4,71.2,0,0
119BOTA_,DSC_2378,100,0.01,400.0,6.3,77.8,69.9,0,0
119BOTA_,DSC_2379,100,0.01,400.0,6.3,30.7,71.0,0,0
119BOTA_,DSC_2380,100,0.01,400.0,6.3,34.2,69.9,0,0
119BOTA_,DSC_2381,100,0.01,400.0,6.3,82.5,73.0,0,0
119BOTA_,DSC_2382,100,0.01,400.0,6.3,67.5,68.0,0,0
119BOTA_,DSC_2383,100,0.016666666666666666,400.0,6.3,17.2,82.2,0,0
119BOTA_,DSC_2384,100,0.016666666666666666,400.0,6.3,45.6,84.6,0,0
119BOTA_,DSC_2385,100,0.0125,400.0,6.3,71.2,77.5,0,0
119BOTA_,DSC_2386,100,0.0125,400.0,6.3,61.7,79.1,0,0
119BOTA_,DSC_2387,100,0.008,400.0,6.3,52.0,77.1,0,0
119BOTA_,DSC_2388,100,0.01,400.0,6.3,30.5,88.2,0,0
119BOTA_,DSC_2389,100,0.008,18.0,4.0,4466.6,71.1,0,0
119BOTA_,DSC_2390,100,0.005,18.0,4.0,5299.4,57.8,0,0
119BOTA_,DSC_2391,100,0.25,145.0,5.6,8.8,79.4,0,0
119BOTA_,DSC_2392,,0.008,400.0,6.3,107.2,56.4,0,0
119BOTA_,DSC_2393,,0.008,400.0,6.3,77.2,49.9,0,0
119BOTA_,DSC_2394,800,0.005,55.0,6.3,1042.5,77.0,0,0
119BOTA_,DSC_2395,800,0.003125,38.0,6.3,3061.4,67.9,0,0
119BOTA_,DSC_2396,800,0.005,50.0,6.3,1847.6,97.9,0,0
119BOTA_,DSC_2397,800,0.003125,155.0,6.3,90.6,87.0,0,0
119BOTA_,DSC_2398,800,0.01,370.0,6.3,238.2,92.8,0,0
119BOTA_,DSC_2399,800,0.01,370.0,6.3,49.0,96.4,0,0
119BOTA_,DSC_2400,800,0.01,370.0,6.3,180.4,95.3,0,0
119BOTA_,DSC_2401,800,0.01,370.0,6.3,279.2,88.4,0,0
119BOTA_,DSC_2402,800,0.003125,350.0,6.3,43.7,67.4,0,0
119BOTA_,DSC_2403,800,0.003125,350.0,6.3,94.5,69.4,0,0
119BOTA_,DSC_2404,800,0.00625,350.0,6.3,132.9,69.3,0,0
119BOTA_,DSC_2405,800,0.00625,350.0,6.3,112.1,67.3,0,0
119BOTA_,DSC_2406,800,0.00625,350.0,6.3,48.2,69.2,0,0
119BOTA_,DSC_2407,800,0.008,350.0,6.3,167.6,69.9,0,0
119BOTA_,DSC_2408,800,0.008,350.0,6.3,280.1,68.4,0,0
119BOTA_,DSC_2409,800,0.008,350.0,6.3,251.3,68.2,0,0
119BOTA_,DSC_2410,800,0.008,350.0,6.3,187.9,69.1,0,0
119BOTA_,DSC_2411,800,0.008,350.0,6.3,278.0,68.5,0,0
119BOTA_,DSC_2412,800,0.008,350.0,6.3,297.5,67.8,0,0
119BOTA_,DSC_2413,800,0.008,350.0,6.3,103.9,68.4,0,0
119BOTA_,DSC_2414,800,0.008,350.0,6.3,133.1,66.5,0,0
119BOTA_,DSC_2415,800,0.008,350.0,6.3,262.6,71.6,0,0
119BOTA_,DSC_2416,800,0.008,350.0,6.3,259.2,70.0,0,0
119BOTA_,DSC_2417,800,0.008,350.0,6.3,229.8,70.8,0,0
119BOTA_,DSC_2418,800,0.008,350.0,6.3,53.4,70.0,0,0
119BOTA_,DSC_2419,800,0.008,350.0,6.3,249.4,80.3,0,0
119BOTA_,DSC_2420,800,0.008,350.0,6.3,246.0,81.1,0,0
119BOTA_,DSC_2421,800,0.008,350.0,6.3,241.8,81.0,0,0
119BOTA_,DSC_2422,800,0.008,350.0,6.3,49.7,86.9,0,0
119BOTA_,DSC_2423,800,0.008,350.0,6.3,90.5,78.5,0,0
119BOTA_,DSC_2424,800,0.008,350.0,6.3,155.6,81.7,0,0
119BOTA_,DSC_2425,800,0.008,350.0,6.3,78.8,78.0,0,0
119BOTA_,DSC_2426,800,0.008,350.0,6.3,201.3,75.3,0,0
119BOTA_,DSC_2427,800,0.008,350.0,6.3,52.0,78.7,0,0
119BOTA_,DSC_2428,800,0.008,350.0,6.3,40.2,79.1,0,0
119BOTA_,DSC_2429,800,0.0025,400.0,6.3,174.5,77.6,0,0
119BOTA_,DSC_2430,800,0.0025,400.0,6.3,132.4,77.3,0,0
119BOTA_,DSC_2431,800,0.0025,400.0,6.3,52.4,81.7,0,0
119BOTA_,DSC_2432,800,0.0025,400.0,6.3,119.2,95.1,0,0
119BOTA_,DSC_2433,800,0.0025,400.0,6.3,120.0,92.3,0,0
119BOTA_,DSC_2434,800,0.0025,400.0,6.3,257.8,91.6,0,0
119BOTA_,DSC_2435,800,0.0025,400.0,6.3,210.2,97.7,0,0
119BOTA_,DSC_2436,800,0.0025,400.0,6.3,234.6,104.5,0,0
119BOTA_,DSC_2437,800,0.0025,400.0,6.3,123.2,111.2,0,0
119BOTA_,DSC_2438,800,0.0025,400.0,6.3,258.0,97.9,0,0
119BOTA_,DSC_2439,800,0.0025,400.0,6.3,197.1,110.4,0,0
119BOTA_,DSC_2440,800,0.0015625,400.0,6.3,158.7,66.8,0,0
119BOTA_,DSC_2441,800,0.003125,400.0,6.3,95.9,65.6,0,0
119BOTA_,DSC_2442,800,0.003125,400.0,6.3,77.9,82.9,0,0
119BOTA_,DSC_2443,800,0.003125,400.0,6.3,73.5,84.1,0,0
119BOTA_,DSC_2444,800,0.003125,400.0,6.3,37.4,92.1,0,0
119BOTA_,DSC_2445,800,0.003125,400.0,6.3,223.5,75.5,0,0
119BOTA_,DSC_2446,800,0.003125,400.0,6.3,173.2,79.7,0,0
119BOTA_,DSC_2447,800,0.003125,400.0,6.3,159.3,79.3,0,0
119BOTA_,DSC_2448,800,0.003125,400.0,6.3,86.1,70.6,0,0
119BOTA_,DSC_2449,800,0.003125,400.0,6.3,236.9,70.8,0,0
119BOTA_,DSC_2450,800,0.003125,400.0,6.3,234.3,68.6,0,0
119BOTA_,DSC_2451,800,0.003125,400.0,6.3,261.1,71.7,0,0
119BOTA_,DSC_2452,800,0.003125,400.0,6.3,87.4,67.3,0,0
119BOTA_,DSC_2453,800,0.003125,400.0,6.3,66.3,77.5,0,0
119BOTA_,DSC_2454,800,0.003125,400.0,6.3,203.8,73.3,0,0
119BOTA_,DSC_2455,800,0.0008,400.0,6.3,204.0,83.7,0,0
119BOTA_,DSC_2456,800,0.0008,400.0,6.3,226.2,83.4,0,0
119BOTA_,DSC_2457,800,0.0008,400.0,6.3,222.3,81.3,0,0
119BOTA_,DSC_2458,800,0.0008,400.0,6.3,222.1,79.3,0,0
119BOTA_,DSC_2459,800,0.0008,400.0,6.3,201.7,81.1,0,0
119BOTA_,DSC_2460,800,0.0008,400.0,6.3,230.9,85.0,0,0
119BOTA_,DSC_2461,800,0.0008,400.0,6.3,243.2,85.6,0,0
119BOTA_,DSC_2462,800,0.0008,400.0,6.3,254.1,85.8,0,0
119BOTA_,DSC_2463,800,0.0008,400.0,6.3,170.3,89.6,0,0
119BOTA_,DSC_2464,800,0.0008,400.0,6.3,91.2,87.2,0,0
119BOTA_,DSC_2465,800,0.002,18.0,5.6,4974.8,71.0,0,0
119BOTA_,DSC_2466,800,0.002,18.0,5.6,3869.0,72.1,0,0
119BOTA_,DSC_2467,800,0.002,18.0,5.6,4640.3,71.0,0,0
119BOTA_,DSC_2468,800,0.002,18.0,5.6,4882.0,70.7,0,0
119BOTA_,DSC_2469,800,0.002,18.0,5.6,4691.1,69.9,0,0
119BOTA_,DSC_2470,800,0.002,18.0,5.6,5237.6,68.4,0,0
119BOTA_,DSC_2471,800,0.002,18.0,5.6,5198.0,67.8,0,0
119BOTA_,DSC_2472,800,0.002,18.0,5.6,5201.0,66.4,0,0
119BOTA_,DSC_2473,800,0.0015625,18.0,5.6,5502.6,63.6,0,0
119BOTA_,DSC_2474,800,0.0015625,18.0,5.6,5462.0,62.5,0,0
119BOTA_,DSC_2475,800,0.0015625,18.0,5.6,5246.2,60.8,0,0
119BOTA_,DSC_2476,800,0.0015625,18.0,5.6,5420.3,60.3,0,0
119BOTA_,DSC_2477,800,0.002,18.0,5.6,4624.9,66.2,0,0
119BOTA_,DSC_2478,800,0.002,18.0,5.6,4529.3,66.0,0,0
119BOTA_,DSC_2479,800,0.002,18.0,5.6,5020.8,64.8,0,0
119BOTA_,DSC_2480,800,0.002,18.0,5.6,4862.4,64.9,0,0
119BOTA_,DSC_2481,800,0.002,18.0,5.6,4967.5,64.6,0,0
119BOTA_,DSC_2482,800,0.002,18.0,5.6,4535.8,61.9,0,0
119BOTA_,DSC_2483,800,0.0015625,400.0,6.3,331.0,75.7,0,0
119BOTA_,DSC_2484,800,0.0015625,400.0,6.3,64.1,91.1,0,0
119BOTA_,DSC_2485,800,0.0015625,400.0,6.3,106.8,82.9,0,0
119BOTA_,DSC_2486,800,0.0015625,400.0,6.3,47.4,112.5,0,0
119BOTA_,DSC_2487,800,0.004,18.0,5.6,2267.0,66.6,0,0
119BOTA_,DSC_2488,800,0.004,18.0,5.6,2308.8,66.4,0,0
119BOTA_,DSC_2489,800,0.004,18.0,5.6,2442.2,66.4,0,0
119BOTA_,DSC_2490,800,0.004,18.0,5.6,2217.0,66.2,0,0
119BOTA_,DSC_2491,800,0.004,18.0,5.6,2483.0,65.6,0,0
119BOTA_,DSC_2492,800,0.004,18.0,5.6,2598.1,65.4,0,0
119BOTA_,DSC_2493,800,0.004,18.0,5.6,2348.7,65.8,0,0
119BOTA_,DSC_2494,800,0.004,18.0,5.6,2621.6,65.6,0,0
119BOTA_,DSC_2495,800,0.0025,18.0,5.6,2516.6,96.3,0,0
119BOTA_,DSC_2496,800,0.003125,400.0,6.3,125.1,67.6,0,0
119BOTA_,DSC_2497,800,0.002,400.0,6.3,207.4,68.0,0,0
119BOTA_,DSC_2498,800,0.0025,400.0,6.3,46.5,72.1,0,0
119BOTA_,DSC_2499,800,0.0025,400.0,6.3,76.7,50.2,0,0
119BOTA_,DSC_2500,800,0.0025,185.0,5.6,183.0,57.0,0,0
119BOTA_,DSC_2501,800,0.0025,185.0,5.6,141.1,54.6,0,0
119BOTA_,DSC_2502,800,0.0025,185.0,5.6,168.5,57.8,0,0
119BOTA_,DSC_2503,800,0.0025,400.0,6.3,74.8,67.2,0,0
119BOTA_,DSC_2504,800,0.0025,400.0,6.3,53.2,71.9,0,0
119BOTA_,DSC_2505,800,0.0025,400.0,6.3,46.3,77.8,0,0
119BOTA_,DSC_2506,800,0.003125,400.0,6.3,27.0,63.1,0,0
119BOTA_,DSC_2507,800,0.003125,400.0,6.3,58.4,63.5,0,0
119BOTA_,DSC_2508,800,0.003125,400.0,6.3,75.1,66.3,0,0
119BOTA_,DSC_2509,800,0.003125,400.0,6.3,62.3,62.1,0,0
119BOTA_,DSC_2510,800,0.002,400.0,6.3,57.2,68.4,0,0
119BOTA_,DSC_2511,800,0.002,400.0,6.3,34.9,76.4,0,0
119BOTA_,DSC_2512,800,0.003125,400.0,6.3,63.8,77.6,0,0
119BOTA_,DSC_2513,800,0.003125,400.0,6.3,85.6,74.6,0,0
119BOTA_,DSC_2514,800,0.0025,400.0,6.3,267.5,77.3,0,0
119BOTA_,DSC_2515,800,0.00125,270.0,6.3,85.7,55.6,0,0
119BOTA_,DSC_2516,800,0.00125,270.0,6.3,80.0,56.0,0,0
119BOTA_,DSC_2517,800,0.0008,400.0,6.3,47.7,53.6,0,0
119BOTA_,DSC_2518,800,0.0008,400.0,6.3,83.2,65.8,0,0
119BOTA_,DSC_2519,800,0.0008,400.0,6.3,36.9,62.0,0,0
119BOTA_,DSC_2520,800,0.0008,400.0,6.3,47.9,63.5,0,0
119BOTA_,DSC_2521,800,0.0015625,400.0,6.3,99.6,62.9,0,0
119BOTA_,DSC_2522,800,0.003125,400.0,6.3,134.2,83.4,0,0
119BOTA_,DSC_2523,800,0.003125,400.0,6.3,111.6,79.3,0,0
119BOTA_,DSC_2524,800,0.003125,400.0,6.3,177.4,82.0,0,0
119BOTA_,DSC_2525,800,0.003125,400.0,6.3,195.7,78.7,0,0
119BOTA_,DSC_2526,800,0.003125,400.0,6.3,303.3,80.6,0,0
119BOTA_,DSC_2527,800,0.003125,400.0,6.3,73.0,79.7,0,0
119BOTA_,DSC_2528,800,0.003125,400.0,6.3,46.6,89.0,0,0
119BOTA_,DSC_2529,800,0.003125,400.0,6.3,93.3,96.9,0,0
119BOTA_,DSC_2530,800,0.003125,400.0,6.3,122.1,113.9,0,0
119BOTA_,DSC_2531,800,0.003125,400.0,6.3,234.1,124.9,0,0
119BOTA_,DSC_2532,800,0.003125,400.0,6.3,256.2,105.7,0,0
119BOTA_,DSC_2533,800,0.003125,400.0,6.3,336.7,111.7,0,0
119BOTA_,DSC_2534,800,0.003125,400.0,6.3,355.9,119.3,0,0
119BOTA_,DSC_2535,800,0.003125,400.0,6.3,317.9,103.7,0,0
119BOTA_,DSC_2536,800,0.003125,400.0,6.3,243.8,125.0,0,0
119BOTA_,DSC_2537,800,0.003125,400.0,6.3,211.5,119.7,0,0
119BOTA_,DSC_2538,800,0.0015625,400.0,6.3,172.3,91.4,0,0
119BOTA_,DSC_2539,800,0.0015625,400.0,6.3,217.5,92.7,0,0
119BOTA_,DSC_2540,800,0.0015625,400.0,6.3,104.5,87.3,0,0
119BOTA_,DSC_2541,800,0.0015625,400.0,6.3,182.9,96.8,0,0
119BOTA_,DSC_2542,800,0.0015625,400.0,6.3,163.1,90.2,0,0
119BOTA_,DSC_2543,800,0.0015625,400.0,6.3,174.8,91.8,0,0
119BOTA_,DSC_2544,800,0.0015625,400.0,6.3,224.5,90.2,0,0
119BOTA_,DSC_2545,800,0.0015625,400.0,6.3,142.4,90.5,0,0
119BOTA_,DSC_2546,800,0.0015625,400.0,6.3,202.8,76.8,0,0
119BOTA_,DSC_2547,800,0.0015625,400.0,6.3,149.4,68.1,0,0
119BOTA_,DSC_2548,800,0.0015625,400.0,6.3,55.0,101.9,0,0
119BOTA_,DSC_2549,800,0.0015625,400.0,6.3,132.3,87.8,0,0
119BOTA_,DSC_2550,800,0.0008,400.0,6.3,41.3,60.4,0,0
119BOTA_,DSC_2551,800,0.005,400.0,6.3,62.9,70.0,0,0
119BOTA_,DSC_2552,800,0.005,400.0,6.3,216.5,63.7,0,0
119BOTA_,DSC_2553,800,0.005,400.0,6.3,267.1,65.9,0,0
119BOTA_,DSC_2554,800,0.005,400.0,6.3,179.5,72.5,0,0
119BOTA_,DSC_2555,800,0.005,400.0,6.3,170.5,74.6,0,0
119BOTA_,DSC_2556,800,0.005,400.0,6.3,175.9,71.4,0,0
119BOTA_,DSC_2557,800,0.005,400.0,6.3,242.2,72.4,0,0
119BOTA_,DSC_2558,800,0.005,400.0,6.3,160.3,75.8,0,0
119BOTA_,DSC_2559,800,0.005,400.0,6.3,124.6,74.9,0,0
119BOTA_,DSC_2560,800,0.005,400.0,6.3,130.8,68.0,0,0
119BOTA_,DSC_2561,800,0.005,400.0,6.3,364.6,68.9,0,0
119BOTA_,DSC_2562,800,0.005,400.0,6.3,183.2,78.8,0,0
119BOTA_,DSC_2563,800,0.005,400.0,6.3,111.0,78.5,0,0
119BOTA_,DSC_2564,800,0.005,400.0,6.3,152.0,70.6,0,0
119BOTA_,DSC_2565,800,0.00625,400.0,6.3,75.6,80.2,0,0
119BOTA_,DSC_2566,800,0.00625,400.0,6.3,96.5,82.3,0,0
119BOTA_,DSC_2567,800,0.00625,400.0,6.3,61.8,87.0,0,0
119BOTA_,DSC_2568,800,0.00625,400.0,6.3,225.7,84.7,0,0
119BOTA_,DSC_2569,800,0.00625,400.0,6.3,191.5,79.8,0,0
119BOTA_,DSC_2570,800,0.00625,400.0,6.3,275.1,81.0,0,0
119BOTA_,DSC_2571,800,0.00625,400.0,6.3,92.0,80.4,0,0
119BOTA_,DSC_2572,800,0.00625,400.0,6.3,265.2,81.0,0,0
119BOTA_,DSC_2573,800,0.00625,400.0,6.3,107.5,81.5,0,0
119BOTA_,DSC_2574,800,0.00625,400.0,6.3,216.1,82.9,0,0
119BOTA_,DSC_2575,800,0.00625,400.0,6.3,240.4,82.9,0,0
119BOTA_,DSC_2576,800,0.00625,400.0,6.3,172.1,83.0,0,0
119BOTA_,DSC_2577,800,0.00625,400.0,6.3,93.8,83.7,0,0
119BOTA_,DSC_2578,800,0.00625,400.0,6.3,247.3,84.2,0,0
119BOTA_,DSC_2579,800,0.00625,400.0,6.3,61.1,85.0,0,0
119BOTA_,DSC_2580,800,0.00625,400.0,6.3,73.4,96.3,0,0
119BOTA_,DSC_2581,800,0.005,400.0,6.3,129.7,84.0,0,0
119BOTA_,DSC_2582,800,0.005,400.0,6.3,44.6,78.1,0,0
119BOTA_,DSC_2583,800,0.005,400.0,6.3,57.9,83.7,0,0
119BOTA_,DSC_2584,800,0.005,400.0,6.3,57.9,80.3,0,0
119BOTA_,DSC_2585,800,0.005,400.0,6.3,46.9,89.2,0,0
119BOTA_,DSC_2586,800,0.005,400.0,6.3,62.5,80.9,0,0
119BOTA_,DSC_2587,800,0.005,400.0,6.3,66.1,83.1,0,0
119BOTA_,DSC_2588,800,0.005,400.0,6.3,66.1,75.5,0,0
119BOTA_,DSC_2589,800,0.005,400.0,6.3,82.7,72.7,0,0
119BOTA_,DSC_2590,800,0.005,400.0,6.3,60.7,83.5,0,0
119BOTA_,DSC_2591,800,0.005,400.0,6.3,68.4,77.3,0,0
119BOTA_,DSC_2592,800,0.005,400.0,6.3,63.1,74.8,0,0
119BOTA_,DSC_2593,800,0.004,400.0,6.3,234.8,81.7,0,0
119BOTA_,DSC_2594,800,0.004,400.0,6.3,161.5,75.9,0,0
119BOTA_,DSC_2595,800,0.004,400.0,6.3,136.4,67.4,0,0
119BOTA_,DSC_2596,800,0.004,400.0,6.3,213.0,77.1,0,0
119BOTA_,DSC_2597,800,0.004,400.0,6.3,238.6,80.6,0,0
119BOTA_,DSC_2598,800,0.004,400.0,6.3,251.8,83.6,0,0
119BOTA_,DSC_2599,800,0.004,400.0,6.3,275.1,85.2,0,0
119BOTA_,DSC_2600,800,0.004,400.0,6.3,195.3,88.3,0,0
119BOTA_,DSC_2601,800,0.004,400.0,6.3,249.7,87.1,0,0
119BOTA_,DSC_2602,800,0.004,400.0,6.3,301.7,85.3,0,0
119BOTA_,DSC_2603,800,0.004,400.0,6.3,268.6,91.0,0,0
119BOTA_,DSC_2604,800,0.004,400.0,6.3,100.4,87.1,0,0
119BOTA_,DSC_2605,800,0.001,400.0,6.3,74.9,40.1,0,0
119BOTA_,DSC_2606,800,0.001,400.0,6.3,104.8,46.7,0,0
119BOTA_,DSC_2607,800,0.001,400.0,6.3,87.5,43.7,0,0
119BOTA_,DSC_2608,800,0.001,400.0,6.3,77.9,43.9,0,0
119BOTA_,DSC_2609,800,0.001,400.0,6.3,84.5,41.2,0,0
119BOTA_,DSC_2610,800,0.001,400.0,6.3,68.6,43.1,0,0
119BOTA_,DSC_2611,800,0.001,400.0,6.3,77.4,41.1,0,0
119BOTA_,DSC_2612,800,0.001,400.0,6.3,94.6,40.6,0,0
119BOTA_,DSC_2613,800,0.001,400.0,6.3,87.7,46.2,0,0
119BOTA_,DSC_2614,800,0.001,400.0,6.3,96.1,42.9,0,0
119BOTA_,DSC_2615,800,0.001,400.0,6.3,88.2,41.1,0,0
119BOTA_,DSC_2616,800,0.001,400.0,6.3,68.4,40.6,0,0
119BOTA_,DSC_2617,800,0.0015625,400.0,6.3,118.4,51.5,0,0
119BOTA_,DSC_2618,800,0.0015625,400.0,6.3,135.3,59.2,0,0
119BOTA_,DSC_2619,800,0.00125,400.0,6.3,92.7,44.4,0,0
119BOTA_,DSC_2620,800,0.00125,400.0,6.3,86.9,44.7,0,0
119BOTA_,DSC_2621,800,0.00125,400.0,6.3,91.9,44.1,0,0
119BOTA_,DSC_2622,800,0.00125,400.0,6.3,98.9,44.1,0,0
119BOTA_,DSC_2623,800,0.00125,400.0,6.3,106.7,46.5,0,0
119BOTA_,DSC_2624,800,0.00125,400.0,6.3,102.7,47.6,0,0
119BOTA_,DSC_2625,800,0.00125,400.0,6.3,126.3,59.3,0,0
119BOTA_,DSC_2626,800,0.00125,400.0,6.3,106.8,58.3,0,0
119BOTA_,DSC_2627,800,0.0015625,400.0,6.3,96.4,68.1,0,0
119BOTA_,DSC_2628,800,0.0015625,400.0,6.3,305.9,67.2,0,0
119BOTA_,DSC_2629,800,0.0015625,400.0,6.3,251.0,67.1,0,0
119BOTA_,DSC_2630,800,0.0015625,400.0,6.3,267.3,69.4,0,0
119BOTA_,DSC_2631,800,0.0015625,400.0,6.3,220.8,68.8,0,0
119BOTA_,DSC_2632,800,0.0015625,400.0,6.3,219.9,68.0,0,0
119BOTA_,DSC_2633,800,0.0015625,400.0,6.3,158.4,75.5,0,0
119BOTA_,DSC_2634,800,0.0015625,400.0,6.3,191.7,77.8,0,0
119BOTA_,DSC_2635,800,0.0015625,400.0,6.3,203.9,83.2,0,0
119BOTA_,DSC_2636,800,0.0015625,400.0,6.3,181.8,84.6,0,0
119BOTA_,DSC_2637,800,0.0015625,400.0,6.3,259.0,71.1,0,0
119BOTA_,DSC_2638,800,0.0015625,400.0,6.3,168.4,65.5,0,0
119BOTA_,DSC_2639,800,0.0008,400.0,6.3,54.8,35.6,0,0
119BOTA_,DSC_2640,800,0.0008,400.0,6.3,48.6,73.2,0,0
119BOTA_,DSC_2641,800,0.0008,400.0,6.3,62.4,67.7,0,0
119BOTA_,DSC_2642,800,0.0015625,40.0,5.6,1319.6,100.7,0,0
119BOTA_,DSC_2643,800,0.0015625,40.0,5.6,1579.2,101.7,0,0
119BOTA_,DSC_2644,800,0.0015625,40.0,5.6,1698.2,102.3,0,0
119BOTA_,DSC_2645,800,0.0015625,40.0,5.6,2132.1,102.8,0,0
119BOTA_,DSC_2646,800,0.0015625,40.0,5.6,2047.6,102.8,0,0
119BOTA_,DSC_2647,800,0.0015625,40.0,5.6,2055.5,101.1,0,0
119BOTA_,DSC_2648,800,0.0015625,40.0,5.6,2025.4,100.4,0,0
119BOTA_,DSC_2649,800,0.0015625,40.0,5.6,1802.4,100.0,0,0
119BOTA_,DSC_2650,800,0.00125,400.0,6.3,100.5,68.7,0,0
119BOTA_,DSC_2651,800,0.00125,400.0,6.3,79.6,68.6,0,0
119BOTA_,DSC_2652,800,0.00125,400.0,6.3,68.2,69.4,0,0
119BOTA_,DSC_2653,800,0.00125,400.0,6.3,29.8,77.8,0,0
119BOTA_,DSC_2654,800,0.001,400.0,6.3,79.0,72.0,0,0
119BOTA_,DSC_2655,800,0.00125,400.0,6.3,108.3,75.6,0,0
119BOTA_,DSC_2656,800,0.00125,400.0,6.3,139.3,72.4,0,0
119BOTA_,DSC_2657,800,0.00125,400.0,6.3,139.1,72.0,0,0
119BOTA_,DSC_2658,800,0.00125,400.0,6.3,168.8,69.5,0,0
119BOTA_,DSC_2659,800,0.00125,400.0,6.3,165.7,69.8,0,0
119BOTA_,DSC_2660,800,0.00125,400.0,6.3,140.2,68.5,0,0
119BOTA_,DSC_2661,800,0.00125,400.0,6.3,148.1,70.7,0,0
119BOTA_,DSC_2662,800,0.00125,400.0,6.3,158.5,72.8,0,0
119BOTA_,DSC_2663,800,0.00125,400.0,6.3,212.2,73.3,0,0
119BOTA_,DSC_2664,800,0.00125,400.0,6.3,157.4,72.0,0,0
119BOTA_,DSC_2665,800,0.004,50.0,5.6,627.2,92.3,0,0
119BOTA_,DSC_2666,800,0.0025,122.0,5.6,590.2,65.4,0,0
119BOTA_,DSC_2667,800,0.0025,122.0,5.6,414.2,66.4,0,0
120UCDBL,DSC_3416,640,0.01,18.0,11.0,4536.7,87.6,0,0
120UCDBL,DSC_3417,640,0.01,18.0,11.0,3523.4,88.4,0,0
120UCDBL,DSC_3418,640,0.01,18.0,11.0,3811.9,89.8,0,0
120UCDBL,DSC_3419,500,0.01,46.0,11.0,747.8,75.7,0,0
120UCDBL,DSC_3420,100,0.01,18.0,11.0,919.1,157.4,0,0
120UCDBL,DSC_3421,100,0.01,18.0,11.0,1149.7,140.3,0,0
120UCDBL,DSC_3422,100,0.0125,18.0,11.0,1613.2,125.1,0,0
120UCDBL,DSC_3423,100,0.0125,18.0,11.0,787.0,124.9,0,0
120UCDBL,DSC_3424,100,0.0125,18.0,11.0,1410.7,146.8,0,0
120UCDBL,DSC_3425,100,0.0125,18.0,11.0,712.8,152.3,0,0
120UCDBL,DSC_3426,100,0.0125,18.0,11.0,886.9,155.8,0,0
120UCDBL,DSC_3427,100,0.0125,35.0,11.0,424.5,168.8,0,0
120UCDBL,DSC_3428,100,0.0125,35.0,11.0,415.1,170.5,0,0
120UCDBL,DSC_3429,100,0.0125,35.0,11.0,286.3,175.0,0,0
120UCDBL,DSC_3430,100,0.0125,35.0,11.0,1328.8,162.8,0,0
120UCDBL,DSC_3431,100,0.0125,35.0,11.0,1784.8,164.4,0,0
120UCDBL,DSC_3432,100,0.0125,35.0,11.0,577.2,169.5,0,0
120UCDBL,DSC_3433,100,0.0125,62.0,11.0,754.3,159.2,0,0
120UCDBL,DSC_3434,100,0.0125,18.0,11.0,83.0,167.6,0,0
120UCDBL,DSC_3435,100,0.0125,18.0,11.0,284.8,169.3,0,0
120UCDBL,DSC_3436,180,0.0125,400.0,11.0,201.5,85.0,0,0
120UCDBL,DSC_3437,180,0.0125,400.0,11.0,262.2,78.7,0,0
120UCDBL,DSC_3438,140,0.0125,18.0,11.0,550.1,114.7,0,0
120UCDBL,DSC_3439,140,0.0125,18.0,11.0,812.2,114.7,0,0
120UCDBL,DSC_3440,125,0.0125,18.0,11.0,978.9,109.6,0,0
120UCDBL,DSC_3441,100,0.0125,18.0,11.0,515.1,122.5,0,0
120UCDBL,DSC_3442,100,0.0125,18.0,11.0,1379.0,136.2,0,0
120UCDBL,DSC_3443,100,0.0125,18.0,11.0,192.3,128.8,0,0
120UCDBL,DSC_3444,100,0.0125,18.0,11.0,58.7,129.0,0,0
120UCDBL,DSC_3445,100,0.0125,18.0,11.0,36.2,132.5,0,0
120UCDBL,DSC_3446,100,0.0125,18.0,11.0,37.6,131.7,0,0
120UCDBL,DSC_3447,100,0.0125,18.0,11.0,39.9,132.7,0,0
120UCDBL,DSC_3448,110,0.008,18.0,11.0,42.2,113.9,0,0
120UCDBL,DSC_3449,125,0.008,18.0,11.0,40.5,113.3,0,0
120UCDBL,DSC_3450,125,0.008,18.0,11.0,40.1,112.3,0,0
120UCDBL,DSC_3451,125,0.008,18.0,11.0,40.2,114.2,0,0
120UCDBL,DSC_3452,125,0.008,18.0,11.0,33.0,114.1,0,0
120UCDBL,DSC_3453,110,0.008,18.0,11.0,35.2,108.7,0,0
120UCDBL,DSC_3454,250,0.008,200.0,11.0,284.2,86.1,0,0
120UCDBL,DSC_3455,220,0.008,18.0,11.0,1569.9,105.4,0,0
120UCDBL,DSC_3456,160,0.008,46.0,11.0,678.6,92.1,0,0
120UCDBL,DSC_3457,180,0.008,18.0,11.0,622.4,116.4,0,0
120UCDBL,DSC_3458,180,0.008,18.0,11.0,1518.2,114.9,0,0
120UCDBL,DSC_3459,220,0.008,18.0,11.0,759.1,124.5,0,0
120UCDBL,DSC_3460,220,0.008,18.0,11.0,733.6,125.0,0,0
120UCDBL,DSC_3461,220,0.008,18.0,11.0,553.0,112.2,0,0
120UCDBL,DSC_3462,220,0.008,18.0,11.0,540.1,110.2,0,0
120UCDBL,DSC_3463,220,0.008,18.0,11.0,635.4,114.1,0,0
120UCDBL,DSC_3464,220,0.008,18.0,11.0,578.4,116.3,0,0
120UCDBL,DSC_3465,100,0.008,400.0,11.0,161.1,85.0,0,0
120UCDBL,DSC_3466,100,0.008,400.0,11.0,448.1,82.0,0,0
120UCDBL,DSC_3467,100,0.008,400.0,11.0,1211.6,77.8,0,0
120UCDBL,DSC_3468,110,0.008,400.0,11.0,163.1,53.9,0,0
120UCDBL,DSC_3469,110,0.008,400.0,11.0,285.6,53.7,0,0
120UCDBL,DSC_3470,110,0.008,400.0,11.0,19.9,61.0,0,0
120UCDBL,DSC_3471,140,0.008,220.0,11.0,872.1,63.6,0,0
120UCDBL,DSC_3472,140,0.008,220.0,11.0,640.8,67.3,0,0
120UCDBL,DSC_3473,140,0.008,220.0,11.0,348.4,66.9,0,0
120UCDBL,DSC_3474,140,0.008,220.0,11.0,415.9,64.8,0,0
120UCDBL,DSC_3475,140,0.008,220.0,11.0,423.3,65.2,0,0
120UCDBL,DSC_3476,140,0.008,220.0,11.0,673.1,63.2,0,0
120UCDBL,DSC_3477,140,0.008,220.0,11.0,478.2,66.4,0,0
120UCDBL,DSC_3478,140,0.008,220.0,11.0,1168.7,63.3,0,0
120UCDBL,DSC_3479,140,0.008,220.0,11.0,445.7,63.7,0,0
120UCDBL,DSC_3480,140,0.008,220.0,11.0,960.0,63.4,0,0
120UCDBL,DSC_3481,140,0.008,220.0,11.0,481.0,62.2,0,0
120UCDBL,DSC_3482,110,0.008,220.0,11.0,1531.0,56.3,0,0
120UCDBL,DSC_3483,110,0.008,220.0,11.0,1439.8,56.5,0,0
120UCDBL,DSC_3484,110,0.008,220.0,11.0,852.4,57.8,0,0
120UCDBL,DSC_3485,160,0.008,370.0,11.0,382.8,71.9,0,0
120UCDBL,DSC_3486,160,0.008,370.0,11.0,119.1,70.6,0,0
120UCDBL,DSC_3487,160,0.008,370.0,11.0,382.1,69.9,0,0
120UCDBL,DSC_3488,160,0.008,370.0,11.0,104.4,74.0,0,0
120UCDBL,DSC_3489,160,0.008,370.0,11.0,330.8,73.8,0,0
120UCDBL,DSC_3490,160,0.008,370.0,11.0,93.3,72.7,0,0
120UCDBL,DSC_3491,160,0.008,370.0,11.0,294.2,73.1,0,0
120UCDBL,DSC_3492,160,0.008,370.0,11.0,233.8,77.0,0,0
120UCDBL,DSC_3493,160,0.008,370.0,11.0,141.5,74.5,0,0
120UCDBL,DSC_3494,160,0.008,370.0,11.0,257.3,76.7,0,0
120UCDBL,DSC_3495,160,0.008,370.0,11.0,167.6,72.1,0,0
120UCDBL,DSC_3496,180,0.008,370.0,11.0,163.3,80.4,0,0
120UCDBL,DSC_3497,180,0.008,370.0,11.0,77.3,82.9,0,0
120UCDBL,DSC_3498,180,0.008,370.0,11.0,402.2,82.5,0,0
120UCDBL,DSC_3499,180,0.008,370.0,11.0,10.2,123.0,0,0
120UCDBL,DSC_3500,140,0.008,400.0,11.0,204.7,60.0,0,0
120UCDBL,DSC_3501,140,0.008,400.0,11.0,88.3,60.7,0,0
120UCDBL,DSC_3502,140,0.008,400.0,11.0,58.6,61.6,0,0
120UCDBL,DSC_3503,140,0.008,400.0,11.0,126.8,61.9,0,0
120UCDBL,DSC_3504,140,0.008,400.0,11.0,87.8,61.0,0,0
120UCDBL,DSC_3505,140,0.008,400.0,11.0,314.0,59.5,0,0
120UCDBL,DSC_3506,140,0.008,400.0,11.0,63.2,61.3,0,0
120UCDBL,DSC_3507,140,0.008,400.0,11.0,402.8,60.7,0,0
120UCDBL,DSC_3508,140,0.008,400.0,11.0,126.7,59.8,0,0
120UCDBL,DSC_3509,140,0.008,400.0,11.0,240.2,59.1,0,0
120UCDBL,DSC_3510,140,0.008,400.0,11.0,352.5,57.1,0,0
120UCDBL,DSC_3511,220,0.008,400.0,11.0,49.0,78.4,0,0
120UCDBL,DSC_3512,220,0.008,400.0,11.0,150.1,76.1,0,0
120UCDBL,DSC_3513,220,0.008,400.0,11.0,431.7,76.3,0,0
120UCDBL,DSC_3514,220,0.008,400.0,11.0,199.3,75.7,0,0
120UCDBL,DSC_3515,220,0.008,400.0,11.0,84.8,76.0,0,0
120UCDBL,DSC_3516,220,0.008,400.0,11.0,292.6,78.7,0,0
120UCDBL,DSC_3517,160,0.008,100.0,11.0,323.4,95.6,0,0
120UCDBL,DSC_3518,100,0.008,100.0,11.0,255.4,121.8,0,0
120UCDBL,DSC_3519,140,0.008,100.0,11.0,239.3,83.7,0,0
120UCDBL,DSC_3520,100,0.008,100.0,11.0,89.2,119.6,0,0
120UCDBL,DSC_3521,100,0.008,400.0,11.0,743.9,98.6,0,0
120UCDBL,DSC_3522,100,0.008,400.0,11.0,2090.9,99.6,0,0
120UCDBL,DSC_3523,100,0.008,400.0,11.0,75.4,109.8,0,0
120UCDBL,DSC_3524,100,0.008,400.0,11.0,298.0,109.7,0,0
120UCDBL,DSC_3525,100,0.008,400.0,11.0,66.2,59.1,0,0
120UCDBL,DSC_3526,100,0.008,400.0,11.0,364.9,58.7,0,0
120UCDBL,DSC_3527,160,0.008,58.0,11.0,331.2,88.6,0,0
120UCDBL,DSC_3528,220,0.008,46.0,11.0,296.5,78.7,0,0
120UCDBL,DSC_3529,400,0.008,46.0,11.0,554.5,75.3,0,0
120UCDBL,DSC_3530,180,0.008,18.0,11.0,2101.7,114.2,0,0
120UCDBL,DSC_3531,180,0.008,18.0,11.0,1967.1,114.3,0,0
120UCDBL,DSC_3532,180,0.008,18.0,11.0,1971.2,111.5,0,0
120UCDBL,DSC_3533,100,0.008,400.0,11.0,262.2,82.7,0,0
120UCDBL,DSC_3534,100,0.008,400.0,11.0,1036.9,82.7,0,0
120UCDBL,DSC_3535,100,0.008,400.0,11.0,184.6,86.3,0,0
120UCDBL,DSC_3536,100,0.008,400.0,11.0,188.5,79.2,0,0
120UCDBL,DSC_3537,100,0.008,400.0,11.0,891.9,83.9,0,0
120UCDBL,DSC_3538,100,0.008,400.0,11.0,86.4,92.5,0,0
120UCDBL,DSC_3539,100,0.008,400.0,11.0,209.9,84.0,0,0
120UCDBL,DSC_3540,100,0.008,400.0,11.0,354.8,86.8,0,0
120UCDBL,DSC_3541,100,0.008,400.0,11.0,730.9,81.0,0,0
120UCDBL,DSC_3542,100,0.008,400.0,11.0,156.5,84.3,0,0
120UCDBL,DSC_3543,100,0.008,400.0,11.0,763.3,86.4,0,0
120UCDBL,DSC_3544,100,0.008,400.0,11.0,344.7,81.6,0,0
120UCDBL,DSC_3545,100,0.008,400.0,11.0,183.9,88.1,0,0
120UCDBL,DSC_3546,100,0.008,400.0,11.0,273.5,92.4,0,0
120UCDBL,DSC_3547,100,0.008,400.0,11.0,98.8,94.7,0,0
120UCDBL,DSC_3548,100,0.008,400.0,11.0,666.8,93.1,0,0
120UCDBL,DSC_3549,100,0.008,400.0,11.0,426.6,95.1,0,0
120UCDBL,DSC_3550,100,0.008,400.0,11.0,387.9,91.2,0,0
120UCDBL,DSC_3551,100,0.008,400.0,11.0,473.0,91.0,0,0
120UCDBL,DSC_3552,100,0.008,400.0,11.0,402.6,92.7,0,0
120UCDBL,DSC_3553,100,0.008,400.0,11.0,334.8,90.2,0,0
120UCDBL,DSC_3554,100,0.008,400.0,11.0,209.3,99.5,0,0
120UCDBL,DSC_3555,100,0.008,400.0,11.0,708.7,104.4,0,0
120UCDBL,DSC_3556,100,0.008,400.0,11.0,149.5,103.5,0,0
120UCDBL,DSC_3557,100,0.008,400.0,11.0,748.5,106.0,0,0
120UCDBL,DSC_3558,100,0.008,400.0,11.0,599.1,110.2,0,0
120UCDBL,DSC_3559,100,0.008,400.0,11.0,412.1,111.1,0,0
120UCDBL,DSC_3560,100,0.008,18.0,11.0,160.5,144.1,0,0
120UCDBL,DSC_3561,100,0.008,18.0,11.0,271.9,138.1,0,0
120UCDBL,DSC_3562,100,0.008,18.0,11.0,263.3,136.8,0,0
120UCDBL,DSC_3563,100,0.008,18.0,11.0,179.7,139.8,0,0
120UCDBL,DSC_3564,110,0.008,18.0,11.0,1287.0,126.8,0,0
120UCDBL,DSC_3565,110,0.008,18.0,11.0,1314.9,126.8,0,0
120UCDBL,DSC_3566,100,0.008,18.0,11.0,245.9,146.2,0,0
120UCDBL,DSC_3567,100,0.008,18.0,11.0,271.4,146.1,0,0
120UCDBL,DSC_3568,100,0.008,18.0,11.0,294.1,143.4,0,0
120UCDBL,DSC_3569,125,0.008,18.0,11.0,1936.1,105.0,0,0
120UCDBL,DSC_3570,125,0.008,18.0,11.0,2265.0,106.5,0,0
120UCDBL,DSC_3571,125,0.008,18.0,11.0,2300.5,106.3,0,0
120UCDBL,DSC_3572,125,0.008,18.0,11.0,1408.2,109.7,0,0
120UCDBL,DSC_3573,100,0.008,18.0,11.0,1768.4,108.6,0,0
120UCDBL,DSC_3574,100,0.008,18.0,11.0,1508.1,108.9,0,0
120UCDBL,DSC_3575,100,0.008,18.0,11.0,1621.0,107.9,0,0
120UCDBL,DSC_3576,100,0.008,18.0,11.0,1953.0,108.6,0,0
120UCDBL,DSC_3577,400,0.003125,18.0,11.0,2338.3,111.5,0,0
120UCDBL,DSC_3578,400,0.003125,18.0,11.0,2283.0,112.3,0,0
120UCDBL,DSC_3579,400,0.003125,18.0,11.0,2325.7,112.7,0,0
120UCDBL,DSC_3580,400,0.003125,18.0,11.0,2106.5,108.1,0,0
120UCDBL,DSC_3581,400,0.003125,18.0,11.0,2104.4,108.1,0,0
120UCDBL,DSC_3582,400,0.002,18.0,11.0,267.9,128.5,0,0
120UCDBL,DSC_3583,400,0.002,18.0,11.0,225.1,127.6,0,0
120UCDBL,DSC_3584,400,0.002,18.0,11.0,257.8,128.2,0,0
120UCDBL,DSC_3585,400,0.0025,18.0,11.0,468.0,130.1,0,0
120UCDBL,DSC_3586,400,0.003125,18.0,11.0,281.9,142.2,0,0
120UCDBL,DSC_3587,400,0.003125,18.0,11.0,235.8,141.4,0,0
120UCDBL,DSC_3588,400,0.003125,18.0,11.0,254.3,138.5,0,0
120UCDBL,DSC_3589,400,0.003125,18.0,11.0,257.6,140.6,0,0
120UCDBL,DSC_3590,400,0.003125,18.0,11.0,258.0,142.4,0,0
120UCDBL,DSC_3591,400,0.003125,18.0,11.0,246.8,141.7,0,0
120UCDBL,DSC_3592,400,0.0125,185.0,11.0,354.3,70.1,0,0
120UCDBL,DSC_3593,400,0.0125,185.0,11.0,339.2,70.1,0,0
120UCDBL,DSC_3594,400,0.01,270.0,11.0,201.7,73.3,0,0
120UCDBL,DSC_3595,400,0.01,270.0,11.0,395.8,72.0,0,0
120UCDBL,DSC_3596,400,0.01,270.0,11.0,413.0,72.6,0,0
120UCDBL,DSC_3597,400,0.008,50.0,11.0,367.0,78.5,0,0
120UCDBL,DSC_3598,400,0.008,50.0,11.0,429.4,83.3,0,0
120UCDBL,DSC_3599,400,0.008,50.0,11.0,389.8,71.3,0,0
120UCDBL,DSC_3600,400,0.0125,18.0,11.0,312.5,93.4,0,0
120UCDBL,DSC_3601,400,0.01,18.0,11.0,342.6,76.1,0,0
120UCDBL,DSC_3602,400,0.01,18.0,11.0,328.3,74.3,0,0
120UCDBL,DSC_3603,400,0.01,18.0,11.0,191.7,76.2,0,0
120UCDBL,DSC_3604,400,0.0125,18.0,11.0,344.3,88.6,0,0
120UCDBL,DSC_3605,400,0.02,18.0,11.0,445.2,84.6,0,0
120UCDBL,DSC_3606,400,0.02,18.0,11.0,461.8,83.6,0,0
120UCDBL,DSC_3607,400,0.025,18.0,11.0,375.0,87.0,0,0
120UCDBL,DSC_3608,400,0.0125,18.0,11.0,246.1,87.8,0,0
120UCDBL,DSC_3609,400,0.0125,18.0,11.0,426.5,87.6,0,0
120UCDBL,DSC_3610,400,0.0125,18.0,11.0,331.0,87.8,0,0
120UCDBL,DSC_3611,400,0.0125,18.0,11.0,429.1,87.6,0,0
120UCDBL,DSC_3612,400,0.01,18.0,11.0,311.9,86.1,0,0
120UCDBL,DSC_3613,400,0.01,18.0,11.0,374.2,85.5,0,0
120UCDBL,DSC_3614,400,0.01,18.0,11.0,397.0,85.4,0,0
120UCDBL,DSC_3615,400,0.0125,18.0,11.0,478.4,88.8,0,0
120UCDBL,DSC_3616,400,0.0125,18.0,11.0,509.3,88.4,0,0
120UCDBL,DSC_3617,400,0.0125,18.0,11.0,321.8,87.3,0,0
120UCDBL,DSC_3618,400,0.02,18.0,11.0,511.9,101.6,0,0
120UCDBL,DSC_3619,400,0.02,18.0,11.0,519.7,100.8,0,0
120UCDBL,DSC_3620,400,0.02,18.0,11.0,468.7,100.7,0,0
120UCDBL,DSC_3621,400,0.002,400.0,11.0,59.8,109.8,0,0
120UCDBL,DSC_3622,400,0.002,400.0,11.0,157.2,100.6,0,0
120UCDBL,DSC_3623,400,0.002,400.0,11.0,146.6,102.4,0,0
120UCDBL,DSC_3624,400,0.0025,400.0,11.0,199.8,138.3,0,0
120UCDBL,DSC_3625,400,0.002,400.0,11.0,121.3,89.3,0,0
120UCDBL,DSC_3626,400,0.002,400.0,11.0,153.6,94.8,0,0
120UCDBL,DSC_3627,400,0.002,400.0,11.0,150.3,103.3,0,0
120UCDBL,DSC_3628,400,0.003125,400.0,11.0,318.8,94.7,0,0
120UCDBL,DSC_3629,400,0.003125,400.0,11.0,883.2,101.0,0,0
120UCDBL,DSC_3630,400,0.003125,400.0,11.0,735.7,99.6,0,0
120UCDBL,DSC_3631,400,0.003125,400.0,11.0,582.4,100.6,0,0
120UCDBL,DSC_3632,400,0.003125,400.0,11.0,628.4,101.5,0,0
120UCDBL,DSC_3633,400,0.003125,400.0,11.0,598.1,100.3,0,0
120UCDBL,DSC_3634,400,0.003125,400.0,11.0,636.4,101.6,0,0
120UCDBL,DSC_3635,400,0.003125,400.0,11.0,557.5,101.7,0,0
120UCDBL,DSC_3636,400,0.003125,400.0,11.0,785.4,100.8,0,0
120UCDBL,DSC_3637,400,0.003125,400.0,11.0,53.3,102.2,0,0
120UCDBL,DSC_3638,400,0.0025,400.0,11.0,213.3,111.8,0,0
120UCDBL,DSC_3639,400,0.0025,400.0,11.0,18.8,65.5,0,0
120UCDBL,DSC_3640,400,0.002,400.0,11.0,61.0,100.3,0,0
120UCDBL,DSC_3641,400,0.002,18.0,11.0,1411.5,129.5,0,0
120UCDBL,DSC_3642,400,0.002,18.0,11.0,1449.1,132.2,0,0
120UCDBL,DSC_3643,400,0.0025,65.0,11.0,580.8,81.6,0,0
120UCDBL,DSC_3644,400,0.0025,65.0,11.0,1151.3,99.7,0,0
120UCDBL,DSC_3645,400,0.0025,65.0,11.0,829.7,108.9,0,0
120UCDBL,DSC_3646,400,0.0025,65.0,11.0,681.7,113.4,0,0
120UCDBL,DSC_3647,400,0.0025,70.0,11.0,990.0,110.9,0,0
120UCDBL,DSC_3648,400,0.0025,70.0,11.0,1090.2,103.5,0,0
120UCDBL,DSC_3649,400,0.0025,65.0,11.0,1037.1,95.1,0,0
120UCDBL,DSC_3650,400,0.0025,65.0,11.0,797.8,87.0,0,0
120UCDBL,DSC_3651,400,0.0025,65.0,11.0,387.6,45.0,0,0
120UCDBL,DSC_3652,400,0.0025,65.0,11.0,590.2,31.6,0,0
120UCDBL,DSC_3653,400,0.005,86.0,11.0,139.9,86.7,0,0
120UCDBL,DSC_3654,400,0.005,86.0,11.0,134.1,87.2,0,0
120UCDBL,DSC_3655,400,0.008,65.0,11.0,98.8,119.8,0,0
120UCDBL,DSC_3656,400,0.008,65.0,11.0,61.3,119.8,0,0
120UCDBL,DSC_3657,400,0.008,65.0,11.0,51.4,120.7,0,0
120UCDBL,DSC_3658,400,0.008,65.0,11.0,48.9,120.7,0,0
120UCDBL,DSC_3659,400,0.008,65.0,11.0,129.9,121.5,0,0
120UCDBL,DSC_3660,400,0.008,65.0,11.0,50.5,121.5,0,0
120UCDBL,DSC_3661,400,0.008,65.0,11.0,52.1,121.4,0,0
120UCDBL,DSC_3662,400,0.008,65.0,11.0,75.7,119.7,0,0
120UCDBL,DSC_3663,400,0.002,18.0,11.0,704.0,131.6,0,0
120UCDBL,DSC_3664,400,0.002,18.0,11.0,677.6,131.1,0,0
120UCDBL,DSC_3665,400,0.002,18.0,11.0,687.8,131.4,0,0
120UCDBL,DSC_3666,400,0.002,18.0,11.0,835.2,128.9,0,0
120UCDBL,DSC_3667,400,0.002,18.0,11.0,511.9,130.6,0,0
120UCDBL,DSC_3668,400,0.005,100.0,11.0,64.8,100.3,0,0
120UCDBL,DSC_3669,400,0.005,135.0,11.0,38.6,101.5,0,0
120UCDBL,DSC_3670,400,0.005,220.0,11.0,29.4,91.7,0,0
120UCDBL,DSC_3671,400,0.003125,116.0,11.0,1472.2,64.2,0,0
120UCDBL,DSC_3672,400,0.003125,116.0,11.0,2206.4,68.9,0,0
120UCDBL,DSC_3673,400,0.003125,100.0,11.0,1623.8,69.0,0,0
120UCDBL,DSC_3674,400,0.003125,100.0,11.0,2787.4,66.7,0,0
120UCDBL,DSC_3675,400,0.003125,100.0,11.0,2874.6,66.7,0,0
120UCDBL,DSC_3676,400,0.003125,100.0,11.0,2915.9,65.7,0,0
120UCDBL,DSC_3677,400,0.003125,100.0,11.0,2870.5,66.0,0,0
120UCDBL,DSC_3678,400,0.003125,100.0,11.0,2864.7,66.1,0,0
120UCDBL,DSC_3679,400,0.003125,100.0,11.0,2789.5,66.4,0,0
120UCDBL,DSC_3680,400,0.004,100.0,11.0,35.1,101.2,0,0
120UCDBL,DSC_3681,400,0.004,100.0,11.0,20.3,101.5,0,0
120UCDBL,DSC_3682,400,0.0015625,400.0,11.0,796.9,126.1,0,0
120UCDBL,DSC_3683,400,0.0015625,400.0,11.0,769.3,120.6,0,0
120UCDBL,DSC_3684,400,0.0025,145.0,11.0,809.3,98.4,0,0
120UCDBL,DSC_3685,400,0.002,145.0,11.0,1300.9,101.3,0,0
120UCDBL,DSC_3686,400,0.0015625,122.0,11.0,314.1,110.9,0,0
120UCDBL,DSC_3687,400,0.0025,400.0,11.0,140.2,109.6,0,0
120UCDBL,DSC_3688,400,0.0025,400.0,11.0,409.7,95.3,0,0
120UCDBL,DSC_3689,400,0.0025,400.0,11.0,411.6,101.8,0,0
120UCDBL,DSC_3690,400,0.0025,400.0,11.0,460.0,97.8,0,0
120UCDBL,DSC_3691,400,0.0025,400.0,11.0,421.8,98.5,0,0
120UCDBL,DSC_3692,400,0.0025,400.0,11.0,292.7,105.2,0,0
120UCDBL,DSC_3693,400,0.003125,70.0,11.0,1475.0,87.5,0,0
120UCDBL,DSC_3694,400,0.004,86.0,11.0,3286.1,86.1,0,0
120UCDBL,DSC_3695,400,0.002,92.0,11.0,2251.5,83.0,0,0
120UCDBL,DSC_3696,400,0.002,100.0,11.0,1123.7,73.6,0,0
120UCDBL,DSC_3697,400,0.0025,185.0,11.0,628.2,94.2,0,0
120UCDBL,DSC_3698,400,0.0015625,185.0,11.0,627.5,66.3,0,0
120UCDBL,DSC_3889,800,0.00625,18.0,11.0,92.8,110.0,0,0
120UCDBL,DSC_3890,,0.008,18.0,11.0,203.9,100.5,0,0
120UCDBL,DSC_3891,,0.008,18.0,11.0,217.1,100.6,0,0
120UCDBL,DSC_3892,,0.008,18.0,11.0,211.2,97.4,0,0
120UCDBL,DSC_3893,,0.008,18.0,11.0,215.9,97.2,0,0
120UCDBL,DSC_3894,3200,0.008,18.0,11.0,105.5,89.4,0,0
120UCDBL,DSC_3895,3200,0.008,18.0,11.0,155.5,89.3,0,0
120UCDBL,DSC_3896,3200,0.008,18.0,11.0,111.2,88.7,0,0
120UCDBL,DSC_3897,3200,0.008,18.0,11.0,157.1,88.8,0,0
120UCDBL,DSC_3898,,0.008,18.0,11.0,265.2,95.7,0,0
120UCDBL,DSC_3899,,0.008,18.0,11.0,295.9,95.4,0,0
120UCDBL,DSC_3900,,0.008,18.0,11.0,290.0,95.9,0,0
120UCDBL,DSC_3901,,0.008,18.0,11.0,301.5,94.7,0,0
120UCDBL,DSC_3902,,0.008,18.0,11.0,272.2,94.0,0,0
120UCDBL,DSC_3903,,0.008,18.0,11.0,289.9,93.7,0,0
120UCDBL,DSC_3904,,0.008,18.0,11.0,284.8,93.9,0,0
120UCDBL,DSC_3905,,0.008,18.0,11.0,287.7,96.9,0,0
120UCDBL,DSC_3906,,0.008,18.0,11.0,296.5,96.9,0,0
120UCDBL,DSC_3907,,0.008,18.0,11.0,316.0,102.9,0,0
120UCDBL,DSC_3908,,0.008,18.0,11.0,312.0,102.6,0,0
120UCDBL,DSC_3909,,0.008,18.0,11.0,322.1,102.9,0,0
120UCDBL,DSC_3910,,0.008,18.0,11.0,321.2,102.8,0,0
120UCDBL,DSC_3911,,0.008,18.0,11.0,321.9,103.0,0,0
120UCDBL,DSC_3912,,0.008,18.0,11.0,327.0,102.9,0,0
120UCDBL,DSC_3913,,0.008,18.0,11.0,316.0,102.5,0,0
120UCDBL,DSC_3914,,0.008,18.0,11.0,316.3,102.6,0,0
120UCDBL,DSC_3915,,0.008,18.0,11.0,319.3,102.5,0,0
120UCDBL,DSC_3916,,0.008,18.0,11.0,307.9,102.4,0,0
120UCDBL,DSC_3917,,0.008,18.0,11.0,288.4,101.9,0,0
120UCDBL,DSC_3918,,0.008,18.0,11.0,294.0,101.7,0,0
120UCDBL,DSC_3919,,0.008,18.0,11.0,135.4,102.9,0,0
120UCDBL,DSC_3920,,0.008,18.0,13.0,287.2,105.0,0,0
120UCDBL,DSC_3921,,0.008,18.0,13.0,249.9,104.2,0,0
120UCDBL,DSC_3922,,0.008,18.0,13.0,338.4,106.7,0,0
120UCDBL,DSC_3923,3200,0.008,135.0,13.0,65.3,85.6,0,0
120UCDBL,DSC_3924,2800,0.008,145.0,13.0,59.5,83.8,0,0
120UCDBL,DSC_3925,,0.008,185.0,13.0,52.8,85.2,0,0
120UCDBL,DSC_3926,,0.008,400.0,13.0,70.2,91.4,0,0
120UCDBL,DSC_3927,,0.008,400.0,13.0,72.1,90.9,0,0
120UCDBL,DSC_3928,,0.008,400.0,13.0,87.5,93.2,0,0
120UCDBL,DSC_3929,,0.008,400.0,13.0,65.8,93.8,0,0
120UCDBL,DSC_3930,,0.008,170.0,13.0,31.4,85.2,0,0
120UCDBL,DSC_3931,400,0.016666666666666666,18.0,11.0,357.7,116.9,0,0
120UCDBL,DSC_3932,400,0.016666666666666666,18.0,11.0,591.7,116.3,0,0
120UCDBL,DSC_3933,450,0.016666666666666666,18.0,11.0,601.9,117.5,0,0
120UCDBL,DSC_3934,450,0.016666666666666666,18.0,11.0,611.6,117.1,0,0
120UCDBL,DSC_3935,450,0.016666666666666666,18.0,11.0,1049.4,122.5,0,0
120UCDBL,DSC_3936,450,0.016666666666666666,18.0,11.0,1272.2,121.5,0,0
120UCDBL,DSC_3937,400,0.0125,18.0,11.0,1075.3,110.6,0,0
120UCDBL,DSC_3938,400,0.0125,18.0,11.0,1060.6,111.2,0,0
120UCDBL,DSC_3939,400,0.004,35.0,11.0,313.1,103.8,0,0
120UCDBL,DSC_3940,400,0.004,35.0,11.0,318.1,103.9,0,0
120UCDBL,DSC_3941,400,0.004,35.0,11.0,339.2,104.1,0,0
120UCDBL,DSC_3942,400,0.005,35.0,11.0,538.4,106.7,0,0
120UCDBL,DSC_3943,400,0.005,35.0,11.0,550.9,105.4,0,0
120UCDBL,DSC_3944,400,0.005,35.0,11.0,667.6,105.8,0,0
120UCDBL,DSC_3945,400,0.005,35.0,11.0,793.7,105.0,0,0
120UCDBL,DSC_4407,1600,0.0025,400.0,40.0,3.2,7.7,0,0
120UCDBL,DSC_4408,1600,0.0025,400.0,40.0,2.9,5.6,0,0
120UCDBL,DSC_4409,1600,0.0025,400.0,40.0,3.6,9.0,0,0
120UCDBL,DSC_4410,1600,0.0025,400.0,40.0,4.0,10.7,0,0
120UCDBL,DSC_4411,1600,0.0025,400.0,40.0,3.4,9.5,0,0
120UCDBL,DSC_4412,1600,0.0025,400.0,40.0,4.3,12.4,0,0
120UCDBL,DSC_4413,1600,0.0025,400.0,40.0,2.3,3.8,0,0
120UCDBL,DSC_4414,1600,0.0025,400.0,40.0,2.5,4.1,0,0
120UCDBL,DSC_4415,1600,0.0025,400.0,40.0,2.6,4.6,0,0
120UCDBL,DSC_4416,1600,0.0025,400.0,40.0,3.4,9.0,0,0
120UCDBL,DSC_4417,1600,0.0025,400.0,40.0,3.6,9.6,0,0
120UCDBL,DSC_4418,1600,0.0025,400.0,40.0,4.0,10.6,0,0
120UCDBL,DSC_4419,,0.0025,400.0,40.0,19.1,41.1,0,0
120UCDBL,DSC_4420,,0.0025,400.0,40.0,18.6,41.6,0,0
120UCDBL,DSC_4421,,0.0025,400.0,40.0,20.1,43.0,0,0
120UCDBL,DSC_4422,,0.0025,400.0,40.0,21.9,44.4,0,0
120UCDBL,DSC_4423,,0.0025,400.0,40.0,20.0,42.0,0,0
120UCDBL,DSC_4424,,0.0025,400.0,40.0,20.4,40.8,0,0
120UCDBL,DSC_4425,,0.0025,400.0,40.0,19.1,43.2,0,0
120UCDBL,DSC_4426,,0.0025,400.0,40.0,22.0,45.5,0,0
120UCDBL,DSC_4427,,0.0025,400.0,40.0,23.1,51.0,0,0
120UCDBL,DSC_4428,,0.0025,400.0,40.0,22.3,48.8,0,0
120UCDBL,DSC_4429,,0.0025,400.0,40.0,20.1,46.5,0,0
120UCDBL,DSC_4430,,0.0025,400.0,40.0,21.1,44.4,0,0
120UCDBL,DSC_4431,,0.0025,400.0,40.0,22.6,45.6,0,0
120UCDBL,DSC_4432,,0.0025,400.0,40.0,18.7,44.2,0,0
120UCDBL,DSC_4433,,0.0025,400.0,40.0,22.4,44.9,0,0
120UCDBL,DSC_4434,,0.0025,400.0,40.0,22.1,47.0,0,0
120UCDBL,DSC_4435,,0.0025,400.0,40.0,19.0,46.3,0,0
120UCDBL,DSC_4436,,0.0025,400.0,40.0,20.3,43.1,0,0
120UCDBL,DSC_4437,,0.0025,400.0,40.0,20.4,43.3,0,0
120UCDBL,DSC_4438,,0.0025,400.0,40.0,22.4,47.7,0,0
120UCDBL,DSC_4439,,0.0025,400.0,40.0,22.9,48.4,0,0
120UCDBL,DSC_4440,,0.0025,400.0,40.0,22.0,48.3,0,0
120UCDBL,DSC_4441,,0.0025,400.0,40.0,23.9,48.2,0,0
120UCDBL,DSC_4442,,0.0025,400.0,40.0,21.1,48.0,0,0
120UCDBL,DSC_4443,,0.0025,400.0,40.0,24.3,47.2,0,0
120UCDBL,DSC_4444,,0.0025,400.0,40.0,24.3,48.4,0,0
120UCDBL,DSC_4445,,0.0025,400.0,40.0,22.1,47.5,0,0
120UCDBL,DSC_4446,,0.0025,400.0,40.0,23.5,47.4,0,0
120UCDBL,DSC_4447,1600,0.004,400.0,6.3,33.0,137.2,0,0
120UCDBL,DSC_4448,1600,0.004,400.0,6.3,14.7,133.5,0,0
120UCDBL,DSC_4449,1600,0.004,400.0,6.3,14.8,131.7,0,0
120UCDBL,DSC_4450,1600,0.004,400.0,6.3,18.0,139.6,0,0
120UCDBL,DSC_4451,1600,0.004,400.0,6.3,25.9,137.5,0,0
120UCDBL,DSC_4452,1600,0.004,400.0,6.3,9.1,130.6,0,0
120UCDBL,DSC_4453,,0.0008,400.0,40.0,11.5,26.6,0,0
120UCDBL,DSC_4454,,0.0008,400.0,40.0,11.4,26.3,0,0
120UCDBL,DSC_4455,,0.0008,400.0,40.0,11.3,26.5,0,0
120UCDBL,DSC_4456,,0.0008,400.0,40.0,11.2,26.0,0,0
120UCDBL,DSC_4457,,0.0008,400.0,40.0,11.6,27.0,0,0
120UCDBL,DSC_4458,,0.0008,400.0,40.0,12.0,28.1,0,0
120UCDBL,DSC_4459,,0.0008,400.0,40.0,12.0,27.7,0,0
120UCDBL,DSC_4460,,0.0008,400.0,40.0,11.8,27.5,0,0
120UCDBL,DSC_4461,,0.0008,400.0,40.0,12.2,28.5,0,0
120UCDBL,DSC_4462,,0.0008,400.0,40.0,12.1,28.5,0,0
120UCDBL,DSC_4463,,0.0008,400.0,40.0,12.1,28.4,0,0
120UCDBL,DSC_4464,,0.0008,400.0,40.0,12.1,28.3,0,0
120UCDBL,DSC_4465,,0.0008,400.0,40.0,11.4,26.9,0,0
120UCDBL,DSC_4466,,0.0008,400.0,40.0,10.7,24.6,0,0
120UCDBL,DSC_4467,,0.0008,400.0,40.0,10.9,24.9,0,0
120UCDBL,DSC_4468,,0.0008,400.0,40.0,10.4,24.3,0,0
120UCDBL,DSC_4469,,0.0008,400.0,40.0,12.1,28.4,0,0
120UCDBL,DSC_4470,,0.0008,400.0,40.0,12.3,28.9,0,0
120UCDBL,DSC_4471,,0.0008,400.0,40.0,12.5,29.4,0,0
120UCDBL,DSC_4472,,0.0008,400.0,40.0,12.0,27.7,0,0
120UCDBL,DSC_4473,,0.0008,400.0,40.0,12.5,28.8,0,0
120UCDBL,DSC_4474,,0.0008,400.0,40.0,12.8,29.5,0,0
120UCDBL,DSC_4475,,0.0008,400.0,40.0,12.8,29.3,0,0
120UCDBL,DSC_4476,,0.0008,400.0,40.0,14.0,30.8,0,0
120UCDBL,DSC_4477,,0.0008,400.0,40.0,11.8,27.5,0,0
120UCDBL,DSC_4478,,0.0008,400.0,40.0,11.7,27.4,0,0
120UCDBL,DSC_4479,,0.0008,400.0,40.0,11.6,27.4,0,0
120UCDBL,DSC_4480,,0.0008,400.0,40.0,11.7,27.7,0,0
120UCDBL,DSC_4481,,0.0008,400.0,40.0,11.3,26.7,0,0
120UCDBL,DSC_4482,,0.0008,400.0,40.0,11.2,26.0,0,0
120UCDBL,DSC_4483,,0.0008,400.0,40.0,12.0,27.8,0,0
120UCDBL,DSC_4484,,0.0008,400.0,40.0,12.5,28.5,0,0
120UCDBL,DSC_4485,,0.0008,400.0,40.0,11.2,26.2,0,0
120UCDBL,DSC_4486,,0.0008,400.0,40.0,11.0,25.5,0,0
120UCDBL,DSC_4487,,0.0008,400.0,40.0,10.7,24.8,0,0
120UCDBL,DSC_4488,,0.0008,400.0,40.0,10.7,24.6,0,0
120UCDBL,DSC_4489,,0.0008,400.0,40.0,10.8,25.3,0,0
120UCDBL,DSC_4490,,0.0008,400.0,40.0,10.6,24.9,0,0
120UCDBL,DSC_4491,,0.0008,400.0,40.0,11.0,25.7,0,0
120UCDBL,DSC_4492,,0.0008,400.0,40.0,11.7,26.6,0,0
120UCDBL,DSC_4493,,0.0008,400.0,40.0,11.6,26.6,0,0
120UCDBL,DSC_4494,,0.0008,400.0,40.0,12.1,28.7,0,0
120UCDBL,DSC_4495,,0.0008,400.0,40.0,12.2,28.9,0,0
120UCDBL,DSC_4496,,0.0008,400.0,40.0,11.7,26.6,0,0
120UCDBL,DSC_4497,,0.0008,400.0,40.0,12.4,28.9,0,0
120UCDBL,DSC_4498,,0.0008,400.0,40.0,12.7,29.7,0,0
120UCDBL,DSC_4499,,0.0008,400.0,40.0,12.2,28.3,0,0
120UCDBL,DSC_4500,,0.0008,400.0,40.0,12.0,27.7,0,0
120UCDBL,DSC_4501,,0.0008,400.0,40.0,11.7,27.5,0,0
120UCDBL,DSC_4502,,0.0008,400.0,40.0,12.1,28.3,0,0
120UCDBL,DSC_4503,,0.0008,400.0,40.0,12.2,28.6,0,0
120UCDBL,DSC_4504,,0.0008,400.0,40.0,12.2,28.6,0,0
120UCDBL,DSC_4505,,0.0008,400.0,40.0,12.5,29.9,0,0
120UCDBL,DSC_4506,,0.0008,400.0,40.0,11.9,27.9,0,0
120UCDBL,DSC_4507,,0.0008,400.0,40.0,11.8,28.1,0,0
120UCDBL,DSC_4508,,0.0008,400.0,40.0,12.7,29.6,0,0
120UCDBL,DSC_4509,,0.0008,400.0,40.0,12.1,27.8,0,0
120UCDBL,DSC_4510,,0.0008,400.0,40.0,11.9,27.9,0,0
120UCDBL,DSC_4511,,0.0008,400.0,40.0,11.9,28.2,0,0
120UCDBL,DSC_4512,,0.0008,400.0,40.0,12.0,27.8,0,0
120UCDBL,DSC_4513,,0.0008,400.0,40.0,12.0,28.2,0,0
120UCDBL,DSC_4514,,0.0008,400.0,40.0,11.9,28.1,0,0
120UCDBL,DSC_4515,,0.0008,400.0,40.0,11.7,27.6,0,0
120UCDBL,DSC_4516,,0.0008,400.0,40.0,11.5,27.3,0,0
120UCDBL,DSC_4517,,0.0008,400.0,40.0,11.8,26.8,0,0
120UCDBL,DSC_4518,,0.0008,400.0,40.0,11.6,26.8,0,0
120UCDBL,DSC_4519,,0.0008,400.0,40.0,12.0,27.4,0,0
120UCDBL,DSC_4520,,0.0008,400.0,40.0,9.8,21.7,0,0
120UCDBL,DSC_4521,,0.0008,400.0,40.0,9.9,22.2,0,0
120UCDBL,DSC_4522,,0.0008,400.0,40.0,10.1,22.9,0,0
120UCDBL,DSC_4523,,0.0008,38.0,25.0,16.5,30.6,0,0
120UCDBL,DSC_4524,,0.0008,38.0,25.0,16.2,30.5,0,0
120UCDBL,DSC_4525,,0.0008,38.0,25.0,16.4,30.4,0,0
120UCDBL,DSC_4526,,0.0008,38.0,25.0,15.7,30.2,0,0
120UCDBL,DSC_4527,,0.0008,38.0,25.0,15.6,30.2,0,0
120UCDBL,DSC_4528,,0.0008,38.0,25.0,15.7,29.0,0,0
120UCDBL,DSC_4529,,0.0008,40.0,25.0,17.3,30.0,0,0
120UCDBL,DSC_4530,,0.0008,38.0,25.0,16.6,30.3,0,0
120UCDBL,DSC_4531,,0.0008,38.0,25.0,16.5,30.6,0,0
120UCDBL,DSC_4532,,0.0008,38.0,25.0,16.6,30.7,0,0
120UCDBL,DSC_4533,,0.0008,38.0,25.0,16.6,30.5,0,0
120UCDBL,DSC_4534,,0.0008,38.0,25.0,16.6,30.1,0,0
120UCDBL,DSC_4535,,0.0008,38.0,25.0,17.9,32.2,0,0
120UCDBL,DSC_4536,,0.0008,38.0,25.0,17.4,31.9,0,0
120UCDBL,DSC_4537,,0.0008,38.0,25.0,17.2,31.9,0,0
120UCDBL,DSC_4538,,0.0008,38.0,25.0,18.9,33.0,0,0
120UCDBL,DSC_4539,,0.0008,38.0,25.0,18.4,32.7,0,0
120UCDBL,DSC_4540,,0.0008,50.0,29.0,15.5,31.7,0,0
120UCDBL,DSC_4541,,0.0008,50.0,29.0,15.1,31.5,0,0
120UCDBL,DSC_4542,,0.0008,50.0,29.0,15.3,31.7,0,0
120UCDBL,DSC_4543,,0.0008,50.0,29.0,15.4,31.3,0,0
120UCDBL,DSC_4544,,0.0008,50.0,29.0,15.5,31.5,0,0
120UCDBL,DSC_4545,,0.0008,50.0,29.0,14.8,30.4,0,0
120UCDBL,DSC_4546,,0.0008,50.0,29.0,15.1,31.3,0,0
120UCDBL,DSC_4547,,0.0008,35.0,25.0,17.7,33.3,0,0
120UCDBL,DSC_4548,,0.0008,35.0,25.0,17.0,32.5,0,0
120UCDBL,DSC_4549,,0.0008,35.0,25.0,16.9,32.8,0,0
120UCDBL,DSC_4550,,0.0008,35.0,25.0,17.8,33.7,0,0
120UCDBL,DSC_4551,,0.0008,35.0,25.0,18.0,33.9,0,0
120UCDBL,DSC_4552,,0.0008,35.0,25.0,19.0,35.2,0,0
120UCDBL,DSC_4553,,0.0008,35.0,25.0,18.3,34.6,0,0
120UCDBL,DSC_4554,,0.0008,35.0,25.0,18.5,34.7,0,0
120UCDBL,DSC_4555,,0.0008,35.0,25.0,18.4,34.4,0,0
120UCDBL,DSC_4556,,0.0008,35.0,25.0,18.9,34.8,0,0
120UCDBL,DSC_4557,,0.0008,35.0,25.0,18.6,35.0,0,0
120UCDBL,DSC_4558,,0.0008,35.0,25.0,18.4,33.7,0,0
120UCDBL,DSC_4559,,0.0008,35.0,25.0,18.1,33.6,0,0
120UCDBL,DSC_4560,,0.0008,75.0,32.0,14.9,32.4,0,0
120UCDBL,DSC_4561,,0.0008,75.0,32.0,14.5,31.6,0,0
120UCDBL,DSC_4562,,0.0008,75.0,32.0,14.5,31.8,0,0
120UCDBL,DSC_4563,,0.0008,75.0,32.0,14.6,31.7,0,0
120UCDBL,DSC_4564,,0.0008,100.0,32.0,12.7,29.1,0,0
120UCDBL,DSC_4565,,0.0008,100.0,32.0,13.1,29.7,0,0
120UCDBL,DSC_4566,,0.0008,100.0,32.0,13.8,30.9,0,0
120UCDBL,DSC_4567,,0.0008,65.0,29.0,15.2,32.0,0,0
120UCDBL,DSC_4568,,0.0008,65.0,29.0,15.1,32.4,0,0
120UCDBL,DSC_4569,,0.0008,65.0,29.0,15.0,32.4,0,0
120UCDBL,DSC_4570,,0.0008,65.0,29.0,15.0,32.4,0,0
120UCDBL,DSC_4571,,0.0008,65.0,29.0,15.3,32.7,0,0
120UCDBL,DSC_4572,,0.0008,65.0,29.0,15.4,32.6,0,0
120UCDBL,DSC_4573,,0.0008,65.0,29.0,15.3,32.6,0,0
120UCDBL,DSC_4574,,0.0008,65.0,29.0,15.2,32.6,0,0
120UCDBL,DSC_4575,,0.0008,65.0,29.0,15.3,31.8,0,0
120UCDBL,DSC_4576,,0.0008,65.0,29.0,14.8,31.6,0,0
120UCDBL,DSC_4577,,0.0008,80.0,32.0,13.9,30.2,0,0
120UCDBL,DSC_4578,,0.0008,80.0,32.0,13.9,30.3,0,0
120UCDBL,DSC_4579,,0.0008,80.0,32.0,14.1,30.6,0,0
120UCDBL,DSC_4580,,0.0008,80.0,32.0,14.2,31.0,0,0
120UCDBL,DSC_4581,,0.0008,80.0,32.0,14.2,30.8,0,0
120UCDBL,DSC_4582,,0.0008,80.0,32.0,14.6,32.0,0,0
120UCDBL,DSC_4583,,0.0008,62.0,29.0,15.1,32.2,0,0
120UCDBL,DSC_4584,,0.0008,62.0,29.0,14.9,31.6,0,0
120UCDBL,DSC_4585,,0.0008,62.0,29.0,14.8,31.6,0,0
120UCDBL,DSC_4586,,0.0008,62.0,29.0,15.1,32.2,0,0
120UCDBL,DSC_4587,,0.0008,62.0,29.0,15.1,32.1,0,0
120UCDBL,DSC_4588,,0.0008,62.0,29.0,14.8,31.2,0,0
120UCDBL,DSC_4589,,0.0008,62.0,29.0,14.6,31.2,0,0
120UCDBL,DSC_4590,,0.0008,62.0,29.0,15.0,32.1,0,0
120UCDBL,DSC_4591,,0.0008,62.0,29.0,14.9,31.8,0,0
120UCDBL,DSC_4592,,0.0008,62.0,29.0,15.3,32.3,0,0
120UCDBL,DSC_4593,,0.0008,62.0,29.0,14.9,31.9,0,0
120UCDBL,DSC_4594,,0.0008,62.0,29.0,14.8,31.7,0,0
120UCDBL,DSC_4595,,0.0008,62.0,29.0,15.0,31.9,0,0
120UCDBL,DSC_4596,,0.0008,135.0,36.0,12.8,28.8,0,0
120UCDBL,DSC_4597,,0.0008,135.0,36.0,12.7,28.5,0,0
120UCDBL,DSC_4598,,0.0008,135.0,36.0,12.5,28.5,0,0
120UCDBL,DSC_4599,,0.0008,135.0,36.0,12.8,29.2,0,0
120UCDBL,DSC_4600,,0.0008,100.0,32.0,13.4,29.9,0,0
120UCDBL,DSC_4601,,0.0008,100.0,32.0,13.3,29.4,0,0
120UCDBL,DSC_4602,,0.0008,100.0,32.0,13.6,30.2,0,0
120UCDBL,DSC_4603,,0.0008,100.0,32.0,13.3,29.4,0,0
120UCDBL,DSC_4604,,0.0008,100.0,32.0,13.4,29.9,0,0
120UCDBL,DSC_4605,,0.0008,100.0,32.0,13.5,30.1,0,0
120UCDBL,DSC_4606,,0.0008,100.0,32.0,13.4,29.5,0,0
120UCDBL,DSC_4607,,0.0008,100.0,32.0,13.6,30.3,0,0
120UCDBL,DSC_4608,,0.0008,400.0,40.0,12.7,29.6,0,0
120UCDBL,DSC_4609,,0.0008,400.0,40.0,13.5,31.0,0,0
120UCDBL,DSC_4610,,0.0008,400.0,40.0,13.5,31.0,0,0
120UCDBL,DSC_4611,,0.0008,400.0,40.0,12.6,28.7,0,0
120UCDBL,DSC_4612,,0.0008,400.0,40.0,12.2,28.2,0,0
120UCDBL,DSC_4613,,0.0008,400.0,40.0,14.7,32.7,0,0
120UCDBL,DSC_4614,,0.0008,400.0,40.0,16.0,35.6,0,0
120UCDBL,DSC_4615,,0.0008,400.0,40.0,16.0,35.2,0,0
120UCDBL,DSC_4616,,0.0008,400.0,40.0,16.0,35.4,0,0
120UCDBL,DSC_4617,,0.0008,400.0,40.0,15.3,34.2,0,0
120UCDBL,DSC_4618,,0.0008,400.0,40.0,15.2,33.9,0,0
120UCDBL,DSC_4619,,0.0008,400.0,40.0,15.0,32.9,0,0
120UCDBL,DSC_4620,,0.0008,400.0,40.0,15.0,33.3,0,0
120UCDBL,DSC_4621,,0.0008,400.0,40.0,15.2,33.4,0,0
120UCDBL,DSC_4622,,0.0008,400.0,40.0,14.9,33.2,0,0
120UCDBL,DSC_4623,,0.0008,400.0,40.0,13.1,29.8,0,0
120UCDBL,DSC_4624,,0.0008,400.0,40.0,12.6,28.9,0,0
120UCDBL,DSC_4625,,0.0008,400.0,40.0,12.9,29.4,0,0
120UCDBL,DSC_4626,,0.0008,400.0,40.0,12.9,29.3,0,0
120UCDBL,DSC_4627,,0.0008,400.0,40.0,12.5,28.6,0,0
120UCDBL,DSC_4628,,0.0008,400.0,40.0,13.3,30.3,0,0
120UCDBL,DSC_4629,,0.0008,400.0,40.0,13.0,30.7,0,0
120UCDBL,DSC_4630,,0.0008,400.0,40.0,14.9,33.9,0,0
120UCDBL,DSC_4631,,0.0008,400.0,40.0,15.6,35.2,0,0
120UCDBL,DSC_4632,,0.0008,400.0,40.0,15.5,35.0,0,0
120UCDBL,DSC_4633,,0.0008,400.0,40.0,15.5,35.5,0,0
120UCDBL,DSC_4634,,0.0008,400.0,40.0,15.9,35.0,0,0
120UCDBL,DSC_4635,,0.0008,400.0,40.0,15.8,34.3,0,0
120UCDBL,DSC_4636,,0.0008,400.0,40.0,14.8,33.4,0,0
120UCDBL,DSC_4637,,0.0008,400.0,40.0,15.2,33.9,0,0
120UCDBL,DSC_4638,,0.0008,400.0,40.0,15.6,34.2,0,0
120UCDBL,DSC_4639,,0.0008,400.0,40.0,15.6,34.0,0,0
120UCDBL,DSC_4640,,0.0008,400.0,40.0,15.1,34.1,0,0
120UCDBL,DSC_4641,,0.0008,400.0,40.0,15.5,34.7,0,0
120UCDBL,DSC_4642,,0.0008,400.0,40.0,15.6,34.8,0,0
120UCDBL,DSC_4643,,0.0008,400.0,40.0,17.1,38.9,0,0
120UCDBL,DSC_4644,,0.0008,400.0,40.0,15.8,36.5,0,0
120UCDBL,DSC_4645,,0.0008,400.0,40.0,15.7,35.1,0,0
120UCDBL,DSC_4646,,0.0008,400.0,40.0,13.6,30.8,0,0
120UCDBL,DSC_4647,,0.0008,400.0,40.0,13.7,31.0,0,0
120UCDBL,DSC_4648,,0.0008,400.0,40.0,14.1,32.5,0,0
120UCDBL,DSC_4649,,0.0008,400.0,40.0,17.3,36.2,0,0
120UCDBL,DSC_4650,,0.0008,400.0,40.0,17.6,36.3,0,0
120UCDBL,DSC_4651,,0.0008,400.0,40.0,15.8,35.2,0,0
120UCDBL,DSC_4652,,0.0008,400.0,40.0,15.8,34.4,0,0
120UCDBL,DSC_4653,,0.0008,400.0,40.0,16.1,34.8,0,0
120UCDBL,DSC_4654,,0.0008,400.0,40.0,16.1,34.8,0,0
120UCDBL,DSC_4655,,0.0008,400.0,40.0,16.3,35.0,0,0
120UCDBL,DSC_4656,,0.0008,400.0,40.0,16.4,34.1,0,0
120UCDBL,DSC_4657,,0.0008,400.0,40.0,16.2,34.9,0,0
120UCDBL,DSC_4658,,0.0008,400.0,40.0,16.5,35.7,0,0
120UCDBL,DSC_4659,,0.0008,400.0,40.0,16.2,34.8,0,0
120UCDBL,DSC_4660,,0.0008,400.0,40.0,15.6,34.5,0,0
120UCDBL,DSC_4661,,0.0008,400.0,40.0,15.7,34.9,0,0
120UCDBL,DSC_4662,,0.0008,400.0,40.0,15.7,34.9,0,0
120UCDBL,DSC_4663,,0.0008,400.0,40.0,15.9,35.2,0,0
120UCDBL,DSC_4664,,0.0008,400.0,40.0,15.6,34.9,0,0
120UCDBL,DSC_4665,,0.0008,400.0,40.0,15.5,34.2,0,0
120UCDBL,DSC_4666,,0.0008,400.0,40.0,16.2,35.5,0,0
120UCDBL,DSC_4667,,0.0008,400.0,40.0,15.6,34.6,0,0
120UCDBL,DSC_4668,,0.0008,400.0,40.0,15.0,34.2,0,0
120UCDBL,DSC_4669,,0.0008,400.0,40.0,15.9,35.0,0,0
120UCDBL,DSC_4670,,0.0008,400.0,40.0,16.1,34.8,0,0
120UCDBL,DSC_4671,,0.0008,400.0,40.0,15.0,34.0,0,0
120UCDBL,DSC_4672,,0.0008,400.0,40.0,14.2,32.4,0,0
120UCDBL,DSC_4673,,0.0008,400.0,40.0,13.4,30.8,0,0
120UCDBL,DSC_4674,,0.0008,400.0,40.0,13.0,29.7,0,0
120UCDBL,DSC_4675,,0.0008,400.0,40.0,13.0,29.8,0,0
120UCDBL,DSC_4676,,0.0008,400.0,40.0,13.9,32.0,0,0
120UCDBL,DSC_4677,,0.0008,400.0,40.0,12.5,28.4,0,0
120UCDBL,DSC_4678,,0.0008,400.0,40.0,13.1,29.9,0,0
120UCDBL,DSC_4679,,0.0008,400.0,40.0,12.5,28.4,0,0
120UCDBL,DSC_4680,,0.0008,400.0,40.0,14.6,32.7,0,0
120UCDBL,DSC_4681,,0.0008,400.0,40.0,12.9,29.1,0,0
120UCDBL,DSC_4682,,0.0008,400.0,40.0,13.6,30.3,0,0
120UCDBL,DSC_4683,,0.0008,400.0,40.0,12.8,29.2,0,0
120UCDBL,DSC_4684,,0.0008,400.0,40.0,13.5,30.3,0,0
120UCDBL,DSC_4685,,0.0008,400.0,40.0,13.1,29.5,0,0
120UCDBL,DSC_4686,,0.0008,400.0,40.0,12.8,29.0,0,0
120UCDBL,DSC_4687,,0.0008,400.0,40.0,11.8,26.8,0,0
120UCDBL,DSC_4688,,0.0008,400.0,40.0,12.8,28.8,0,0
120UCDBL,DSC_4689,,0.0008,400.0,40.0,12.6,28.2,0,0
120UCDBL,DSC_4690,,0.0008,400.0,40.0,12.7,28.0,0,0
120UCDBL,DSC_4691,,0.0008,400.0,40.0,15.2,34.4,0,0
120UCDBL,DSC_4692,,0.0008,400.0,40.0,15.2,34.6,0,0
120UCDBL,DSC_4693,,0.0008,300.0,40.0,15.7,35.3,0,0
120UCDBL,DSC_4694,,0.0008,300.0,40.0,15.5,34.3,0,0
120UCDBL,DSC_4695,,0.0008,400.0,40.0,12.5,27.7,0,0
120UCDBL,DSC_4696,,0.0008,400.0,40.0,12.5,27.4,0,0
120UCDBL,DSC_4697,,0.0008,400.0,40.0,14.3,31.2,0,0
120UCDBL,DSC_4698,,0.0008,400.0,40.0,14.8,32.5,0,0
120UCDBL,DSC_4699,,0.0008,400.0,40.0,13.9,32.7,0,0
120UCDBL,DSC_4700,,0.0008,400.0,40.0,15.2,33.7,0,0
120UCDBL,DSC_4701,,0.0008,400.0,40.0,15.3,34.4,0,0
120UCDBL,DSC_4702,,0.0008,400.0,40.0,15.3,34.1,0,0
120UCDBL,DSC_4703,,0.0008,400.0,40.0,15.2,34.3,0,0
120UCDBL,DSC_4704,,0.0008,240.0,40.0,15.7,34.9,0,0
120UCDBL,DSC_4705,,0.0008,240.0,40.0,15.6,34.7,0,0
120UCDBL,DSC_4706,,0.0008,240.0,40.0,15.7,34.7,0,0
120UCDBL,DSC_4707,,0.0008,240.0,40.0,15.3,33.6,0,0
120UCDBL,DSC_4708,,0.0008,240.0,40.0,15.5,34.0,0,0
120UCDBL,DSC_4709,,0.0008,240.0,40.0,15.6,34.9,0,0
120UCDBL,DSC_4710,,0.0008,240.0,40.0,16.7,35.6,0,0
120UCDBL,DSC_4711,,0.0008,240.0,40.0,16.2,34.9,0,0
120UCDBL,DSC_4712,,0.0008,240.0,40.0,16.1,34.8,0,0
120UCDBL,DSC_4713,,0.0008,240.0,40.0,16.3,35.3,0,0
120UCDBL,DSC_4714,,0.0008,240.0,40.0,16.3,35.1,0,0
120UCDBL,DSC_4715,,0.0008,240.0,40.0,16.2,34.9,0,0
120UCDBL,DSC_4716,,0.0008,300.0,40.0,16.0,34.4,0,0
120UCDBL,DSC_4717,,0.0008,300.0,40.0,16.0,34.5,0,0
120UCDBL,DSC_4718,,0.0008,300.0,40.0,15.9,34.5,0,0
120UCDBL,DSC_4719,,0.0008,300.0,40.0,16.1,35.2,0,0
120UCDBL,DSC_4720,,0.0008,300.0,40.0,16.2,35.3,0,0
120UCDBL,DSC_4721,,0.0008,400.0,40.0,15.5,33.8,0,0
120UCDBL,DSC_4722,,0.0008,400.0,40.0,15.2,33.3,0,0
120UCDBL,DSC_4723,,0.0008,400.0,40.0,15.4,33.2,0,0
120UCDBL,DSC_4724,,0.0008,400.0,40.0,15.3,32.9,0,0
120UCDBL,DSC_4725,,0.0008,400.0,40.0,15.6,32.8,0,0
120UCDBL,DSC_4726,,0.0008,400.0,40.0,15.5,33.1,0,0
120UCDBL,DSC_4727,,0.0008,400.0,40.0,15.0,32.3,0,0
120UCDBL,DSC_4728,,0.0008,400.0,40.0,15.8,33.4,0,0
120UCDBL,DSC_4729,,0.0008,400.0,40.0,15.4,33.5,0,0
120UCDBL,DSC_4730,,0.0008,400.0,40.0,15.5,33.0,0,0
120UCDBL,DSC_4731,,0.0008,400.0,40.0,15.5,33.0,0,0
120UCDBL,DSC_4732,,0.0008,400.0,40.0,15.5,32.6,0,0
120UCDBL,DSC_4733,,0.0008,400.0,40.0,14.1,32.1,0,0
120UCDBL,DSC_4734,,0.0008,400.0,40.0,13.8,30.7,0,0
120UCDBL,DSC_4735,,0.0008,400.0,40.0,12.9,28.8,0,0
120UCDBL,DSC_4736,,0.0008,400.0,40.0,13.1,29.0,0,0
120UCDBL,DSC_4737,,0.0008,400.0,40.0,13.5,29.9,0,0
120UCDBL,DSC_4738,,0.0008,400.0,40.0,14.7,31.9,0,0
120UCDBL,DSC_4739,,0.0008,400.0,40.0,14.3,30.4,0,0
120UCDBL,DSC_4740,,0.0008,400.0,40.0,13.6,29.9,0,0
120UCDBL,DSC_4741,,0.0008,400.0,40.0,13.3,29.5,0,0
120UCDBL,DSC_4742,,0.0008,400.0,40.0,13.9,30.3,0,0
120UCDBL,DSC_4743,,0.0008,400.0,40.0,15.7,33.7,0,0
120UCDBL,DSC_4744,,0.0008,400.0,40.0,16.8,33.7,0,0
120UCDBL,DSC_4745,,0.0008,400.0,40.0,16.2,34.0,0,0
120UCDBL,DSC_4746,,0.0008,400.0,40.0,16.0,33.9,0,0
120UCDBL,DSC_4747,,0.0008,400.0,40.0,16.3,34.3,0,0
120UCDBL,DSC_4748,,0.0008,400.0,40.0,15.8,34.0,0,0
120UCDBL,DSC_4749,,0.0008,400.0,40.0,15.3,33.7,0,0
120UCDBL,DSC_4750,,0.0008,400.0,40.0,15.0,32.2,0,0
120UCDBL,DSC_4751,,0.0008,400.0,40.0,15.7,33.3,0,0
120UCDBL,DSC_4752,,0.0008,400.0,40.0,15.5,33.1,0,0
120UCDBL,DSC_4753,,0.0008,400.0,40.0,15.1,32.9,0,0
120UCDBL,DSC_4754,,0.0008,400.0,40.0,15.4,32.9,0,0
120UCDBL,DSC_4755,,0.000625,155.0,36.0,14.4,31.8,0,0
120UCDBL,DSC_4756,,0.000625,155.0,36.0,14.5,31.7,0,0
120UCDBL,DSC_4757,,0.000625,155.0,36.0,14.6,31.8,0,0
120UCDBL,DSC_4758,,0.000625,220.0,36.0,15.1,32.2,0,0
120UCDBL,DSC_4759,,0.000625,220.0,36.0,14.7,31.9,0,0
120UCDBL,DSC_4760,,0.000625,220.0,36.0,14.5,31.9,0,0
120UCDBL,DSC_4761,,0.000625,220.0,36.0,14.6,32.0,0,0
120UCDBL,DSC_4762,,0.000625,220.0,36.0,14.0,31.2,0,0
120UCDBL,DSC_4763,,0.000625,220.0,36.0,14.1,31.0,0,0
120UCDBL,DSC_4764,,0.000625,220.0,36.0,13.9,30.8,0,0
120UCDBL,DSC_4765,,0.000625,220.0,36.0,14.2,30.6,0,0
120UCDBL,DSC_4766,,0.000625,220.0,36.0,13.9,30.8,0,0
120UCDBL,DSC_4767,,0.000625,220.0,36.0,15.2,31.6,0,0
120UCDBL,DSC_4768,,0.000625,220.0,36.0,14.1,31.1,0,0
120UCDBL,DSC_4769,,0.000625,220.0,36.0,14.1,31.4,0,0
120UCDBL,DSC_4770,,0.000625,220.0,36.0,14.0,31.1,0,0
120UCDBL,DSC_4771,,0.000625,220.0,36.0,14.1,31.4,0,0
120UCDBL,DSC_4772,,0.000625,220.0,36.0,13.8,30.7,0,0
120UCDBL,DSC_4773,,0.000625,155.0,36.0,15.0,33.7,0,0
120UCDBL,DSC_4774,,0.000625,155.0,36.0,15.1,33.1,0,0
120UCDBL,DSC_4775,,0.000625,155.0,36.0,15.1,34.0,0,0
120UCDBL,DSC_4776,,0.000625,155.0,36.0,16.5,37.2,0,0
120UCDBL,DSC_4777,,0.000625,155.0,36.0,15.7,35.7,0,0
120UCDBL,DSC_4778,,0.000625,155.0,36.0,15.9,36.0,0,0
120UCDBL,DSC_4779,,0.000625,155.0,36.0,15.7,35.7,0,0
120UCDBL,DSC_4780,,0.000625,155.0,36.0,16.4,37.3,0,0
120UCDBL,DSC_4781,,0.000625,155.0,36.0,15.7,35.4,0,0
120UCDBL,DSC_4782,,0.000625,155.0,36.0,16.0,36.6,0,0
120UCDBL,DSC_4783,,0.000625,155.0,36.0,15.3,34.2,0,0
120UCDBL,DSC_4784,,0.000625,155.0,36.0,14.7,32.9,0,0
120UCDBL,DSC_4785,,0.000625,155.0,36.0,14.4,33.0,0,0
120UCDBL,DSC_4786,,0.000625,155.0,36.0,14.7,33.4,0,0
120UCDBL,DSC_4787,,0.000625,400.0,40.0,13.9,32.1,0,0
120UCDBL,DSC_4788,,0.000625,370.0,40.0,13.5,31.3,0,0
120UCDBL,DSC_4789,,0.000625,370.0,40.0,13.2,30.7,0,0
120UCDBL,DSC_4790,,0.000625,370.0,40.0,13.0,30.2,0,0
120UCDBL,DSC_4791,,0.000625,400.0,40.0,13.1,30.1,0,0
120UCDBL,DSC_4792,,0.000625,400.0,40.0,13.4,31.1,0,0
120UCDBL,DSC_4793,,0.000625,400.0,40.0,10.4,23.8,0,0
120UCDBL,DSC_4794,,0.000625,400.0,40.0,10.3,23.1,0,0
120UCDBL,DSC_4795,,0.000625,400.0,40.0,9.9,23.0,0,0
120UCDBL,DSC_4796,,0.000625,400.0,40.0,9.8,22.9,0,0
120UCDBL,DSC_4797,,0.000625,400.0,40.0,10.2,23.8,0,0
120UCDBL,DSC_4798,,0.000625,400.0,40.0,10.5,23.5,0,0
120UCDBL,DSC_4799,,0.000625,400.0,40.0,10.2,23.5,0,0
120UCDBL,DSC_4800,,0.000625,400.0,40.0,13.0,29.6,0,0
120UCDBL,DSC_4801,,0.000625,400.0,40.0,14.3,32.0,0,0
120UCDBL,DSC_4802,,0.000625,400.0,40.0,14.2,32.9,0,0
120UCDBL,DSC_4803,,0.000625,400.0,40.0,14.6,33.1,0,0
120UCDBL,DSC_4804,,0.000625,400.0,40.0,14.2,32.3,0,0
120UCDBL,DSC_4805,,0.000625,400.0,40.0,14.3,32.3,0,0
120UCDBL,DSC_4806,,0.000625,400.0,40.0,14.9,33.7,0,0
120UCDBL,DSC_4807,,0.000625,400.0,40.0,14.7,33.8,0,0
120UCDBL,DSC_4808,,0.000625,400.0,40.0,14.0,32.0,0,0
120UCDBL,DSC_4809,,0.000625,400.0,40.0,14.7,33.7,0,0
120UCDBL,DSC_4810,,0.000625,400.0,40.0,15.2,35.0,0,0
120UCDBL,DSC_4811,,0.000625,400.0,40.0,13.8,32.3,0,0
120UCDBL,DSC_4812,,0.000625,400.0,40.0,14.4,32.7,0,0
120UCDBL,DSC_4813,,0.000625,400.0,40.0,14.4,32.5,0,0
120UCDBL,DSC_4814,,0.000625,400.0,40.0,14.4,32.8,0,0
120UCDBL,DSC_4815,,0.000625,400.0,40.0,13.8,31.8,0,0
120UCDBL,DSC_4816,,0.000625,400.0,40.0,14.0,32.0,0,0
120UCDBL,DSC_4817,,0.000625,400.0,40.0,14.8,33.3,0,0
120UCDBL,DSC_4818,,0.000625,400.0,40.0,15.0,34.2,0,0
120UCDBL,DSC_4819,,0.000625,400.0,40.0,15.0,34.4,0,0
120UCDBL,DSC_4820,,0.000625,400.0,40.0,14.9,34.0,0,0
120UCDBL,DSC_4821,,0.000625,400.0,40.0,14.2,32.7,0,0
120UCDBL,DSC_4822,,0.000625,400.0,40.0,15.1,34.8,0,0
120UCDBL,DSC_4823,,0.000625,400.0,40.0,15.3,35.0,0,0
120UCDBL,DSC_4824,,0.000625,400.0,40.0,14.9,34.2,0,0
120UCDBL,DSC_4825,,0.000625,400.0,40.0,15.1,34.5,0,0
120UCDBL,DSC_4826,,0.000625,400.0,40.0,15.2,34.5,0,0
120UCDBL,DSC_4827,,0.000625,400.0,40.0,14.8,33.6,0,0
120UCDBL,DSC_4828,,0.000625,400.0,40.0,15.1,34.1,0,0
120UCDBL,DSC_4829,,0.000625,400.0,40.0,15.0,34.1,0,0
120UCDBL,DSC_4830,,0.000625,400.0,40.0,15.0,34.1,0,0
120UCDBL,DSC_4831,,0.000625,400.0,40.0,15.2,34.7,0,0
120UCDBL,DSC_4832,,0.000625,400.0,40.0,13.7,31.0,0,0
120UCDBL,DSC_4833,,0.000625,400.0,40.0,13.1,29.7,0,0
120UCDBL,DSC_4834,,0.000625,400.0,40.0,14.0,32.2,0,0
120UCDBL,DSC_4835,,0.000625,400.0,40.0,14.2,32.3,0,0
120UCDBL,DSC_4836,,0.000625,400.0,40.0,14.0,32.0,0,0
120UCDBL,DSC_4837,,0.000625,400.0,40.0,13.4,30.3,0,0
120UCDBL,DSC_4838,,0.000625,400.0,40.0,13.7,31.2,0,0
120UCDBL,DSC_4839,,0.000625,400.0,40.0,12.8,29.1,0,0
120UCDBL,DSC_4840,,0.000625,400.0,40.0,13.6,31.0,0,0
120UCDBL,DSC_4841,,0.000625,400.0,40.0,13.3,30.5,0,0
120UCDBL,DSC_4842,,0.000625,400.0,40.0,13.6,31.0,0,0
120UCDBL,DSC_4843,,0.000625,400.0,40.0,13.6,30.6,0,0
120UCDBL,DSC_4844,,0.000625,400.0,40.0,13.6,30.5,0,0
120UCDBL,DSC_4845,,0.000625,400.0,40.0,13.5,30.8,0,0
120UCDBL,DSC_4846,,0.000625,400.0,40.0,13.6,30.7,0,0
120UCDBL,DSC_4847,,0.000625,400.0,40.0,14.2,32.0,0,0
120UCDBL,DSC_4848,,0.000625,400.0,40.0,10.4,19.9,0,0
120UCDBL,DSC_4849,,0.000625,400.0,40.0,10.2,21.3,0,0
120UCDBL,DSC_4850,,0.000625,400.0,40.0,10.7,22.9,0,0
120UCDBL,DSC_4851,,0.000625,400.0,40.0,10.5,21.6,0,0
120UCDBL,DSC_4852,,0.000625,400.0,40.0,10.4,21.4,0,0
120UCDBL,DSC_4853,,0.000625,400.0,40.0,9.5,18.9,0,0
120UCDBL,DSC_4854,,0.000625,400.0,40.0,9.2,19.3,0,0
120UCDBL,DSC_4855,,0.000625,400.0,40.0,9.8,20.0,0,0
120UCDBL,DSC_4856,,0.000625,400.0,40.0,9.1,19.5,0,0
120UCDBL,DSC_4857,,0.000625,400.0,40.0,9.5,19.3,0,0
120UCDBL,DSC_4858,,0.000625,400.0,40.0,11.6,26.1,0,0
120UCDBL,DSC_4859,,0.000625,400.0,40.0,12.0,27.4,0,0
120UCDBL,DSC_4860,,0.000625,400.0,40.0,12.0,27.2,0,0
120UCDBL,DSC_4861,,0.000625,400.0,40.0,12.0,27.5,0,0
120UCDBL,DSC_4862,,0.000625,400.0,40.0,11.9,27.3,0,0
120UCDBL,DSC_4863,,0.000625,400.0,40.0,16.1,41.3,0,0
120UCDBL,DSC_4864,,0.000625,400.0,40.0,18.0,45.7,0,0
120UCDBL,DSC_4865,,0.000625,400.0,40.0,15.9,36.6,0,0
120UCDBL,DSC_4866,,0.000625,400.0,40.0,16.0,36.9,0,0
120UCDBL,DSC_4867,,0.000625,400.0,40.0,16.3,37.6,0,0
120UCDBL,DSC_4868,,0.000625,400.0,40.0,15.9,36.4,0,0
120UCDBL,DSC_4869,,0.000625,400.0,40.0,15.8,36.6,0,0
120UCDBL,DSC_4870,,0.000625,400.0,40.0,15.8,36.8,0,0
120UCDBL,DSC_4871,,0.000625,400.0,40.0,16.1,37.5,0,0
120UCDBL,DSC_4872,,0.000625,400.0,40.0,16.2,37.3,0,0
120UCDBL,DSC_4873,,0.000625,400.0,40.0,15.5,35.4,0,0
120UCDBL,DSC_4874,,0.000625,400.0,40.0,15.6,36.0,0,0
120UCDBL,DSC_4875,,0.000625,400.0,40.0,15.8,36.1,0,0
120UCDBL,DSC_4876,,0.000625,400.0,40.0,15.9,35.8,0,0
120UCDBL,DSC_4877,,0.000625,400.0,40.0,15.8,36.1,0,0
120UCDBL,DSC_4878,,0.000625,400.0,40.0,16.1,36.9,0,0
120UCDBL,DSC_4879,,0.000625,400.0,40.0,15.9,36.5,0,0
120UCDBL,DSC_4880,,0.000625,400.0,40.0,16.0,36.5,0,0
120UCDBL,DSC_4881,,0.000625,400.0,40.0,16.3,35.6,0,0
120UCDBL,DSC_4882,,0.000625,400.0,40.0,15.7,35.7,0,0
120UCDBL,DSC_4883,,0.000625,370.0,40.0,16.2,37.0,0,0
120UCDBL,DSC_4884,,0.000625,370.0,40.0,16.2,37.2,0,0
120UCDBL,DSC_4885,,0.000625,370.0,40.0,16.3,37.2,0,0
120UCDBL,DSC_4886,,0.000625,370.0,40.0,15.9,36.5,0,0
120UCDBL,DSC_4887,,0.000625,370.0,40.0,15.6,35.8,0,0
120UCDBL,DSC_4888,,0.000625,370.0,40.0,15.4,35.7,0,0
120UCDBL,DSC_4889,,0.000625,370.0,40.0,15.5,35.8,0,0
120UCDBL,DSC_4890,,0.000625,370.0,40.0,19.1,49.3,0,0
120UCDBL,DSC_4891,,0.000625,100.0,32.0,20.3,65.6,0,0
120UCDBL,DSC_4892,,0.000625,100.0,32.0,20.8,63.7,0,0
120UCDBL,DSC_4893,,0.000625,100.0,32.0,20.9,66.5,0,0
120UCDBL,DSC_4894,,0.000625,100.0,32.0,21.0,69.1,0,0
120UCDBL,DSC_4895,,0.000625,400.0,40.0,22.3,63.9,0,0
120UCDBL,DSC_4896,,0.000625,400.0,40.0,19.4,49.8,0,0
120UCDBL,DSC_4897,,0.000625,400.0,40.0,19.7,50.4,0,0
120UCDBL,DSC_4898,,0.000625,400.0,40.0,19.5,50.4,0,0
120UCDBL,DSC_4899,,0.000625,400.0,40.0,20.8,56.5,0,0
120UCDBL,DSC_4900,,0.000625,400.0,40.0,20.6,56.2,0,0
120UCDBL,DSC_4901,,0.000625,400.0,40.0,21.3,58.3,0,0
120UCDBL,DSC_4902,,0.000625,400.0,40.0,21.1,59.3,0,0
120UCDBL,DSC_4903,,0.000625,400.0,40.0,20.5,55.0,0,0
120UCDBL,DSC_4904,,0.000625,400.0,40.0,22.7,62.4,0,0
120UCDBL,DSC_4905,,0.000625,400.0,40.0,22.2,61.4,0,0
120UCDBL,DSC_4906,,0.000625,400.0,40.0,19.9,52.6,0,0
120UCDBL,DSC_4907,,0.000625,400.0,40.0,19.9,52.5,0,0
120UCDBL,DSC_4908,,0.000625,400.0,40.0,19.3,49.2,0,0
120UCDBL,DSC_4909,,0.000625,400.0,40.0,20.6,55.3,0,0
120UCDBL,DSC_4910,,0.000625,400.0,40.0,21.2,58.9,0,0
120UCDBL,DSC_4911,,0.000625,400.0,40.0,22.0,62.8,0,0
120UCDBL,DSC_4912,,0.000625,400.0,40.0,21.4,57.5,0,0
120UCDBL,DSC_4913,,0.000625,400.0,40.0,22.4,62.3,0,0
120UCDBL,DSC_4914,,0.000625,400.0,40.0,22.1,61.5,0,0
120UCDBL,DSC_4915,,0.000625,400.0,40.0,20.9,54.9,0,0
120UCDBL,DSC_4916,,0.000625,400.0,40.0,19.9,50.0,0,0
120UCDBL,DSC_4917,,0.000625,400.0,40.0,18.5,44.7,0,0
120UCDBL,DSC_4918,,0.000625,400.0,40.0,19.7,50.1,0,0
120UCDBL,DSC_4919,,0.000625,400.0,40.0,19.7,49.8,0,0
120UCDBL,DSC_4920,,0.000625,400.0,40.0,19.3,48.7,0,0
120UCDBL,DSC_4921,,0.000625,400.0,40.0,21.1,56.7,0,0
120UCDBL,DSC_4922,,0.000625,400.0,40.0,21.4,56.3,0,0
120UCDBL,DSC_4923,,0.000625,400.0,40.0,20.2,53.5,0,0
120UCDBL,DSC_4924,,0.000625,400.0,40.0,20.0,50.8,0,0
120UCDBL,DSC_4925,,0.000625,400.0,40.0,20.8,57.1,0,0
120UCDBL,DSC_4926,,0.000625,400.0,40.0,21.3,57.6,0,0
121KENYA,DSC_6713,100,0.002,400.0,6.3,36.0,128.8,0,0
121KENYA,DSC_6714,100,0.002,400.0,6.3,47.7,126.0,0,0
121KENYA,DSC_6715,100,0.002,400.0,6.3,49.3,121.6,0,0
121KENYA,DSC_6716,100,0.002,400.0,6.3,59.3,129.7,0,0
121KENYA,DSC_6717,400,0.016666666666666666,400.0,40.0,40.9,130.2,0,0
121KENYA,DSC_6718,450,0.016666666666666666,400.0,40.0,71.9,129.7,0,0
121KENYA,DSC_6719,450,0.016666666666666666,400.0,40.0,27.3,125.8,0,0
121KENYA,DSC_6720,360,0.016666666666666666,400.0,40.0,24.4,121.4,0,0
121KENYA,DSC_6721,400,0.016666666666666666,400.0,40.0,41.5,65.2,0,0
121KENYA,DSC_6722,400,0.016666666666666666,400.0,40.0,349.3,65.3,0,0
121KENYA,DSC_6723,360,0.016666666666666666,400.0,40.0,266.2,62.8,0,0
121KENYA,DSC_6724,450,0.016666666666666666,400.0,40.0,74.2,71.4,0,0
121KENYA,DSC_6725,450,0.016666666666666666,400.0,40.0,42.9,89.4,0,0
121KENYA,DSC_6726,320,0.016666666666666666,400.0,40.0,25.2,110.2,0,0
121KENYA,DSC_6727,500,0.016666666666666666,400.0,40.0,125.3,105.1,0,0
121KENYA,DSC_6728,400,0.016666666666666666,400.0,40.0,13.2,133.2,0,0
121KENYA,DSC_6729,450,0.016666666666666666,400.0,40.0,24.1,133.2,0,0
121KENYA,DSC_6730,450,0.016666666666666666,400.0,40.0,15.1,141.4,0,0
121KENYA,DSC_6731,450,0.016666666666666666,400.0,40.0,21.3,132.9,0,0
121KENYA,DSC_6732,450,0.016666666666666666,400.0,40.0,23.9,132.7,0,0
121KENYA,DSC_6733,450,0.016666666666666666,400.0,40.0,28.4,131.9,0,0
121KENYA,DSC_6734,450,0.016666666666666666,400.0,40.0,27.3,131.4,0,0
121KENYA,DSC_6735,450,0.016666666666666666,400.0,40.0,28.3,125.3,0,0
121KENYA,DSC_6736,450,0.016666666666666666,400.0,40.0,25.4,133.6,0,0
121KENYA,DSC_6737,450,0.016666666666666666,400.0,40.0,19.8,139.6,0,0
121KENYA,DSC_6738,450,0.016666666666666666,400.0,40.0,18.0,135.4,0,0
121KENYA,DSC_6739,450,0.016666666666666666,400.0,40.0,27.8,130.8,0,0
121KENYA,DSC_6740,450,0.016666666666666666,400.0,40.0,39.3,135.4,0,0
121KENYA,DSC_6741,125,0.016666666666666666,18.0,22.0,2.0,255.0,0,0
121KENYA,DSC_6742,400,0.016666666666666666,400.0,40.0,16.9,130.4,0,0
121KENYA,DSC_6743,450,0.016666666666666666,400.0,40.0,18.5,137.1,0,0
121KENYA,DSC_6744,400,0.016666666666666666,400.0,40.0,10.4,143.0,0,0
121KENYA,DSC_6745,450,0.016666666666666666,400.0,40.0,15.9,133.9,0,0
121KENYA,DSC_6746,450,0.016666666666666666,400.0,40.0,25.3,135.4,0,0
121KENYA,DSC_6747,450,0.016666666666666666,400.0,40.0,24.4,133.1,0,0
121KENYA,DSC_6748,400,0.016666666666666666,400.0,40.0,14.6,131.7,0,0
121KENYA,DSC_6749,640,0.016666666666666666,400.0,40.0,184.2,100.0,0,0
121KENYA,DSC_6750,640,0.016666666666666666,400.0,40.0,173.3,96.2,0,0
121KENYA,DSC_6751,640,0.016666666666666666,400.0,40.0,49.3,102.3,0,0
121KENYA,DSC_6752,450,0.016666666666666666,240.0,40.0,55.7,84.1,0,0
121KENYA,DSC_6753,450,0.016666666666666666,240.0,40.0,76.2,82.1,0,0
121KENYA,DSC_6754,360,0.016666666666666666,145.0,36.0,175.3,83.4,0,0
121KENYA,DSC_6755,360,0.016666666666666666,145.0,36.0,139.9,87.7,0,0
121KENYA,DSC_6756,320,0.016666666666666666,145.0,36.0,212.5,79.4,0,0
121KENYA,DSC_6757,360,0.016666666666666666,155.0,36.0,56.5,82.8,0,0
121KENYA,DSC_6758,360,0.016666666666666666,155.0,36.0,552.0,85.0,1,1
121KENYA,DSC_6759,360,0.016666666666666666,155.0,36.0,517.7,83.4,0,0
121KENYA,DSC_6760,360,0.016666666666666666,155.0,36.0,389.2,82.9,0,0
121KENYA,DSC_6761,360,0.016666666666666666,155.0,36.0,102.4,83.4,0,0
121KENYA,DSC_6762,560,0.016666666666666666,300.0,40.0,417.9,104.9,0,0
121KENYA,DSC_6763,450,0.016666666666666666,170.0,36.0,408.6,95.7,0,0
121KENYA,DSC_6764,900,0.016666666666666666,400.0,40.0,80.9,114.9,0,0
121KENYA,DSC_6765,900,0.016666666666666666,400.0,40.0,145.8,128.2,0,0
121KENYA,DSC_6766,900,0.016666666666666666,400.0,40.0,230.5,129.6,0,0
121KENYA,DSC_6767,640,0.016666666666666666,400.0,40.0,50.2,84.9,0,0
121KENYA,DSC_6768,640,0.016666666666666666,200.0,36.0,78.8,116.8,0,0
121KENYA,DSC_6769,640,0.016666666666666666,200.0,36.0,120.6,110.6,0,0
121KENYA,DSC_6770,640,0.016666666666666666,200.0,36.0,133.5,104.8,0,0
121KENYA,DSC_6771,640,0.016666666666666666,200.0,36.0,312.1,97.0,0,0
121KENYA,DSC_6772,640,0.016666666666666666,200.0,36.0,293.9,108.4,0,0
121KENYA,DSC_6773,640,0.016666666666666666,200.0,36.0,321.1,110.8,0,0
121KENYA,DSC_6774,640,0.016666666666666666,200.0,36.0,336.1,100.9,0,0
121KENYA,DSC_6775,640,0.016666666666666666,200.0,36.0,313.5,102.1,0,0
121KENYA,DSC_6776,640,0.016666666666666666,200.0,36.0,314.4,105.7,0,0
121KENYA,DSC_6777,640,0.016666666666666666,200.0,36.0,41.9,96.8,0,0
121KENYA,DSC_6778,400,0.016666666666666666,220.0,36.0,92.8,94.2,0,0
121KENYA,DSC_6779,400,0.016666666666666666,220.0,36.0,205.3,95.5,0,0
121KENYA,DSC_6780,400,0.016666666666666666,220.0,36.0,54.1,85.9,0,0
121KENYA,DSC_6781,400,0.016666666666666666,220.0,36.0,170.7,73.6,0,0
121KENYA,DSC_6782,400,0.016666666666666666,220.0,36.0,53.5,85.1,0,0
121KENYA,DSC_6783,400,0.016666666666666666,220.0,36.0,246.8,75.2,0,0
121KENYA,DSC_6784,400,0.016666666666666666,220.0,36.0,198.0,73.6,0,0
121KENYA,DSC_6785,400,0.016666666666666666,220.0,36.0,269.5,71.1,0,0
121KENYA,DSC_6786,640,0.016666666666666666,400.0,40.0,103.2,96.1,0,0
121KENYA,DSC_6787,640,0.016666666666666666,400.0,40.0,95.4,99.6,0,0
121KENYA,DSC_6788,640,0.016666666666666666,400.0,40.0,124.0,94.9,0,0
121KENYA,DSC_6789,640,0.016666666666666666,400.0,40.0,263.9,104.6,0,0
121KENYA,DSC_6790,640,0.016666666666666666,400.0,40.0,292.3,103.2,0,0
121KENYA,DSC_6791,640,0.016666666666666666,400.0,40.0,182.8,101.9,0,0
121KENYA,DSC_6792,640,0.016666666666666666,400.0,40.0,75.2,99.8,0,0
121KENYA,DSC_6793,640,0.016666666666666666,400.0,40.0,56.5,96.7,0,0
121KENYA,DSC_6794,640,0.016666666666666666,400.0,40.0,239.2,96.8,0,0
121KENYA,DSC_6795,640,0.016666666666666666,400.0,40.0,441.9,95.6,0,0
121KENYA,DSC_6796,640,0.016666666666666666,400.0,40.0,303.4,91.3,0,0
121KENYA,DSC_6797,640,0.016666666666666666,400.0,40.0,235.6,95.3,0,0
121KENYA,DSC_6798,640,0.016666666666666666,400.0,40.0,136.4,105.1,0,0
121KENYA,DSC_6799,640,0.016666666666666666,400.0,40.0,109.3,106.3,0,0
121KENYA,DSC_6800,400,0.016666666666666666,400.0,40.0,9.4,144.8,0,0
121KENYA,DSC_6801,400,0.016666666666666666,400.0,40.0,11.1,136.3,0,0
121KENYA,DSC_6802,640,0.016666666666666666,400.0,40.0,22.5,122.3,0,0
121KENYA,DSC_6803,500,0.016666666666666666,400.0,40.0,17.7,116.0,0,0
121KENYA,DSC_6804,500,0.016666666666666666,400.0,40.0,18.6,110.3,0,0
121KENYA,DSC_6805,640,0.016666666666666666,240.0,40.0,24.2,113.5,0,0
121KENYA,DSC_6806,500,0.016666666666666666,300.0,40.0,15.0,114.7,0,0
121KENYA,DSC_6807,2000,0.016666666666666666,400.0,40.0,45.2,100.0,0,0
121KENYA,DSC_6808,2000,0.016666666666666666,400.0,40.0,72.8,94.2,0,0
121KENYA,DSC_6809,2000,0.016666666666666666,400.0,40.0,64.4,94.8,0,0
121KENYA,DSC_6810,2000,0.016666666666666666,400.0,40.0,154.9,93.1,0,0
121KENYA,DSC_6811,2000,0.016666666666666666,400.0,40.0,173.8,93.5,0,0
121KENYA,DSC_6812,2000,0.016666666666666666,400.0,40.0,101.4,90.7,0,0
121KENYA,DSC_6813,2000,0.016666666666666666,400.0,40.0,113.8,87.9,0,0
121KENYA,DSC_6814,2500,0.016666666666666666,400.0,40.0,80.6,108.5,0,0
121KENYA,DSC_6815,2500,0.016666666666666666,400.0,40.0,128.6,107.5,0,0
121KENYA,DSC_6816,1100,0.016666666666666666,185.0,36.0,134.8,83.5,0,0
121KENYA,DSC_6817,1100,0.016666666666666666,185.0,36.0,157.5,87.3,0,0
121KENYA,DSC_6818,2000,0.016666666666666666,400.0,40.0,124.0,79.3,0,0
121KENYA,DSC_6819,2000,0.016666666666666666,400.0,40.0,150.2,79.1,0,0
121KENYA,DSC_6820,2000,0.016666666666666666,400.0,40.0,91.5,84.7,0,0
121KENYA,DSC_6821,2000,0.016666666666666666,400.0,40.0,99.5,82.9,0,0
121KENYA,DSC_6822,2000,0.016666666666666666,400.0,40.0,129.1,81.1,0,0
121KENYA,DSC_6823,2000,0.016666666666666666,400.0,40.0,108.5,108.0,0,0
121KENYA,DSC_6824,2000,0.016666666666666666,400.0,40.0,84.1,85.3,0,0
121KENYA,DSC_6825,2000,0.016666666666666666,400.0,40.0,140.5,92.3,0,0
121KENYA,DSC_6826,2000,0.016666666666666666,400.0,40.0,160.4,87.9,0,0
121KENYA,DSC_6827,2000,0.016666666666666666,400.0,40.0,126.7,101.1,0,0
121KENYA,DSC_6828,2200,0.016666666666666666,400.0,40.0,39.6,108.4,0,0
121KENYA,DSC_6829,2200,0.016666666666666666,400.0,40.0,92.6,95.7,0,0
121KENYA,DSC_6830,2200,0.016666666666666666,400.0,40.0,65.0,93.3,0,0
121KENYA,DSC_6831,2200,0.016666666666666666,400.0,40.0,242.5,98.6,0,0
121KENYA,DSC_6832,2000,0.016666666666666666,400.0,40.0,250.3,92.7,0,0
121KENYA,DSC_6833,2000,0.016666666666666666,400.0,40.0,55.4,93.9,0,0
121KENYA,DSC_6834,2200,0.016666666666666666,400.0,40.0,138.9,91.7,0,0
121KENYA,DSC_6835,2200,0.016666666666666666,400.0,40.0,228.2,86.7,0,0
121KENYA,DSC_6836,1600,0.016666666666666666,400.0,40.0,215.5,78.3,0,0
121KENYA,DSC_6837,1600,0.016666666666666666,400.0,40.0,188.7,78.5,0,0
121KENYA,DSC_6838,1600,0.016666666666666666,400.0,40.0,245.3,72.5,0,0
121KENYA,DSC_6839,1600,0.016666666666666666,400.0,40.0,237.5,71.7,0,0
121KENYA,DSC_6840,2000,0.016666666666666666,400.0,40.0,48.7,95.5,0,0
121KENYA,DSC_6841,2000,0.016666666666666666,400.0,40.0,67.5,87.1,0,0
121KENYA,DSC_6842,2000,0.016666666666666666,400.0,40.0,53.9,82.6,0,0
121KENYA,DSC_6843,2000,0.016666666666666666,400.0,40.0,86.7,109.3,0,0
121KENYA,DSC_6844,2000,0.016666666666666666,400.0,40.0,105.6,88.2,0,0
121KENYA,DSC_6845,2000,0.016666666666666666,400.0,40.0,207.9,82.7,0,0
121KENYA,DSC_6846,2000,0.016666666666666666,400.0,40.0,271.3,97.6,0,0
121KENYA,DSC_6847,2000,0.016666666666666666,400.0,40.0,191.2,89.6,0,0
121KENYA,DSC_6848,2000,0.016666666666666666,400.0,40.0,60.0,91.7,0,0
121KENYA,DSC_6849,1100,0.016666666666666666,400.0,40.0,23.2,135.1,0,0
121KENYA,DSC_6850,1250,0.016666666666666666,400.0,40.0,31.0,129.8,0,0
121KENYA,DSC_6851,1250,0.016666666666666666,400.0,40.0,40.1,127.9,0,0
121KENYA,DSC_6852,1250,0.016666666666666666,400.0,40.0,21.1,129.9,0,0
121KENYA,DSC_6853,1250,0.016666666666666666,400.0,40.0,36.4,118.5,0,0
121KENYA,DSC_6854,1250,0.016666666666666666,400.0,40.0,111.3,131.8,0,0
121KENYA,DSC_6855,1250,0.016666666666666666,400.0,40.0,84.5,108.8,0,0
121KENYA,DSC_6856,1250,0.016666666666666666,400.0,40.0,54.6,137.2,0,0
121KENYA,DSC_6857,640,0.016666666666666666,155.0,36.0,85.0,89.2,0,0
121KENYA,DSC_6858,640,0.016666666666666666,155.0,36.0,113.6,90.4,0,0
121KENYA,DSC_6859,1600,0.016666666666666666,170.0,36.0,147.4,85.1,0,0
121KENYA,DSC_6860,1600,0.016666666666666666,170.0,36.0,143.2,84.4,0,0
121KENYA,DSC_6861,1600,0.016666666666666666,170.0,36.0,93.6,86.0,0,0
121KENYA,DSC_6862,1600,0.016666666666666666,170.0,36.0,173.9,88.6,0,0
121KENYA,DSC_6863,1600,0.016666666666666666,170.0,36.0,290.1,86.7,0,0
121KENYA,DSC_6864,1600,0.016666666666666666,170.0,36.0,147.0,93.8,0,0
121KENYA,DSC_6865,1600,0.016666666666666666,170.0,36.0,406.1,85.9,0,0
121KENYA,DSC_6866,1600,0.016666666666666666,170.0,36.0,358.0,84.4,0,0
121KENYA,DSC_6867,1600,0.016666666666666666,170.0,36.0,81.3,100.6,0,0
121KENYA,DSC_6868,1600,0.016666666666666666,170.0,36.0,126.9,85.6,0,0
121KENYA,DSC_6869,1600,0.016666666666666666,170.0,36.0,84.9,81.5,0,0
121KENYA,DSC_6870,1600,0.016666666666666666,170.0,36.0,268.6,80.3,0,0
121KENYA,DSC_6871,800,0.016666666666666666,100.0,32.0,224.7,83.8,0,0
121KENYA,DSC_6872,800,0.016666666666666666,100.0,32.0,133.8,94.2,0,0
121KENYA,DSC_6873,800,0.016666666666666666,100.0,32.0,299.9,95.7,0,0
121KENYA,DSC_6874,800,0.016666666666666666,100.0,32.0,209.2,98.9,0,0
121KENYA,DSC_6875,800,0.016666666666666666,100.0,32.0,207.5,97.8,0,0
121KENYA,DSC_6876,800,0.016666666666666666,100.0,32.0,264.7,96.7,0,0
121KENYA,DSC_6877,800,0.016666666666666666,100.0,32.0,109.7,90.0,0,0
121KENYA,DSC_6878,800,0.016666666666666666,100.0,32.0,230.7,81.7,0,0
121KENYA,DSC_6880,560,0.016666666666666666,100.0,32.0,77.3,95.5,0,0
121KENYA,DSC_6881,560,0.016666666666666666,100.0,32.0,131.1,89.4,0,0
121KENYA,DSC_6882,560,0.016666666666666666,100.0,32.0,154.7,80.9,0,0
121KENYA,DSC_6883,560,0.016666666666666666,100.0,32.0,157.1,60.1,0,0
121KENYA,DSC_6884,560,0.016666666666666666,100.0,32.0,33.4,76.6,0,0
121KENYA,DSC_6885,560,0.016666666666666666,100.0,32.0,55.6,72.7,0,0
121KENYA,DSC_6886,900,0.016666666666666666,100.0,32.0,368.3,88.2,0,0
121KENYA,DSC_6887,900,0.016666666666666666,100.0,32.0,300.4,85.7,0,0
121KENYA,DSC_6888,900,0.016666666666666666,100.0,32.0,341.1,87.7,0,0
121KENYA,DSC_6889,900,0.016666666666666666,100.0,32.0,353.6,88.8,0,0
121KENYA,DSC_6890,900,0.016666666666666666,100.0,32.0,132.9,82.6,0,0
121KENYA,DSC_6891,900,0.016666666666666666,100.0,32.0,320.1,90.0,0,0
121KENYA,DSC_6892,900,0.016666666666666666,100.0,32.0,98.5,87.5,0,0
121KENYA,DSC_6893,900,0.016666666666666666,100.0,32.0,333.1,85.2,0,0
121KENYA,DSC_6894,640,0.016666666666666666,100.0,32.0,63.2,79.7,0,0
121KENYA,DSC_6895,640,0.016666666666666666,100.0,32.0,98.7,82.6,0,0
121KENYA,DSC_6896,640,0.016666666666666666,100.0,32.0,223.3,81.4,0,0
121KENYA,DSC_6897,640,0.016666666666666666,100.0,32.0,187.4,82.1,0,0
121KENYA,DSC_6898,720,0.016666666666666666,100.0,32.0,205.9,85.3,0,0
121KENYA,DSC_6899,720,0.016666666666666666,100.0,32.0,193.7,89.1,0,0
121KENYA,DSC_6900,720,0.016666666666666666,100.0,32.0,231.1,82.6,0,0
121KENYA,DSC_6901,720,0.016666666666666666,100.0,32.0,255.3,93.5,0,0
121KENYA,DSC_6902,720,0.016666666666666666,100.0,32.0,219.0,87.6,0,0
121KENYA,DSC_6903,720,0.016666666666666666,100.0,32.0,178.6,83.8,0,0
121KENYA,DSC_6904,900,0.016666666666666666,100.0,32.0,82.1,92.1,0,0
121KENYA,DSC_6905,900,0.016666666666666666,100.0,32.0,165.9,85.0,0,0
121KENYA,DSC_6906,900,0.016666666666666666,100.0,32.0,378.3,76.1,0,0
121KENYA,DSC_6907,900,0.016666666666666666,100.0,32.0,408.7,77.5,0,0
121KENYA,DSC_6908,900,0.016666666666666666,100.0,32.0,284.7,75.5,0,0
121KENYA,DSC_6909,900,0.016666666666666666,100.0,32.0,37.0,71.2,0,0
121KENYA,DSC_6910,800,0.016666666666666666,75.0,32.0,156.1,97.5,0,0
121KENYA,DSC_6911,800,0.016666666666666666,75.0,32.0,293.8,101.6,0,0
121KENYA,DSC_6912,800,0.016666666666666666,75.0,32.0,417.1,98.0,0,0
121KENYA,DSC_6913,800,0.016666666666666666,75.0,32.0,353.8,95.1,0,0
121KENYA,DSC_6914,800,0.016666666666666666,75.0,32.0,399.3,98.0,0,0
121KENYA,DSC_6915,800,0.016666666666666666,75.0,32.0,416.5,95.4,0,0
121KENYA,DSC_6916,720,0.016666666666666666,75.0,32.0,123.3,89.9,0,0
121KENYA,DSC_6917,720,0.016666666666666666,75.0,32.0,444.2,92.3,0,0
121KENYA,DSC_6918,640,0.016666666666666666,75.0,32.0,40.6,98.9,0,0
121KENYA,DSC_6919,640,0.016666666666666666,75.0,32.0,242.5,100.2,0,0
121KENYA,DSC_6920,1100,0.016666666666666666,116.0,32.0,181.6,99.8,0,0
121KENYA,DSC_6921,1100,0.016666666666666666,116.0,32.0,334.8,97.1,0,0
121KENYA,DSC_6922,1100,0.016666666666666666,116.0,32.0,525.8,90.0,0,0
121KENYA,DSC_6923,1100,0.016666666666666666,116.0,32.0,516.0,88.2,0,0
121KENYA,DSC_6924,1100,0.016666666666666666,116.0,32.0,534.0,89.1,0,0
121KENYA,DSC_6925,1100,0.016666666666666666,116.0,32.0,345.2,90.1,0,0
121KENYA,DSC_6926,800,0.016666666666666666,116.0,32.0,81.7,77.2,0,0
121KENYA,DSC_6927,800,0.016666666666666666,116.0,32.0,149.1,80.9,0,0
121KENYA,DSC_6928,800,0.016666666666666666,116.0,32.0,356.1,76.1,0,0
121KENYA,DSC_6929,800,0.016666666666666666,116.0,32.0,360.3,76.9,0,0
121KENYA,DSC_6930,800,0.016666666666666666,116.0,32.0,311.7,77.2,0,0
121KENYA,DSC_6931,800,0.016666666666666666,116.0,32.0,340.1,80.5,0,0
121KENYA,DSC_6932,800,0.016666666666666666,116.0,32.0,335.7,83.4,0,0
121KENYA,DSC_6933,800,0.016666666666666666,116.0,32.0,351.6,83.6,0,0
121KENYA,DSC_6934,900,0.016666666666666666,116.0,32.0,271.2,82.8,0,0
121KENYA,DSC_6935,900,0.016666666666666666,116.0,32.0,430.5,87.9,0,0
121KENYA,DSC_6936,1600,0.016666666666666666,116.0,32.0,681.6,112.6,0,0
121KENYA,DSC_6937,1600,0.016666666666666666,116.0,32.0,567.1,116.5,0,0
121KENYA,DSC_6938,500,0.016666666666666666,92.0,32.0,111.0,98.3,0,0
121KENYA,DSC_6939,500,0.016666666666666666,92.0,32.0,448.9,88.5,0,0
121KENYA,DSC_6940,500,0.016666666666666666,92.0,32.0,112.6,93.1,0,0
121KENYA,DSC_6941,500,0.016666666666666666,92.0,32.0,301.8,94.8,0,0
121KENYA,DSC_6942,500,0.016666666666666666,92.0,32.0,427.3,90.4,0,0
121KENYA,DSC_6943,500,0.016666666666666666,92.0,32.0,152.9,98.3,0,0
121KENYA,DSC_6944,500,0.016666666666666666,92.0,32.0,661.5,97.7,0,0
121KENYA,DSC_6945,500,0.016666666666666666,92.0,32.0,135.1,100.2,0,0
121KENYA,DSC_6946,500,0.016666666666666666,92.0,32.0,286.8,98.0,0,0
121KENYA,DSC_6947,500,0.016666666666666666,92.0,32.0,525.8,101.1,0,0
121KENYA,DSC_6948,500,0.016666666666666666,92.0,32.0,549.3,104.0,0,0
121KENYA,DSC_6949,500,0.016666666666666666,92.0,32.0,634.6,106.9,0,0
121KENYA,DSC_6950,500,0.016666666666666666,92.0,32.0,599.5,111.4,0,0
121KENYA,DSC_6951,500,0.016666666666666666,92.0,32.0,797.7,111.3,0,0
121KENYA,DSC_6952,500,0.016666666666666666,92.0,32.0,664.1,116.8,0,0
121KENYA,DSC_6953,360,0.016666666666666666,92.0,32.0,578.9,95.5,0,0
121KENYA,DSC_6954,360,0.016666666666666666,92.0,32.0,411.6,101.9,0,0
121KENYA,DSC_6955,360,0.016666666666666666,92.0,32.0,526.9,102.0,0,0
121KENYA,DSC_6956,360,0.016666666666666666,92.0,32.0,201.5,100.2,0,0
121KENYA,DSC_6957,360,0.016666666666666666,92.0,32.0,110.2,100.6,0,0
121KENYA,DSC_6958,360,0.016666666666666666,92.0,32.0,159.0,105.5,0,0
121KENYA,DSC_6959,360,0.016666666666666666,92.0,32.0,694.5,97.7,0,0
121KENYA,DSC_6960,360,0.016666666666666666,92.0,32.0,726.6,97.4,0,0
121KENYA,DSC_6961,360,0.016666666666666666,92.0,32.0,688.4,99.1,0,0
121KENYA,DSC_6962,400,0.016666666666666666,92.0,32.0,53.1,110.8,0,0
121KENYA,DSC_6963,400,0.016666666666666666,92.0,32.0,196.5,95.9,0,0
121KENYA,DSC_6964,400,0.016666666666666666,92.0,32.0,292.0,94.8,0,0
121KENYA,DSC_6965,400,0.016666666666666666,92.0,32.0,474.6,101.9,0,0
121KENYA,DSC_6966,400,0.016666666666666666,92.0,32.0,407.7,101.7,0,0
121KENYA,DSC_6967,400,0.016666666666666666,92.0,32.0,420.9,106.2,0,0
121KENYA,DSC_6968,400,0.016666666666666666,92.0,32.0,26.4,112.3,0,0
121KENYA,DSC_6969,560,0.016666666666666666,122.0,36.0,693.7,93.4,0,0
121KENYA,DSC_6970,560,0.016666666666666666,122.0,36.0,33.5,130.9,0,0
121KENYA,DSC_6971,400,0.016666666666666666,122.0,36.0,437.3,111.1,0,0
121KENYA,DSC_6972,400,0.016666666666666666,122.0,36.0,552.9,105.2,0,0
121KENYA,DSC_6973,400,0.016666666666666666,122.0,36.0,479.5,106.3,0,0
121KENYA,DSC_6974,400,0.016666666666666666,122.0,36.0,367.7,105.3,0,0
121KENYA,DSC_6975,400,0.016666666666666666,122.0,36.0,434.1,106.7,0,0
121KENYA,DSC_6976,560,0.016666666666666666,400.0,40.0,88.0,97.1,0,0
121KENYA,DSC_6977,560,0.016666666666666666,400.0,40.0,63.3,94.1,0,0
121KENYA,DSC_6978,560,0.016666666666666666,400.0,40.0,59.0,98.1,0,0
121KENYA,DSC_6979,720,0.016666666666666666,400.0,40.0,78.7,104.1,0,0
121KENYA,DSC_6980,720,0.016666666666666666,400.0,40.0,423.5,101.5,0,0
121KENYA,DSC_6981,720,0.016666666666666666,400.0,40.0,72.3,105.1,0,0
121KENYA,DSC_6982,720,0.016666666666666666,400.0,40.0,451.8,103.6,0,0
121KENYA,DSC_6983,720,0.016666666666666666,400.0,40.0,56.7,103.9,0,0
121KENYA,DSC_6984,640,0.016666666666666666,400.0,40.0,174.3,93.9,0,0
121KENYA,DSC_6985,640,0.016666666666666666,400.0,40.0,66.3,93.5,0,0
121KENYA,DSC_6986,640,0.016666666666666666,400.0,40.0,86.4,94.1,0,0
121KENYA,DSC_6987,640,0.016666666666666666,400.0,40.0,32.2,95.2,0,0
121KENYA,DSC_6988,500,0.016666666666666666,370.0,40.0,290.5,83.7,0,0
121KENYA,DSC_6989,500,0.016666666666666666,370.0,40.0,202.1,82.5,0,0
121KENYA,DSC_6990,500,0.016666666666666666,370.0,40.0,26.5,101.7,0,0
121KENYA,DSC_6991,500,0.016666666666666666,370.0,40.0,68.4,93.4,0,0
121KENYA,DSC_6992,500,0.016666666666666666,370.0,40.0,114.4,96.9,0,0
121KENYA,DSC_6993,500,0.016666666666666666,370.0,40.0,280.6,95.1,0,0
121KENYA,DSC_6994,500,0.016666666666666666,370.0,40.0,190.0,99.1,0,0
121KENYA,DSC_6995,500,0.016666666666666666,370.0,40.0,134.3,97.6,0,0
121KENYA,DSC_6996,500,0.016666666666666666,370.0,40.0,86.2,93.3,0,0
121KENYA,DSC_6997,720,0.016666666666666666,200.0,36.0,85.6,107.0,0,0
121KENYA,DSC_6998,720,0.016666666666666666,200.0,36.0,346.7,100.1,0,0
121KENYA,DSC_6999,720,0.016666666666666666,200.0,36.0,103.0,100.0,0,0
121KENYA,DSC_7000,720,0.016666666666666666,400.0,40.0,128.1,104.2,0,0
121KENYA,DSC_7001,720,0.016666666666666666,400.0,40.0,104.4,110.7,0,0
121KENYA,DSC_7002,720,0.016666666666666666,400.0,40.0,279.4,104.2,0,0
121KENYA,DSC_7003,720,0.016666666666666666,400.0,40.0,444.3,101.0,0,0
121KENYA,DSC_7004,720,0.016666666666666666,400.0,40.0,75.8,111.9,0,0
121KENYA,DSC_7005,720,0.016666666666666666,400.0,40.0,62.7,107.4,0,0
121KENYA,DSC_7006,720,0.016666666666666666,400.0,40.0,155.3,105.5,0,0
121KENYA,DSC_7007,720,0.016666666666666666,400.0,40.0,304.3,106.3,0,0
121KENYA,DSC_7008,720,0.016666666666666666,400.0,40.0,292.8,111.8,0,0
121KENYA,DSC_7009,720,0.016666666666666666,400.0,40.0,362.8,103.6,0,0
121KENYA,DSC_7010,640,0.016666666666666666,400.0,40.0,203.3,98.0,0,0
121KENYA,DSC_7011,640,0.016666666666666666,400.0,40.0,24.7,108.5,0,0
121KENYA,DSC_7012,500,0.016666666666666666,240.0,40.0,52.1,106.0,0,0
121KENYA,DSC_7013,900,0.016666666666666666,400.0,40.0,59.0,117.3,0,0
121KENYA,DSC_7014,900,0.016666666666666666,400.0,40.0,106.2,117.7,0,0
121KENYA,DSC_7015,900,0.016666666666666666,400.0,40.0,169.3,114.3,0,0
121KENYA,DSC_7016,900,0.016666666666666666,400.0,40.0,26.4,120.3,0,0
121KENYA,DSC_7017,560,0.016666666666666666,400.0,40.0,151.3,92.8,0,0
121KENYA,DSC_7018,560,0.016666666666666666,400.0,40.0,50.0,97.2,0,0
121KENYA,DSC_7019,560,0.016666666666666666,400.0,40.0,45.2,98.5,0,0
121KENYA,DSC_7020,560,0.016666666666666666,400.0,40.0,17.0,117.5,0,0
121KENYA,DSC_7021,640,0.016666666666666666,400.0,40.0,173.9,84.9,0,0
121KENYA,DSC_7022,640,0.016666666666666666,400.0,40.0,188.8,87.1,0,0
121KENYA,DSC_7023,640,0.016666666666666666,400.0,40.0,11.2,154.4,0,0
121KENYA,DSC_7024,900,0.016666666666666666,250.0,40.0,168.0,90.6,0,0
121KENYA,DSC_7025,640,0.016666666666666666,200.0,36.0,69.5,90.1,0,0
121KENYA,DSC_7026,640,0.016666666666666666,200.0,36.0,177.1,88.3,0,0
121KENYA,DSC_7027,450,0.016666666666666666,155.0,36.0,447.0,88.3,0,0
121KENYA,DSC_7028,100,0.003125,220.0,5.6,612.7,101.6,0,0
121KENYA,DSC_7029,100,0.003125,220.0,5.6,1122.8,101.2,0,0
121KENYA,DSC_7030,100,0.003125,220.0,5.6,1388.9,105.1,0,0
121KENYA,DSC_7031,100,0.004,220.0,5.6,619.6,115.5,0,0
121KENYA,DSC_7032,100,0.002,145.0,5.6,1762.6,101.9,0,0
121KENYA,DSC_7033,100,0.0025,145.0,5.6,1467.8,118.4,0,0
121KENYA,DSC_7034,100,0.002,145.0,5.6,874.0,121.1,0,0
121KENYA,DSC_7035,100,0.002,145.0,5.6,1268.9,104.0,0,0
121KENYA,DSC_7036,100,0.004,400.0,6.3,476.6,107.8,0,0
121KENYA,DSC_7037,100,0.003125,400.0,6.3,462.4,103.0,0,0
121KENYA,DSC_7038,100,0.005,400.0,6.3,169.9,130.3,0,0
121KENYA,DSC_7039,100,0.004,400.0,6.3,504.8,87.8,0,0
121KENYA,DSC_7040,100,0.005,400.0,6.3,264.4,103.3,0,0
121KENYA,DSC_7041,100,0.005,400.0,6.3,87.1,116.5,0,0
121KENYA,DSC_7042,100,0.003125,400.0,6.3,118.9,93.3,0,0
121KENYA,DSC_7043,100,0.004,300.0,6.3,269.0,113.7,0,0
121KENYA,DSC_7044,100,0.002,80.0,5.6,835.7,134.2,0,0
121KENYA,DSC_7045,100,0.0015625,80.0,5.6,1468.6,131.7,0,0
121KENYA,DSC_7046,100,0.002,170.0,5.6,152.5,112.3,0,0
121KENYA,DSC_7047,100,0.002,170.0,5.6,1518.8,96.2,0,0
121KENYA,DSC_7048,100,0.002,170.0,5.6,491.8,92.9,0,0
121KENYA,DSC_7049,100,0.002,116.0,5.6,1022.5,130.6,0,0
121KENYA,DSC_7050,100,0.0025,400.0,6.3,139.4,116.0,0,0
121KENYA,DSC_7052,100,0.0025,100.0,5.6,146.9,160.1,0,0
121KENYA,DSC_7053,100,0.003125,100.0,5.6,228.8,161.9,0,0
121KENYA,DSC_7054,100,0.002,100.0,5.6,358.7,177.2,0,0
121KENYA,DSC_7055,100,0.0015625,86.0,5.6,1282.2,140.6,0,0
121KENYA,DSC_7056,100,0.0015625,86.0,5.6,923.2,139.2,0,0
121KENYA,DSC_7057,100,0.0015625,86.0,5.6,940.7,141.0,0,0
121KENYA,DSC_7058,100,0.0015625,86.0,5.6,1128.2,136.3,0,0
121KENYA,DSC_7059,100,0.002,145.0,5.6,680.7,116.6,0,0
121KENYA,DSC_7060,100,0.0015625,86.0,5.6,1148.1,131.1,0,0
121KENYA,DSC_7061,100,0.0015625,86.0,5.6,1170.1,136.6,0,0
121KENYA,DSC_7062,100,0.0015625,86.0,5.6,1135.6,142.8,0,0
121KENYA,DSC_7063,100,0.0015625,86.0,5.6,455.6,116.8,0,0
121KENYA,DSC_7064,100,0.00125,50.0,5.6,1416.4,131.3,0,0
121KENYA,DSC_7065,100,0.0015625,50.0,5.6,1836.1,129.1,0,0
121KENYA,DSC_7066,100,0.0015625,50.0,5.6,1962.8,129.9,0,0
121KENYA,DSC_7067,100,0.003125,400.0,6.3,111.0,94.5,0,0
121KENYA,DSC_7068,100,0.0015625,27.0,5.6,59.0,129.9,0,0
121KENYA,DSC_7069,100,0.0015625,27.0,5.6,970.0,128.0,0,0
121KENYA,DSC_7070,100,0.0015625,27.0,5.6,1321.9,133.3,0,0
121KENYA,DSC_7071,100,0.002,27.0,5.6,1170.0,140.8,0,0
121KENYA,DSC_7072,100,0.0015625,27.0,5.6,1058.0,138.0,0,0
121KENYA,DSC_7073,100,0.0015625,27.0,5.6,619.4,125.7,0,0
121KENYA,DSC_7074,100,0.0015625,27.0,5.6,1707.5,116.4,0,0
121KENYA,DSC_7075,100,0.0015625,27.0,5.6,1797.7,115.0,0,0
121KENYA,DSC_7076,100,0.0015625,27.0,5.6,1358.8,127.5,0,0
121KENYA,DSC_7077,100,0.0015625,27.0,5.6,1551.9,126.5,0,0
121KENYA,DSC_7078,100,0.002,27.0,5.6,1018.6,146.3,0,0
121KENYA,DSC_7079,100,0.002,27.0,5.6,1010.6,134.0,0,0
121KENYA,DSC_7080,100,0.002,27.0,5.6,908.4,135.1,0,0
121KENYA,DSC_7081,100,0.002,27.0,5.6,1041.8,136.0,0,0
121KENYA,DSC_7082,100,0.002,27.0,5.6,701.0,136.7,0,0
121KENYA,DSC_7083,100,0.002,27.0,5.6,893.1,133.1,0,0
121KENYA,DSC_7084,100,0.002,27.0,5.6,953.8,129.7,0,0
121KENYA,DSC_7085,100,0.002,27.0,5.6,1450.9,131.7,0,0
121KENYA,DSC_7086,100,0.002,27.0,5.6,1595.9,131.8,0,0
121KENYA,DSC_7087,100,0.002,27.0,5.6,1441.2,131.1,0,0
121KENYA,DSC_7088,100,0.002,27.0,5.6,1021.5,142.4,0,0
121KENYA,DSC_7089,100,0.0015625,27.0,5.6,1101.3,136.8,0,0
121KENYA,DSC_7090,100,0.002,27.0,5.6,1160.8,137.1,0,0
121KENYA,DSC_7091,100,0.002,22.0,5.6,906.3,144.0,0,0
121KENYA,DSC_7092,100,0.0015625,22.0,5.6,883.0,139.3,0,0
121KENYA,DSC_7093,100,0.0015625,22.0,5.6,1029.2,140.6,0,0
121KENYA,DSC_7094,100,0.0015625,22.0,5.6,434.1,143.6,0,0
121KENYA,DSC_7095,100,0.0015625,22.0,5.6,723.0,142.1,0,0
121KENYA,DSC_7096,100,0.0015625,22.0,5.6,794.7,140.7,0,0
121KENYA,DSC_7097,100,0.002,62.0,5.6,1096.8,126.6,0,0
121KENYA,DSC_7098,100,0.002,62.0,5.6,1267.0,121.4,0,0
121KENYA,DSC_7099,100,0.0015625,62.0,5.6,1027.7,115.0,0,0
121KENYA,DSC_7100,100,0.0015625,62.0,5.6,1272.7,106.5,0,0
121KENYA,DSC_7101,100,0.00125,27.0,5.6,750.1,134.5,0,0
121KENYA,DSC_7102,100,0.0015625,27.0,5.6,971.8,135.8,0,0
121KENYA,DSC_7103,100,0.0015625,32.0,5.6,1150.2,125.2,0,0
121KENYA,DSC_7104,100,0.0015625,32.0,5.6,1686.7,124.7,0,0
121KENYA,DSC_7105,100,0.00125,32.0,5.6,699.3,133.2,0,0
121KENYA,DSC_7106,100,0.0015625,135.0,5.6,1084.4,112.4,0,0
121KENYA,DSC_7107,100,0.0015625,135.0,5.6,1065.7,116.4,0,0
121KENYA,DSC_7108,100,0.0015625,135.0,5.6,1501.1,103.8,0,0
121KENYA,DSC_7109,100,0.0015625,135.0,5.6,1503.2,110.5,0,0
121KENYA,DSC_7110,100,0.002,135.0,5.6,1638.4,111.9,0,0
121KENYA,DSC_7111,100,0.0015625,135.0,5.6,1597.5,109.7,0,0
121KENYA,DSC_7112,100,0.0015625,135.0,5.6,1173.1,97.9,0,0
121KENYA,DSC_7113,100,0.0015625,135.0,5.6,866.3,104.5,0,0
121KENYA,DSC_7114,100,0.0015625,135.0,5.6,972.8,104.8,0,0
121KENYA,DSC_7115,100,0.0015625,135.0,5.6,1009.9,101.8,0,0
121KENYA,DSC_7116,100,0.0015625,135.0,5.6,916.0,105.3,0,0
121KENYA,DSC_7117,100,0.003125,400.0,6.3,21.0,111.0,0,0
121KENYA,DSC_7118,100,0.002,400.0,6.3,18.3,128.2,0,0
121KENYA,DSC_7119,100,0.0025,400.0,6.3,22.5,122.2,0,0
121KENYA,DSC_7120,100,0.003125,400.0,6.3,19.7,113.3,0,0
121KENYA,DSC_7121,100,0.0025,400.0,6.3,16.1,119.4,0,0
121KENYA,DSC_7122,100,0.0025,400.0,6.3,23.3,132.4,0,0
121KENYA,DSC_7123,100,0.005,400.0,6.3,79.7,96.0,0,0
121KENYA,DSC_7124,100,0.005,400.0,6.3,73.6,97.0,0,0
121KENYA,DSC_7125,100,0.005,400.0,6.3,130.0,109.6,0,0
121KENYA,DSC_7126,100,0.005,400.0,6.3,60.0,108.6,0,0
121KENYA,DSC_7127,100,0.005,400.0,6.3,155.4,106.4,0,0
121KENYA,DSC_7128,100,0.005,400.0,6.3,42.4,104.9,0,0
121KENYA,DSC_7129,100,0.005,400.0,6.3,103.6,112.5,0,0
121KENYA,DSC_7130,100,0.005,400.0,6.3,184.5,113.1,0,0
121KENYA,DSC_7131,100,0.005,400.0,6.3,251.4,115.4,0,0
121KENYA,DSC_7132,100,0.005,400.0,6.3,138.3,109.1,0,0
121KENYA,DSC_7133,100,0.005,400.0,6.3,167.4,109.8,0,0
121KENYA,DSC_7134,100,0.005,400.0,6.3,46.0,109.8,0,0
121KENYA,DSC_7135,100,0.005,400.0,6.3,287.2,104.3,0,0
121KENYA,DSC_7136,100,0.005,400.0,6.3,420.2,100.0,0,0
121KENYA,DSC_7137,100,0.005,400.0,6.3,191.3,122.3,0,0
121KENYA,DSC_7138,100,0.005,400.0,6.3,164.1,102.9,0,0
121KENYA,DSC_7139,100,0.002,170.0,5.6,659.7,125.8,0,0
121KENYA,DSC_7140,100,0.002,170.0,5.6,911.1,112.5,0,0
121KENYA,DSC_7141,100,0.002,170.0,5.6,968.9,111.4,0,0
121KENYA,DSC_7142,100,0.002,170.0,5.6,870.4,107.1,0,0
121KENYA,DSC_7143,100,0.002,170.0,5.6,826.0,107.5,0,0
121KENYA,DSC_7144,100,0.002,170.0,5.6,958.4,116.1,0,0
121KENYA,DSC_7145,100,0.002,170.0,5.6,932.5,113.0,0,0
121KENYA,DSC_7146,100,0.002,170.0,5.6,1084.6,112.7,0,0
121KENYA,DSC_7147,100,0.002,170.0,5.6,1049.9,113.4,1,1
121KENYA,DSC_7148,100,0.0015625,75.0,5.6,1023.2,132.1,0,0
121KENYA,DSC_7149,100,0.0015625,75.0,5.6,2158.9,123.6,0,0
121KENYA,DSC_7150,100,0.0015625,75.0,5.6,2156.1,121.4,0,0
121KENYA,DSC_7151,100,0.0015625,75.0,5.6,2157.1,121.9,0,0
121KENYA,DSC_7152,100,0.0015625,75.0,5.6,2439.7,119.2,0,0
121KENYA,DSC_7153,100,0.0015625,75.0,5.6,2128.7,121.3,0,0
121KENYA,DSC_7154,100,0.0015625,75.0,5.6,2257.6,121.6,0,0
121KENYA,DSC_7155,100,0.0015625,75.0,5.6,2322.3,120.2,0,0
121KENYA,DSC_7156,100,0.0015625,75.0,5.6,2331.8,121.1,0,0
121KENYA,DSC_7157,100,0.0015625,75.0,5.6,2252.4,123.2,0,0
121KENYA,DSC_7158,100,0.0015625,75.0,5.6,2254.0,123.1,0,0
121KENYA,DSC_7159,100,0.002,400.0,6.3,218.5,74.8,0,0
121KENYA,DSC_7160,100,0.004,400.0,6.3,41.4,103.6,1,1
121KENYA,DSC_7161,100,0.004,400.0,6.3,207.1,81.8,0,0
121KENYA,DSC_7162,100,0.0015625,50.0,5.6,2661.7,123.6,0,0
121KENYA,DSC_7163,100,0.0015625,50.0,5.6,2438.9,120.2,0,0
121KENYA,DSC_7164,100,0.0015625,50.0,5.6,2584.8,134.3,0,0
121KENYA,DSC_7165,100,0.0015625,50.0,5.6,2432.0,135.2,0,0
121KENYA,DSC_7166,100,0.0015625,50.0,5.6,2077.4,134.1,0,0
121KENYA,DSC_7167,100,0.0015625,50.0,5.6,2805.1,126.8,0,0
121KENYA,DSC_7168,100,0.0015625,50.0,5.6,2757.5,128.6,0,0
121KENYA,DSC_7169,100,0.0015625,50.0,5.6,2890.8,125.1,0,0
121KENYA,DSC_7170,100,0.0015625,50.0,5.6,2292.2,133.2,0,0
121KENYA,DSC_7171,100,0.0015625,50.0,5.6,2685.5,131.2,0,0
121KENYA,DSC_7172,100,0.0015625,50.0,5.6,2530.9,132.9,0,0
121KENYA,DSC_7173,100,0.0015625,50.0,5.6,2673.6,131.9,0,0
121KENYA,DSC_7174,100,0.0015625,80.0,5.6,1633.5,121.5,0,0
121KENYA,DSC_7175,100,0.002,80.0,5.6,2314.5,121.2,0,0
121KENYA,DSC_7176,100,0.002,116.0,5.6,1055.0,122.7,0,0
121KENYA,DSC_7177,100,0.002,116.0,5.6,1577.1,101.5,0,0
121KENYA,DSC_7178,100,0.002,116.0,5.6,61.8,126.6,0,0
121KENYA,DSC_7179,100,0.002,116.0,5.6,1309.0,115.0,0,0
121KENYA,DSC_7180,100,0.002,116.0,5.6,740.7,124.6,0,0
121KENYA,DSC_7181,100,0.002,116.0,5.6,1588.2,119.1,0,0
121KENYA,DSC_7182,100,0.0015625,32.0,5.6,1979.8,125.4,0,0
121KENYA,DSC_7183,100,0.0015625,32.0,5.6,1722.9,122.8,0,0
121KENYA,DSC_7184,100,0.0015625,32.0,5.6,1593.8,127.3,0,0
121KENYA,DSC_7185,100,0.0015625,32.0,5.6,1794.8,124.7,0,0
121KENYA,DSC_7186,100,0.0015625,32.0,5.6,1717.7,125.6,0,0
121KENYA,DSC_7187,100,0.0015625,32.0,5.6,1956.6,120.8,0,0
121KENYA,DSC_7188,100,0.005,400.0,6.3,128.7,88.5,0,0
121KENYA,DSC_7189,100,0.005,400.0,6.3,47.6,92.7,0,0
121KENYA,DSC_7190,100,0.005,400.0,6.3,193.2,86.1,0,0
121KENYA,DSC_7191,100,0.005,400.0,6.3,115.7,98.2,0,0
121KENYA,DSC_7192,100,0.005,400.0,6.3,92.0,96.7,0,0
121KENYA,DSC_7193,100,0.005,400.0,6.3,191.3,103.9,0,0
121KENYA,DSC_7194,100,0.005,400.0,6.3,4.3,140.2,0,0
121KENYA,DSC_7195,100,0.0015625,86.0,5.6,2657.7,113.3,0,0
121KENYA,DSC_7196,100,0.0015625,86.0,5.6,3352.5,99.0,0,0
121KENYA,DSC_7197,100,0.004,400.0,6.3,93.7,88.2,0,0
121KENYA,DSC_7198,100,0.004,400.0,6.3,152.3,88.3,0,0
121KENYA,DSC_7199,100,0.004,400.0,6.3,146.3,98.7,0,0
121KENYA,DSC_7200,100,0.004,400.0,6.3,110.8,102.8,0,0
121KENYA,DSC_7201,100,0.004,400.0,6.3,341.0,100.9,0,0
121KENYA,DSC_7202,100,0.004,400.0,6.3,106.0,98.5,0,0
121KENYA,DSC_7203,100,0.004,400.0,6.3,340.5,105.7,0,0
121KENYA,DSC_7204,100,0.004,400.0,6.3,237.4,104.0,0,0
121KENYA,DSC_7205,100,0.002,400.0,6.3,284.1,83.3,0,0
121KENYA,DSC_7206,100,0.002,400.0,6.3,384.4,87.9,0,0
121KENYA,DSC_7207,100,0.0025,400.0,6.3,659.7,95.2,0,0
121KENYA,DSC_7208,100,0.002,400.0,6.3,495.2,88.2,0,0
121KENYA,DSC_7209,100,0.0025,400.0,6.3,40.4,97.4,0,0
121KENYA,DSC_7210,100,0.005,400.0,6.3,207.7,80.0,0,0
121KENYA,DSC_7211,100,0.005,400.0,6.3,120.9,84.1,0,0
121KENYA,DSC_7212,100,0.004,400.0,6.3,696.2,97.3,0,0
121KENYA,DSC_7213,100,0.0015625,80.0,5.6,803.7,132.9,0,0
121KENYA,DSC_7214,100,0.0015625,80.0,5.6,335.4,134.0,0,0
121KENYA,DSC_7215,100,0.005,400.0,6.3,91.1,99.5,1,1
121KENYA,DSC_7216,100,0.003125,400.0,6.3,430.8,85.8,0,0
121KENYA,DSC_7217,100,0.004,400.0,6.3,187.0,85.9,0,0
121KENYA,DSC_7218,100,0.004,400.0,6.3,164.8,97.3,0,0
121KENYA,DSC_7219,100,0.002,145.0,5.6,870.5,117.5,0,0
121KENYA,DSC_7220,100,0.002,145.0,5.6,405.7,128.8,0,0
121KENYA,DSC_7221,100,0.0015625,145.0,5.6,428.1,117.0,0,0
121KENYA,DSC_7222,100,0.004,400.0,6.3,318.3,105.5,0,0
121KENYA,DSC_7223,100,0.003125,400.0,6.3,80.9,130.2,0,0
121KENYA,DSC_7224,100,0.00125,122.0,5.6,259.2,133.9,0,0
121KENYA,DSC_7225,100,0.0015625,135.0,5.6,214.7,139.1,0,0
121KENYA,DSC_7226,100,0.00125,135.0,5.6,159.9,131.9,0,0
121KENYA,DSC_7227,100,0.00125,135.0,5.6,154.7,130.7,0,0
121KENYA,DSC_7228,320,0.000625,400.0,6.3,154.5,129.6,0,0
121KENYA,DSC_7229,250,0.000625,116.0,5.0,481.2,85.0,0,0
121KENYA,DSC_7230,200,0.000625,75.0,5.0,809.6,103.4,0,0
121KENYA,DSC_7231,200,0.000625,80.0,5.0,384.2,106.9,0,0
121KENYA,DSC_7232,200,0.000625,100.0,5.0,932.3,84.3,0,0
121KENYA,DSC_7233,220,0.000625,100.0,5.0,756.4,92.6,0,0
121KENYA,DSC_7234,200,0.000625,80.0,5.0,955.0,107.5,0,0
121KENYA,DSC_7235,280,0.000625,370.0,6.3,214.1,126.5,0,0
121KENYA,DSC_7236,200,0.000625,155.0,5.6,380.9,124.0,0,0
121KENYA,DSC_7237,280,0.000625,155.0,5.6,285.6,145.3,0,0
121KENYA,DSC_7238,220,0.000625,100.0,5.0,567.2,83.1,0,0
121KENYA,DSC_7239,640,0.000625,370.0,6.3,272.4,101.8,0,0
121KENYA,DSC_7240,640,0.000625,370.0,6.3,287.7,92.1,0,0
121KENYA,DSC_7241,720,0.000625,370.0,6.3,554.4,80.6,0,0
121KENYA,DSC_7242,720,0.000625,370.0,6.3,751.6,83.1,0,0
121KENYA,DSC_7243,560,0.000625,170.0,5.6,813.1,103.3,0,0
121KENYA,DSC_7244,500,0.000625,220.0,5.6,182.6,97.1,0,0
121KENYA,DSC_7245,200,0.000625,116.0,5.0,715.6,141.4,0,0
121KENYA,DSC_7246,160,0.000625,116.0,5.0,906.1,133.5,0,0
121KENYA,DSC_7247,320,0.000625,240.0,6.3,316.6,132.9,0,0
121KENYA,DSC_7248,400,0.000625,400.0,6.3,73.2,133.4,0,0
121KENYA,DSC_7249,400,0.000625,400.0,6.3,40.6,126.2,0,0
121KENYA,DSC_7250,360,0.000625,400.0,6.3,64.5,129.7,0,0
121KENYA,DSC_7251,400,0.000625,400.0,6.3,160.2,128.5,0,0
121KENYA,DSC_7252,400,0.000625,400.0,6.3,212.3,133.8,0,0
121KENYA,DSC_7253,280,0.000625,400.0,6.3,279.7,111.0,0,0
121KENYA,DSC_7254,280,0.000625,400.0,6.3,174.8,110.7,0,0
121KENYA,DSC_7255,280,0.000625,400.0,6.3,295.6,121.7,0,0
121KENYA,DSC_7256,280,0.000625,400.0,6.3,284.4,122.7,0,0
121KENYA,DSC_7257,280,0.000625,400.0,6.3,59.1,120.7,0,0
121KENYA,DSC_7258,280,0.000625,400.0,6.3,240.4,121.8,0,0
121KENYA,DSC_7259,320,0.000625,400.0,6.3,405.8,122.3,0,0
121KENYA,DSC_7260,320,0.000625,400.0,6.3,816.4,120.5,0,0
121KENYA,DSC_7261,200,0.000625,270.0,6.3,145.2,132.7,0,0
121KENYA,DSC_7262,200,0.000625,270.0,6.3,93.7,130.8,0,0
121KENYA,DSC_7263,220,0.000625,400.0,6.3,215.9,119.0,0,0
121KENYA,DSC_7264,250,0.000625,400.0,6.3,226.9,124.8,0,0
121KENYA,DSC_7265,280,0.000625,400.0,6.3,153.2,133.3,0,0
121KENYA,DSC_7266,140,0.000625,70.0,4.5,820.9,138.2,0,0
121KENYA,DSC_7267,280,0.000625,400.0,6.3,69.7,125.8,0,0
121KENYA,DSC_7268,250,0.000625,400.0,6.3,134.7,119.8,0,0
121KENYA,DSC_7269,250,0.000625,400.0,6.3,187.0,118.1,0,0
121KENYA,DSC_7270,220,0.000625,200.0,5.6,494.0,130.7,0,0
121KENYA,DSC_7271,100,0.000625,62.0,6.3,306.3,105.3,0,0
121KENYA,DSC_7272,100,0.000625,62.0,6.3,285.5,102.7,0,0
121KENYA,DSC_7273,100,0.000625,65.0,5.0,255.1,131.4,0,0
121KENYA,DSC_7274,100,0.000625,65.0,5.6,175.0,106.2,0,0
121KENYA,DSC_7275,140,0.000625,65.0,4.5,447.0,129.3,0,0
121KENYA,DSC_7276,160,0.000625,65.0,4.5,609.5,129.2,0,0
121KENYA,DSC_7277,100,0.000625,65.0,4.5,445.4,101.0,0,0
121KENYA,DSC_7278,220,0.000625,300.0,6.3,276.9,82.3,0,0
121KENYA,DSC_7279,250,0.000625,300.0,6.3,163.4,95.7,0,0
121KENYA,DSC_7280,250,0.000625,300.0,6.3,131.3,80.5,0,0
121KENYA,DSC_7281,250,0.000625,300.0,6.3,128.5,79.6,0,0
121KENYA,DSC_7282,220,0.000625,300.0,6.3,153.1,75.5,0,0
121KENYA,DSC_7283,250,0.000625,300.0,6.3,148.8,83.6,0,0
121KENYA,DSC_7284,320,0.000625,270.0,6.3,135.6,121.0,0,0
121KENYA,DSC_7285,280,0.000625,400.0,6.3,35.6,108.4,0,0
121KENYA,DSC_7286,320,0.000625,300.0,6.3,87.6,128.9,0,0
121KENYA,DSC_7287,280,0.000625,300.0,6.3,54.9,116.4,0,0
121KENYA,DSC_7288,125,0.000625,70.0,4.5,372.8,123.2,0,0
121KENYA,DSC_7289,100,0.000625,70.0,5.6,391.7,95.7,0,0
121KENYA,DSC_7290,320,0.000625,400.0,6.3,111.8,87.5,0,0
121KENYA,DSC_7291,360,0.000625,400.0,6.3,77.6,83.1,0,0
121KENYA,DSC_7292,360,0.000625,400.0,6.3,94.6,89.1,0,0
121KENYA,DSC_7293,110,0.000625,400.0,6.3,384.8,77.7,0,0
121KENYA,DSC_7294,360,0.000625,400.0,6.3,349.4,113.3,0,0
121KENYA,DSC_7295,400,0.000625,400.0,6.3,700.2,110.2,0,0
121KENYA,DSC_7296,220,0.016666666666666666,400.0,22.0,79.3,94.1,0,0
121KENYA,DSC_7297,220,0.016666666666666666,400.0,22.0,75.1,104.1,0,0
121KENYA,DSC_7298,220,0.016666666666666666,400.0,22.0,190.4,96.4,0,0
121KENYA,DSC_7299,220,0.016666666666666666,400.0,22.0,34.7,107.9,0,0
121KENYA,DSC_7300,220,0.016666666666666666,400.0,22.0,80.4,90.5,0,0
121KENYA,DSC_7301,450,0.016666666666666666,116.0,22.0,507.0,70.8,0,0
121KENYA,DSC_7302,500,0.016666666666666666,116.0,22.0,470.7,77.1,0,0
121KENYA,DSC_7303,450,0.016666666666666666,116.0,22.0,1019.8,70.8,0,0
121KENYA,DSC_7304,320,0.016666666666666666,116.0,22.0,1444.4,59.5,0,0
121KENYA,DSC_7305,400,0.016666666666666666,116.0,22.0,1330.4,67.5,0,0
121KENYA,DSC_7306,400,0.016666666666666666,116.0,22.0,268.7,62.6,0,0
121KENYA,DSC_7307,450,0.016666666666666666,116.0,22.0,881.3,66.2,0,0
121KENYA,DSC_7308,450,0.016666666666666666,116.0,22.0,637.4,55.7,0,0
121KENYA,DSC_7309,400,0.016666666666666666,116.0,22.0,221.3,54.9,0,0
121KENYA,DSC_7310,400,0.016666666666666666,116.0,22.0,641.8,62.1,0,0
121KENYA,DSC_7311,320,0.016666666666666666,116.0,22.0,365.1,74.8,0,0
121KENYA,DSC_7312,200,0.016666666666666666,116.0,22.0,385.2,53.7,0,0
121KENYA,DSC_7313,280,0.016666666666666666,185.0,22.0,760.7,80.3,0,0
121KENYA,DSC_7314,360,0.016666666666666666,185.0,22.0,1700.3,82.0,0,0
121KENYA,DSC_7315,360,0.016666666666666666,116.0,22.0,452.1,83.7,0,0
121KENYA,DSC_7316,360,0.016666666666666666,116.0,22.0,253.0,85.8,0,0
121KENYA,DSC_7317,100,0.016666666666666666,400.0,22.0,7.1,123.6,0,0
121KENYA,DSC_7318,100,0.0125,400.0,22.0,32.3,120.5,0,0
121KENYA,DSC_7319,1100,0.016666666666666666,400.0,22.0,407.6,77.2,0,0
121KENYA,DSC_7320,1600,0.016666666666666666,400.0,22.0,251.2,101.9,0,0
121KENYA,DSC_7321,250,0.016666666666666666,400.0,22.0,199.7,78.5,0,0
121KENYA,DSC_7322,250,0.016666666666666666,400.0,22.0,62.5,70.1,0,0
121KENYA,DSC_7323,500,0.016666666666666666,400.0,22.0,135.5,79.7,0,0
121KENYA,DSC_7324,250,0.016666666666666666,400.0,22.0,103.2,76.7,0,0
121KENYA,DSC_7325,500,0.016666666666666666,145.0,22.0,261.0,85.2,0,0
121KENYA,DSC_7326,500,0.016666666666666666,145.0,22.0,769.9,86.0,0,0
121KENYA,DSC_7327,720,0.016666666666666666,80.0,22.0,997.9,93.1,0,0
121KENYA,DSC_7328,720,0.016666666666666666,80.0,22.0,635.2,94.6,0,0
121KENYA,DSC_7329,640,0.016666666666666666,100.0,22.0,582.2,88.9,0,0
121KENYA,DSC_7330,560,0.016666666666666666,135.0,22.0,326.7,85.8,0,0
121KENYA,DSC_7331,180,0.016666666666666666,62.0,22.0,341.7,115.1,0,0
121KENYA,DSC_7332,200,0.016666666666666666,300.0,22.0,269.4,110.3,0,0
121KENYA,DSC_7333,220,0.016666666666666666,300.0,22.0,219.8,112.3,0,0
121KENYA,DSC_7334,200,0.016666666666666666,300.0,22.0,223.3,109.7,0,0
121KENYA,DSC_7335,160,0.016666666666666666,270.0,22.0,57.0,120.1,0,0
121KENYA,DSC_7336,220,0.016666666666666666,400.0,22.0,68.5,98.7,0,0
121KENYA,DSC_7337,100,0.004,400.0,6.3,211.0,136.1,0,0
121KENYA,DSC_7338,100,0.004,400.0,6.3,90.2,130.3,0,0
121KENYA,DSC_7339,100,0.004,400.0,6.3,226.3,125.4,0,0
121KENYA,DSC_7340,100,0.01,400.0,11.0,68.5,117.3,0,0
121KENYA,DSC_7341,100,0.01,400.0,11.0,92.8,118.1,0,0
121KENYA,DSC_7342,100,0.008,400.0,11.0,86.6,118.3,0,0
121KENYA,DSC_7343,100,0.008,400.0,11.0,54.5,117.4,0,0
121KENYA,DSC_7344,100,0.008,400.0,11.0,73.5,121.1,0,0
121KENYA,DSC_7345,100,0.008,400.0,11.0,123.8,109.2,0,0
121KENYA,DSC_7346,100,0.008,400.0,11.0,143.4,113.7,0,0
121KENYA,DSC_7347,100,0.008,400.0,11.0,56.0,123.3,0,0
121KENYA,DSC_7348,100,0.008,400.0,11.0,88.6,113.5,0,0
121KENYA,DSC_7349,100,0.008,400.0,11.0,127.1,124.2,0,0
121KENYA,DSC_7350,100,0.008,400.0,11.0,100.7,112.8,0,0
121KENYA,DSC_7351,100,0.008,400.0,11.0,23.1,128.9,0,0
121KENYA,DSC_7352,100,0.008,400.0,11.0,65.5,122.8,0,0
121KENYA,DSC_7353,100,0.008,400.0,11.0,115.7,115.7,0,0
121KENYA,DSC_7354,100,0.00625,400.0,11.0,100.6,123.5,0,0
121KENYA,DSC_7355,100,0.008,200.0,11.0,342.1,129.9,0,0
121KENYA,DSC_7356,100,0.008,200.0,11.0,141.1,118.1,0,0
121KENYA,DSC_7357,100,0.00625,400.0,11.0,242.2,116.1,0,0
121KENYA,DSC_7358,100,0.00625,400.0,11.0,218.8,124.6,0,0
121KENYA,DSC_7359,100,0.008,400.0,11.0,190.9,105.7,0,0
121KENYA,DSC_7360,100,0.008,400.0,11.0,30.6,126.0,0,0
121KENYA,DSC_7361,100,0.008,400.0,11.0,60.2,114.2,0,0
121KENYA,DSC_7362,100,0.01,400.0,11.0,53.4,143.0,0,0
121KENYA,DSC_7363,100,0.008,400.0,11.0,71.7,114.4,0,0
121KENYA,DSC_7364,100,0.01,400.0,11.0,63.9,124.5,0,0
121KENYA,DSC_7365,100,0.01,400.0,11.0,57.5,129.0,0,0
121KENYA,DSC_7366,100,0.008,400.0,11.0,202.1,115.5,0,0
121KENYA,DSC_7367,100,0.008,400.0,11.0,256.6,103.1,0,0
121KENYA,DSC_7368,100,0.008,24.0,11.0,418.0,128.1,0,0
121KENYA,DSC_7369,100,0.00625,55.0,11.0,733.0,105.2,0,0
121KENYA,DSC_7370,100,0.005,92.0,11.0,591.0,76.1,0,0
121KENYA,DSC_7371,100,0.005,92.0,11.0,425.1,78.3,0,0
121KENYA,DSC_7372,100,0.004,86.0,11.0,447.6,79.2,0,0
121KENYA,DSC_7373,100,0.004,86.0,11.0,522.7,80.2,0,0
121KENYA,DSC_7374,100,0.005,86.0,11.0,488.6,83.8,0,0
121KENYA,DSC_7375,100,0.004,86.0,11.0,418.0,68.8,0,0
121KENYA,DSC_7376,100,0.005,86.0,11.0,422.3,77.0,0,0
121KENYA,DSC_7377,100,0.005,86.0,11.0,697.0,77.6,0,0
121KENYA,DSC_7378,100,0.00625,400.0,11.0,47.7,121.9,0,0
121KENYA,DSC_7379,100,0.008,400.0,11.0,39.4,120.7,0,0
121KENYA,DSC_7380,100,0.005,70.0,11.0,502.2,86.3,0,0
121KENYA,DSC_7381,100,0.00625,70.0,11.0,488.3,83.9,0,0
121KENYA,DSC_7382,100,0.00625,70.0,11.0,696.6,84.5,0,0
121KENYA,DSC_7383,100,0.008,70.0,11.0,717.1,91.5,0,0
121KENYA,DSC_7384,100,0.008,70.0,11.0,872.6,90.8,0,0
121KENYA,DSC_7385,100,0.004,92.0,11.0,93.0,88.8,0,0
121KENYA,DSC_7386,100,0.004,92.0,11.0,775.3,82.9,0,0
121KENYA,DSC_7387,100,0.004,145.0,11.0,416.9,84.6,0,0
121KENYA,DSC_7388,100,0.005,100.0,11.0,214.7,74.9,0,0
121KENYA,DSC_7389,100,0.004,100.0,11.0,619.7,70.8,0,0
121KENYA,DSC_7390,100,0.004,86.0,11.0,234.6,77.4,1,1
121KENYA,DSC_7391,100,0.004,86.0,11.0,734.1,72.8,0,0
121KENYA,DSC_7392,100,0.004,86.0,11.0,499.8,71.5,0,0
121KENYA,DSC_7393,100,0.004,86.0,11.0,789.2,72.7,0,0
121KENYA,DSC_7394,100,0.004,86.0,11.0,643.7,75.8,0,0
121KENYA,DSC_7395,100,0.004,86.0,11.0,654.7,76.3,0,0
121KENYA,DSC_7396,100,0.005,86.0,11.0,528.6,84.0,0,0
121KENYA,DSC_7397,100,0.005,86.0,11.0,312.7,84.8,0,0
121KENYA,DSC_7398,100,0.004,135.0,11.0,113.2,86.6,0,0
121KENYA,DSC_7399,100,0.005,185.0,11.0,268.5,102.0,0,0
121KENYA,DSC_7400,100,0.005,185.0,11.0,104.7,102.1,0,0
121KENYA,DSC_7401,100,0.005,185.0,11.0,399.9,101.7,0,0
121KENYA,DSC_7402,100,0.005,185.0,11.0,510.3,99.1,0,0
121KENYA,DSC_7403,100,0.004,185.0,11.0,418.4,87.7,0,0
121KENYA,DSC_7404,100,0.004,185.0,11.0,387.5,82.9,0,0
121KENYA,DSC_7405,100,0.003125,185.0,11.0,143.4,80.3,0,0
121KENYA,DSC_7406,100,0.003125,185.0,11.0,235.7,76.8,0,0
121KENYA,DSC_7407,100,0.004,185.0,11.0,312.8,82.2,0,0
121KENYA,DSC_7408,100,0.004,185.0,11.0,379.3,85.4,0,0
121KENYA,DSC_7409,100,0.004,185.0,11.0,209.3,91.7,0,0
121KENYA,DSC_7410,100,0.004,86.0,11.0,236.9,94.6,0,0
121KENYA,DSC_7411,100,0.004,86.0,11.0,214.1,89.8,0,0
121KENYA,DSC_7412,100,0.005,135.0,11.0,162.5,96.4,0,0
121KENYA,DSC_7413,100,0.005,135.0,11.0,197.9,100.0,0,0
121KENYA,DSC_7414,100,0.005,135.0,11.0,218.2,91.1,0,0
121KENYA,DSC_7415,100,0.004,135.0,11.0,354.8,89.2,0,0
121KENYA,DSC_7416,100,0.005,300.0,11.0,89.5,101.5,0,0
121KENYA,DSC_7417,100,0.008,400.0,11.0,20.8,115.8,0,0
121KENYA,DSC_7418,100,0.008,400.0,11.0,20.4,126.6,0,0
121KENYA,DSC_7419,100,0.004,400.0,11.0,105.4,115.6,0,0
121KENYA,DSC_7420,100,0.003125,185.0,11.0,234.0,75.6,0,0
121KENYA,DSC_7421,100,0.005,135.0,11.0,346.5,77.6,0,0
121KENYA,DSC_7422,100,0.00625,75.0,11.0,142.7,100.7,0,0
121KENYA,DSC_7423,100,0.008,75.0,11.0,306.8,118.1,0,0
121KENYA,DSC_7424,100,0.005,350.0,11.0,136.3,89.8,0,0
121KENYA,DSC_7425,100,0.004,350.0,11.0,64.0,79.7,0,0
121KENYA,DSC_7426,100,0.005,350.0,11.0,19.4,83.1,0,0
121KENYA,DSC_7427,100,0.01,400.0,11.0,20.0,130.1,0,0
121KENYA,DSC_7428,100,0.01,400.0,11.0,61.4,138.5,0,0
121KENYA,DSC_7429,100,0.0125,400.0,11.0,8.3,158.5,0,0
121KENYA,DSC_7430,100,0.00625,400.0,11.0,66.8,86.1,0,0
121KENYA,DSC_7431,100,0.005,400.0,11.0,18.3,96.9,0,0
121KENYA,DSC_7432,100,0.005,400.0,11.0,10.3,99.9,0,0
121KENYA,DSC_7433,100,0.00625,400.0,11.0,110.3,112.8,0,0
121KENYA,DSC_7434,100,0.01,400.0,11.0,8.1,106.5,0,0
121KENYA,DSC_7435,100,0.008,155.0,11.0,263.4,116.2,0,0
121KENYA,DSC_7436,100,0.00625,155.0,11.0,148.0,106.4,0,0
121KENYA,DSC_7437,100,0.00625,155.0,11.0,154.6,103.9,0,0
121KENYA,DSC_7438,100,0.00625,155.0,11.0,145.0,104.7,0,0
121KENYA,DSC_7439,100,0.00625,155.0,11.0,260.2,102.8,0,0
121KENYA,DSC_7440,100,0.008,155.0,11.0,441.1,117.5,0,0
121KENYA,DSC_7441,100,0.008,155.0,11.0,326.8,109.1,0,0
121KENYA,DSC_7442,100,0.00625,155.0,11.0,295.8,110.2,0,0
121KENYA,DSC_7443,100,0.008,155.0,11.0,304.9,103.3,0,0
121KENYA,DSC_7444,100,0.008,155.0,11.0,287.4,108.6,0,0
121KENYA,DSC_7445,100,0.008,155.0,11.0,228.6,105.6,0,0
121KENYA,DSC_7446,100,0.008,155.0,11.0,88.9,108.0,0,0
121KENYA,DSC_7447,100,0.00625,155.0,11.0,127.1,107.0,0,0
121KENYA,DSC_7448,100,0.00625,155.0,11.0,70.5,105.8,0,0
121KENYA,DSC_7449,100,0.005,400.0,11.0,105.2,89.4,0,0
121KENYA,DSC_7450,100,0.00625,400.0,11.0,180.4,103.0,0,0
121KENYA,DSC_7451,100,0.00625,400.0,11.0,87.6,97.1,0,0
121KENYA,DSC_7452,100,0.0125,400.0,11.0,46.9,122.2,0,0
121KENYA,DSC_7453,100,0.0125,400.0,11.0,7.6,117.9,0,0
121KENYA,DSC_7454,100,0.0125,400.0,11.0,9.3,124.9,0,0
121KENYA,DSC_7455,100,0.00625,400.0,11.0,35.6,96.3,0,0
121KENYA,DSC_7456,100,0.00625,400.0,11.0,14.5,101.7,0,0
121KENYA,DSC_7457,100,0.005,400.0,11.0,15.1,93.2,0,0
121KENYA,DSC_7458,100,0.005,400.0,11.0,124.0,92.3,0,0
121KENYA,DSC_7459,100,0.005,400.0,11.0,97.6,85.8,0,0
121KENYA,DSC_7460,100,0.005,400.0,11.0,228.7,90.9,0,0
121KENYA,DSC_7461,100,0.005,400.0,11.0,52.5,88.0,0,0
121KENYA,DSC_7462,100,0.005,400.0,11.0,90.3,84.7,0,0
121KENYA,DSC_7463,100,0.008,400.0,11.0,47.3,104.0,0,0
121KENYA,DSC_7464,100,0.005,400.0,11.0,114.9,91.0,0,0
121KENYA,DSC_7465,100,0.004,400.0,11.0,148.1,87.3,0,0
121KENYA,DSC_7466,100,0.005,400.0,11.0,96.9,86.0,0,0
121KENYA,DSC_7467,100,0.008,400.0,11.0,6.5,108.4,0,0
121KENYA,DSC_7468,100,0.008,400.0,11.0,17.2,110.2,0,0
121KENYA,DSC_7469,100,0.00625,400.0,11.0,14.2,92.4,0,0
121KENYA,DSC_7470,100,0.005,400.0,11.0,137.7,96.2,1,1
121KENYA,DSC_7471,100,0.005,400.0,11.0,42.0,88.6,0,0
121KENYA,DSC_7472,100,0.005,400.0,11.0,26.0,85.8,0,0
121KENYA,DSC_7473,100,0.005,400.0,11.0,35.9,90.7,0,0
121KENYA,DSC_7474,100,0.005,400.0,11.0,111.0,91.1,0,0
121KENYA,DSC_7475,100,0.00625,400.0,11.0,27.9,105.2,0,0
121KENYA,DSC_7476,100,0.005,400.0,11.0,62.6,90.3,0,0
121KENYA,DSC_7477,100,0.00625,400.0,11.0,48.9,94.7,0,0
121KENYA,DSC_7478,100,0.005,400.0,11.0,138.9,92.3,0,0
121KENYA,DSC_7479,100,0.00625,400.0,11.0,60.8,101.3,0,0
121KENYA,DSC_7480,100,0.005,400.0,11.0,24.6,89.5,0,0
121KENYA,DSC_7481,100,0.00625,400.0,11.0,142.5,100.2,0,0
121KENYA,DSC_7482,100,0.00625,400.0,11.0,51.3,92.7,0,0
121KENYA,DSC_7483,100,0.00625,400.0,11.0,72.7,108.4,0,0
121KENYA,DSC_7484,100,0.008,400.0,11.0,35.1,112.7,0,0
121KENYA,DSC_7485,100,0.00625,400.0,11.0,14.8,90.0,0,0
121KENYA,DSC_7486,100,0.0125,400.0,11.0,19.8,105.7,0,0
121KENYA,DSC_7487,100,0.008,400.0,11.0,40.1,92.6,0,0
121KENYA,DSC_7488,100,0.005,400.0,11.0,107.1,83.7,0,0
121KENYA,DSC_7489,100,0.00625,400.0,11.0,11.9,84.9,0,0
121KENYA,DSC_7490,100,0.005,400.0,11.0,202.5,87.2,0,0
121KENYA,DSC_7491,100,0.0125,400.0,11.0,23.4,142.6,0,0
121KENYA,DSC_7492,100,0.01,400.0,11.0,11.0,143.3,0,0
121KENYA,DSC_7493,100,0.01,400.0,11.0,24.9,140.4,0,0
121KENYA,DSC_7494,100,0.01,400.0,11.0,25.7,142.8,0,0
121KENYA,DSC_7495,100,0.0125,400.0,11.0,72.8,141.7,0,0
121KENYA,DSC_7496,100,0.0125,400.0,11.0,25.2,143.6,0,0
121KENYA,DSC_7497,100,0.01,400.0,11.0,59.2,139.4,0,0
121KENYA,DSC_7498,100,0.008,400.0,11.0,4.4,133.2,0,0
121KENYA,DSC_7499,100,0.008,400.0,11.0,5.8,118.0,0,0
121KENYA,DSC_7500,100,0.008,400.0,11.0,19.7,100.4,0,0
121KENYA,DSC_7501,100,0.01,400.0,11.0,90.0,123.7,0,0
121KENYA,DSC_7502,100,0.0125,400.0,11.0,23.7,133.6,0,0
121KENYA,DSC_7503,100,0.01,400.0,11.0,32.1,107.9,0,0
121KENYA,DSC_7504,100,0.008,400.0,11.0,17.4,101.9,0,0
121KENYA,DSC_7505,100,0.008,400.0,11.0,19.1,99.9,0,0
121KENYA,DSC_7506,100,0.008,400.0,11.0,13.7,102.4,0,0
121KENYA,DSC_7507,100,0.008,400.0,11.0,10.9,105.7,0,0
121KENYA,DSC_7508,100,0.008,400.0,11.0,6.9,110.0,0,0
121KENYA,DSC_7509,100,0.008,400.0,11.0,40.2,107.0,0,0
121KENYA,DSC_7510,100,0.008,400.0,11.0,6.6,120.8,0,0
121KENYA,DSC_7511,100,0.008,400.0,11.0,32.7,109.9,0,0
121KENYA,DSC_7512,100,0.008,400.0,11.0,8.7,108.8,0,0
121KENYA,DSC_7513,100,0.008,400.0,11.0,6.9,115.1,0,0
121KENYA,DSC_7514,100,0.008,400.0,11.0,7.5,110.9,0,0
121KENYA,DSC_7515,100,0.01,400.0,11.0,45.5,121.9,0,0
121KENYA,DSC_7516,100,0.0125,400.0,11.0,55.8,102.5,0,0
121KENYA,DSC_7517,100,0.008,400.0,11.0,19.4,103.2,0,0
121KENYA,DSC_7518,100,0.01,400.0,11.0,24.7,120.1,0,0
121KENYA,DSC_7519,100,0.01,400.0,11.0,18.4,117.3,0,0
121KENYA,DSC_7520,100,0.00625,400.0,11.0,33.5,87.6,0,0
121KENYA,DSC_7521,100,0.008,400.0,11.0,98.4,104.0,0,0
121KENYA,DSC_7522,100,0.01,400.0,11.0,135.9,111.4,0,0
121KENYA,DSC_7523,100,0.01,400.0,11.0,346.5,89.0,0,0
121KENYA,DSC_7524,100,0.0125,400.0,11.0,139.2,96.4,0,0
121KENYA,DSC_7525,100,0.01,400.0,11.0,171.3,94.2,0,0
121KENYA,DSC_7526,100,0.00625,400.0,11.0,57.7,98.9,0,0
121KENYA,DSC_7527,100,0.00625,400.0,11.0,23.5,95.5,0,0
121KENYA,DSC_7528,100,0.00625,400.0,11.0,97.0,95.1,0,0
121KENYA,DSC_7529,100,0.008,400.0,11.0,32.5,110.4,0,0
121KENYA,DSC_7530,100,0.016666666666666666,400.0,11.0,68.9,97.9,0,0
121KENYA,DSC_7531,110,0.016666666666666666,400.0,11.0,39.6,122.5,0,0
121KENYA,DSC_7532,100,0.008,400.0,11.0,33.5,99.1,0,0
121KENYA,DSC_7533,100,0.008,400.0,11.0,91.4,95.7,0,0
121KENYA,DSC_7534,100,0.008,400.0,11.0,34.3,94.0,0,0
121KENYA,DSC_7535,100,0.00625,400.0,11.0,214.6,92.1,0,0
121KENYA,DSC_7536,100,0.00625,400.0,11.0,57.9,94.6,0,0
121KENYA,DSC_7537,100,0.008,400.0,11.0,135.7,96.7,0,0
121KENYA,DSC_7538,100,0.00625,400.0,11.0,100.7,90.7,0,0
121KENYA,DSC_7539,100,0.00625,400.0,11.0,33.7,91.9,0,0
121KENYA,DSC_7540,100,0.00625,400.0,11.0,57.9,92.0,0,0
121KENYA,DSC_7541,100,0.008,400.0,11.0,155.1,111.4,0,0
121KENYA,DSC_7542,100,0.008,400.0,11.0,48.1,106.7,0,0
121KENYA,DSC_7543,100,0.008,400.0,11.0,7.1,168.1,0,0
121KENYA,DSC_7544,100,0.01,400.0,11.0,20.5,115.3,0,0
121KENYA,DSC_7545,100,0.008,400.0,11.0,28.8,103.4,0,0
121KENYA,DSC_7546,100,0.008,400.0,11.0,29.1,111.0,0,0
121KENYA,DSC_7547,100,0.008,400.0,11.0,33.4,112.8,0,0
121KENYA,DSC_7548,100,0.008,400.0,11.0,51.9,103.2,0,0
121KENYA,DSC_7549,100,0.008,400.0,11.0,33.8,98.6,0,0
121KENYA,DSC_7550,100,0.008,400.0,11.0,14.3,99.7,0,0
121KENYA,DSC_7551,100,0.008,400.0,11.0,61.4,104.1,0,0
121KENYA,DSC_7552,100,0.008,400.0,11.0,59.2,93.0,0,0
121KENYA,DSC_7553,100,0.01,400.0,11.0,116.0,111.6,0,0
121KENYA,DSC_7554,100,0.01,400.0,11.0,44.8,117.8,0,0
121KENYA,DSC_7555,100,0.01,400.0,11.0,323.5,115.0,0,0
121KENYA,DSC_7556,100,0.0125,400.0,11.0,130.3,122.8,0,0
121KENYA,DSC_7557,100,0.01,400.0,11.0,62.3,117.0,0,0
121KENYA,DSC_7558,100,0.01,400.0,11.0,70.7,111.2,0,0
121KENYA,DSC_7559,100,0.01,400.0,11.0,16.8,116.7,0,0
121KENYA,DSC_7560,100,0.01,400.0,11.0,180.1,118.3,0,0
121KENYA,DSC_7561,100,0.01,400.0,11.0,318.0,110.6,0,0
121KENYA,DSC_7562,100,0.0125,400.0,11.0,27.8,120.5,0,0
121KENYA,DSC_7563,100,0.0125,400.0,11.0,49.5,128.5,0,0
121KENYA,DSC_7564,100,0.0125,400.0,11.0,124.2,119.9,0,0
121KENYA,DSC_7565,100,0.0125,400.0,11.0,70.8,121.3,0,0
121KENYA,DSC_7566,100,0.0125,400.0,11.0,112.8,132.0,0,0
121KENYA,DSC_7567,100,0.01,400.0,11.0,42.6,105.2,0,0
121KENYA,DSC_7568,100,0.01,400.0,11.0,194.0,113.2,0,0
121KENYA,DSC_7569,100,0.01,400.0,11.0,31.5,114.5,0,0
121KENYA,DSC_7570,100,0.016666666666666666,400.0,11.0,51.8,101.9,0,0
121KENYA,DSC_7571,100,0.0125,400.0,11.0,42.9,78.3,0,0
121KENYA,DSC_7572,100,0.0125,400.0,11.0,7.6,117.4,0,0
121KENYA,DSC_7573,100,0.01,400.0,11.0,54.4,103.8,0,0
121KENYA,DSC_7574,100,0.0125,400.0,11.0,11.9,113.1,0,0
121KENYA,DSC_7575,100,0.01,400.0,11.0,86.6,106.0,0,0
121KENYA,DSC_7576,100,0.01,400.0,11.0,31.4,90.0,0,0
121KENYA,DSC_7577,100,0.0125,400.0,11.0,56.3,109.6,0,0
121KENYA,DSC_7578,100,0.0125,400.0,11.0,177.0,105.5,0,0
121KENYA,DSC_7579,100,0.0125,400.0,11.0,121.4,120.0,0,0
121KENYA,DSC_7580,100,0.0125,400.0,11.0,61.2,84.1,0,0
121KENYA,DSC_7581,100,0.0125,400.0,11.0,240.1,83.2,0,0
121KENYA,DSC_7582,100,0.01,122.0,11.0,28.7,88.3,0,0
121KENYA,DSC_7583,100,0.0125,250.0,11.0,331.3,104.0,0,0
121KENYA,DSC_7584,100,0.01,250.0,11.0,362.4,111.8,0,0
121KENYA,DSC_7585,100,0.01,250.0,11.0,293.5,102.1,0,0
121KENYA,DSC_7586,100,0.0125,330.0,11.0,42.0,129.6,0,0
121KENYA,DSC_7587,100,0.0125,330.0,11.0,104.8,109.8,0,0
121KENYA,DSC_7588,100,0.0125,330.0,11.0,113.6,105.6,0,0
121KENYA,DSC_7589,100,0.0125,330.0,11.0,72.6,112.2,0,0
121KENYA,DSC_7590,100,0.0125,330.0,11.0,51.6,109.4,0,0
121KENYA,DSC_7591,100,0.0125,330.0,11.0,19.2,117.3,0,0
121KENYA,DSC_7592,100,0.0125,330.0,11.0,142.2,100.0,0,0
121KENYA,DSC_7593,100,0.0125,330.0,11.0,31.5,101.2,0,0
121KENYA,DSC_7594,100,0.008,330.0,11.0,69.8,99.5,0,0
121KENYA,DSC_7595,100,0.01,330.0,11.0,134.1,108.1,1,1
121KENYA,DSC_7596,100,0.01,330.0,11.0,53.1,108.5,0,0
121KENYA,DSC_7597,100,0.0125,330.0,11.0,16.4,120.2,0,0
121KENYA,DSC_7598,100,0.0125,330.0,11.0,70.2,112.1,0,0
121KENYA,DSC_7599,100,0.0125,330.0,11.0,49.8,113.0,0,0
121KENYA,DSC_7600,100,0.0125,330.0,11.0,52.3,111.6,0,0
121KENYA,DSC_7601,100,0.0125,330.0,11.0,60.1,109.1,0,0
121KENYA,DSC_7602,100,0.0125,330.0,11.0,62.9,113.3,0,0
121KENYA,DSC_7603,100,0.016666666666666666,330.0,11.0,90.5,129.6,0,0
121KENYA,DSC_7604,100,0.0125,330.0,11.0,55.1,118.8,0,0
121KENYA,DSC_7605,100,0.01,330.0,11.0,42.7,114.5,0,0
121KENYA,DSC_7606,100,0.016666666666666666,70.0,11.0,290.8,103.7,0,0
121KENYA,DSC_7607,100,0.016666666666666666,70.0,11.0,278.4,100.9,0,0
121KENYA,DSC_7608,100,0.008,400.0,8.0,37.7,109.3,0,0
121KENYA,DSC_7609,100,0.008,400.0,8.0,50.4,110.3,0,0
121KENYA,DSC_7610,100,0.008,400.0,8.0,21.0,99.6,0,0
121KENYA,DSC_7611,100,0.00625,400.0,8.0,24.9,105.1,0,0
121KENYA,DSC_7612,100,0.008,400.0,8.0,31.3,114.9,0,0
121KENYA,DSC_7613,100,0.00625,400.0,8.0,68.9,102.9,0,0
121KENYA,DSC_7614,100,0.00625,400.0,8.0,53.0,103.8,0,0
121KENYA,DSC_7615,100,0.00625,400.0,8.0,31.2,104.5,0,0
121KENYA,DSC_7616,100,0.00625,400.0,8.0,20.0,102.6,0,0
121KENYA,DSC_7617,100,0.00625,400.0,8.0,29.4,100.3,0,0
121KENYA,DSC_7618,100,0.008,400.0,8.0,48.9,105.1,0,0
121KENYA,DSC_7619,100,0.008,400.0,8.0,63.1,103.1,0,0
121KENYA,DSC_7620,100,0.008,400.0,8.0,37.9,105.2,0,0
121KENYA,DSC_7621,100,0.008,400.0,8.0,48.3,104.7,0,0
121KENYA,DSC_7622,100,0.008,400.0,8.0,82.1,102.4,0,0
121KENYA,DSC_7623,100,0.008,400.0,8.0,39.6,105.8,0,0
121KENYA,DSC_7624,100,0.0125,400.0,8.0,14.6,110.4,0,0
121KENYA,DSC_7625,100,0.008,400.0,8.0,38.1,98.7,0,0
121KENYA,DSC_7626,100,0.0125,400.0,8.0,44.3,140.6,0,0
121KENYA,DSC_7627,100,0.01,400.0,8.0,30.2,124.7,0,0
121KENYA,DSC_7628,100,0.008,400.0,8.0,18.9,107.4,0,0
121KENYA,DSC_7629,100,0.008,400.0,8.0,78.5,103.5,0,0
121KENYA,DSC_7630,100,0.008,400.0,8.0,152.5,109.0,0,0
121KENYA,DSC_7631,100,0.01,400.0,8.0,208.1,119.6,0,0
121KENYA,DSC_7632,110,0.016666666666666666,400.0,8.0,17.5,125.8,0,0
121KENYA,DSC_7633,100,0.00625,400.0,8.0,22.0,108.9,0,0
121KENYA,DSC_7634,100,0.00625,400.0,8.0,55.7,104.9,0,0
121KENYA,DSC_7635,100,0.00625,400.0,8.0,177.5,103.8,0,0
121KENYA,DSC_7636,100,0.01,400.0,8.0,31.8,119.5,0,0
121KENYA,DSC_7637,100,0.01,400.0,8.0,16.0,115.3,0,0
121KENYA,DSC_7638,100,0.0125,400.0,8.0,22.1,134.6,0,0
121KENYA,DSC_7639,100,0.0125,400.0,8.0,105.6,131.9,0,0
121KENYA,DSC_7640,100,0.008,400.0,8.0,6.5,116.7,0,0
121KENYA,DSC_7641,100,0.008,400.0,8.0,10.9,109.0,0,0
121KENYA,DSC_7642,140,0.016666666666666666,18.0,8.0,788.3,138.9,0,0
121KENYA,DSC_7643,110,0.016666666666666666,18.0,8.0,524.2,129.1,0,0
121KENYA,DSC_7644,160,0.016666666666666666,18.0,8.0,589.9,132.1,0,0
121KENYA,DSC_7645,100,0.0125,18.0,8.0,469.0,126.9,0,0
121KENYA,DSC_7646,100,0.0125,18.0,8.0,330.5,118.0,0,0
121KENYA,DSC_7647,125,0.016666666666666666,18.0,8.0,590.1,126.5,0,0
121KENYA,DSC_7648,100,0.0125,18.0,8.0,163.2,131.2,0,0
121KENYA,DSC_7649,100,0.0125,18.0,8.0,345.8,127.9,0,0
121KENYA,DSC_7650,100,0.0125,18.0,8.0,395.3,128.5,0,0
121KENYA,DSC_7651,100,0.00625,92.0,8.0,304.4,99.3,0,0
121KENYA,DSC_7652,160,0.016666666666666666,300.0,8.0,83.8,118.6,0,0
121KENYA,DSC_7653,180,0.016666666666666666,330.0,8.0,156.9,113.4,0,0
121KENYA,DSC_7654,180,0.016666666666666666,330.0,8.0,229.0,114.0,0,0
121KENYA,DSC_7655,220,0.016666666666666666,330.0,8.0,151.5,116.0,0,0
121KENYA,DSC_7656,140,0.016666666666666666,330.0,8.0,80.0,105.2,0,0
121KENYA,DSC_7657,160,0.016666666666666666,400.0,8.0,15.8,103.3,0,0
121KENYA,DSC_7658,180,0.016666666666666666,400.0,8.0,39.1,108.5,0,0
121KENYA,DSC_7659,110,0.016666666666666666,18.0,8.0,390.5,120.9,0,0
121KENYA,DSC_7660,100,0.0125,46.0,8.0,236.5,96.8,0,0
121KENYA,DSC_7661,100,0.0125,145.0,8.0,155.3,107.3,0,0
121KENYA,DSC_7662,100,0.0125,145.0,8.0,695.1,108.8,0,0
121KENYA,DSC_7663,100,0.0125,145.0,8.0,130.0,104.0,0,0
121KENYA,DSC_7664,100,0.01,145.0,8.0,107.1,98.9,0,0
121KENYA,DSC_7665,100,0.0125,70.0,8.0,670.7,100.4,0,0
121KENYA,DSC_7666,100,0.016666666666666666,70.0,8.0,289.3,111.9,0,0
121KENYA,DSC_7667,100,0.01,70.0,8.0,200.5,98.6,0,0
121KENYA,DSC_7668,100,0.01,70.0,8.0,301.6,93.9,0,0
121KENYA,DSC_7669,100,0.01,70.0,8.0,38.9,108.2,0,0
121KENYA,DSC_7670,100,0.01,70.0,8.0,134.7,100.3,0,0
121KENYA,DSC_7671,100,0.01,70.0,8.0,404.6,101.8,0,0
121KENYA,DSC_7672,110,0.016666666666666666,70.0,8.0,264.4,105.7,0,0
121KENYA,DSC_7673,100,0.0125,70.0,8.0,545.6,95.4,0,0
121KENYA,DSC_7674,100,0.0125,70.0,8.0,539.3,105.4,0,0
121KENYA,DSC_7675,100,0.0125,70.0,8.0,638.6,96.4,0,0
121KENYA,DSC_7676,180,0.016666666666666666,18.0,8.0,776.4,131.2,0,0
121KENYA,DSC_7677,250,0.016666666666666666,400.0,8.0,22.4,122.1,0,0
121KENYA,DSC_7678,220,0.016666666666666666,400.0,8.0,42.5,113.1,0,0
121KENYA,DSC_7679,250,0.016666666666666666,400.0,8.0,14.8,115.2,0,0
121KENYA,DSC_7680,250,0.016666666666666666,400.0,8.0,33.6,123.1,0,0
121KENYA,DSC_7681,200,0.016666666666666666,400.0,8.0,108.4,113.2,0,0
121KENYA,DSC_7682,220,0.016666666666666666,400.0,8.0,76.7,110.7,0,0
121KENYA,DSC_7683,200,0.016666666666666666,400.0,8.0,21.9,114.6,0,0
121KENYA,DSC_7684,250,0.016666666666666666,400.0,8.0,15.7,103.1,0,0
121KENYA,DSC_7685,280,0.016666666666666666,400.0,8.0,23.0,120.2,0,0
121KENYA,DSC_7686,280,0.016666666666666666,400.0,8.0,79.3,117.0,0,0
121KENYA,DSC_7687,280,0.016666666666666666,400.0,8.0,12.3,111.5,0,0
121KENYA,DSC_7688,320,0.016666666666666666,400.0,8.0,11.4,118.6,0,0
121KENYA,DSC_7689,320,0.016666666666666666,400.0,8.0,18.5,109.8,0,0
121KENYA,DSC_7690,200,0.016666666666666666,58.0,8.0,216.8,115.2,0,0
121KENYA,DSC_7691,200,0.016666666666666666,58.0,8.0,119.7,117.1,0,0
121KENYA,DSC_7692,200,0.016666666666666666,58.0,8.0,227.7,114.6,0,0
121KENYA,DSC_7693,280,0.016666666666666666,400.0,8.0,27.2,115.6,0,0
121KENYA,DSC_7694,360,0.016666666666666666,400.0,8.0,11.9,127.1,0,0
121KENYA,DSC_7695,320,0.016666666666666666,400.0,8.0,14.2,108.5,0,0
121KENYA,DSC_7696,360,0.016666666666666666,400.0,8.0,15.6,112.6,0,0
121KENYA,DSC_7697,360,0.016666666666666666,400.0,8.0,15.8,114.1,0,0
121KENYA,DSC_7698,360,0.016666666666666666,400.0,8.0,19.8,112.7,0,0
121KENYA,DSC_7699,320,0.016666666666666666,400.0,8.0,19.2,100.3,0,0
121KENYA,DSC_7700,320,0.016666666666666666,400.0,8.0,13.9,106.9,0,0
121KENYA,DSC_7701,320,0.016666666666666666,400.0,8.0,16.0,115.2,0,0
121KENYA,DSC_7702,280,0.016666666666666666,220.0,8.0,24.3,100.0,0,0
121KENYA,DSC_7703,250,0.016666666666666666,220.0,8.0,15.9,89.4,0,0
121KENYA,DSC_7704,320,0.016666666666666666,400.0,8.0,15.9,104.6,0,0
121KENYA,DSC_7705,360,0.016666666666666666,400.0,8.0,16.2,106.9,0,0
121KENYA,DSC_7706,400,0.016666666666666666,400.0,8.0,16.4,125.4,0,0
121KENYA,DSC_7707,360,0.016666666666666666,400.0,8.0,26.5,107.6,0,0
121KENYA,DSC_7708,360,0.016666666666666666,400.0,8.0,17.9,110.9,0,0
121KENYA,DSC_7709,360,0.016666666666666666,400.0,8.0,18.4,118.0,0,0
121KENYA,DSC_7710,320,0.016666666666666666,400.0,8.0,15.6,115.0,0,0
121KENYA,DSC_7711,360,0.016666666666666666,400.0,8.0,12.4,127.9,0,0
122KENYA,DSC_7712,360,0.016666666666666666,400.0,8.0,12.8,122.7,0,0
122KENYA,DSC_7713,360,0.016666666666666666,400.0,8.0,13.8,115.8,0,0
122KENYA,DSC_7714,400,0.016666666666666666,400.0,8.0,11.0,129.1,0,0
122KENYA,DSC_7715,400,0.016666666666666666,400.0,8.0,13.3,119.9,0,0
122KENYA,DSC_7716,400,0.016666666666666666,400.0,8.0,18.4,108.5,0,0
122KENYA,DSC_7717,400,0.016666666666666666,400.0,8.0,16.9,106.5,0,0
122KENYA,DSC_7718,400,0.016666666666666666,400.0,8.0,14.5,132.4,0,0
122KENYA,DSC_7719,400,0.016666666666666666,400.0,8.0,17.3,103.3,0,0
122KENYA,DSC_7720,450,0.016666666666666666,400.0,8.0,18.3,134.7,0,0
122KENYA,DSC_7721,450,0.016666666666666666,400.0,8.0,22.5,125.3,0,0
122KENYA,DSC_7722,450,0.016666666666666666,400.0,8.0,14.4,133.1,0,0
122KENYA,DSC_7723,450,0.016666666666666666,400.0,8.0,21.0,129.0,0,0
122KENYA,DSC_7724,450,0.016666666666666666,400.0,8.0,16.2,119.8,0,0
122KENYA,DSC_7725,450,0.016666666666666666,400.0,8.0,15.0,120.8,0,0
122KENYA,DSC_7726,450,0.016666666666666666,400.0,8.0,19.9,120.6,0,0
122KENYA,DSC_7727,450,0.016666666666666666,400.0,8.0,17.2,126.8,0,0
122KENYA,DSC_7728,280,0.016666666666666666,155.0,8.0,35.2,114.4,0,0
122KENYA,DSC_7729,280,0.016666666666666666,155.0,8.0,85.8,108.3,0,0
122KENYA,DSC_7730,280,0.016666666666666666,155.0,8.0,21.6,108.1,0,0
122KENYA,DSC_7731,280,0.016666666666666666,135.0,8.0,111.7,103.0,0,0
122KENYA,DSC_7732,500,0.016666666666666666,400.0,8.0,30.6,106.7,0,0
122KENYA,DSC_7733,500,0.016666666666666666,400.0,8.0,17.2,125.3,0,0
122KENYA,DSC_7734,720,0.016666666666666666,400.0,8.0,19.0,137.0,0,0
122KENYA,DSC_7735,,0.016666666666666666,400.0,40.0,46.0,108.3,0,0
122KENYA,DSC_7736,,0.016666666666666666,400.0,40.0,35.0,119.6,0,0
122KENYA,DSC_7737,,0.016666666666666666,400.0,40.0,52.4,113.7,0,0
122KENYA,DSC_7738,,0.016666666666666666,400.0,40.0,51.2,103.2,0,0
122KENYA,DSC_7739,,0.016666666666666666,400.0,40.0,51.8,110.1,0,0
122KENYA,DSC_7740,,0.016666666666666666,400.0,40.0,45.9,111.3,0,0
122KENYA,DSC_7741,,0.016666666666666666,400.0,40.0,40.7,109.5,0,0
122KENYA,DSC_7742,,0.016666666666666666,400.0,40.0,48.2,102.7,0,0
122KENYA,DSC_7743,,0.016666666666666666,400.0,40.0,70.3,100.7,0,0
122KENYA,DSC_7744,,0.016666666666666666,400.0,40.0,26.1,116.7,0,0
122KENYA,DSC_7745,,0.016666666666666666,400.0,40.0,54.7,98.5,0,0
122KENYA,DSC_7746,,0.016666666666666666,400.0,40.0,50.4,98.1,0,0
122KENYA,DSC_7747,,0.016666666666666666,400.0,40.0,40.8,109.6,0,0
122KENYA,DSC_7748,,0.016666666666666666,400.0,40.0,40.6,108.9,0,0
122KENYA,DSC_7749,,0.016666666666666666,400.0,40.0,79.1,99.8,0,0
122KENYA,DSC_7750,1000,0.016666666666666666,400.0,11.0,25.1,124.2,0,0
122KENYA,DSC_7751,1000,0.016666666666666666,400.0,11.0,27.0,105.8,0,0
122KENYA,DSC_7752,1000,0.016666666666666666,400.0,11.0,30.0,113.6,0,0
122KENYA,DSC_7753,1000,0.016666666666666666,400.0,11.0,58.1,120.2,0,0
122KENYA,DSC_7754,720,0.016666666666666666,400.0,9.0,26.1,105.6,0,0
122KENYA,DSC_7755,250,0.016666666666666666,18.0,9.0,157.7,124.8,0,0
122KENYA,DSC_7756,125,0.016666666666666666,70.0,9.0,15.2,98.9,0,0
122KENYA,DSC_7757,110,0.016666666666666666,70.0,9.0,11.5,97.8,0,0
122KENYA,DSC_7758,100,0.016666666666666666,70.0,9.0,5.5,97.4,0,0
122KENYA,DSC_7759,2200,0.016666666666666666,70.0,29.0,17.6,90.4,0,0
122KENYA,DSC_7760,2000,0.016666666666666666,70.0,29.0,16.4,94.8,0,0
122KENYA,DSC_7761,2200,0.016666666666666666,70.0,29.0,14.5,89.9,0,0
122KENYA,DSC_7762,,0.016666666666666666,400.0,29.0,32.6,115.7,0,0
122KENYA,DSC_7763,560,0.016666666666666666,400.0,29.0,10.4,53.6,0,0
122KENYA,DSC_7764,400,0.016666666666666666,400.0,29.0,8.8,58.3,0,0
122KENYA,DSC_7765,560,0.016666666666666666,400.0,29.0,11.4,89.6,0,0
122KENYA,DSC_7766,1100,0.016666666666666666,400.0,29.0,16.1,112.1,0,0
122KENYA,DSC_7767,720,0.016666666666666666,400.0,29.0,13.3,82.8,0,0
122KENYA,DSC_7768,1000,0.016666666666666666,400.0,29.0,13.5,110.4,0,0
122KENYA,DSC_7769,800,0.016666666666666666,400.0,29.0,13.6,119.1,0,0
122KENYA,DSC_7770,720,0.016666666666666666,400.0,29.0,13.8,72.9,0,0
122KENYA,DSC_7771,900,0.016666666666666666,400.0,29.0,12.7,60.1,0,0
122KENYA,DSC_7772,1250,0.016666666666666666,400.0,29.0,12.8,79.1,0,0
122KENYA,DSC_7773,2200,0.016666666666666666,400.0,29.0,9.4,117.9,0,0
122KENYA,DSC_7774,720,0.016666666666666666,400.0,29.0,13.7,73.6,0,0
122KENYA,DSC_7775,2200,0.016666666666666666,400.0,29.0,9.9,117.7,0,0
122KENYA,DSC_7776,1400,0.016666666666666666,400.0,29.0,12.4,90.6,0,1
122KENYA,DSC_7777,560,0.016666666666666666,400.0,29.0,11.7,87.3,0,0
122KENYA,DSC_7778,1400,0.016666666666666666,400.0,29.0,13.0,72.1,0,0
122KENYA,DSC_7779,1250,0.016666666666666666,400.0,29.0,13.7,99.7,0,0
122KENYA,DSC_7780,1600,0.016666666666666666,400.0,29.0,12.7,101.2,0,0
122KENYA,DSC_7781,,0.016666666666666666,400.0,29.0,24.8,182.9,0,0
122KENYA,DSC_7782,2800,0.016666666666666666,400.0,29.0,10.3,78.6,0,0
122KENYA,DSC_7783,2800,0.016666666666666666,400.0,29.0,11.7,94.1,0,0
122KENYA,DSC_7784,2500,0.016666666666666666,400.0,29.0,10.1,104.5,0,0
122KENYA,DSC_7785,900,0.016666666666666666,400.0,29.0,14.9,76.4,0,0
122KENYA,DSC_7786,640,0.016666666666666666,400.0,29.0,13.4,75.0,0,0
122KENYA,DSC_7787,720,0.016666666666666666,400.0,29.0,14.4,84.4,0,0
122KENYA,DSC_7788,1000,0.016666666666666666,400.0,29.0,15.5,86.4,0,0
122KENYA,DSC_7789,800,0.016666666666666666,400.0,29.0,13.7,85.3,0,0
122KENYA,DSC_7790,1100,0.016666666666666666,400.0,29.0,14.6,55.0,0,0
122KENYA,DSC_7791,1000,0.016666666666666666,400.0,29.0,13.6,57.9,0,0
122KENYA,DSC_7792,900,0.016666666666666666,400.0,29.0,16.5,103.5,0,0
122KENYA,DSC_7793,2200,0.016666666666666666,75.0,29.0,12.2,113.1,0,0
122KENYA,DSC_7794,,0.016666666666666666,22.0,22.0,89.3,129.0,0,0
122KENYA,DSC_7795,,0.016666666666666666,22.0,22.0,103.7,128.0,0,0
122KENYA,DSC_7796,,0.016666666666666666,22.0,22.0,117.9,125.0,0,0
122KENYA,DSC_7797,,0.016666666666666666,22.0,22.0,94.4,135.8,0,0
122KENYA,DSC_7798,,0.016666666666666666,22.0,22.0,98.4,134.0,0,0
122KENYA,DSC_7799,2000,0.016666666666666666,86.0,29.0,12.5,105.1,0,0
122KENYA,DSC_7800,1600,0.016666666666666666,86.0,29.0,12.8,91.1,0,0
122KENYA,DSC_7801,720,0.016666666666666666,80.0,29.0,15.3,76.7,0,0
122KENYA,DSC_7802,1000,0.016666666666666666,80.0,29.0,16.3,78.3,0,0
122KENYA,DSC_7803,1600,0.016666666666666666,80.0,29.0,12.5,100.2,0,0
122KENYA,DSC_7804,1100,0.016666666666666666,80.0,29.0,19.5,87.1,0,0
122KENYA,DSC_7805,1400,0.016666666666666666,80.0,29.0,15.7,97.0,0,0
122KENYA,DSC_7806,1250,0.016666666666666666,80.0,29.0,15.4,88.0,0,0
122KENYA,DSC_7807,1250,0.016666666666666666,80.0,29.0,16.2,90.8,0,0
122KENYA,DSC_7808,1400,0.016666666666666666,86.0,29.0,16.9,102.2,0,0
122KENYA,DSC_7809,1400,0.016666666666666666,80.0,29.0,16.1,89.3,0,0
122KENYA,DSC_7810,3200,0.016666666666666666,80.0,29.0,13.9,108.9,0,0
122KENYA,DSC_7811,3200,0.016666666666666666,80.0,29.0,13.7,98.5,0,0
122KENYA,DSC_7812,3200,0.016666666666666666,80.0,29.0,11.2,105.8,0,0
122KENYA,DSC_7813,3200,0.016666666666666666,80.0,29.0,13.5,100.9,0,0
122KENYA,DSC_7814,,0.016666666666666666,80.0,29.0,15.7,123.1,0,0
122KENYA,DSC_7815,3200,0.016666666666666666,80.0,29.0,9.6,87.7,0,0
122KENYA,DSC_7816,,0.001,116.0,22.0,10.7,23.9,0,0
122KENYA,DSC_7817,,0.001,116.0,22.0,16.1,49.6,0,0
122KENYA,DSC_7818,,0.001,116.0,22.0,16.9,55.9,0,0
122KENYA,DSC_7819,,0.001,116.0,22.0,38.9,46.7,0,0
122KENYA,DSC_7820,,0.001,116.0,22.0,54.7,19.8,0,0
122KENYA,DSC_7821,,0.001,18.0,22.0,17.3,18.5,0,0
122KENYA,DSC_7822,,0.001,18.0,22.0,13.8,19.6,0,0
122KENYA,DSC_7823,,0.001,18.0,22.0,13.3,19.8,0,0
122KENYA,DSC_7824,,0.001,18.0,22.0,10.2,15.4,0,0
122KENYA,DSC_7825,,0.001,24.0,22.0,9.2,15.4,0,0
122KENYA,DSC_7826,,0.001,24.0,22.0,9.7,16.1,0,0
122KENYA,DSC_7827,,0.001,18.0,22.0,15.9,22.1,0,0
122KENYA,DSC_7828,,0.001,35.0,22.0,17.6,35.8,0,0
122KENYA,DSC_7829,,0.001,18.0,22.0,28.9,24.7,0,0
122KENYA,DSC_7830,,0.001,18.0,22.0,21.0,26.2,0,0
122KENYA,DSC_7831,,0.001,26.0,22.0,20.8,28.9,0,0
122KENYA,DSC_7832,,0.001,23.0,22.0,18.1,26.2,0,0
122KENYA,DSC_7833,,0.001,21.0,22.0,25.0,25.1,0,0
122KENYA,DSC_7834,,0.001,21.0,22.0,17.7,24.8,0,0
122KENYA,DSC_7835,,0.001,32.0,22.0,15.7,27.4,0,0
122KENYA,DSC_7836,,0.001,31.0,22.0,15.2,27.4,0,0
122KENYA,DSC_7837,,0.001,29.0,22.0,16.5,27.7,0,0
122KENYA,DSC_7838,,0.001,35.0,22.0,17.3,32.4,0,0
122KENYA,DSC_7839,,0.001,35.0,22.0,19.6,34.4,0,0
122KENYA,DSC_7840,,0.001,35.0,22.0,19.3,33.9,0,0
122KENYA,DSC_7841,,0.001,35.0,22.0,19.8,34.6,0,0
122KENYA,DSC_7842,,0.001,35.0,22.0,20.0,34.8,0,0
122KENYA,DSC_7843,,0.001,18.0,22.0,22.5,31.3,0,0
122KENYA,DSC_7844,,0.001,18.0,22.0,22.5,31.2,0,0
122KENYA,DSC_7845,,0.001,18.0,22.0,20.9,29.2,0,0
122KENYA,DSC_7846,,0.001,18.0,22.0,20.1,28.9,0,0
122KENYA,DSC_7847,,0.001,31.0,22.0,16.2,28.0,0,0
122KENYA,DSC_7848,,0.001,18.0,22.0,22.3,31.3,0,0
122KENYA,DSC_7849,,0.001,18.0,22.0,20.3,29.4,0,0
122KENYA,DSC_7850,,0.001,18.0,22.0,20.8,29.9,0,0
122KENYA,DSC_7851,,0.001,18.0,22.0,20.8,29.2,0,0
122KENYA,DSC_7852,,0.001,44.0,22.0,22.3,46.5,0,0
122KENYA,DSC_7853,,0.001,44.0,22.0,22.9,49.5,0,0
122KENYA,DSC_7854,,0.001,44.0,22.0,22.0,46.9,0,0
122KENYA,DSC_7855,,0.001,44.0,22.0,21.0,44.4,0,0
122KENYA,DSC_7856,,0.001,44.0,22.0,19.1,39.4,0,0
122KENYA,DSC_7857,,0.001,400.0,22.0,27.6,104.9,0,0
122KENYA,DSC_7858,,0.001,240.0,22.0,23.2,95.5,0,0
122KENYA,DSC_7859,,0.001,400.0,22.0,19.8,125.3,0,0
122KENYA,DSC_7860,,0.001,44.0,22.0,16.2,31.8,0,0
122KENYA,DSC_7861,,0.001,44.0,22.0,16.3,31.8,0,0
122KENYA,DSC_7862,,0.001,58.0,22.0,37.5,69.6,0,0
122KENYA,DSC_7863,,0.001,58.0,22.0,40.8,65.2,0,0
122KENYA,DSC_7864,,0.001,58.0,22.0,37.8,69.0,0,0
122KENYA,DSC_7865,2200,0.001,80.0,22.0,5.5,23.0,0,0
122KENYA,DSC_7866,,0.001,80.0,22.0,32.1,74.2,0,0
122KENYA,DSC_7867,,0.001,80.0,22.0,33.2,86.8,0,0
122KENYA,DSC_7868,900,0.001,122.0,22.0,2.4,2.7,0,0
122KENYA,DSC_7869,2500,0.001,122.0,22.0,6.8,23.9,0,0
122KENYA,DSC_7870,,0.001,70.0,22.0,25.9,51.7,0,0
122KENYA,DSC_7871,,0.001,50.0,22.0,31.6,53.1,0,0
122KENYA,DSC_7872,,0.001,86.0,22.0,31.1,45.9,0,0
122KENYA,DSC_7873,,0.001,86.0,22.0,35.6,54.6,0,0
122KENYA,DSC_7874,,0.001,75.0,22.0,32.8,61.6,0,0
122KENYA,DSC_7875,,0.001,75.0,22.0,31.7,59.1,0,0
122KENYA,DSC_7876,,0.001,75.0,22.0,32.8,56.1,0,0
122KENYA,DSC_7877,,0.001,75.0,22.0,35.3,56.5,0,0
122KENYA,DSC_7878,,0.001,75.0,22.0,35.6,54.1,0,0
122KENYA,DSC_7879,,0.001,75.0,22.0,36.8,56.5,0,0
122KENYA,DSC_7880,,0.001,75.0,22.0,34.2,53.2,0,0
122KENYA,DSC_7881,,0.001,75.0,22.0,37.2,58.0,0,0
122KENYA,DSC_7882,,0.001,75.0,22.0,37.5,57.4,0,0
122KENYA,DSC_7883,,0.001,75.0,22.0,37.5,56.7,0,0
122KENYA,DSC_7884,,0.001,75.0,22.0,37.6,60.9,0,0
122KENYA,DSC_7885,,0.001,75.0,22.0,33.9,59.5,0,0
122KENYA,DSC_7886,,0.001,75.0,22.0,35.5,57.5,0,0
122KENYA,DSC_7887,,0.001,58.0,22.0,15.3,44.8,0,0
122KENYA,DSC_7888,,0.001,58.0,22.0,15.2,44.6,0,0
122KENYA,DSC_7889,,0.001,58.0,22.0,13.6,41.8,0,0
122KENYA,DSC_7890,,0.001,92.0,22.0,43.3,69.9,0,0
122KENYA,DSC_7891,,0.001,92.0,22.0,42.9,62.2,0,0
122KENYA,DSC_7892,,0.001,100.0,22.0,43.4,80.4,0,0
122KENYA,DSC_7893,,0.001,100.0,22.0,42.5,62.1,0,0
122KENYA,DSC_7894,,0.001,100.0,22.0,43.7,57.8,0,0
122KENYA,DSC_7895,,0.001,100.0,22.0,43.4,58.7,0,0
122KENYA,DSC_7896,1800,0.001,62.0,22.0,6.3,27.3,0,0
122KENYA,DSC_7897,3200,0.001,62.0,22.0,8.4,35.2,0,0
122KENYA,DSC_7898,,0.001,116.0,22.0,43.5,45.3,0,0
122KENYA,DSC_7899,,0.001,116.0,22.0,44.9,41.3,0,0
122KENYA,DSC_7900,,0.001,116.0,22.0,43.7,45.8,0,0
122KENYA,DSC_7901,,0.001,86.0,22.0,45.4,77.1,0,0
122KENYA,DSC_7902,,0.001,86.0,22.0,44.6,49.3,0,0
122KENYA,DSC_7903,,0.001,70.0,22.0,34.6,60.7,0,0
122KENYA,DSC_7904,,0.001,92.0,22.0,46.2,64.0,0,0
122KENYA,DSC_7905,,0.001,92.0,22.0,45.8,58.8,0,0
122KENYA,DSC_7906,,0.001,92.0,22.0,45.9,58.1,0,0
122KENYA,DSC_7907,,0.001,92.0,22.0,49.6,81.9,0,0
122KENYA,DSC_7908,,0.001,75.0,22.0,44.3,76.5,0,0
122KENYA,DSC_7909,,0.001,75.0,22.0,38.3,74.1,0,0
122KENYA,DSC_7910,,0.001,75.0,22.0,46.0,72.7,0,0
122KENYA,DSC_7911,,0.001,75.0,22.0,44.8,71.6,0,0
122KENYA,DSC_7912,,0.001,75.0,22.0,43.7,77.1,0,0
122KENYA,DSC_7913,,0.001,75.0,22.0,41.7,74.8,0,0
122KENYA,DSC_7914,,0.001,75.0,22.0,43.5,70.8,0,0
122KENYA,DSC_7915,,0.001,75.0,22.0,46.0,82.0,0,0
122KENYA,DSC_7916,,0.001,75.0,22.0,45.0,83.1,0,0
122KENYA,DSC_7917,,0.001,75.0,22.0,42.5,72.3,0,0
122KENYA,DSC_7918,,0.001,145.0,22.0,16.2,55.3,0,0
122KENYA,DSC_7919,,0.001,145.0,22.0,16.5,45.2,0,0
122KENYA,DSC_7920,,0.001,145.0,22.0,16.4,38.8,0,0
122KENYA,DSC_7921,,0.001,145.0,22.0,17.3,45.5,0,0
122KENYA,DSC_7922,,0.001,145.0,22.0,20.9,51.8,0,0
122KENYA,DSC_7923,,0.001,155.0,22.0,31.9,41.8,0,0
122KENYA,DSC_7924,,0.001,145.0,22.0,86.0,55.1,0,0
122KENYA,DSC_7925,,0.001,145.0,22.0,84.1,47.9,0,0
122KENYA,DSC_7926,,0.001,145.0,22.0,80.1,41.3,0,0
122KENYA,DSC_7927,,0.001,116.0,22.0,64.2,65.4,0,0
122KENYA,DSC_7928,,0.001,135.0,22.0,82.5,56.7,0,0
122KENYA,DSC_7929,,0.001,135.0,22.0,87.0,49.1,0,0
122KENYA,DSC_7930,,0.001,270.0,22.0,11.9,16.1,0,0
122KENYA,DSC_7931,,0.001,300.0,22.0,11.4,16.0,0,0
122KENYA,DSC_7932,,0.001,400.0,22.0,15.1,26.4,0,0
122KENYA,DSC_7933,,0.001,330.0,22.0,21.7,35.8,0,0
122KENYA,DSC_7934,,0.001,145.0,22.0,59.6,29.5,0,0
122KENYA,DSC_7935,,0.001,65.0,22.0,45.3,75.1,0,0
122KENYA,DSC_7936,,0.001,65.0,22.0,46.4,77.8,0,0
122KENYA,DSC_7937,,0.0004,100.0,22.0,31.5,40.2,0,0
122KENYA,DSC_7938,,0.0004,100.0,22.0,31.5,52.1,0,0
122KENYA,DSC_7939,,0.0004,122.0,22.0,41.8,44.7,0,0
122KENYA,DSC_7940,,0.0004,122.0,22.0,37.4,54.2,0,0
122KENYA,DSC_7941,,0.0004,122.0,22.0,15.0,48.4,0,0
122KENYA,DSC_7942,,0.0004,122.0,22.0,15.6,47.1,0,0
122KENYA,DSC_7943,,0.0004,122.0,22.0,17.0,45.0,0,0
122KENYA,DSC_7944,,0.0004,122.0,22.0,44.7,57.3,0,0
122KENYA,DSC_7945,,0.0004,122.0,22.0,39.6,54.1,0,0
122KENYA,DSC_7946,,0.0004,122.0,22.0,38.2,55.9,0,0
122KENYA,DSC_7947,,0.0004,122.0,22.0,46.9,43.3,0,0
122KENYA,DSC_7948,,0.00025,18.0,22.0,13.2,18.9,0,0
122KENYA,DSC_7949,,0.00025,100.0,22.0,4.8,8.9,0,0
122KENYA,DSC_7950,,0.00025,100.0,22.0,4.9,8.9,0,0
122KENYA,DSC_7951,,0.00025,86.0,22.0,5.2,9.4,0,0
122KENYA,DSC_7952,,0.00025,86.0,22.0,5.6,9.7,0,0
122KENYA,DSC_7953,,0.00025,86.0,22.0,4.6,8.6,0,0
122KENYA,DSC_7954,,0.00025,170.0,22.0,18.3,38.2,0,0
122KENYA,DSC_7955,,0.00025,170.0,22.0,17.1,30.5,0,0
122KENYA,DSC_7956,,0.00025,86.0,22.0,16.8,45.1,0,0
122KENYA,DSC_7957,,0.00025,100.0,22.0,19.7,43.6,0,0
122KENYA,DSC_7958,,0.00025,100.0,22.0,17.7,38.4,0,0
122KENYA,DSC_7959,,0.00025,100.0,22.0,22.2,91.0,0,0
122KENYA,DSC_7960,,0.00025,100.0,22.0,20.6,66.0,0,0
122KENYA,DSC_7961,,0.00025,170.0,22.0,11.0,19.8,0,0
122KENYA,DSC_7962,,0.00025,170.0,22.0,10.9,19.5,0,0
122KENYA,DSC_7963,,0.00025,170.0,22.0,11.5,20.4,0,0
122KENYA,DSC_7964,,0.00025,170.0,22.0,11.8,21.0,0,0
122KENYA,DSC_7965,,0.00025,170.0,22.0,12.1,21.7,0,0
122KENYA,DSC_7966,,0.00025,122.0,22.0,18.5,33.2,0,0
122KENYA,DSC_7967,,0.00025,400.0,22.0,11.2,18.2,0,0
122KENYA,DSC_7968,,0.00025,400.0,22.0,10.0,16.6,0,0
122KENYA,DSC_7969,,0.00025,185.0,22.0,11.8,17.5,0,0
122KENYA,DSC_7970,,0.00025,400.0,22.0,25.5,120.4,0,0
122KENYA,DSC_7971,,0.00025,400.0,22.0,30.3,82.3,0,0
122KENYA,DSC_7972,,0.00025,400.0,22.0,10.9,17.1,0,0
122KENYA,DSC_7973,,0.00025,400.0,22.0,10.8,17.1,0,0
122KENYA,DSC_7974,,0.00025,400.0,22.0,11.2,17.4,0,0
122KENYA,DSC_7975,,0.00025,400.0,22.0,11.3,17.7,0,0
122KENYA,DSC_7976,,0.00025,400.0,22.0,11.5,17.7,0,0
122KENYA,DSC_7977,,0.00025,400.0,22.0,11.2,17.3,0,0
122KENYA,DSC_7978,,0.00025,400.0,22.0,11.7,18.0,0,0
122KENYA,DSC_7979,,0.00025,400.0,22.0,11.4,17.4,0,0
122KENYA,DSC_7980,,0.00025,400.0,22.0,11.4,17.5,0,0
122KENYA,DSC_7981,,0.00025,400.0,22.0,11.1,17.1,0,0
122KENYA,DSC_7982,,0.00025,400.0,22.0,9.9,16.1,0,0
122KENYA,DSC_7983,,0.00025,400.0,22.0,10.6,16.5,0,0
122KENYA,DSC_7984,,0.00025,400.0,22.0,9.8,16.0,0,0
122KENYA,DSC_7985,,0.00025,400.0,22.0,9.9,16.0,0,0
122KENYA,DSC_7986,,0.00025,400.0,22.0,9.6,15.6,0,0
122KENYA,DSC_7987,,0.00025,400.0,22.0,10.5,17.1,0,0
122KENYA,DSC_7988,,0.00025,400.0,22.0,10.6,16.9,0,0
122KENYA,DSC_7989,,0.00025,400.0,22.0,10.4,16.7,0,0
122KENYA,DSC_7990,,0.00025,400.0,22.0,10.0,16.5,0,0
122KENYA,DSC_7991,,0.00025,400.0,22.0,10.0,16.5,0,0
122KENYA,DSC_7992,,0.00025,400.0,22.0,9.5,15.6,0,0
122KENYA,DSC_7993,,0.00025,400.0,22.0,10.0,15.7,0,0
122KENYA,DSC_7994,,0.00025,400.0,22.0,9.6,15.0,0,0
122KENYA,DSC_7995,,0.00025,400.0,22.0,13.4,19.4,0,0
122KENYA,DSC_7996,,0.00025,400.0,22.0,13.7,19.4,0,0
122KENYA,DSC_7997,,0.00025,400.0,22.0,12.7,19.3,0,0
122KENYA,DSC_7998,,0.00025,400.0,22.0,14.2,19.7,0,0
122KENYA,DSC_7999,,0.00025,35.0,22.0,18.5,16.5,0,0
122KENYA,DSC_8000,,0.00025,35.0,22.0,15.0,16.0,0,0
122KENYA,DSC_8001,,0.00025,58.0,22.0,25.3,16.3,0,0
122KENYA,DSC_8002,,0.00025,58.0,22.0,25.3,16.4,0,0
122KENYA,DSC_8003,,0.00025,58.0,22.0,27.2,17.0,0,0
122KENYA,DSC_8004,,0.00025,58.0,22.0,26.3,16.3,0,0
122KENYA,DSC_8005,,0.00025,58.0,22.0,26.7,16.4,0,0
122KENYA,DSC_8006,,0.00025,58.0,22.0,26.2,16.0,0,0
122KENYA,DSC_8007,,0.00025,58.0,22.0,26.4,16.5,0,0
122KENYA,DSC_8008,,0.00025,55.0,22.0,16.5,22.4,0,0
122KENYA,DSC_8009,,0.00025,55.0,22.0,16.3,22.2,0,0
122KENYA,DSC_8010,,0.00025,116.0,22.0,16.7,20.6,0,0
122KENYA,DSC_8011,,0.00025,116.0,22.0,15.7,21.9,0,0
122KENYA,DSC_8012,,0.00025,116.0,22.0,16.2,20.5,0,0
122KENYA,DSC_8013,,0.00025,185.0,22.0,31.5,23.4,0,0
122KENYA,DSC_8014,,0.00025,185.0,22.0,23.1,23.7,0,0
122KENYA,DSC_8015,,0.00025,300.0,22.0,22.8,26.2,0,0
122KENYA,DSC_8016,,0.00025,300.0,22.0,26.8,26.6,0,0
122KENYA,DSC_8017,2800,0.00025,145.0,22.0,26.1,119.6,0,0
122KENYA,DSC_8018,,0.00025,145.0,22.0,40.7,134.3,0,0
122KENYA,DSC_8019,,0.00025,400.0,22.0,56.7,23.3,0,0
122KENYA,DSC_8020,,0.00025,400.0,22.0,29.6,176.4,0,0
122KENYA,DSC_8021,,0.00025,400.0,22.0,171.6,94.6,0,0
122KENYA,DSC_8022,,0.00025,400.0,22.0,72.7,178.3,0,0
122KENYA,DSC_8023,,0.00025,400.0,22.0,43.7,127.8,0,0
122KENYA,DSC_8024,,0.00025,400.0,22.0,54.8,101.7,0,0
122KENYA,DSC_8025,,0.00025,400.0,22.0,41.2,122.3,0,0
122KENYA,DSC_8026,,0.00025,400.0,22.0,103.5,107.3,0,0
122KENYA,DSC_8027,,0.00025,400.0,22.0,70.3,117.7,0,1
122KENYA,DSC_8028,,0.00025,400.0,22.0,105.9,135.6,0,0
122KENYA,DSC_8029,,0.00025,400.0,22.0,109.2,125.3,1,1
122KENYA,DSC_8030,,0.00025,400.0,22.0,155.7,126.0,0,0
122KENYA,DSC_8031,,0.00025,400.0,22.0,143.7,64.8,0,0
122KENYA,DSC_8032,,0.00025,400.0,22.0,112.2,60.1,0,0
122KENYA,DSC_8033,,0.00025,300.0,22.0,124.7,67.8,0,0
122KENYA,DSC_8034,,0.00025,300.0,22.0,122.0,87.5,0,0
122KENYA,DSC_8035,,0.00025,300.0,22.0,71.4,52.0,0,0
122KENYA,DSC_8036,,0.00025,300.0,22.0,70.9,76.9,0,0
122KENYA,DSC_8037,,0.00025,250.0,22.0,72.0,111.8,0,0
122KENYA,DSC_8038,,0.00025,250.0,22.0,84.9,83.5,0,0
122KENYA,DSC_8039,,0.00025,250.0,22.0,87.5,88.3,0,0
122KENYA,DSC_8040,,0.00025,250.0,22.0,92.6,121.6,1,1
122KENYA,DSC_8041,,0.00025,170.0,22.0,78.5,103.7,0,0
122KENYA,DSC_8042,,0.00025,170.0,22.0,75.9,147.0,0,0
122KENYA,DSC_8043,,0.00025,170.0,22.0,76.0,141.0,0,0
122KENYA,DSC_8044,,0.00025,170.0,22.0,68.0,129.7,0,0
122KENYA,DSC_8045,,0.00025,170.0,22.0,73.4,97.7,0,0
122KENYA,DSC_8046,,0.00025,170.0,22.0,61.6,133.8,0,0
122KENYA,DSC_8047,,0.00025,170.0,22.0,58.4,138.8,0,0
122KENYA,DSC_8048,,0.00025,170.0,22.0,55.6,154.1,0,0
122KENYA,DSC_8049,,0.00025,170.0,22.0,47.8,169.4,0,0
122KENYA,DSC_8050,,0.00025,170.0,22.0,39.5,124.4,0,0
122KENYA,DSC_8051,,0.00025,170.0,22.0,41.0,119.4,0,0
122KENYA,DSC_8052,,0.00025,170.0,22.0,40.7,151.0,0,0
122KENYA,DSC_8053,,0.00025,170.0,22.0,41.3,144.1,0,0
122KENYA,DSC_8054,,0.00025,170.0,22.0,41.2,144.8,0,0
122KENYA,DSC_8055,,0.00025,170.0,22.0,58.9,72.8,0,0
122KENYA,DSC_8056,,0.00025,170.0,22.0,40.7,136.7,0,0
122KENYA,DSC_8057,,0.00025,170.0,22.0,57.4,103.7,0,0
122KENYA,DSC_8058,,0.00025,170.0,22.0,47.5,125.7,0,0
122KENYA,DSC_8059,,0.00025,170.0,22.0,48.0,109.3,0,0
122KENYA,DSC_8060,,0.00025,170.0,22.0,45.4,106.2,0,0
122KENYA,DSC_8061,,0.00025,170.0,22.0,42.5,124.5,0,0
122KENYA,DSC_8062,,0.00025,170.0,22.0,43.0,110.0,0,0
122KENYA,DSC_8063,,0.00025,330.0,22.0,26.2,74.8,0,0
122KENYA,DSC_8064,,0.00025,330.0,22.0,23.0,70.4,0,0
122KENYA,DSC_8065,,0.00025,330.0,22.0,23.2,74.9,0,0
122KENYA,DSC_8066,,0.00025,330.0,22.0,22.7,63.4,0,0
122KENYA,DSC_8067,,0.00025,330.0,22.0,29.7,84.2,0,0
122KENYA,DSC_8068,,0.00025,330.0,22.0,25.8,72.8,0,0
122KENYA,DSC_8069,,0.00025,122.0,22.0,23.4,68.4,0,0
122KENYA,DSC_8070,,0.00025,122.0,22.0,21.5,78.7,0,0
122KENYA,DSC_8071,,0.00025,122.0,22.0,22.0,70.4,0,0
122KENYA,DSC_8072,,0.00025,122.0,22.0,21.9,71.1,0,0
122KENYA,DSC_8073,,0.00025,122.0,22.0,21.6,65.7,0,0
122KENYA,DSC_8074,,0.00025,122.0,22.0,22.0,57.9,0,0
122KENYA,DSC_8075,,0.00025,122.0,22.0,21.2,66.9,0,0
122KENYA,DSC_8076,,0.00025,350.0,22.0,34.9,59.7,0,0
122KENYA,DSC_8077,,0.00025,350.0,22.0,35.4,66.8,0,0
122KENYA,DSC_8078,,0.00025,350.0,22.0,27.8,78.2,0,0
122KENYA,DSC_8079,,0.00025,350.0,22.0,34.2,46.4,0,0
122KENYA,DSC_8080,,0.00025,135.0,22.0,22.4,82.2,0,0
122KENYA,DSC_8081,,0.00025,135.0,22.0,22.3,81.4,0,0
122KENYA,DSC_8082,,0.00025,135.0,22.0,21.6,96.2,0,0
122KENYA,DSC_8083,,0.00025,135.0,22.0,17.8,80.8,0,0
122KENYA,DSC_8084,,0.00025,135.0,22.0,19.8,57.1,0,0
122KENYA,DSC_8085,,0.00025,135.0,22.0,20.2,110.5,0,0
122KENYA,DSC_8086,,0.00025,135.0,22.0,22.3,88.2,0,0
122KENYA,DSC_8087,,0.00025,135.0,22.0,23.3,79.4,0,0
122KENYA,DSC_8088,,0.00025,135.0,22.0,23.3,59.7,0,0
122KENYA,DSC_8089,,0.00025,135.0,22.0,23.6,74.8,0,0
122KENYA,DSC_8090,,0.00025,155.0,22.0,21.3,64.9,0,0
122KENYA,DSC_8091,,0.00025,155.0,22.0,22.4,69.3,0,0
122KENYA,DSC_8092,,0.00025,155.0,22.0,22.3,68.0,0,0
122KENYA,DSC_8093,,0.00025,155.0,22.0,23.3,59.9,0,0
122KENYA,DSC_8094,,0.00025,155.0,22.0,22.2,37.8,0,0
122KENYA,DSC_8095,,0.00025,155.0,22.0,23.8,36.9,0,0
122KENYA,DSC_8096,,0.00025,155.0,22.0,24.4,33.3,0,0
122KENYA,DSC_8097,,0.00025,155.0,22.0,25.2,35.1,0,0
122KENYA,DSC_8098,,0.00025,155.0,22.0,28.1,48.2,0,0
122KENYA,DSC_8099,,0.00025,155.0,22.0,26.2,40.8,0,0
122KENYA,DSC_8100,,0.00025,400.0,22.0,27.6,51.6,0,0
122KENYA,DSC_8101,,0.00025,400.0,22.0,27.5,41.7,0,0
122KENYA,DSC_8102,,0.00025,400.0,22.0,27.6,43.6,0,0
122KENYA,DSC_8103,,0.00025,400.0,22.0,24.4,31.6,0,0
122KENYA,DSC_8104,,0.00025,400.0,22.0,24.1,35.0,0,0
122KENYA,DSC_8105,,0.00025,400.0,22.0,32.6,66.9,0,0
122KENYA,DSC_8106,,0.00025,400.0,22.0,25.3,43.9,0,0
122KENYA,DSC_8107,,0.00025,400.0,22.0,32.1,57.4,0,0
122KENYA,DSC_8108,,0.00025,400.0,22.0,28.2,45.9,0,0
122KENYA,DSC_8109,,0.00025,400.0,22.0,20.2,32.2,0,0
122KENYA,DSC_8110,,0.00025,400.0,22.0,26.3,70.2,0,0
122KENYA,DSC_8111,,0.00025,400.0,22.0,27.8,87.6,0,0
122KENYA,DSC_8112,,0.00025,400.0,22.0,27.1,70.1,0,0
122KENYA,DSC_8113,,0.00025,400.0,22.0,27.0,68.8,0,0
122KENYA,DSC_8114,,0.00025,400.0,22.0,28.1,63.1,0,0
122KENYA,DSC_8115,,0.00025,400.0,22.0,27.2,58.7,0,0
122KENYA,DSC_8116,,0.00025,400.0,22.0,31.0,82.0,0,0
122KENYA,DSC_8117,,0.00025,400.0,22.0,29.9,63.3,0,0
122KENYA,DSC_8118,,0.00025,400.0,22.0,21.7,35.4,0,0
122KENYA,DSC_8119,,0.00025,400.0,22.0,23.8,40.5,0,0
122KENYA,DSC_8120,,0.00025,400.0,22.0,29.1,53.4,0,0
122KENYA,DSC_8121,,0.00025,400.0,22.0,24.1,38.5,0,0
122KENYA,DSC_8122,,0.00025,400.0,22.0,14.3,22.2,0,0
122KENYA,DSC_8123,,0.00025,400.0,22.0,21.7,57.1,0,0
122KENYA,DSC_8124,,0.00025,400.0,22.0,21.0,35.3,0,0
122KENYA,DSC_8125,,0.00025,400.0,22.0,21.2,31.7,0,0
122KENYA,DSC_8126,,0.00025,330.0,22.0,33.6,47.7,0,0
122KENYA,DSC_8127,,0.00025,330.0,22.0,27.2,77.2,0,0
122KENYA,DSC_8128,,0.00025,330.0,22.0,32.6,54.9,0,0
122KENYA,DSC_8129,,0.00025,330.0,22.0,30.6,61.6,0,0
122KENYA,DSC_8130,,0.00025,330.0,22.0,30.3,65.6,0,0
122KENYA,DSC_8131,,0.00025,330.0,22.0,29.8,71.7,0,0
122KENYA,DSC_8132,,0.00025,300.0,22.0,18.2,22.0,0,0
122KENYA,DSC_8133,,0.00025,330.0,22.0,52.3,45.1,0,0
122KENYA,DSC_8134,,0.00025,330.0,22.0,33.5,29.1,0,0
122KENYA,DSC_8135,,0.00025,330.0,22.0,63.1,67.1,0,0
122KENYA,DSC_8136,,0.00025,116.0,22.0,70.8,101.9,0,0
122KENYA,DSC_8137,,0.00025,100.0,22.0,59.9,96.6,0,0
122KENYA,DSC_8138,,0.00025,100.0,22.0,56.6,106.4,0,0
122KENYA,DSC_8139,,0.00025,100.0,22.0,58.0,110.0,0,0
122KENYA,DSC_8140,,0.00025,70.0,22.0,24.8,82.6,0,0
122KENYA,DSC_8141,,0.00025,31.0,22.0,27.0,90.1,0,0
122KENYA,DSC_8142,,0.00025,70.0,22.0,41.5,114.5,0,0
122KENYA,DSC_8143,,0.00025,70.0,22.0,12.9,87.9,0,0
122KENYA,DSC_8144,,0.00025,145.0,22.0,76.8,120.5,0,0
122KENYA,DSC_8145,,0.00025,122.0,22.0,70.1,136.4,0,0
122KENYA,DSC_8146,,0.00025,122.0,22.0,79.3,101.5,0,0
122KENYA,DSC_8147,,0.00025,122.0,22.0,84.1,119.0,0,0
122KENYA,DSC_8148,,0.00025,122.0,22.0,72.1,155.9,0,0
122KENYA,DSC_8149,,0.00025,122.0,22.0,78.7,95.9,0,0
122KENYA,DSC_8150,,0.00025,122.0,22.0,59.5,103.9,0,0
122KENYA,DSC_8151,,0.00025,122.0,22.0,51.0,101.6,0,0
122KENYA,DSC_8152,,0.00025,122.0,22.0,50.3,98.4,0,0
122KENYA,DSC_8153,,0.00025,122.0,22.0,55.8,93.9,0,0
122KENYA,DSC_8154,,0.00025,122.0,22.0,66.4,98.9,0,0
122KENYA,DSC_8155,,0.00025,122.0,22.0,51.3,88.8,0,0
122KENYA,DSC_8156,,0.00025,122.0,22.0,42.1,87.6,0,0
122KENYA,DSC_8157,,0.00025,122.0,22.0,37.6,94.3,0,0
122KENYA,DSC_8158,,0.00025,122.0,22.0,50.2,105.6,0,0
122KENYA,DSC_8159,,0.00025,122.0,22.0,55.8,118.5,0,0
122KENYA,DSC_8160,,0.00025,122.0,22.0,49.9,150.5,0,0
122KENYA,DSC_8161,,0.00025,122.0,22.0,47.1,144.1,0,0
122KENYA,DSC_8162,,0.00025,122.0,22.0,34.6,147.1,0,0
122KENYA,DSC_8163,,0.00025,122.0,22.0,33.7,134.7,0,0
122KENYA,DSC_8164,,0.00025,122.0,22.0,52.4,132.2,0,0
122KENYA,DSC_8165,,0.00025,122.0,22.0,42.0,89.8,0,0
122KENYA,DSC_8166,,0.00025,122.0,22.0,44.7,74.1,0,0
122KENYA,DSC_8167,,0.00025,122.0,22.0,49.4,85.5,0,0
122KENYA,DSC_8168,,0.00025,122.0,22.0,42.8,111.6,0,0
122KENYA,DSC_8169,,0.00025,122.0,22.0,42.7,78.9,0,0
122KENYA,DSC_8170,,0.00025,122.0,22.0,44.5,74.6,0,0
122KENYA,DSC_8171,,0.00025,122.0,22.0,44.8,139.1,0,0
122KENYA,DSC_8172,,0.00025,122.0,22.0,50.6,113.3,0,0
122KENYA,DSC_8173,,0.00025,122.0,22.0,40.1,110.4,0,0
122KENYA,DSC_8174,,0.00025,122.0,22.0,41.5,84.4,0,0
122KENYA,DSC_8175,,0.00025,122.0,22.0,51.0,67.4,0,0
122KENYA,DSC_8176,,0.00025,122.0,22.0,59.0,68.4,0,0
122KENYA,DSC_8177,,0.00025,116.0,22.0,29.5,29.3,0,0
122KENYA,DSC_8178,,0.00025,122.0,22.0,40.1,47.5,0,0
122KENYA,DSC_8179,,0.00025,122.0,22.0,46.6,57.3,0,0
122KENYA,DSC_8180,,0.00025,70.0,22.0,26.9,59.2,0,0
122KENYA,DSC_8181,,0.00025,70.0,22.0,26.6,62.9,0,0
122KENYA,DSC_8182,,0.00025,70.0,22.0,27.1,59.7,0,0
122KENYA,DSC_8183,,0.00025,70.0,22.0,27.2,58.1,0,0
122KENYA,DSC_8184,,0.00025,70.0,22.0,27.4,59.8,0,0
122KENYA,DSC_8185,,0.00025,70.0,22.0,27.3,58.5,0,0
122KENYA,DSC_8186,,0.00025,70.0,22.0,27.8,71.5,0,0
122KENYA,DSC_8187,,0.00025,70.0,22.0,27.5,62.7,0,0
122KENYA,DSC_8188,,0.00025,18.0,22.0,29.9,76.3,0,0
122KENYA,DSC_8189,,0.00025,50.0,22.0,46.0,82.2,0,0
122KENYA,DSC_8190,,0.00025,50.0,22.0,29.4,120.9,0,0
122KENYA,DSC_8191,,0.00025,50.0,22.0,28.3,128.1,0,0
122KENYA,DSC_8192,,0.00025,100.0,22.0,44.2,144.3,0,0
122KENYA,DSC_8193,,0.00025,100.0,22.0,41.5,134.0,0,0
122KENYA,DSC_8194,,0.00025,100.0,22.0,15.3,96.3,0,0
122KENYA,DSC_8195,,0.00025,100.0,22.0,36.0,118.4,0,0
122KENYA,DSC_8196,,0.00025,100.0,22.0,31.2,113.1,0,0
122KENYA,DSC_8197,,0.00025,100.0,22.0,22.4,110.2,0,0
122KENYA,DSC_8198,,0.00025,100.0,22.0,32.4,103.2,0,0
122KENYA,DSC_8199,,0.00025,100.0,22.0,35.9,92.0,0,0
122KENYA,DSC_8200,,0.00025,100.0,22.0,45.9,55.1,0,0
122KENYA,DSC_8201,,0.00025,100.0,22.0,46.1,52.9,0,0
122KENYA,DSC_8202,,0.00025,100.0,22.0,50.7,70.9,0,0
122KENYA,DSC_8203,,0.00025,100.0,22.0,50.5,80.7,0,0
122KENYA,DSC_8204,,0.00025,100.0,22.0,50.5,82.8,0,0
122KENYA,DSC_8205,,0.00025,100.0,22.0,51.1,83.6,0,0
122KENYA,DSC_8206,,0.00025,100.0,22.0,50.6,89.4,0,0
122KENYA,DSC_8207,,0.00025,100.0,22.0,47.8,92.0,0,0
122KENYA,DSC_8208,,0.00025,100.0,22.0,44.7,92.0,0,0
122KENYA,DSC_8209,,0.00025,100.0,22.0,48.1,74.5,0,0
122KENYA,DSC_8210,,0.00025,100.0,22.0,47.6,101.3,0,0
122KENYA,DSC_8211,,0.00025,100.0,22.0,52.4,111.7,0,0
122KENYA,DSC_8212,,0.00025,100.0,22.0,48.4,124.9,0,0
122KENYA,DSC_8213,,0.00025,100.0,22.0,52.7,81.2,0,0
122KENYA,DSC_8214,,0.00025,100.0,22.0,49.4,82.5,0,0
122KENYA,DSC_8215,,0.00025,100.0,22.0,48.8,82.2,0,0
122KENYA,DSC_8216,,0.00025,100.0,22.0,43.0,129.4,0,0
123KENYA,DSC_8188,,0.00025,185.0,22.0,60.0,53.0,0,0
123KENYA,DSC_8189,,0.00025,185.0,22.0,60.1,56.4,0,0
123KENYA,DSC_8190,,0.00025,185.0,22.0,52.5,82.3,0,0
123KENYA,DSC_8191,,0.00025,185.0,22.0,56.8,80.7,0,0
123KENYA,DSC_8192,,0.00025,185.0,22.0,52.2,79.6,0,0
123KENYA,DSC_8193,,0.00025,185.0,22.0,58.6,66.1,0,0
123KENYA,DSC_8194,,0.00025,145.0,22.0,75.1,59.9,0,0
123KENYA,DSC_8195,,0.00025,155.0,22.0,66.7,73.3,0,0
123KENYA,DSC_8196,,0.00025,155.0,22.0,55.3,82.1,0,0
123KENYA,DSC_8197,,0.00025,155.0,22.0,67.6,66.7,0,0
123KENYA,DSC_8198,,0.00025,155.0,22.0,72.6,62.5,0,0
123KENYA,DSC_8199,,0.00025,155.0,22.0,65.5,60.9,0,0
123KENYA,DSC_8200,,0.00025,155.0,22.0,62.9,62.4,0,0
123KENYA,DSC_8201,,0.00025,155.0,22.0,59.7,56.2,0,0
123KENYA,DSC_8202,,0.00025,155.0,22.0,64.8,73.0,0,0
123KENYA,DSC_8203,,0.00025,250.0,22.0,69.5,43.0,0,0
123KENYA,DSC_8204,,0.00025,250.0,22.0,63.6,51.6,0,0
123KENYA,DSC_8205,,0.00025,250.0,22.0,39.5,34.7,0,0
123KENYA,DSC_8206,,0.00025,200.0,22.0,167.6,62.4,0,0
123KENYA,DSC_8207,,0.00025,200.0,22.0,131.3,55.9,0,0
123KENYA,DSC_8208,,0.00025,155.0,22.0,255.8,64.4,0,0
123KENYA,DSC_8209,,0.00025,155.0,22.0,246.4,64.1,0,0
123KENYA,DSC_8210,,0.00025,155.0,22.0,230.6,75.3,0,0
123KENYA,DSC_8211,,0.00025,155.0,22.0,201.0,73.4,0,0
123KENYA,DSC_8212,,0.00025,40.0,22.0,84.7,52.2,0,0
123KENYA,DSC_8213,,0.00025,40.0,22.0,85.9,52.9,0,0
123KENYA,DSC_8214,,0.00025,40.0,22.0,80.4,51.5,0,0
123KENYA,DSC_8215,,0.00025,250.0,22.0,128.0,63.2,0,0
123KENYA,DSC_8216,,0.00025,250.0,22.0,146.6,68.6,0,0
123KENYA,DSC_8217,,0.00025,250.0,22.0,156.1,71.2,0,0
123KENYA,DSC_8218,,0.00025,250.0,22.0,83.6,65.0,0,0
123KENYA,DSC_8219,,0.00025,250.0,22.0,98.3,64.3,0,0
123KENYA,DSC_8220,,0.00025,370.0,22.0,89.3,63.3,0,0
123KENYA,DSC_8221,,0.00025,370.0,22.0,82.2,62.6,0,0
123KENYA,DSC_8222,,0.00025,370.0,22.0,96.6,67.3,0,0
123KENYA,DSC_8223,,0.00025,370.0,22.0,89.6,64.6,0,0
123KENYA,DSC_8224,,0.00025,370.0,22.0,111.2,61.6,0,0
123KENYA,DSC_8225,,0.00025,370.0,22.0,126.4,61.1,0,0
123KENYA,DSC_8226,,0.00025,370.0,22.0,96.9,64.7,0,0
123KENYA,DSC_8227,,0.00025,370.0,22.0,96.0,59.3,0,0
123KENYA,DSC_8228,,0.00025,370.0,22.0,95.1,72.3,0,0
123KENYA,DSC_8229,,0.00025,370.0,22.0,86.3,62.2,0,0
123KENYA,DSC_8230,,0.00025,370.0,22.0,67.1,55.2,0,0
123KENYA,DSC_8231,,0.00025,370.0,22.0,73.2,54.7,0,0
123KENYA,DSC_8232,,0.00025,65.0,22.0,249.0,76.1,0,0
123KENYA,DSC_8233,,0.00025,100.0,22.0,382.0,78.1,0,0
123KENYA,DSC_8234,,0.00025,135.0,22.0,365.7,77.9,0,0
123KENYA,DSC_8235,,0.00025,185.0,22.0,404.3,73.6,0,0
123KENYA,DSC_8236,,0.00025,400.0,22.0,213.8,86.0,0,0
123KENYA,DSC_8237,,0.00025,400.0,22.0,240.8,78.0,0,0
123KENYA,DSC_8238,,0.00025,200.0,22.0,392.2,76.4,0,0
123KENYA,DSC_8239,,0.00025,250.0,22.0,166.4,121.5,0,0
123KENYA,DSC_8240,,0.00025,400.0,22.0,88.5,113.4,0,0
123KENYA,DSC_8241,,0.00025,18.0,22.0,243.6,125.7,0,0
123KENYA,DSC_8242,,0.00025,35.0,22.0,295.0,126.1,0,0
123KENYA,DSC_8243,,0.00025,35.0,22.0,297.4,124.9,0,0
123KENYA,DSC_8244,,0.00025,35.0,22.0,291.4,123.6,0,0
123KENYA,DSC_8245,,0.00025,35.0,22.0,229.7,129.2,0,0
123KENYA,DSC_8246,,0.00025,35.0,22.0,285.8,127.5,0,0
123KENYA,DSC_8247,,0.00025,62.0,22.0,311.8,111.9,0,0
123KENYA,DSC_8248,,0.00025,62.0,22.0,300.3,111.5,0,0
123KENYA,DSC_8249,,0.00025,62.0,22.0,289.0,114.0,0,0
123KENYA,DSC_8250,,0.00025,62.0,22.0,311.9,111.4,0,0
123KENYA,DSC_8251,,0.00025,62.0,22.0,292.3,113.1,0,0
123KENYA,DSC_8252,,0.00025,62.0,22.0,314.2,112.4,0,0
123KENYA,DSC_8253,,0.00025,62.0,22.0,284.8,112.8,0,0
123KENYA,DSC_8254,,0.00025,62.0,22.0,231.9,121.3,0,0
123KENYA,DSC_8255,,0.00025,62.0,22.0,260.0,116.8,0,0
123KENYA,DSC_8256,,0.00025,62.0,22.0,286.0,115.6,0,0
123KENYA,DSC_8257,,0.00025,50.0,22.0,327.7,126.3,0,0
123KENYA,DSC_8258,,0.00025,50.0,22.0,359.2,124.8,0,0
123KENYA,DSC_8259,,0.00025,400.0,22.0,33.2,88.7,0,0
123KENYA,DSC_8260,,0.00025,400.0,22.0,55.6,33.8,0,0
123KENYA,DSC_8261,,0.00025,400.0,22.0,56.2,78.7,0,0
123KENYA,DSC_8262,,0.00025,400.0,22.0,76.3,53.7,0,0
123KENYA,DSC_8263,,0.00025,400.0,22.0,62.4,56.4,0,0
123KENYA,DSC_8264,,0.00025,400.0,22.0,76.0,51.6,0,0
123KENYA,DSC_8265,,0.00025,400.0,22.0,117.4,66.4,0,0
123KENYA,DSC_8266,,0.00025,400.0,22.0,154.6,79.1,0,0
123KENYA,DSC_8267,,0.00025,135.0,22.0,162.8,77.7,0,0
123KENYA,DSC_8268,,0.00025,135.0,22.0,48.7,145.7,0,0
123KENYA,DSC_8269,,0.00025,55.0,22.0,117.0,131.1,0,0
123KENYA,DSC_8270,,0.00025,58.0,22.0,132.0,122.6,0,0
123KENYA,DSC_8271,,0.00025,58.0,22.0,145.5,116.7,0,0
123KENYA,DSC_8272,,0.00025,58.0,22.0,158.9,118.1,0,0
123KENYA,DSC_8273,,0.00025,58.0,22.0,128.8,125.7,0,0
123KENYA,DSC_8274,,0.00025,58.0,22.0,150.2,119.9,0,0
123KENYA,DSC_8275,,0.00025,86.0,22.0,130.0,118.0,0,0
123KENYA,DSC_8276,,0.00025,86.0,22.0,160.9,119.5,0,0
123KENYA,DSC_8277,,0.00025,65.0,22.0,159.4,122.7,0,0
123KENYA,DSC_8278,,0.00025,65.0,22.0,126.1,111.8,0,0
123KENYA,DSC_8279,,0.00025,65.0,22.0,138.1,119.1,0,0
123KENYA,DSC_8280,,0.00025,86.0,22.0,68.9,119.8,0,0
123KENYA,DSC_8281,,0.00025,86.0,22.0,113.8,119.6,0,0
123KENYA,DSC_8282,,0.00025,86.0,22.0,89.7,115.0,0,0
123KENYA,DSC_8283,,0.00025,86.0,22.0,165.5,115.6,0,0
123KENYA,DSC_8284,,0.00025,58.0,22.0,136.1,138.3,0,0
123KENYA,DSC_8285,,0.00025,58.0,22.0,141.5,134.9,0,0
123KENYA,DSC_8286,,0.00025,58.0,22.0,93.4,129.6,0,0
123KENYA,DSC_8287,,0.00025,58.0,22.0,152.7,133.5,0,0
123KENYA,DSC_8288,,0.00025,50.0,22.0,132.4,134.7,0,0
123KENYA,DSC_8289,,0.00025,50.0,22.0,109.0,127.1,0,0
123KENYA,DSC_8290,,0.00025,50.0,22.0,106.2,133.2,0,0
123KENYA,DSC_8291,,0.00025,50.0,22.0,56.5,137.2,0,0
123KENYA,DSC_8292,,0.00025,86.0,22.0,61.2,123.0,0,0
123KENYA,DSC_8293,,0.00025,86.0,22.0,77.3,116.2,0,0
123KENYA,DSC_8294,,0.00025,86.0,22.0,104.7,107.7,0,0
123KENYA,DSC_8295,,0.00025,400.0,22.0,49.6,48.0,0,0
123KENYA,DSC_8296,,0.00025,400.0,22.0,35.5,116.1,0,0
123KENYA,DSC_8297,,0.00025,400.0,22.0,37.2,110.7,0,0
123KENYA,DSC_8298,,0.0003125,400.0,22.0,41.2,149.7,0,0
123KENYA,DSC_8299,,0.0003125,400.0,22.0,59.8,116.2,0,0
123KENYA,DSC_8300,,0.0003125,400.0,22.0,22.2,146.1,0,0
123KENYA,DSC_8301,,0.0003125,400.0,22.0,27.4,132.8,0,0
123KENYA,DSC_8302,,0.0003125,44.0,22.0,250.0,119.7,0,0
123KENYA,DSC_8303,,0.0003125,44.0,22.0,198.7,128.5,0,0
123KENYA,DSC_8304,,0.0003125,44.0,22.0,165.4,122.5,0,0
123KENYA,DSC_8305,,0.0003125,44.0,22.0,207.1,117.3,0,0
123KENYA,DSC_8306,,0.0003125,40.0,22.0,222.4,118.6,0,0
123KENYA,DSC_8307,,0.0003125,40.0,22.0,292.9,121.4,0,0
123KENYA,DSC_8308,,0.0003125,40.0,22.0,297.6,119.6,0,0
123KENYA,DSC_8309,,0.0003125,40.0,22.0,266.3,123.8,0,0
123KENYA,DSC_8310,,0.0003125,50.0,22.0,240.3,130.1,0,0
123KENYA,DSC_8311,,0.0003125,50.0,22.0,349.4,117.3,0,0
123KENYA,DSC_8312,,0.0003125,50.0,22.0,285.9,124.1,0,0
123KENYA,DSC_8313,,0.0003125,50.0,22.0,255.0,127.5,0,0
123KENYA,DSC_8314,,0.0003125,50.0,22.0,258.1,127.0,0,0
123KENYA,DSC_8315,,0.0003125,50.0,22.0,282.1,124.6,0,0
123KENYA,DSC_8316,,0.0003125,50.0,22.0,276.8,124.7,0,0
123KENYA,DSC_8317,,0.0003125,50.0,22.0,272.4,124.2,0,0
123KENYA,DSC_8318,,0.0003125,50.0,22.0,294.4,126.0,0,0
123KENYA,DSC_8319,,0.0003125,50.0,22.0,226.8,133.1,0,0
123KENYA,DSC_8320,,0.0003125,50.0,22.0,259.8,127.2,0,0
123KENYA,DSC_8321,,0.0003125,50.0,22.0,242.9,131.2,0,0
123KENYA,DSC_8322,,0.0003125,50.0,22.0,223.6,133.6,0,0
123KENYA,DSC_8323,,0.0003125,50.0,22.0,209.8,131.9,0,0
123KENYA,DSC_8324,,0.0003125,50.0,22.0,224.9,132.3,0,0
123KENYA,DSC_8325,,0.0003125,50.0,22.0,208.7,133.7,0,0
123KENYA,DSC_8326,,0.0003125,50.0,22.0,219.0,133.4,0,0
123KENYA,DSC_8327,,0.0003125,50.0,22.0,240.1,130.8,0,0
123KENYA,DSC_8328,,0.0003125,50.0,22.0,220.5,130.6,0,0
123KENYA,DSC_8329,,0.0003125,50.0,22.0,202.3,133.2,0,0
123KENYA,DSC_8330,,0.0003125,50.0,22.0,203.8,132.7,0,0
123KENYA,DSC_8331,,0.0003125,50.0,22.0,211.9,133.4,0,0
123KENYA,DSC_8332,,0.0003125,50.0,22.0,222.6,131.4,0,0
123KENYA,DSC_8333,,0.0003125,50.0,22.0,233.9,130.4,0,0
123KENYA,DSC_8334,,0.0003125,50.0,22.0,232.1,132.1,0,0
123KENYA,DSC_8335,,0.0003125,50.0,22.0,247.9,131.5,0,0
123KENYA,DSC_8336,,0.0003125,50.0,22.0,285.8,126.7,0,0
123KENYA,DSC_8337,,0.0003125,50.0,22.0,214.1,135.7,0,0
123KENYA,DSC_8338,,0.0003125,50.0,22.0,190.2,138.5,0,0
123KENYA,DSC_8339,,0.0003125,50.0,22.0,229.8,132.7,0,0
123KENYA,DSC_8340,,0.0003125,50.0,22.0,222.6,134.6,0,0
123KENYA,DSC_8341,,0.0003125,50.0,22.0,248.9,131.0,0,0
123KENYA,DSC_8342,,0.0003125,50.0,22.0,283.6,127.2,0,0
123KENYA,DSC_8343,,0.0003125,50.0,22.0,261.1,130.1,0,0
123KENYA,DSC_8344,,0.0003125,55.0,22.0,387.9,125.0,0,0
123KENYA,DSC_8345,,0.0003125,55.0,22.0,338.9,130.8,0,0
123KENYA,DSC_8346,,0.0003125,55.0,22.0,323.2,119.2,0,0
123KENYA,DSC_8347,,0.0003125,55.0,22.0,313.1,121.7,0,0
123KENYA,DSC_8348,,0.0003125,55.0,22.0,262.3,129.3,0,0
123KENYA,DSC_8349,,0.0003125,55.0,22.0,176.8,130.3,0,0
123KENYA,DSC_8350,,0.0003125,300.0,22.0,86.9,134.5,0,0
123KENYA,DSC_8351,,0.0003125,300.0,22.0,82.1,128.8,0,0
123KENYA,DSC_8352,,0.0003125,86.0,22.0,152.7,117.5,0,0
123KENYA,DSC_8353,,0.0003125,400.0,22.0,65.8,122.3,0,0
123KENYA,DSC_8354,,0.0003125,400.0,22.0,98.8,114.4,0,0
123KENYA,DSC_8355,,0.0003125,400.0,22.0,106.9,112.9,0,0
123KENYA,DSC_8356,,0.0003125,400.0,22.0,94.5,117.9,0,0
123KENYA,DSC_8357,,0.0003125,58.0,22.0,346.2,121.6,0,0
123KENYA,DSC_8358,,0.0003125,58.0,22.0,325.8,122.1,0,0
123KENYA,DSC_8359,,0.0003125,58.0,22.0,207.9,127.7,0,0
123KENYA,DSC_8360,,0.0003125,58.0,22.0,209.3,127.4,0,0
123KENYA,DSC_8361,,0.0003125,18.0,22.0,405.1,128.5,0,0
123KENYA,DSC_8362,,0.0003125,18.0,22.0,389.6,138.9,0,0
123KENYA,DSC_8363,,0.0003125,18.0,22.0,364.4,143.9,0,0
123KENYA,DSC_8364,,0.0003125,18.0,22.0,350.7,144.1,0,0
123KENYA,DSC_8365,,0.0003125,18.0,22.0,445.7,128.1,0,0
123KENYA,DSC_8366,,0.0003125,18.0,22.0,552.0,132.9,0,0
123KENYA,DSC_8367,,0.0003125,100.0,22.0,436.8,95.5,0,0
123KENYA,DSC_8368,,0.0003125,100.0,22.0,350.4,115.8,0,0
123KENYA,DSC_8369,,0.0003125,100.0,22.0,318.5,119.4,0,0
123KENYA,DSC_8370,,0.0003125,100.0,22.0,409.8,117.4,0,0
123KENYA,DSC_8371,,0.0003125,18.0,22.0,258.3,144.1,0,0
123KENYA,DSC_8372,,0.0003125,155.0,22.0,102.9,116.9,0,0
123KENYA,DSC_8373,,0.0003125,155.0,22.0,49.7,119.9,0,0
123KENYA,DSC_8374,,0.0003125,155.0,22.0,134.2,116.1,0,0
123KENYA,DSC_8375,,0.0003125,400.0,22.0,34.4,117.7,0,0
123KENYA,DSC_8376,,0.0003125,400.0,22.0,78.0,98.3,0,0
123KENYA,DSC_8377,,0.0003125,185.0,22.0,164.1,114.2,0,0
123KENYA,DSC_8378,,0.0003125,400.0,22.0,56.3,112.9,0,0
123KENYA,DSC_8379,,0.0003125,400.0,22.0,62.1,101.1,0,0
123KENYA,DSC_8380,,0.0003125,400.0,22.0,55.9,110.1,0,0
123KENYA,DSC_8381,,0.0003125,400.0,22.0,196.5,113.6,0,0
123KENYA,DSC_8382,,0.0003125,400.0,22.0,44.4,109.8,0,0
123KENYA,DSC_8383,,0.0003125,400.0,22.0,62.2,109.8,0,0
123KENYA,DSC_8384,,0.0003125,400.0,22.0,51.6,107.5,0,0
123KENYA,DSC_8385,,0.0003125,80.0,22.0,270.8,124.2,0,0
123KENYA,DSC_8386,,0.0003125,80.0,22.0,302.7,106.9,0,0
123KENYA,DSC_8387,,0.0003125,80.0,22.0,408.4,107.4,0,0
123KENYA,DSC_8388,,0.0003125,220.0,22.0,326.5,121.0,0,0
123KENYA,DSC_8389,,0.0003125,220.0,22.0,292.4,111.2,0,0
123KENYA,DSC_8390,,0.0003125,220.0,22.0,281.6,112.2,0,0
123KENYA,DSC_8391,,0.0003125,220.0,22.0,151.5,116.4,0,0
123KENYA,DSC_8392,,0.0003125,220.0,22.0,176.7,115.3,0,0
123KENYA,DSC_8393,,0.0003125,220.0,22.0,197.7,106.1,0,0
123KENYA,DSC_8394,,0.0003125,220.0,22.0,259.8,116.2,0,0
123KENYA,DSC_8395,,0.0003125,240.0,22.0,242.8,130.2,0,0
123KENYA,DSC_8396,,0.0003125,240.0,22.0,202.0,129.4,0,0
123KENYA,DSC_8397,,0.0003125,240.0,22.0,311.3,130.8,0,0
123KENYA,DSC_8398,,0.0003125,370.0,22.0,413.6,128.4,0,0
123KENYA,DSC_8399,,0.0003125,370.0,22.0,254.9,121.5,0,0
123KENYA,DSC_8400,,0.0003125,370.0,22.0,332.8,121.3,0,0
123KENYA,DSC_8401,,0.0003125,370.0,22.0,305.8,113.3,0,0
123KENYA,DSC_8402,,0.0003125,370.0,22.0,416.9,126.8,0,0
123KENYA,DSC_8403,,0.0003125,370.0,22.0,486.8,97.4,0,0
123KENYA,DSC_8404,,0.0003125,116.0,22.0,262.9,107.6,0,0
123KENYA,DSC_8405,,0.0003125,116.0,22.0,160.0,117.6,0,0
123KENYA,DSC_8406,,0.0003125,50.0,22.0,313.9,105.2,0,0
123KENYA,DSC_8407,,0.0003125,50.0,22.0,351.2,105.9,0,0
123KENYA,DSC_8408,,0.0003125,50.0,22.0,299.5,101.9,0,0
123KENYA,DSC_8409,,0.0003125,86.0,22.0,219.1,118.9,0,0
123KENYA,DSC_8410,,0.0003125,122.0,22.0,230.4,116.4,0,0
123KENYA,DSC_8411,,0.0003125,122.0,22.0,163.9,117.7,0,0
123KENYA,DSC_8412,,0.0003125,122.0,22.0,155.4,116.9,0,0
123KENYA,DSC_8413,,0.0003125,122.0,22.0,149.6,117.9,0,0
123KENYA,DSC_8414,,0.0003125,122.0,22.0,73.2,122.9,0,0
123KENYA,DSC_8415,,0.0003125,122.0,22.0,65.2,111.8,0,0
123KENYA,DSC_8416,,0.0003125,122.0,22.0,145.1,121.5,0,0
123KENYA,DSC_8417,,0.0003125,250.0,22.0,143.2,124.5,0,0
123KENYA,DSC_8418,,0.0003125,400.0,22.0,105.3,122.6,0,0
123KENYA,DSC_8419,,0.0003125,400.0,22.0,288.1,124.3,0,0
123KENYA,DSC_8420,,0.0003125,400.0,22.0,243.4,115.5,0,0
123KENYA,DSC_8421,,0.0003125,400.0,22.0,173.8,118.9,0,0
123KENYA,DSC_8422,,0.0003125,400.0,22.0,118.7,114.4,0,0
123KENYA,DSC_8423,,0.0003125,400.0,22.0,142.6,103.4,0,0
123KENYA,DSC_8424,,0.0003125,400.0,22.0,115.6,116.6,0,0
123KENYA,DSC_8425,,0.0003125,400.0,22.0,401.4,101.1,0,0
123KENYA,DSC_8426,,0.0003125,400.0,22.0,299.3,85.3,0,0
123KENYA,DSC_8427,,0.0003125,65.0,22.0,1091.3,104.0,0,0
123KENYA,DSC_8428,,0.0003125,86.0,22.0,1470.9,97.1,0,0
123KENYA,DSC_8429,,0.0003125,86.0,22.0,1516.4,102.1,0,0
123KENYA,DSC_8430,,0.0003125,86.0,22.0,1571.3,100.6,0,0
123KENYA,DSC_8431,,0.0003125,250.0,22.0,351.5,128.8,0,0
123KENYA,DSC_8432,,0.0003125,70.0,22.0,159.7,126.2,0,0
123KENYA,DSC_8433,,0.0003125,86.0,22.0,162.8,108.2,0,0
123KENYA,DSC_8434,,0.0003125,86.0,22.0,176.4,115.2,0,0
123KENYA,DSC_8435,,0.0003125,86.0,22.0,108.8,117.6,0,0
123KENYA,DSC_8436,,0.0003125,86.0,22.0,152.7,115.0,0,0
123KENYA,DSC_8437,,0.0003125,86.0,22.0,163.9,113.8,0,0
123KENYA,DSC_8438,,0.0003125,86.0,22.0,142.2,105.4,0,0
123KENYA,DSC_8439,,0.0003125,86.0,22.0,156.0,106.3,0,0
123KENYA,DSC_8440,,0.0003125,86.0,22.0,228.6,102.1,0,0
123KENYA,DSC_8441,,0.0003125,86.0,22.0,70.3,119.8,0,0
123KENYA,DSC_8442,,0.0003125,86.0,22.0,76.3,125.5,0,0
123KENYA,DSC_8443,,0.0003125,86.0,22.0,75.7,117.7,0,0
123KENYA,DSC_8444,,0.0003125,400.0,22.0,98.8,94.5,0,0
123KENYA,DSC_8445,,0.0003125,400.0,22.0,98.1,92.8,0,0
123KENYA,DSC_8446,,0.0003125,400.0,22.0,86.8,93.3,0,0
123KENYA,DSC_8447,,0.0003125,400.0,22.0,83.7,92.0,0,0
123KENYA,DSC_8448,,0.0003125,400.0,22.0,81.8,103.3,0,0
123KENYA,DSC_8449,,0.0003125,400.0,22.0,92.2,103.3,0,0
123KENYA,DSC_8450,,0.0003125,400.0,22.0,71.4,103.2,0,0
123KENYA,DSC_8451,,0.0003125,400.0,22.0,91.7,101.2,0,0
123KENYA,DSC_8452,,0.0003125,400.0,22.0,78.1,98.2,0,0
123KENYA,DSC_8453,,0.0003125,400.0,22.0,97.6,92.1,0,0
123KENYA,DSC_8454,,0.0003125,400.0,22.0,112.2,74.6,0,0
123KENYA,DSC_8455,,0.0003125,400.0,22.0,83.4,79.5,0,0
123KENYA,DSC_8456,,0.0003125,400.0,22.0,80.0,100.4,0,0
123KENYA,DSC_8457,,0.0003125,400.0,22.0,75.3,98.2,0,0
123KENYA,DSC_8458,,0.0003125,400.0,22.0,95.9,95.4,0,0
123KENYA,DSC_8459,,0.0003125,400.0,22.0,153.2,98.5,0,0
123KENYA,DSC_8460,,0.0003125,400.0,22.0,170.4,93.8,0,0
123KENYA,DSC_8461,,0.0003125,400.0,22.0,182.3,92.5,0,0
123KENYA,DSC_8462,,0.0003125,400.0,22.0,86.3,123.0,0,0
123KENYA,DSC_8463,,0.0003125,400.0,22.0,80.0,94.9,0,0
123KENYA,DSC_8464,,0.0003125,400.0,22.0,70.6,95.5,0,0
123KENYA,DSC_8465,,0.0003125,400.0,22.0,77.4,103.2,1,0
123KENYA,DSC_8466,,0.0003125,185.0,22.0,137.3,97.0,0,0
123KENYA,DSC_8467,,0.0003125,400.0,22.0,73.5,106.1,0,0
123KENYA,DSC_8468,,0.0003125,400.0,22.0,83.8,101.7,0,0
123KENYA,DSC_8469,,0.0003125,400.0,22.0,93.3,98.3,0,0
123KENYA,DSC_8470,,0.0003125,400.0,22.0,92.4,93.5,0,0
123KENYA,DSC_8471,,0.0003125,400.0,22.0,85.0,93.8,0,0
123KENYA,DSC_8472,,0.0003125,400.0,22.0,84.7,100.8,0,0
123KENYA,DSC_8473,,0.0003125,400.0,22.0,77.7,92.5,0,0
123KENYA,DSC_8474,,0.0003125,400.0,22.0,100.3,97.5,0,0
123KENYA,DSC_8475,,0.0003125,400.0,22.0,159.6,114.4,0,0
123KENYA,DSC_8476,,0.0003125,400.0,22.0,234.5,113.4,0,0
123KENYA,DSC_8477,,0.0003125,400.0,22.0,156.1,106.4,0,0
123KENYA,DSC_8478,,0.0003125,400.0,22.0,149.1,107.0,0,0
123KENYA,DSC_8479,,0.0003125,400.0,22.0,266.9,91.5,0,0
123KENYA,DSC_8480,,0.0003125,400.0,22.0,69.5,100.2,0,0
123KENYA,DSC_8481,,0.0003125,400.0,22.0,68.3,95.6,0,0
123KENYA,DSC_8482,,0.0003125,400.0,22.0,83.1,102.7,0,0
123KENYA,DSC_8483,,0.0003125,400.0,22.0,96.3,109.6,0,0
123KENYA,DSC_8484,,0.0003125,400.0,22.0,179.3,97.9,0,0
123KENYA,DSC_8485,,0.0003125,400.0,22.0,68.9,101.0,0,0
123KENYA,DSC_8486,,0.0003125,400.0,22.0,141.2,88.1,0,0
123KENYA,DSC_8487,,0.0003125,400.0,22.0,311.7,92.1,0,0
123KENYA,DSC_8488,,0.0003125,400.0,22.0,171.3,101.8,0,0
123KENYA,DSC_8489,,0.0003125,400.0,22.0,142.7,98.1,0,0
123KENYA,DSC_8490,,0.0003125,400.0,22.0,144.8,101.9,0,0
123KENYA,DSC_8491,,0.0003125,400.0,22.0,185.2,93.0,0,0
123KENYA,DSC_8492,,0.0003125,400.0,22.0,161.0,94.2,0,0
123KENYA,DSC_8493,,0.0003125,400.0,22.0,120.3,106.0,0,0
123KENYA,DSC_8494,,0.0003125,400.0,22.0,147.6,93.8,0,0
123KENYA,DSC_8495,,0.0003125,400.0,22.0,188.3,105.4,0,0
123KENYA,DSC_8496,,0.0003125,400.0,22.0,118.2,111.1,0,0
123KENYA,DSC_8497,,0.0003125,400.0,22.0,358.7,124.2,0,0
123KENYA,DSC_8498,,0.0003125,170.0,22.0,130.0,114.6,0,0
123KENYA,DSC_8499,,0.0003125,170.0,22.0,309.3,120.2,0,0
123KENYA,DSC_8500,,0.0003125,350.0,22.0,113.5,95.8,0,0
123KENYA,DSC_8501,,0.0003125,350.0,22.0,124.6,94.1,0,0
123KENYA,DSC_8502,,0.0003125,18.0,22.0,643.1,168.0,0,0
123KENYA,DSC_8503,,0.0003125,18.0,22.0,740.7,156.9,0,0
123KENYA,DSC_8504,,0.0003125,18.0,22.0,688.7,159.5,0,0
123KENYA,DSC_8505,,0.0003125,86.0,22.0,290.4,85.7,0,0
123KENYA,DSC_8506,,0.0003125,400.0,22.0,569.7,125.7,0,0
123KENYA,DSC_8507,2200,0.0003125,400.0,22.0,772.1,121.5,0,0
123KENYA,DSC_8508,,0.0003125,400.0,22.0,302.1,101.5,0,0
123KENYA,DSC_8509,,0.0003125,400.0,22.0,257.7,97.1,0,0
123KENYA,DSC_8510,2200,0.0003125,400.0,22.0,726.2,95.4,0,0
123KENYA,DSC_8511,,0.0003125,400.0,22.0,1407.0,69.9,0,0
123KENYA,DSC_8512,,0.0003125,400.0,22.0,237.3,98.6,0,0
123KENYA,DSC_8513,,0.0003125,400.0,22.0,130.0,140.3,0,0
123KENYA,DSC_8514,,0.0003125,155.0,22.0,329.9,113.0,0,0
123KENYA,DSC_8515,,0.0003125,155.0,22.0,556.4,137.8,0,0
123KENYA,DSC_8516,,0.0003125,400.0,22.0,97.2,136.4,0,0
123KENYA,DSC_8517,,0.0003125,100.0,22.0,131.5,122.9,0,0
123KENYA,DSC_8518,,0.0003125,400.0,22.0,167.9,119.6,0,0
123KENYA,DSC_8519,,0.0003125,62.0,22.0,437.9,120.3,0,0
123KENYA,DSC_8520,,0.0003125,80.0,22.0,160.8,122.7,0,0
123KENYA,DSC_8521,,0.0003125,80.0,22.0,174.2,118.9,0,0
123KENYA,DSC_8522,,0.0003125,80.0,22.0,226.3,114.9,0,0
123KENYA,DSC_8523,,0.0003125,122.0,22.0,222.7,119.5,0,0
123KENYA,DSC_8524,,0.0003125,185.0,22.0,176.9,124.9,0,0
123KENYA,DSC_8525,,0.0003125,400.0,22.0,178.3,131.4,0,0
123KENYA,DSC_8526,,0.0003125,400.0,22.0,120.0,116.2,0,0
123KENYA,DSC_8527,,0.0003125,400.0,22.0,58.6,116.7,0,0
123KENYA,DSC_8528,,0.0003125,400.0,22.0,70.7,113.2,0,0
123KENYA,DSC_8529,,0.0003125,145.0,22.0,440.4,109.3,0,0
123KENYA,DSC_8530,,0.0003125,145.0,22.0,212.8,123.1,0,0
123KENYA,DSC_8531,,0.0003125,145.0,22.0,434.6,109.5,0,0
123KENYA,DSC_8532,,0.0003125,145.0,22.0,355.9,117.8,0,0
123KENYA,DSC_8533,,0.0003125,145.0,22.0,58.4,116.3,0,0
123KENYA,DSC_8534,,0.0003125,145.0,22.0,60.0,125.5,0,0
123KENYA,DSC_8535,,0.0003125,145.0,22.0,62.7,123.0,0,0
123KENYA,DSC_8536,,0.0003125,145.0,22.0,60.8,117.4,0,0
123KENYA,DSC_8537,,0.0003125,145.0,22.0,175.8,118.5,0,0
123KENYA,DSC_8538,,0.0003125,145.0,22.0,533.9,114.1,0,0
123KENYA,DSC_8539,,0.0003125,145.0,22.0,44.9,122.1,0,0
123KENYA,DSC_8540,,0.0003125,145.0,22.0,53.5,121.9,0,0
123KENYA,DSC_8541,,0.0003125,145.0,22.0,46.5,117.0,0,0
123KENYA,DSC_8542,,0.0003125,145.0,22.0,96.3,114.7,0,0
123KENYA,DSC_8543,,0.0003125,18.0,22.0,212.9,155.6,0,0
123KENYA,DSC_8544,,0.0003125,75.0,22.0,565.6,117.1,0,0
123KENYA,DSC_8545,,0.0003125,135.0,22.0,222.4,105.0,0,0
123KENYA,DSC_8546,,0.0003125,135.0,22.0,207.9,103.4,0,0
123KENYA,DSC_8547,,0.0003125,135.0,22.0,175.5,104.5,0,0
123KENYA,DSC_8548,,0.0003125,135.0,22.0,99.8,117.4,0,0
123KENYA,DSC_8549,,0.0003125,400.0,22.0,28.6,140.8,0,0
123KENYA,DSC_8550,,0.0003125,400.0,22.0,66.7,146.8,0,0
123KENYA,DSC_8551,,0.0003125,400.0,22.0,76.2,137.8,0,0
123KENYA,DSC_8552,,0.0003125,400.0,22.0,77.8,144.0,0,0
123KENYA,DSC_8553,,0.0003125,400.0,22.0,64.9,137.5,0,0
123KENYA,DSC_8554,,0.0003125,400.0,22.0,69.1,137.8,0,0
123KENYA,DSC_8555,,0.0003125,400.0,22.0,76.8,138.4,0,0
123KENYA,DSC_8556,,0.0003125,400.0,22.0,52.3,138.1,0,0
123KENYA,DSC_8557,,0.0003125,400.0,22.0,67.2,144.7,0,0
123KENYA,DSC_8558,,0.0003125,400.0,22.0,61.6,138.2,0,0
123KENYA,DSC_8559,,0.0003125,400.0,22.0,63.3,141.0,0,0
123KENYA,DSC_8560,,0.0003125,400.0,22.0,46.3,131.1,0,0
123KENYA,DSC_8561,,0.0003125,400.0,22.0,51.8,139.9,0,0
123KENYA,DSC_8562,,0.0003125,400.0,22.0,51.8,132.1,0,0
123KENYA,DSC_8563,,0.0003125,400.0,22.0,46.5,131.2,0,0
123KENYA,DSC_8564,,0.0003125,400.0,22.0,49.1,130.7,0,0
123KENYA,DSC_8565,,0.0003125,400.0,22.0,62.8,131.3,0,0
123KENYA,DSC_8566,,0.0003125,400.0,22.0,49.0,130.6,0,0
123KENYA,DSC_8567,,0.0003125,400.0,22.0,52.7,130.9,0,0
123KENYA,DSC_8568,,0.0003125,400.0,22.0,43.2,128.0,0,0
123KENYA,DSC_8569,,0.0003125,400.0,22.0,50.2,130.4,0,0
123KENYA,DSC_8570,,0.0003125,400.0,22.0,51.1,130.3,0,0
123KENYA,DSC_8571,,0.0003125,400.0,22.0,54.8,139.6,0,0
123KENYA,DSC_8572,,0.0003125,400.0,22.0,50.1,139.6,0,0
123KENYA,DSC_8573,,0.0003125,400.0,22.0,63.8,139.1,0,0
123KENYA,DSC_8574,,0.0003125,400.0,22.0,68.3,140.9,0,0
123KENYA,DSC_8575,,0.0003125,400.0,22.0,59.8,128.9,0,0
123KENYA,DSC_8576,,0.0003125,400.0,22.0,58.4,130.2,0,0
123KENYA,DSC_8577,,0.0003125,400.0,22.0,56.5,138.6,0,0
123KENYA,DSC_8578,,0.0003125,400.0,22.0,55.1,139.7,0,0
123KENYA,DSC_8579,,0.0003125,400.0,22.0,57.5,138.6,0,0
123KENYA,DSC_8580,,0.0003125,400.0,22.0,71.5,139.3,0,0
123KENYA,DSC_8581,,0.0003125,400.0,22.0,58.5,137.8,0,0
123KENYA,DSC_8582,,0.0003125,400.0,22.0,59.7,136.5,0,0
123KENYA,DSC_8583,,0.0003125,400.0,22.0,66.5,139.6,0,0
123KENYA,DSC_8584,,0.0003125,400.0,22.0,54.5,137.4,0,0
123KENYA,DSC_8585,,0.0003125,400.0,22.0,156.4,135.5,0,0
123KENYA,DSC_8586,,0.0003125,400.0,22.0,143.6,134.9,0,0
123KENYA,DSC_8587,,0.0003125,400.0,22.0,153.8,135.9,0,0
123KENYA,DSC_8588,,0.0003125,400.0,22.0,139.3,141.6,0,0
123KENYA,DSC_8589,,0.0003125,400.0,22.0,148.0,133.4,0,0
123KENYA,DSC_8590,,0.0003125,400.0,22.0,156.7,142.9,0,0
123KENYA,DSC_8591,,0.0003125,400.0,22.0,129.5,122.0,0,0
123KENYA,DSC_8592,,0.0003125,400.0,22.0,136.7,127.9,0,0
123KENYA,DSC_8593,,0.0003125,400.0,22.0,148.8,142.9,0,0
123KENYA,DSC_8594,,0.0003125,400.0,22.0,117.9,143.8,0,0
123KENYA,DSC_8595,,0.0003125,400.0,22.0,140.2,135.4,0,0
123KENYA,DSC_8596,,0.0003125,400.0,22.0,141.2,135.1,0,0
123KENYA,DSC_8597,,0.0003125,400.0,22.0,74.1,144.0,0,0
123KENYA,DSC_8598,,0.0003125,400.0,22.0,94.4,141.9,0,0
123KENYA,DSC_8599,,0.0003125,400.0,22.0,162.9,136.7,0,0
123KENYA,DSC_8600,,0.0003125,400.0,22.0,148.6,145.0,0,0
123KENYA,DSC_8601,,0.0003125,400.0,22.0,133.0,142.5,0,0
123KENYA,DSC_8602,,0.0003125,400.0,22.0,119.1,135.6,0,0
123KENYA,DSC_8603,,0.0003125,38.0,22.0,206.9,152.4,0,0
123KENYA,DSC_8604,,0.0003125,86.0,22.0,165.9,144.2,0,0
123KENYA,DSC_8605,,0.0003125,170.0,22.0,127.1,146.7,0,0
123KENYA,DSC_8606,,0.0003125,122.0,22.0,137.3,139.1,0,0
123KENYA,DSC_8607,,0.0003125,300.0,22.0,205.5,133.6,0,0
123KENYA,DSC_8608,,0.0003125,300.0,22.0,199.9,134.0,0,0
123KENYA,DSC_8609,,0.0003125,300.0,22.0,199.5,141.2,0,0
123KENYA,DSC_8610,,0.0003125,300.0,22.0,245.8,133.6,0,0
123KENYA,DSC_8611,,0.0003125,300.0,22.0,219.0,133.8,0,0
123KENYA,DSC_8612,,0.00025,300.0,40.0,185.6,88.0,0,0
123KENYA,DSC_8613,,0.00025,300.0,40.0,169.9,93.8,0,0
123KENYA,DSC_8614,,0.00025,300.0,40.0,154.6,95.9,0,0
123KENYA,DSC_8615,,0.00025,300.0,40.0,147.0,96.4,0,0
123KENYA,DSC_8616,,0.00025,300.0,20.0,146.1,146.1,0,0
123KENYA,DSC_8617,,0.00025,300.0,20.0,208.2,135.8,0,0
123KENYA,DSC_8618,,0.00025,300.0,20.0,206.4,135.4,0,0
123KENYA,DSC_8619,,0.00025,300.0,20.0,196.3,137.4,0,0
123KENYA,DSC_8620,,0.00025,300.0,20.0,54.0,128.3,0,0
123KENYA,DSC_8621,,0.00025,400.0,20.0,107.6,138.9,0,0
123KENYA,DSC_8622,,0.00025,400.0,20.0,146.8,145.1,0,0
123KENYA,DSC_8623,,0.00025,400.0,20.0,130.5,130.0,0,0
123KENYA,DSC_8624,,0.00025,400.0,20.0,85.4,138.0,0,0
123KENYA,DSC_8625,,0.00025,400.0,20.0,137.5,144.2,0,0
123KENYA,DSC_8626,,0.00025,400.0,20.0,23.3,129.3,0,0
123KENYA,DSC_8627,,0.00025,400.0,20.0,18.8,138.7,0,0
123KENYA,DSC_8628,,0.00025,400.0,20.0,106.7,145.7,0,0
123KENYA,DSC_8629,,0.00025,400.0,20.0,198.3,129.6,0,0
123KENYA,DSC_8630,,0.00025,400.0,20.0,143.5,137.4,0,0
123KENYA,DSC_8631,,0.00025,400.0,20.0,170.2,135.3,0,0
123KENYA,DSC_8632,,0.00025,400.0,20.0,156.7,140.2,0,0
123KENYA,DSC_8633,,0.00025,400.0,20.0,162.4,137.8,0,0
123KENYA,DSC_8634,,0.00025,400.0,20.0,98.2,147.6,0,0
123KENYA,DSC_8635,,0.00025,400.0,20.0,190.8,137.0,0,0
123KENYA,DSC_8636,,0.00025,400.0,20.0,114.8,143.3,0,0
123KENYA,DSC_8637,,0.00025,400.0,20.0,151.2,140.2,0,0
123KENYA,DSC_8638,,0.00025,400.0,20.0,175.0,137.6,0,0
123KENYA,DSC_8639,,0.00025,400.0,20.0,86.0,154.1,0,0
123KENYA,DSC_8640,,0.00025,400.0,20.0,137.8,146.6,0,0
123KENYA,DSC_8641,,0.00025,400.0,20.0,98.3,155.3,0,0
123KENYA,DSC_8642,,0.00025,400.0,20.0,106.1,152.8,0,0
123KENYA,DSC_8643,,0.00025,400.0,20.0,90.1,155.8,0,0
123KENYA,DSC_8644,,0.00025,400.0,20.0,119.1,147.0,0,0
123KENYA,DSC_8645,,0.00025,400.0,20.0,141.5,140.7,0,0
123KENYA,DSC_8646,,0.00025,400.0,20.0,86.3,153.5,0,0
123KENYA,DSC_8647,,0.00025,400.0,20.0,89.0,151.3,0,0
123KENYA,DSC_8648,,0.00025,400.0,20.0,180.4,133.1,0,0
123KENYA,DSC_8649,,0.00025,400.0,20.0,80.9,147.7,0,0
123KENYA,DSC_8650,,0.00025,400.0,20.0,126.9,125.4,0,0
123KENYA,DSC_8651,,0.00025,400.0,20.0,29.7,145.0,0,0
123KENYA,DSC_8652,,0.00025,100.0,20.0,93.7,135.9,0,0
123KENYA,DSC_8653,,0.00025,100.0,20.0,24.6,144.7,0,0
123KENYA,DSC_8654,,0.00025,100.0,20.0,40.7,139.9,0,0
123KENYA,DSC_8655,,0.00025,100.0,20.0,44.0,139.4,0,0
123KENYA,DSC_8656,,0.00025,100.0,20.0,31.4,136.9,0,0
123KENYA,DSC_8657,,0.00025,145.0,20.0,492.2,153.7,0,0
123KENYA,DSC_8658,,0.00025,220.0,20.0,366.4,151.5,0,0
123KENYA,DSC_8659,,0.00025,220.0,20.0,370.2,144.6,0,0
123KENYA,DSC_8660,,0.00025,220.0,20.0,377.8,151.5,0,0
123KENYA,DSC_8661,,0.00025,220.0,20.0,361.1,150.7,0,0
123KENYA,DSC_8662,,0.00025,100.0,20.0,83.3,138.4,0,0
123KENYA,DSC_8663,,0.00025,100.0,20.0,113.0,135.7,0,0
123KENYA,DSC_8664,,0.00025,122.0,20.0,156.9,136.8,0,0
123KENYA,DSC_8665,,0.00025,55.0,20.0,198.2,152.9,0,0
123KENYA,DSC_8666,,0.00025,55.0,20.0,182.6,152.3,0,0
123KENYA,DSC_8667,,0.00025,55.0,20.0,184.7,152.6,0,0
123KENYA,DSC_8668,,0.00025,70.0,20.0,246.8,141.0,0,0
123KENYA,DSC_8669,,0.00025,70.0,20.0,181.1,157.5,0,0
123KENYA,DSC_8670,,0.00025,70.0,20.0,215.5,148.4,0,0
123KENYA,DSC_8671,,0.00025,92.0,20.0,264.7,140.6,0,0
123KENYA,DSC_8672,,0.00025,92.0,20.0,269.7,138.8,0,0
123KENYA,DSC_8673,,0.00025,92.0,20.0,248.6,140.5,0,0
123KENYA,DSC_8674,,0.00025,92.0,20.0,243.6,138.3,0,0
123KENYA,DSC_8675,,0.00025,92.0,20.0,236.5,139.1,0,0
123KENYA,DSC_8676,,0.00025,92.0,20.0,227.6,139.4,0,0
123KENYA,DSC_8677,,0.00025,40.0,20.0,250.6,145.2,0,0
123KENYA,DSC_8678,,0.00025,40.0,20.0,261.5,147.2,0,0
123KENYA,DSC_8679,,0.00025,400.0,20.0,44.7,147.5,0,0
123KENYA,DSC_8680,,0.00025,400.0,20.0,72.4,143.4,0,0
123KENYA,DSC_8681,,0.00025,400.0,20.0,81.4,141.7,0,0
123KENYA,DSC_8682,3200,0.00025,400.0,20.0,11.3,136.3,0,0
123KENYA,DSC_8683,3200,0.00025,400.0,20.0,11.6,135.6,0,0
123KENYA,DSC_8684,3200,0.00025,400.0,20.0,11.7,136.0,0,0
123KENYA,DSC_8685,3200,0.00025,400.0,20.0,12.1,137.0,0,0
123KENYA,DSC_8686,3200,0.00025,400.0,20.0,11.9,137.2,0,0
123KENYA,DSC_8687,3200,0.00025,400.0,20.0,11.6,135.8,0,0
123KENYA,DSC_8688,3200,0.00025,400.0,20.0,12.6,135.7,0,0
123KENYA,DSC_8689,3200,0.00025,400.0,20.0,13.0,135.6,0,0
123KENYA,DSC_8690,3200,0.00025,400.0,20.0,12.4,135.6,0,0
123KENYA,DSC_8691,3200,0.00025,400.0,20.0,12.9,134.3,0,0
123KENYA,DSC_8692,3200,0.00025,400.0,20.0,13.2,133.0,0,0
123KENYA,DSC_8693,3200,0.00025,400.0,20.0,14.2,130.7,0,0
123KENYA,DSC_8694,,0.00025,62.0,20.0,72.2,140.4,0,0
123KENYA,DSC_8695,,0.00025,400.0,20.0,37.6,148.1,0,0
123KENYA,DSC_8696,,0.00025,400.0,20.0,33.4,140.2,0,0
123KENYA,DSC_8697,,0.00025,400.0,20.0,38.4,146.2,0,0
123KENYA,DSC_8698,,0.00025,400.0,20.0,41.6,146.4,0,0
123KENYA,DSC_8699,,0.00025,400.0,20.0,68.6,145.1,0,0
123KENYA,DSC_8700,,0.00025,400.0,20.0,55.0,145.2,0,0
123KENYA,DSC_8701,,0.00025,400.0,20.0,46.5,138.5,0,0
123KENYA,DSC_8702,,0.00025,400.0,20.0,52.4,138.7,0,0
123KENYA,DSC_8703,,0.00025,400.0,20.0,58.5,144.8,0,0
123KENYA,DSC_8704,,0.00025,400.0,20.0,62.8,136.9,0,0
123KENYA,DSC_8705,,0.00025,400.0,20.0,53.9,144.7,0,0
123KENYA,DSC_8706,,0.00025,400.0,20.0,65.8,137.2,0,0
123KENYA,DSC_8707,,0.00025,400.0,20.0,51.6,138.1,0,0
123KENYA,DSC_8708,,0.00025,400.0,20.0,56.4,137.6,0,0
123KENYA,DSC_8709,,0.00025,400.0,20.0,46.2,144.7,0,0
123KENYA,DSC_8710,,0.00025,400.0,20.0,50.0,145.6,0,0
123KENYA,DSC_8711,,0.00025,400.0,20.0,59.3,144.6,0,0
123KENYA,DSC_8712,,0.00025,400.0,20.0,77.0,143.8,0,0
123KENYA,DSC_8713,,0.00025,400.0,20.0,73.4,144.2,0,0
123KENYA,DSC_8714,,0.00025,400.0,20.0,57.9,145.1,0,0
123KENYA,DSC_8715,,0.00025,400.0,20.0,58.7,145.6,0,0
123KENYA,DSC_8716,,0.00025,400.0,20.0,59.8,145.3,0,0
123KENYA,DSC_8717,,0.00025,400.0,20.0,58.4,144.4,0,0
123KENYA,DSC_8718,,0.00025,400.0,20.0,72.2,143.4,0,0
123KENYA,DSC_8719,,0.00025,400.0,20.0,53.1,145.3,0,0
123KENYA,DSC_8720,,0.00025,400.0,20.0,52.8,146.3,0,0
123KENYA,DSC_8721,,0.00025,400.0,20.0,48.7,138.1,0,0
123KENYA,DSC_8722,,0.00025,400.0,20.0,49.2,138.3,0,0
123KENYA,DSC_8723,,0.00025,400.0,20.0,56.5,130.4,0,0
123KENYA,DSC_8724,,0.00025,400.0,20.0,52.5,138.0,0,0
123KENYA,DSC_8725,,0.00025,400.0,20.0,50.0,138.2,0,0
123KENYA,DSC_8726,,0.00025,400.0,20.0,49.3,145.7,0,0
123KENYA,DSC_8727,,0.00025,400.0,20.0,55.1,145.7,0,0
123KENYA,DSC_8728,,0.00025,400.0,20.0,49.6,146.0,0,0
123KENYA,DSC_8729,,0.00025,400.0,20.0,58.1,138.2,0,0
123KENYA,DSC_8730,,0.00025,400.0,20.0,53.1,137.6,0,0
123KENYA,DSC_8731,,0.00025,400.0,20.0,56.0,145.0,0,0
123KENYA,DSC_8732,,0.00025,400.0,20.0,48.2,138.1,0,0
123KENYA,DSC_8733,,0.00025,400.0,20.0,52.8,139.2,0,0
123KENYA,DSC_8734,,0.00025,400.0,20.0,49.9,138.7,0,0
123KENYA,DSC_8735,,0.00025,400.0,20.0,55.1,137.5,0,0
123KENYA,DSC_8736,,0.00025,400.0,20.0,53.2,145.9,0,0
123KENYA,DSC_8737,,0.00025,400.0,20.0,50.6,138.8,0,0
123KENYA,DSC_8738,,0.00025,400.0,20.0,55.8,144.8,0,0
123KENYA,DSC_8739,,0.00025,400.0,20.0,48.4,138.9,0,0
123KENYA,DSC_8740,,0.00025,270.0,20.0,43.9,137.7,0,0
123KENYA,DSC_8741,,0.00025,400.0,20.0,27.3,147.4,0,0
123KENYA,DSC_8742,,0.00025,400.0,20.0,16.8,136.4,0,0
123KENYA,DSC_8743,,0.00025,400.0,20.0,26.6,129.1,0,0
123KENYA,DSC_8744,,0.00025,116.0,20.0,61.3,135.1,0,0
123KENYA,DSC_8745,,0.00025,80.0,20.0,109.3,135.5,0,0
123KENYA,DSC_8746,,0.00025,62.0,20.0,103.2,140.8,0,0
123KENYA,DSC_8747,,0.00025,400.0,20.0,152.0,139.9,0,0
123KENYA,DSC_8748,,0.00025,400.0,20.0,122.2,141.0,0,0
123KENYA,DSC_8749,,0.00025,400.0,20.0,109.6,137.6,0,0
123KENYA,DSC_8750,,0.00025,400.0,20.0,124.4,138.1,0,0
123KENYA,DSC_8751,,0.00025,400.0,20.0,118.7,138.2,1,0
123KENYA,DSC_8752,,0.00025,330.0,20.0,93.9,150.5,0,0
123KENYA,DSC_8753,,0.00025,330.0,20.0,138.7,145.6,0,0
123KENYA,DSC_8754,,0.00025,330.0,20.0,108.3,146.1,0,0
123KENYA,DSC_8755,,0.00025,330.0,20.0,98.4,147.1,0,0
123KENYA,DSC_8756,,0.00025,330.0,20.0,128.3,147.1,0,0
123KENYA,DSC_8757,,0.00025,330.0,20.0,70.5,159.5,0,0
123KENYA,DSC_8758,,0.00025,300.0,20.0,84.6,147.3,0,0
123KENYA,DSC_8759,,0.00025,300.0,20.0,73.9,156.6,0,0
123KENYA,DSC_8760,,0.00025,300.0,20.0,102.3,151.0,0,0
123KENYA,DSC_8761,,0.00025,300.0,20.0,151.9,140.5,0,0
123KENYA,DSC_8762,,0.00025,300.0,20.0,127.4,142.2,0,0
123KENYA,DSC_8763,,0.00025,300.0,20.0,154.8,147.0,0,0
123KENYA,DSC_8764,,0.00025,300.0,20.0,125.5,136.8,0,0
123KENYA,DSC_8765,,0.00025,300.0,20.0,132.9,135.6,0,0
123KENYA,DSC_8766,,0.00025,300.0,20.0,162.6,133.3,0,0
123KENYA,DSC_8767,,0.00025,300.0,20.0,148.8,134.2,0,0
123KENYA,DSC_8768,,0.00025,300.0,20.0,116.5,143.0,0,0
123KENYA,DSC_8769,,0.00025,300.0,20.0,199.9,123.1,0,0
123KENYA,DSC_8770,,0.00025,300.0,20.0,122.0,128.9,0,0
123KENYA,DSC_8771,,0.00025,300.0,20.0,112.3,129.3,0,0
123KENYA,DSC_8772,,0.00025,300.0,20.0,132.7,142.9,0,0
123KENYA,DSC_8773,,0.00025,250.0,20.0,126.8,140.7,0,0
123KENYA,DSC_8774,,0.00025,250.0,20.0,124.9,147.4,0,0
123KENYA,DSC_8775,,0.00025,300.0,20.0,178.7,144.5,0,0
123KENYA,DSC_8776,,0.00025,300.0,20.0,150.1,143.0,0,0
123KENYA,DSC_8777,,0.00025,55.0,20.0,139.5,161.6,0,0
123KENYA,DSC_8778,,0.00025,55.0,20.0,122.4,161.9,0,0
123KENYA,DSC_8779,,0.00025,55.0,20.0,130.2,159.3,0,0
123KENYA,DSC_8780,,0.00025,55.0,20.0,135.9,159.6,0,0
123KENYA,DSC_8781,,0.00025,55.0,20.0,129.0,159.5,0,0
123KENYA,DSC_8782,,0.00025,55.0,20.0,125.8,160.9,0,0
123KENYA,DSC_8783,,0.00025,55.0,20.0,121.7,159.5,0,0
123KENYA,DSC_8784,,0.00025,55.0,20.0,129.5,160.1,0,0
123KENYA,DSC_8785,,0.00025,55.0,20.0,138.1,160.3,0,0
123KENYA,DSC_8786,,0.00025,55.0,20.0,141.8,160.1,0,0
123KENYA,DSC_8787,,0.00025,55.0,20.0,133.0,162.0,0,0
123KENYA,DSC_8788,,0.00025,55.0,20.0,106.1,156.5,1,0
123KENYA,DSC_8789,,0.00025,55.0,20.0,94.6,157.6,0,0
123KENYA,DSC_8790,,0.00025,55.0,20.0,64.9,159.0,0,0
123KENYA,DSC_8791,,0.00025,55.0,20.0,59.0,158.8,0,0
123KENYA,DSC_8792,,0.00025,55.0,20.0,56.0,148.7,0,0
123KENYA,DSC_8793,,0.00025,55.0,20.0,40.4,150.7,0,0
123KENYA,DSC_8794,,0.00025,55.0,20.0,42.3,152.1,0,0
123KENYA,DSC_8795,,0.00025,55.0,20.0,26.0,154.6,0,0
123KENYA,DSC_8796,,0.00025,55.0,20.0,26.8,152.4,0,0
123KENYA,DSC_8797,,0.00025,55.0,20.0,22.1,150.0,0,0
123KENYA,DSC_8798,,0.00025,55.0,20.0,22.9,164.6,0,0
123KENYA,DSC_8799,,0.00025,55.0,20.0,21.0,155.6,0,0
123KENYA,DSC_8800,,0.00025,55.0,20.0,23.6,153.9,0,0
123KENYA,DSC_8801,,0.00025,55.0,20.0,19.4,157.2,0,0
123KENYA,DSC_8802,,0.00025,55.0,20.0,21.9,160.1,0,0
123KENYA,DSC_8803,,0.00025,55.0,20.0,25.7,160.8,0,0
123KENYA,DSC_8804,,0.00025,55.0,20.0,25.3,161.4,0,0
123KENYA,DSC_8805,,0.00025,55.0,20.0,27.9,155.9,0,0
123KENYA,DSC_8806,,0.00025,55.0,20.0,33.7,153.7,0,0
123KENYA,DSC_8807,,0.00025,55.0,20.0,32.8,155.0,0,0
123KENYA,DSC_8808,,0.00025,55.0,20.0,35.5,161.5,0,0
123KENYA,DSC_8809,,0.00025,55.0,20.0,33.2,168.4,0,0
123KENYA,DSC_8810,,0.00025,55.0,20.0,41.2,164.9,0,0
123KENYA,DSC_8811,,0.00025,55.0,20.0,36.3,159.6,0,0
123KENYA,DSC_8812,,0.00025,55.0,20.0,40.9,158.4,0,0
123KENYA,DSC_8813,,0.00025,55.0,20.0,44.6,159.6,0,0
123KENYA,DSC_8814,,0.00025,55.0,20.0,69.6,153.5,0,0
123KENYA,DSC_8815,,0.00025,65.0,20.0,88.0,138.9,0,0
123KENYA,DSC_8816,,0.00025,145.0,20.0,50.9,136.6,0,0
123KENYA,DSC_8817,,0.00025,200.0,20.0,44.2,139.7,0,0
123KENYA,DSC_8818,,0.00025,100.0,20.0,147.1,142.4,0,0
123KENYA,DSC_8819,,0.00025,185.0,20.0,66.0,132.4,0,0
123KENYA,DSC_8820,,0.00025,185.0,20.0,204.8,126.2,0,0
123KENYA,DSC_8821,,0.00025,400.0,20.0,172.0,134.2,0,0
123KENYA,DSC_8822,,0.00025,400.0,20.0,196.7,138.4,0,0
123KENYA,DSC_8823,,0.00025,400.0,20.0,195.4,133.5,0,0
123KENYA,DSC_8824,,0.00025,400.0,20.0,179.8,141.9,0,0
123KENYA,DSC_8825,,0.00025,400.0,20.0,54.6,126.7,0,0
123KENYA,DSC_8826,,0.00025,400.0,20.0,189.8,136.1,0,0
123KENYA,DSC_8827,,0.00025,400.0,20.0,217.8,126.2,0,0
123KENYA,DSC_8828,,0.00025,400.0,20.0,309.4,124.9,0,0
123KENYA,DSC_8829,,0.00025,400.0,20.0,129.9,130.0,0,0
123KENYA,DSC_8830,,0.00025,400.0,20.0,187.6,126.9,0,0
123KENYA,DSC_8831,,0.00025,400.0,20.0,317.0,141.9,0,0
123KENYA,DSC_8832,,0.00025,400.0,20.0,290.0,123.9,0,0
123KENYA,DSC_8833,,0.00025,86.0,20.0,154.6,151.0,0,0
123KENYA,DSC_8834,,0.00025,86.0,20.0,177.6,151.2,0,0
123KENYA,DSC_8835,,0.00025,75.0,20.0,178.9,153.3,0,0
123KENYA,DSC_8836,,0.00025,75.0,20.0,172.7,154.9,0,0
123KENYA,DSC_8837,,0.00025,75.0,20.0,175.0,148.7,0,0
123KENYA,DSC_8838,,0.00025,100.0,20.0,226.8,142.0,0,0
123KENYA,DSC_8839,,0.00025,122.0,20.0,157.6,130.7,0,0
123KENYA,DSC_8840,,0.00025,18.0,20.0,0.1,255.0,0,0
123KENYA,DSC_8841,,0.00025,44.0,20.0,143.0,145.2,0,0
123KENYA,DSC_8842,,0.00025,80.0,20.0,144.6,141.1,0,0
123KENYA,DSC_8843,,0.00025,116.0,20.0,159.2,150.3,0,0
123KENYA,DSC_8844,,0.00025,170.0,20.0,148.9,124.5,0,0
123KENYA,DSC_8845,,0.00025,116.0,20.0,118.8,141.8,0,0
123KENYA,DSC_8846,,0.00025,400.0,20.0,156.8,151.4,1,0
123KENYA,DSC_8847,,0.00025,400.0,20.0,129.2,144.0,0,0
123KENYA,DSC_8848,,0.00025,18.0,20.0,90.1,174.0,0,0
123KENYA,DSC_8849,,0.00025,18.0,20.0,84.7,169.6,0,0
123KENYA,DSC_8850,,0.00025,80.0,20.0,117.0,147.1,0,0
123KENYA,DSC_8851,,0.00025,116.0,20.0,121.0,151.6,0,0
123KENYA,DSC_8852,,0.00025,400.0,20.0,1085.3,133.5,0,0
123KENYA,DSC_8853,,0.00025,400.0,20.0,827.9,114.5,0,0
123KENYA,DSC_8854,,0.00025,220.0,20.0,542.5,115.2,0,0
123KENYA,DSC_8855,,0.00025,220.0,20.0,442.8,111.1,0,0
123KENYA,DSC_8856,,0.00025,220.0,20.0,482.6,117.8,0,0
123KENYA,DSC_8857,,0.00025,220.0,20.0,508.7,124.4,0,0
123KENYA,DSC_8858,,0.00025,330.0,20.0,668.3,117.0,0,0
123KENYA,DSC_8859,,0.00025,330.0,20.0,620.6,114.2,0,0
123KENYA,DSC_8860,,0.00025,330.0,20.0,504.4,122.8,0,0
123KENYA,DSC_8861,,0.00025,200.0,20.0,588.7,120.3,0,0
123KENYA,DSC_8862,,0.00025,86.0,20.0,404.1,132.3,0,0
123KENYA,DSC_8863,,0.00025,70.0,20.0,263.0,134.6,0,0
123KENYA,DSC_8864,,0.00025,70.0,20.0,269.3,134.2,0,0
123KENYA,DSC_8865,,0.00025,70.0,20.0,272.2,134.2,0,0
123KENYA,DSC_8866,,0.00025,70.0,20.0,251.1,127.0,0,0
123KENYA,DSC_8867,,0.00025,70.0,20.0,239.4,127.0,0,0
123KENYA,DSC_8868,,0.00025,70.0,20.0,241.0,127.0,0,0
123KENYA,DSC_8869,,0.00025,70.0,20.0,228.7,125.6,0,0
123KENYA,DSC_8870,,0.00025,70.0,20.0,315.9,132.5,0,0
123KENYA,DSC_8871,,0.00025,70.0,20.0,298.0,131.2,0,0
123KENYA,DSC_8872,,0.00025,70.0,20.0,277.4,131.4,0,0
123KENYA,DSC_8873,,0.00025,86.0,20.0,374.5,142.3,0,0
123KENYA,DSC_8874,,0.00025,86.0,20.0,437.7,135.9,0,0
123KENYA,DSC_8875,,0.00025,86.0,20.0,408.6,137.1,0,0
123KENYA,DSC_8876,,0.00025,170.0,20.0,751.3,126.4,0,0
123KENYA,DSC_8877,,0.00025,170.0,20.0,752.8,127.8,0,0
123KENYA,DSC_8878,,0.00025,50.0,20.0,215.2,139.0,0,0
123KENYA,DSC_8879,,0.00025,40.0,20.0,757.7,131.6,0,0
123KENYA,DSC_8880,,0.00025,40.0,20.0,967.5,138.0,0,0
123KENYA,DSC_8881,,0.00025,40.0,20.0,902.2,129.3,0,0
123KENYA,DSC_8882,,0.00025,40.0,20.0,740.2,129.4,0,0
123KENYA,DSC_8883,,0.00025,40.0,20.0,758.6,140.1,0,0
123KENYA,DSC_8884,,0.00025,40.0,20.0,713.5,131.4,0,0
123KENYA,DSC_8885,,0.00025,40.0,20.0,744.5,135.4,0,0
123KENYA,DSC_8886,,0.00025,40.0,20.0,791.9,137.8,0,0
123KENYA,DSC_8887,,0.00025,40.0,20.0,885.7,132.7,0,0
123KENYA,DSC_8888,,0.00025,300.0,20.0,110.2,142.4,0,0
123KENYA,DSC_8889,,0.00025,80.0,20.0,84.8,144.9,0,0
123KENYA,DSC_8890,,0.00025,220.0,20.0,142.4,131.1,0,0
123KENYA,DSC_8891,,0.00025,240.0,20.0,167.2,132.5,0,0
123KENYA,DSC_8892,,0.00025,240.0,20.0,119.4,133.0,0,0
123KENYA,DSC_8893,,0.00025,240.0,20.0,134.6,132.5,0,0
123KENYA,DSC_8894,,0.00025,240.0,20.0,163.0,130.9,0,0
123KENYA,DSC_8895,,0.00025,240.0,20.0,164.8,130.1,0,0
123KENYA,DSC_8896,,0.00025,155.0,20.0,99.7,131.1,0,0
123KENYA,DSC_8897,,0.00025,155.0,20.0,109.2,126.3,0,0
123KENYA,DSC_8898,,0.00025,155.0,20.0,160.2,129.9,0,0
123KENYA,DSC_8899,,0.00025,400.0,20.0,105.3,157.6,0,0
123KENYA,DSC_8900,,0.00025,185.0,20.0,372.4,122.7,0,0
123KENYA,DSC_8901,,0.00025,400.0,20.0,276.9,126.6,0,0
123KENYA,DSC_8902,,0.00025,400.0,20.0,275.2,134.2,0,0
123KENYA,DSC_8903,,0.00025,400.0,20.0,103.7,138.3,0,0
123KENYA,DSC_8904,,0.00025,400.0,20.0,148.4,107.9,0,0
123KENYA,DSC_8905,,0.00025,400.0,20.0,165.1,131.5,0,0
123KENYA,DSC_8906,,0.00025,400.0,20.0,121.7,146.2,0,0
123KENYA,DSC_8907,,0.00025,400.0,20.0,70.9,141.9,0,0
123KENYA,DSC_8908,,0.00025,400.0,20.0,128.0,139.0,0,0
123KENYA,DSC_8909,,0.00025,400.0,20.0,131.7,138.3,0,0
123KENYA,DSC_8910,,0.00025,400.0,20.0,101.1,131.4,0,0
123KENYA,DSC_8911,,0.00025,400.0,20.0,104.1,126.0,0,0
123KENYA,DSC_8912,,0.00025,400.0,20.0,143.7,143.1,0,0
123KENYA,DSC_8913,,0.00025,400.0,20.0,107.7,129.3,0,0
123KENYA,DSC_8914,,0.00025,400.0,20.0,143.9,124.2,0,0
123KENYA,DSC_8915,,0.00025,400.0,20.0,152.8,107.5,0,0
123KENYA,DSC_8916,,0.00025,400.0,20.0,138.5,144.5,0,0
123KENYA,DSC_8917,,0.00025,300.0,20.0,283.0,115.1,0,0
123KENYA,DSC_8918,,0.00025,400.0,20.0,212.3,135.0,0,0
123KENYA,DSC_8919,,0.00025,400.0,20.0,128.5,143.5,0,0
123KENYA,DSC_8920,,0.00025,400.0,20.0,123.0,150.4,0,0
123KENYA,DSC_8921,,0.00025,400.0,20.0,151.7,134.9,0,0
123KENYA,DSC_8922,,0.00025,400.0,20.0,93.9,139.8,0,0
123KENYA,DSC_8923,,0.00025,400.0,20.0,77.6,154.0,0,0
123KENYA,DSC_8924,,0.00025,300.0,20.0,123.9,133.0,0,0
123KENYA,DSC_8925,,0.00025,400.0,20.0,94.7,157.0,0,0
123KENYA,DSC_8926,,0.00025,400.0,20.0,93.5,143.0,0,0
123KENYA,DSC_8927,,0.00025,400.0,20.0,243.1,133.1,0,0
123KENYA,DSC_8928,,0.00025,400.0,20.0,127.8,143.5,0,0
123KENYA,DSC_8929,,0.00025,400.0,20.0,171.7,146.7,0,0
123KENYA,DSC_8930,,0.00025,400.0,20.0,437.9,119.1,0,0
123KENYA,DSC_8931,,0.00025,400.0,20.0,433.4,120.0,0,0
123KENYA,DSC_8932,,0.00025,400.0,20.0,427.7,119.5,0,0
123KENYA,DSC_8933,,0.00025,240.0,20.0,590.5,124.5,0,0
123KENYA,DSC_8934,,0.00025,200.0,20.0,558.3,132.4,0,0
123KENYA,DSC_8935,,0.00025,400.0,20.0,633.4,110.7,0,0
123KENYA,DSC_8936,,0.00025,400.0,20.0,441.0,129.4,0,0
123KENYA,DSC_8937,,0.00025,400.0,20.0,655.9,123.0,0,0
123KENYA,DSC_8938,,0.00025,400.0,20.0,139.6,105.9,0,0
123KENYA,DSC_8939,,0.00025,400.0,20.0,411.2,126.7,0,0
123KENYA,DSC_8940,,0.00025,400.0,20.0,547.5,125.4,0,0
123KENYA,DSC_8941,,0.00025,400.0,20.0,631.4,124.2,0,0
123KENYA,DSC_8942,,0.00025,400.0,20.0,467.3,119.0,0,0
123KENYA,DSC_8943,,0.00025,100.0,20.0,238.8,134.0,0,0
123KENYA,DSC_8944,,0.00025,185.0,20.0,387.5,129.3,0,0
123KENYA,DSC_8945,,0.00025,185.0,20.0,416.2,119.1,0,0
123KENYA,DSC_8946,,0.00025,270.0,20.0,282.9,116.4,0,0
123KENYA,DSC_8947,,0.00025,270.0,20.0,302.5,115.1,0,0
123KENYA,DSC_8948,,0.00025,270.0,20.0,406.7,123.2,0,0
123KENYA,DSC_8949,,0.00025,250.0,20.0,310.9,120.0,0,0
123KENYA,DSC_8950,,0.00025,250.0,20.0,350.6,123.4,0,0
123KENYA,DSC_8951,,0.00025,250.0,20.0,302.6,123.8,0,0
123KENYA,DSC_8952,,0.00025,400.0,20.0,202.3,129.2,0,0
123KENYA,DSC_8953,,0.00025,400.0,20.0,215.3,129.1,0,0
123KENYA,DSC_8954,,0.00025,400.0,20.0,355.2,124.7,0,0
123KENYA,DSC_8955,,0.00025,400.0,20.0,413.0,117.1,0,0
123KENYA,DSC_8956,,0.00025,400.0,20.0,338.7,127.3,0,0
123KENYA,DSC_8957,,0.00025,400.0,20.0,272.0,127.9,0,0
123KENYA,DSC_8958,,0.00025,400.0,20.0,412.9,121.7,0,0
123KENYA,DSC_8959,,0.00025,400.0,20.0,408.6,126.5,0,0
123KENYA,DSC_8960,,0.00025,400.0,20.0,334.8,117.4,0,0
123KENYA,DSC_8961,,0.00025,400.0,20.0,389.9,116.5,0,0
123KENYA,DSC_8962,,0.00025,400.0,20.0,303.6,114.6,1,0
123KENYA,DSC_8963,,0.00025,400.0,20.0,290.2,125.8,0,0
123KENYA,DSC_8964,,0.00025,400.0,20.0,418.5,123.9,1,0
123KENYA,DSC_8965,,0.00025,400.0,20.0,338.7,118.9,0,0
123KENYA,DSC_8966,,0.00025,400.0,20.0,255.8,125.1,0,0
123KENYA,DSC_8967,,0.00025,400.0,20.0,322.9,121.0,0,0
123KENYA,DSC_8968,,0.00025,400.0,20.0,308.3,119.6,0,0
123KENYA,DSC_8969,,0.00025,400.0,20.0,189.6,125.1,0,0
123KENYA,DSC_8970,,0.00025,400.0,20.0,235.6,123.6,0,0
123KENYA,DSC_8971,,0.00025,400.0,20.0,352.2,116.3,0,0
123KENYA,DSC_8972,,0.00025,400.0,20.0,337.1,124.9,0,0
123KENYA,DSC_8973,,0.00025,400.0,20.0,338.5,125.0,0,0
123KENYA,DSC_8974,,0.00025,400.0,20.0,295.3,126.6,0,0
123KENYA,DSC_8975,,0.00025,400.0,20.0,337.6,125.7,0,0
123KENYA,DSC_8976,,0.00025,400.0,20.0,299.7,124.1,0,0
123KENYA,DSC_8977,,0.00025,400.0,20.0,384.6,119.8,0,0
123KENYA,DSC_8978,,0.00025,400.0,20.0,319.7,125.7,0,0
123KENYA,DSC_8979,,0.00025,400.0,20.0,222.6,131.8,0,0
123KENYA,DSC_8980,,0.00025,400.0,20.0,431.6,121.8,0,0
123KENYA,DSC_8981,,0.00025,400.0,20.0,275.4,119.1,0,0
123KENYA,DSC_8982,,0.00025,400.0,20.0,434.8,118.1,0,0
123KENYA,DSC_8983,,0.00025,400.0,20.0,234.9,113.9,0,0
123KENYA,DSC_8984,,0.00025,400.0,20.0,426.3,116.9,0,0
123KENYA,DSC_8985,,0.00025,400.0,20.0,477.8,122.9,0,0
123KENYA,DSC_8986,,0.00025,400.0,20.0,415.4,115.3,1,0
123KENYA,DSC_8987,,0.00025,400.0,20.0,270.7,123.2,0,0
123KENYA,DSC_8988,,0.00025,200.0,20.0,478.5,115.5,0,0
123KENYA,DSC_8989,,0.00025,200.0,20.0,385.5,116.5,0,0
123KENYA,DSC_8990,,0.00025,200.0,20.0,453.7,112.7,0,0
123KENYA,DSC_8991,,0.00025,200.0,20.0,454.8,110.0,0,0
123KENYA,DSC_8992,,0.00025,200.0,20.0,369.2,109.1,0,0
123KENYA,DSC_8993,,0.00025,200.0,20.0,899.7,99.0,0,0
123KENYA,DSC_8994,,0.00025,240.0,20.0,297.5,101.7,0,0
123KENYA,DSC_8995,,0.00025,240.0,20.0,346.4,89.9,0,0
123KENYA,DSC_8996,,0.00025,155.0,20.0,552.2,101.7,0,0
123KENYA,DSC_8997,,0.00025,400.0,20.0,389.5,118.2,0,0
123KENYA,DSC_8998,,0.00025,400.0,20.0,220.0,132.8,0,0
123KENYA,DSC_8999,,0.00025,62.0,20.0,788.5,109.7,0,0
123KENYA,DSC_9000,,0.00025,62.0,20.0,538.9,117.4,0,0
123KENYA,DSC_9001,,0.00025,62.0,20.0,587.9,110.0,0,0
123KENYA,DSC_9002,,0.00025,145.0,20.0,287.5,119.3,0,0
123KENYA,DSC_9003,,0.00025,80.0,20.0,366.7,111.8,0,0
123KENYA,DSC_9004,,0.00025,400.0,20.0,242.4,122.6,0,0
123KENYA,DSC_9005,,0.00025,400.0,20.0,287.3,129.2,0,0
123KENYA,DSC_9006,,0.00025,400.0,20.0,210.0,131.8,0,0
123KENYA,DSC_9007,,0.00025,400.0,20.0,178.2,123.5,0,0
123KENYA,DSC_9008,,0.00025,400.0,20.0,215.4,129.5,0,0
123KENYA,DSC_9009,,0.00025,400.0,20.0,320.7,128.4,0,0
123KENYA,DSC_9010,,0.00025,400.0,20.0,238.9,116.1,0,0
123KENYA,DSC_9011,,0.00025,400.0,20.0,412.1,122.8,0,0
123KENYA,DSC_9012,,0.00025,18.0,20.0,873.9,97.3,0,0
123KENYA,DSC_9013,,0.00025,400.0,20.0,537.6,59.3,0,0
123KENYA,DSC_9014,,0.00025,135.0,20.0,1623.1,61.2,0,0
123KENYA,DSC_9015,,0.00025,400.0,20.0,488.3,57.7,0,0
123KENYA,DSC_9016,,0.00025,50.0,20.0,563.6,112.7,0,0
123KENYA,DSC_9017,,0.00025,116.0,20.0,849.8,91.7,0,0
123KENYA,DSC_9018,,0.00025,400.0,20.0,478.5,88.5,0,0
123KENYA,DSC_9019,,0.00025,400.0,20.0,380.2,88.4,0,0
123KENYA,DSC_9020,,0.00025,400.0,20.0,433.9,78.6,0,0
123KENYA,DSC_9021,,0.00025,400.0,20.0,410.8,74.9,0,0
123KENYA,DSC_9022,,0.00025,400.0,20.0,380.3,72.4,0,0
123KENYA,DSC_9023,,0.00025,400.0,20.0,321.7,65.8,0,0
123KENYA,DSC_9024,,0.00025,400.0,20.0,258.4,53.0,0,0
123KENYA,DSC_9025,,0.00025,400.0,20.0,326.8,72.2,0,0
123KENYA,DSC_9026,,0.00025,400.0,20.0,384.4,82.3,0,0
123KENYA,DSC_9027,,0.00025,330.0,20.0,163.9,104.3,0,0
123KENYA,DSC_9028,,0.00025,400.0,20.0,150.6,121.0,0,0
123KENYA,DSC_9029,,0.00025,400.0,20.0,217.4,115.6,0,0
123KENYA,DSC_9030,,0.00025,400.0,20.0,151.5,128.3,0,0
123KENYA,DSC_9031,,0.00025,400.0,20.0,738.0,47.9,0,0
123KENYA,DSC_9032,,0.00025,270.0,20.0,724.6,47.5,0,0
123KENYA,DSC_9033,,0.00025,400.0,20.0,976.9,60.2,0,0
123KENYA,DSC_9034,,0.00025,400.0,20.0,953.7,60.4,0,0
123KENYA,DSC_9035,,0.00025,400.0,20.0,998.0,60.6,0,0
123KENYA,DSC_9036,,0.00025,400.0,20.0,939.5,60.3,0,0
123KENYA,DSC_9037,,0.00025,400.0,20.0,927.1,60.9,0,0
123KENYA,DSC_9038,,0.00025,400.0,20.0,739.4,70.1,0,0
123KENYA,DSC_9039,,0.00025,400.0,20.0,959.7,60.1,0,0
123KENYA,DSC_9040,,0.00025,145.0,20.0,264.7,116.5,0,0
123KENYA,DSC_9041,,0.00025,145.0,20.0,264.4,112.0,0,0
123KENYA,DSC_9042,,0.00025,145.0,20.0,261.9,112.8,0,0
123KENYA,DSC_9043,,0.00025,145.0,20.0,233.0,111.7,0,0
123KENYA,DSC_9044,,0.00025,145.0,20.0,126.8,120.9,0,0
123KENYA,DSC_9045,,0.00025,55.0,20.0,197.4,107.5,0,0
123KENYA,DSC_9046,,0.00025,80.0,20.0,150.9,113.7,0,0
123KENYA,DSC_9047,,0.00025,80.0,20.0,170.4,106.8,0,0
123KENYA,DSC_9048,,0.00025,80.0,20.0,175.1,104.1,0,0
123KENYA,DSC_9049,,0.00025,80.0,20.0,67.3,119.1,0,0
123KENYA,DSC_9050,,0.00025,80.0,20.0,137.9,114.1,0,0
123KENYA,DSC_9051,,0.00025,122.0,20.0,300.8,75.1,0,0
123KENYA,DSC_9052,,0.00025,122.0,20.0,215.9,65.2,1,0
123KENYA,DSC_9053,,0.00025,122.0,20.0,214.0,74.8,0,0
123KENYA,DSC_9054,,0.00025,400.0,20.0,443.9,65.3,0,0
123KENYA,DSC_9055,,0.00025,400.0,20.0,422.7,65.5,0,0
123KENYA,DSC_9056,,0.00025,400.0,20.0,393.8,65.2,0,0
123KENYA,DSC_9057,,0.00025,116.0,20.0,62.1,106.7,0,0
123KENYA,DSC_9058,,0.00025,116.0,20.0,71.9,72.6,0,0
123KENYA,DSC_9059,,0.00025,400.0,20.0,240.2,36.9,0,0
123KENYA,DSC_9060,,0.00025,400.0,20.0,247.7,37.0,0,0
123KENYA,DSC_9061,,0.00025,400.0,20.0,292.8,37.5,0,0
123KENYA,DSC_9062,,0.00025,400.0,20.0,48.4,25.1,0,0
123KENYA,DSC_9063,,0.00025,400.0,20.0,51.0,70.0,0,0
123KENYA,DSC_9064,,0.00025,400.0,20.0,44.0,71.3,0,0
123KENYA,DSC_9065,,0.00025,400.0,20.0,38.5,72.5,0,0
123KENYA,DSC_9066,,0.00025,400.0,20.0,40.7,81.8,0,0
123KENYA,DSC_9067,,0.00025,400.0,20.0,39.2,71.8,0,0
123KENYA,DSC_9068,,0.00025,400.0,20.0,39.2,84.7,0,0
123KENYA,DSC_9069,,0.00025,400.0,20.0,38.0,82.7,0,0
123KENYA,DSC_9070,,0.00025,400.0,20.0,8.3,11.4,0,0
123KENYA,DSC_9071,,0.00025,400.0,20.0,7.6,10.4,0,0
123KENYA,DSC_9072,,0.00025,400.0,20.0,11.0,13.1,0,0
123KENYA,DSC_9073,,0.00025,400.0,20.0,7.1,9.8,0,0
123KENYA,DSC_9074,,0.00025,400.0,20.0,7.3,10.3,0,0
123KENYA,DSC_9075,,0.00025,116.0,20.0,17.6,56.5,0,0
123KENYA,DSC_9076,,0.00025,100.0,20.0,21.3,59.8,0,0
123KENYA,DSC_9077,,0.00025,100.0,20.0,17.0,32.2,0,0
123KENYA,DSC_9078,,0.00025,100.0,20.0,18.6,59.2,0,0
123KENYA,DSC_9079,,0.00025,70.0,20.0,8.8,13.2,0,0
123KENYA,DSC_9080,,0.00025,70.0,20.0,10.4,14.4,0,0
123KENYA,DSC_9081,,0.00025,70.0,20.0,6.3,10.0,0,0
123KENYA,DSC_9082,,0.00025,70.0,20.0,5.7,9.1,0,0
123KENYA,DSC_9083,,0.00025,40.0,20.0,5.5,9.2,0,0
123KENYA,DSC_9084,,0.00025,44.0,20.0,5.4,9.0,0,0
123KENYA,DSC_9085,,0.00025,44.0,20.0,5.1,8.4,0,0
123KENYA,DSC_9086,,0.00025,400.0,20.0,4.1,7.0,0,0
123KENYA,DSC_9087,,0.00025,400.0,20.0,4.3,6.4,0,0
123KENYA,DSC_9088,,0.00025,400.0,20.0,4.1,6.7,0,0
123KENYA,DSC_9089,,0.00025,400.0,20.0,4.0,6.5,0,0
123KENYA,DSC_9090,,0.00025,400.0,20.0,4.1,6.3,0,0
123KENYA,DSC_9091,,0.0008,400.0,20.0,4.3,8.2,0,0
123KENYA,DSC_9092,,0.0008,400.0,20.0,4.4,8.1,0,0
123KENYA,DSC_9093,,0.0008,50.0,11.0,5.2,10.3,0,0
123KENYA,DSC_9094,,0.0008,50.0,11.0,5.2,10.3,0,0
123KENYA,DSC_9095,,0.0008,21.0,11.0,5.0,9.5,0,0
123KENYA,DSC_9096,,0.0008,21.0,11.0,5.0,9.4,0,0
123KENYA,DSC_9097,,0.0008,21.0,11.0,5.1,9.4,0,0
123KENYA,DSC_9098,,0.0008,21.0,11.0,5.1,9.6,0,0
123KENYA,DSC_9381,,0.0004,135.0,22.0,78.5,105.1,0,0
123KENYA,DSC_9382,,0.0004,116.0,22.0,36.2,84.9,0,0
123KENYA,DSC_9383,,0.0004,116.0,22.0,57.0,88.3,0,0
123KENYA,DSC_9384,,0.0004,400.0,22.0,28.2,32.4,0,0
123KENYA,DSC_9385,,0.0004,400.0,22.0,104.1,81.7,0,0
123KENYA,DSC_9386,,0.0004,400.0,22.0,85.6,62.8,0,0
123KENYA,DSC_9387,,0.0004,400.0,22.0,72.6,81.6,0,0
123KENYA,DSC_9388,,0.0004,400.0,22.0,76.4,95.3,0,0
123KENYA,DSC_9389,,0.0004,70.0,22.0,133.7,39.5,0,0
123KENYA,DSC_9390,,0.0004,44.0,22.0,459.2,73.6,0,0
123KENYA,DSC_9391,,0.0004,400.0,22.0,31.5,24.6,0,0
123KENYA,DSC_9392,,0.0004,70.0,22.0,441.0,88.4,0,0
123KENYA,DSC_9393,,0.0004,58.0,22.0,547.9,105.6,0,0
123KENYA,DSC_9394,,0.0004,100.0,22.0,60.1,99.7,0,0
123KENYA,DSC_9395,,0.0004,100.0,22.0,65.4,97.7,0,0
123KENYA,DSC_9396,,0.0004,122.0,22.0,78.7,85.5,0,0
123KENYA,DSC_9397,,0.0004,122.0,22.0,369.0,101.6,0,0
123KENYA,DSC_9398,,0.0004,200.0,22.0,87.1,81.7,0,0
123KENYA,DSC_9399,,0.0004,400.0,22.0,62.5,100.9,0,0
123KENYA,DSC_9400,,0.0004,400.0,22.0,89.2,96.6,0,0
123KENYA,DSC_9401,,0.0004,300.0,22.0,134.4,97.1,0,0
123KENYA,DSC_9402,,0.0004,400.0,22.0,50.2,98.9,0,0
123KENYA,DSC_9403,,0.0004,400.0,22.0,54.6,110.5,0,0
123KENYA,DSC_9404,,0.0004,400.0,22.0,66.8,109.1,0,0
123KENYA,DSC_9405,,0.0004,400.0,22.0,73.8,92.1,0,0
123KENYA,DSC_9406,,0.0004,400.0,22.0,52.9,113.7,0,0
123KENYA,DSC_9407,,0.0004,400.0,22.0,58.4,102.6,0,0
123KENYA,DSC_9408,,0.0004,400.0,22.0,62.2,98.2,0,0
123KENYA,DSC_9409,,0.0004,400.0,22.0,73.2,103.1,0,0
123KENYA,DSC_9410,,0.0004,400.0,22.0,96.0,99.0,0,0
123KENYA,DSC_9411,,0.0004,400.0,22.0,166.9,101.4,0,0
123KENYA,DSC_9412,,0.0004,400.0,22.0,198.9,96.4,0,0
123KENYA,DSC_9413,,0.0004,400.0,22.0,130.9,99.7,0,0
123KENYA,DSC_9414,,0.0004,400.0,22.0,109.9,120.5,0,0
123KENYA,DSC_9415,,0.0004,185.0,22.0,95.0,95.3,0,0
123KENYA,DSC_9416,,0.0004,220.0,22.0,168.4,100.9,0,0
123KENYA,DSC_9417,,0.0004,80.0,22.0,131.2,106.3,0,0
123KENYA,DSC_9418,,0.0004,80.0,22.0,72.1,110.1,0,0
123KENYA,DSC_9419,,0.0004,86.0,22.0,480.2,104.9,0,0
123KENYA,DSC_9420,,0.0004,86.0,22.0,413.5,96.4,0,0
123KENYA,DSC_9421,,0.0004,86.0,22.0,526.6,101.5,0,0
123KENYA,DSC_9422,,0.0004,86.0,22.0,161.0,100.6,0,0
123KENYA,DSC_9423,,0.0004,86.0,22.0,192.6,96.2,0,0
123KENYA,DSC_9424,,0.0004,86.0,22.0,173.1,98.9,0,0
123KENYA,DSC_9425,,0.0004,86.0,22.0,421.6,101.2,0,0
123KENYA,DSC_9426,,0.0004,86.0,22.0,271.0,107.1,0,0
123KENYA,DSC_9427,,0.0004,86.0,22.0,149.9,102.2,0,0
123KENYA,DSC_9428,,0.0004,86.0,22.0,120.9,99.5,0,0
123KENYA,DSC_9429,,0.0004,86.0,22.0,137.9,100.6,0,0
123KENYA,DSC_9430,,0.0004,86.0,22.0,170.6,102.5,0,0
123KENYA,DSC_9431,,0.0004,86.0,22.0,233.8,112.4,0,0
123KENYA,DSC_9432,2800,0.0004,86.0,22.0,19.6,85.0,0,0
123KENYA,DSC_9433,3200,0.0004,86.0,22.0,19.1,90.8,0,0
123KENYA,DSC_9434,,0.0004,86.0,22.0,43.3,86.5,0,0
123KENYA,DSC_9435,,0.0004,86.0,22.0,469.0,116.4,0,0
123KENYA,DSC_9436,,0.0004,86.0,22.0,496.1,111.7,0,0
123KENYA,DSC_9437,,0.0004,86.0,22.0,731.2,71.3,0,0
123KENYA,DSC_9438,,0.0004,86.0,22.0,963.0,104.2,0,0
123KENYA,DSC_9439,,0.0004,86.0,22.0,521.3,102.6,0,0
123KENYA,DSC_9440,,0.0004,86.0,22.0,1305.1,66.7,0,0
123KENYA,DSC_9441,,0.0004,86.0,22.0,1205.1,65.2,0,0
123KENYA,DSC_9442,,0.0004,86.0,22.0,2012.5,82.8,0,0
123KENYA,DSC_9443,,0.0004,86.0,22.0,679.2,115.9,0,0
123KENYA,DSC_9444,,0.0004,86.0,22.0,779.5,53.2,0,0
123KENYA,DSC_9445,,0.0004,86.0,22.0,744.7,54.2,0,0
123KENYA,DSC_9446,,0.0004,86.0,22.0,761.9,56.0,0,0
123KENYA,DSC_9447,,0.0004,86.0,22.0,127.3,103.6,0,0
123KENYA,DSC_9448,,0.0004,86.0,22.0,184.8,100.5,0,0
123KENYA,DSC_9449,,0.0004,86.0,22.0,177.2,89.1,0,0
123KENYA,DSC_9450,,0.0004,86.0,22.0,459.6,101.4,0,0
123KENYA,DSC_9451,,0.0004,86.0,22.0,302.1,89.7,0,0
123KENYA,DSC_9452,,0.0004,86.0,22.0,335.6,93.7,0,0
123KENYA,DSC_9453,,0.0004,86.0,22.0,597.3,109.6,0,0
123KENYA,DSC_9454,,0.0004,86.0,22.0,713.3,108.7,0,0
123KENYA,DSC_9455,,0.0004,86.0,22.0,751.9,108.0,0,0
123KENYA,DSC_9456,,0.0004,86.0,22.0,787.4,113.6,0,0
123KENYA,DSC_9457,,0.0004,86.0,22.0,716.4,124.9,0,0
123KENYA,DSC_9458,,0.0004,86.0,22.0,669.4,131.8,0,0
123KENYA,DSC_9459,,0.0004,86.0,22.0,505.4,146.3,0,0
123KENYA,DSC_9460,,0.0004,86.0,22.0,463.1,148.3,0,0
123KENYA,DSC_9461,,0.0004,86.0,22.0,456.5,148.3,0,0
123KENYA,DSC_9462,,0.0004,86.0,22.0,513.7,98.9,0,0
123KENYA,DSC_9463,,0.0004,86.0,22.0,441.9,98.8,0,0
123KENYA,DSC_9464,,0.0004,86.0,22.0,122.7,107.8,0,0
123KENYA,DSC_9465,,0.0004,86.0,22.0,215.8,115.1,0,0
123KENYA,DSC_9466,,0.0004,86.0,22.0,274.5,99.0,0,0
123KENYA,DSC_9467,3200,0.0004,86.0,22.0,19.6,83.3,0,0
123KENYA,DSC_9468,,0.0004,86.0,22.0,135.6,107.0,0,0
124KENYA,DSC_9469,,0.0004,86.0,22.0,166.9,106.0,0,0
124KENYA,DSC_9470,,0.0004,86.0,22.0,563.2,102.3,0,0
124KENYA,DSC_9471,,0.0004,86.0,22.0,843.6,108.2,0,0
124KENYA,DSC_9472,,0.0004,86.0,22.0,1130.3,59.9,0,0
124KENYA,DSC_9473,,0.0004,86.0,22.0,1302.8,72.9,0,0
124KENYA,DSC_9474,,0.0004,86.0,22.0,1194.3,79.3,0,0
124KENYA,DSC_9475,,0.0004,86.0,22.0,1280.5,72.8,0,0
124KENYA,DSC_9476,,0.0004,86.0,22.0,1232.6,79.7,0,0
124KENYA,DSC_9477,,0.0004,86.0,22.0,960.6,104.0,0,0
124KENYA,DSC_9478,,0.0004,80.0,22.0,1120.2,68.2,0,0
124KENYA,DSC_9479,,0.0004,80.0,22.0,1060.4,74.5,0,0
124KENYA,DSC_9480,,0.0004,80.0,22.0,614.8,93.2,0,0
124KENYA,DSC_9481,,0.0004,80.0,22.0,707.8,77.1,0,0
124KENYA,DSC_9482,,0.0004,80.0,22.0,735.0,76.7,0,0
124KENYA,DSC_9483,,0.0004,80.0,22.0,909.0,69.1,0,0
124KENYA,DSC_9484,,0.0004,80.0,22.0,1112.8,69.4,0,0
124KENYA,DSC_9485,,0.0004,80.0,22.0,1220.8,56.0,0,0
124KENYA,DSC_9486,,0.0004,400.0,22.0,92.7,108.3,0,0
124KENYA,DSC_9487,,0.0004,400.0,22.0,86.6,106.6,0,0
124KENYA,DSC_9488,,0.0004,400.0,22.0,78.5,112.6,0,0
124KENYA,DSC_9489,,0.0004,400.0,22.0,109.1,100.0,0,0
124KENYA,DSC_9490,,0.0004,400.0,22.0,86.7,107.3,0,0
124KENYA,DSC_9491,,0.0004,400.0,22.0,63.9,116.0,0,0
124KENYA,DSC_9492,,0.0004,400.0,22.0,105.9,115.9,0,0
124KENYA,DSC_9493,,0.0004,400.0,22.0,107.1,101.3,0,0
124KENYA,DSC_9494,,0.0004,400.0,22.0,92.7,102.4,0,0
124KENYA,DSC_9495,,0.0004,400.0,22.0,131.0,96.0,0,0
124KENYA,DSC_9496,,0.0004,185.0,22.0,185.6,111.5,0,0
124KENYA,DSC_9497,,0.0004,400.0,22.0,131.1,55.6,0,0
124KENYA,DSC_9498,,0.0004,400.0,22.0,144.9,81.8,0,0
124KENYA,DSC_9499,,0.0004,400.0,22.0,192.2,56.6,0,0
124KENYA,DSC_9500,,0.0004,400.0,22.0,202.2,58.9,0,0
124KENYA,DSC_9501,,0.0004,400.0,22.0,137.4,112.4,0,0
124KENYA,DSC_9502,,0.0004,400.0,22.0,393.2,59.0,0,0
124KENYA,DSC_9503,,0.0004,400.0,22.0,273.9,76.6,0,0
124KENYA,DSC_9504,,0.0004,400.0,22.0,286.4,32.4,0,0
124KENYA,DSC_9505,,0.0004,400.0,22.0,194.4,51.4,0,0
124KENYA,DSC_9506,,0.0004,400.0,22.0,205.5,72.3,0,0
124KENYA,DSC_9507,,0.0004,400.0,22.0,187.6,55.9,0,0
124KENYA,DSC_9508,,0.0004,400.0,22.0,193.8,52.6,0,0
124KENYA,DSC_9509,,0.0004,400.0,22.0,165.2,39.5,0,0
124KENYA,DSC_9510,,0.0004,400.0,22.0,365.8,119.8,0,0
124KENYA,DSC_9511,,0.0004,400.0,22.0,452.7,124.4,0,0
124KENYA,DSC_9512,,0.0004,400.0,22.0,1247.7,35.5,0,0
124KENYA,DSC_9513,,0.0004,400.0,22.0,486.3,32.3,0,0
124KENYA,DSC_9514,,0.0004,400.0,22.0,304.6,34.0,0,0
124KENYA,DSC_9515,,0.0004,400.0,22.0,367.6,33.4,0,0
124KENYA,DSC_9516,,0.0004,400.0,22.0,157.6,29.1,0,0
124KENYA,DSC_9517,,0.0004,400.0,22.0,270.6,34.8,0,0
124KENYA,DSC_9518,,0.0004,400.0,22.0,340.6,35.0,0,0
124KENYA,DSC_9519,,0.0004,400.0,22.0,268.5,36.9,0,0
124KENYA,DSC_9520,,0.0004,400.0,22.0,384.3,38.5,0,0
124KENYA,DSC_9521,,0.0004,400.0,22.0,349.9,35.1,0,0
124KENYA,DSC_9522,,0.0004,400.0,22.0,553.9,35.7,0,0
124KENYA,DSC_9523,,0.0004,400.0,22.0,469.4,36.4,0,0
124KENYA,DSC_9524,,0.0004,400.0,22.0,1060.6,91.7,0,0
124KENYA,DSC_9525,,0.0004,400.0,22.0,1303.3,72.8,0,0
124KENYA,DSC_9526,,0.0004,400.0,22.0,870.0,73.5,0,0
124KENYA,DSC_9527,,0.0004,400.0,22.0,778.2,112.5,0,0
124KENYA,DSC_9528,,0.0004,400.0,22.0,303.5,97.6,0,0
124KENYA,DSC_9529,,0.0004,400.0,22.0,594.4,98.6,0,0
124KENYA,DSC_9530,,0.0004,400.0,22.0,386.9,40.6,0,0
124KENYA,DSC_9531,,0.0004,400.0,22.0,578.9,47.8,0,0
124KENYA,DSC_9532,,0.0004,400.0,22.0,463.3,44.5,0,0
124KENYA,DSC_9533,,0.0004,400.0,22.0,333.2,33.4,0,0
124KENYA,DSC_9534,,0.0004,400.0,22.0,393.6,32.8,0,0
124KENYA,DSC_9535,,0.0004,400.0,22.0,263.2,31.8,0,0
124KENYA,DSC_9536,,0.0004,400.0,22.0,1092.4,60.9,0,0
124KENYA,DSC_9537,,0.0004,18.0,22.0,225.4,134.0,0,0
124KENYA,DSC_9538,2500,0.0004,100.0,22.0,21.4,80.1,0,0
124KENYA,DSC_9539,2500,0.0004,100.0,22.0,35.0,81.3,0,0
124KENYA,DSC_9540,2500,0.0004,100.0,22.0,50.5,77.5,0,0
124KENYA,DSC_9541,,0.0004,100.0,22.0,1510.1,84.1,0,0
124KENYA,DSC_9542,,0.0004,100.0,22.0,1746.5,62.4,0,0
124KENYA,DSC_9543,,0.0004,100.0,22.0,1632.0,87.4,0,0
124KENYA,DSC_9544,,0.0004,400.0,22.0,1107.9,75.6,0,0
124KENYA,DSC_9545,,0.0004,400.0,22.0,1374.3,74.1,0,0
124KENYA,DSC_9546,,0.0004,400.0,22.0,2022.8,102.8,0,0
124KENYA,DSC_9547,,0.0004,400.0,22.0,555.4,145.3,0,0
124KENYA,DSC_9548,,0.0004,400.0,22.0,795.0,119.1,0,0
124KENYA,DSC_9549,,0.0004,400.0,22.0,124.8,142.8,0,0
124KENYA,DSC_9550,,0.0004,400.0,22.0,579.0,42.2,0,0
124KENYA,DSC_9551,,0.0004,400.0,22.0,524.4,44.3,0,0
124KENYA,DSC_9552,,0.0004,400.0,22.0,391.3,44.7,0,0
124KENYA,DSC_9553,,0.0004,400.0,22.0,565.8,59.4,0,0
124KENYA,DSC_9554,,0.0004,400.0,22.0,654.1,65.7,0,0
124KENYA,DSC_9555,,0.0004,400.0,22.0,582.3,65.0,0,0
124KENYA,DSC_9556,,0.0004,400.0,22.0,258.3,71.2,0,0
124KENYA,DSC_9557,,0.0004,400.0,22.0,243.2,87.1,0,0
124KENYA,DSC_9558,,0.0004,400.0,22.0,282.2,85.9,0,0
124KENYA,DSC_9559,,0.0004,185.0,22.0,1354.3,120.4,0,0
124KENYA,DSC_9560,,0.0004,185.0,22.0,1118.2,120.5,0,0
124KENYA,DSC_9561,1800,0.0003125,185.0,11.0,120.9,123.2,0,0
124KENYA,DSC_9562,1600,0.0003125,185.0,11.0,154.1,125.4,0,0
124KENYA,DSC_9563,1600,0.0003125,185.0,11.0,90.9,134.4,0,0
124KENYA,DSC_9564,1600,0.0003125,185.0,11.0,106.5,134.3,0,0
124KENYA,DSC_9565,1600,0.0003125,185.0,11.0,142.3,122.0,0,0
124KENYA,DSC_9566,2000,0.0003125,185.0,11.0,199.1,94.5,0,0
124KENYA,DSC_9567,2000,0.0003125,185.0,11.0,288.6,83.3,0,0
124KENYA,DSC_9568,2000,0.0003125,185.0,11.0,221.2,86.9,0,0
124KENYA,DSC_9569,2000,0.0003125,185.0,11.0,211.4,86.2,0,0
124KENYA,DSC_9570,2000,0.0003125,185.0,11.0,276.2,84.5,0,0
124KENYA,DSC_9571,2000,0.0003125,185.0,11.0,393.4,68.2,0,0
124KENYA,DSC_9572,2000,0.0003125,185.0,11.0,409.3,73.4,0,0
124KENYA,DSC_9573,2000,0.0003125,185.0,11.0,513.2,64.2,0,0
124KENYA,DSC_9574,2000,0.0003125,185.0,11.0,190.0,73.4,0,0
124KENYA,DSC_9575,2000,0.0003125,185.0,11.0,324.9,48.5,0,0
124KENYA,DSC_9576,,0.0003125,185.0,11.0,1558.7,51.1,0,0
124KENYA,DSC_9577,,0.0003125,185.0,11.0,1428.9,48.0,0,0
124KENYA,DSC_9578,,0.0003125,185.0,11.0,1083.0,78.1,0,0
124KENYA,DSC_9579,,0.0003125,185.0,11.0,1044.7,81.7,0,0
124KENYA,DSC_9580,,0.0003125,400.0,11.0,1203.3,87.9,0,0
124KENYA,DSC_9581,,0.0003125,400.0,11.0,929.3,93.1,0,0
124KENYA,DSC_9582,,0.0003125,400.0,11.0,1008.9,89.8,0,0
124KENYA,DSC_9583,,0.0003125,400.0,11.0,824.9,91.2,0,0
124KENYA,DSC_9584,,0.0003125,400.0,11.0,796.3,91.9,0,0
124KENYA,DSC_9585,,0.0003125,400.0,11.0,633.6,96.0,0,0
124KENYA,DSC_9586,,0.0003125,400.0,11.0,943.6,91.2,0,0
124KENYA,DSC_9587,,0.0003125,400.0,11.0,601.1,97.1,0,0
124KENYA,DSC_9588,,0.0003125,400.0,11.0,2020.7,80.4,0,0
124KENYA,DSC_9589,,0.0003125,400.0,11.0,2197.4,77.9,0,0
124KENYA,DSC_9590,,0.0003125,400.0,11.0,1846.3,75.1,0,0
124KENYA,DSC_9591,,0.0003125,400.0,11.0,2169.4,78.1,0,0
124KENYA,DSC_9592,,0.0003125,400.0,11.0,2078.7,77.2,0,0
124KENYA,DSC_9593,,0.0003125,400.0,11.0,1777.8,76.8,0,0
124KENYA,DSC_9594,,0.0003125,400.0,11.0,2083.2,75.0,0,0
124KENYA,DSC_9595,,0.0003125,400.0,11.0,1980.9,77.1,0,0
124KENYA,DSC_9596,,0.00025,400.0,11.0,616.1,76.3,0,0
124KENYA,DSC_9597,,0.00025,400.0,11.0,479.8,61.5,0,0
124KENYA,DSC_9598,,0.00025,400.0,11.0,380.7,68.1,0,0
124KENYA,DSC_9599,,0.00025,400.0,11.0,320.1,49.2,0,0
124KENYA,DSC_9600,,0.00025,400.0,11.0,74.8,40.1,0,0
124KENYA,DSC_9601,,0.00025,400.0,11.0,67.9,47.1,0,0
124KENYA,DSC_9602,,0.00025,400.0,11.0,414.7,78.8,0,0
124KENYA,DSC_9603,,0.00025,400.0,11.0,1132.3,79.3,0,0
124KENYA,DSC_9604,,0.00025,400.0,11.0,873.5,72.7,0,0
124KENYA,DSC_9605,,0.00025,400.0,11.0,427.7,65.0,0,0
124KENYA,DSC_9606,,0.00025,400.0,11.0,1455.1,58.2,0,0
124KENYA,DSC_9607,,0.00025,400.0,11.0,1782.9,57.2,0,0
124KENYA,DSC_9608,,0.00025,400.0,11.0,708.6,62.8,0,0
124KENYA,DSC_9609,,0.00025,400.0,11.0,953.2,70.1,0,0
124KENYA,DSC_9610,,0.00025,400.0,11.0,168.1,79.6,0,0
124KENYA,DSC_9611,2800,0.00025,155.0,11.0,952.2,82.7,0,0
124KENYA,DSC_9612,2800,0.00025,400.0,11.0,356.2,75.6,1,0
124KENYA,DSC_9613,2800,0.00025,400.0,11.0,176.4,61.7,0,0
124KENYA,DSC_9614,2800,0.00025,400.0,11.0,1014.3,56.5,0,0
124KENYA,DSC_9615,2800,0.00025,400.0,11.0,651.2,54.5,0,0
124KENYA,DSC_9616,2800,0.00025,400.0,11.0,756.7,56.1,0,0
124KENYA,DSC_9617,2800,0.00025,400.0,11.0,483.6,51.1,0,0
124KENYA,DSC_9618,2800,0.00025,400.0,11.0,599.6,53.9,0,0
124KENYA,DSC_9619,2800,0.00025,400.0,11.0,801.8,60.5,0,0
124KENYA,DSC_9620,2800,0.00025,400.0,11.0,1034.7,68.6,0,0
124KENYA,DSC_9621,2800,0.00025,400.0,11.0,1023.1,70.1,0,0
124KENYA,DSC_9622,3200,0.00025,400.0,11.0,781.3,53.9,0,0
124KENYA,DSC_9623,,0.00025,400.0,11.0,674.3,61.6,0,0
124KENYA,DSC_9624,,0.00025,400.0,11.0,2338.8,75.8,0,0
124KENYA,DSC_9625,,0.00025,400.0,11.0,2319.4,69.3,0,0
124KENYA,DSC_9626,2800,0.00025,400.0,11.0,1580.1,91.1,0,0
124KENYA,DSC_9627,3200,0.00025,400.0,11.0,1672.7,97.6,0,0
124KENYA,DSC_9628,3200,0.00025,400.0,11.0,1109.2,98.8,0,0
124KENYA,DSC_9629,2800,0.00025,400.0,11.0,967.4,94.1,0,0
124KENYA,DSC_9630,900,0.00025,400.0,11.0,65.2,105.1,0,0
124KENYA,DSC_9631,1800,0.00025,400.0,11.0,87.8,90.8,0,0
124KENYA,DSC_9632,2500,0.00025,400.0,11.0,924.3,88.5,0,0
124KENYA,DSC_9633,3200,0.00025,400.0,11.0,574.9,95.3,0,0
124KENYA,DSC_9634,1400,0.00025,185.0,11.0,174.0,108.3,0,0
124KENYA,DSC_9635,1250,0.00025,170.0,11.0,128.6,115.8,0,0
124KENYA,DSC_9636,1600,0.00025,400.0,11.0,27.9,101.0,0,0
124KENYA,DSC_9637,1600,0.00025,400.0,11.0,47.1,92.1,0,0
124KENYA,DSC_9638,1600,0.00025,400.0,11.0,91.4,92.0,0,0
124KENYA,DSC_9639,1600,0.00025,400.0,11.0,117.3,88.5,0,0
124KENYA,DSC_9640,1600,0.00025,400.0,11.0,120.6,89.1,0,0
124KENYA,DSC_9641,1600,0.00025,400.0,11.0,97.1,94.4,0,0
124KENYA,DSC_9642,1600,0.00025,400.0,11.0,158.6,96.7,0,0
124KENYA,DSC_9643,1600,0.00025,400.0,11.0,147.5,99.1,0,0
124KENYA,DSC_9644,1600,0.00025,400.0,11.0,98.2,94.3,0,0
124KENYA,DSC_9645,1600,0.00025,400.0,11.0,222.4,62.5,0,0
124KENYA,DSC_9646,1600,0.00025,400.0,11.0,165.9,85.3,0,0
124KENYA,DSC_9647,1600,0.00025,400.0,11.0,241.8,62.3,0,0
124KENYA,DSC_9648,1600,0.00025,400.0,11.0,295.6,59.5,0,0
124KENYA,DSC_9649,1600,0.00025,400.0,11.0,254.5,73.6,0,0
124KENYA,DSC_9650,1600,0.00025,400.0,11.0,277.9,67.3,0,0
124KENYA,DSC_9651,1600,0.00025,116.0,11.0,292.6,101.9,0,0
124KENYA,DSC_9652,1600,0.00025,80.0,11.0,402.3,107.7,0,0
124KENYA,DSC_9653,1400,0.00025,70.0,11.0,345.5,98.5,0,0
124KENYA,DSC_9654,2200,0.00025,86.0,11.0,341.1,106.9,0,0
124KENYA,DSC_9655,2800,0.00025,400.0,11.0,183.5,128.2,0,0
124KENYA,DSC_9656,1250,0.00025,400.0,11.0,125.7,87.2,0,0
124KENYA,DSC_9657,1800,0.00025,400.0,11.0,214.6,89.2,0,0
124KENYA,DSC_9658,2800,0.00025,18.0,11.0,220.3,117.5,0,0
124KENYA,DSC_9659,2800,0.00025,18.0,11.0,209.0,115.6,0,0
124KENYA,DSC_9660,2800,0.00025,18.0,11.0,179.9,113.0,0,0
124KENYA,DSC_9661,2800,0.00025,18.0,11.0,205.2,111.7,0,0
124KENYA,DSC_9662,2800,0.00025,18.0,11.0,207.3,110.4,0,0
124KENYA,DSC_9663,2800,0.00025,18.0,11.0,163.4,110.3,0,0
124KENYA,DSC_9664,3200,0.00025,400.0,11.0,206.8,88.7,0,0
124KENYA,DSC_9665,3200,0.00025,400.0,11.0,333.3,79.0,0,0
124KENYA,DSC_9666,2500,0.00025,92.0,11.0,320.6,122.6,0,0
124KENYA,DSC_9667,1400,0.00025,400.0,11.0,64.8,91.1,0,0
124KENYA,DSC_9668,1400,0.00025,400.0,11.0,65.8,88.1,0,0
124KENYA,DSC_9669,1400,0.00025,400.0,11.0,67.4,87.5,0,0
124KENYA,DSC_9670,1400,0.00025,400.0,11.0,62.0,88.7,0,0
124KENYA,DSC_9671,1400,0.00025,400.0,11.0,59.5,89.6,0,0
124KENYA,DSC_9672,1400,0.00025,400.0,11.0,64.4,88.8,0,0
124KENYA,DSC_9673,1400,0.00025,400.0,11.0,59.8,89.5,0,0
124KENYA,DSC_9674,1400,0.00025,400.0,11.0,57.1,90.6,0,0
124KENYA,DSC_9675,1400,0.00025,400.0,11.0,125.7,90.0,0,0
124KENYA,DSC_9676,1400,0.00025,400.0,11.0,26.2,72.0,0,0
124KENYA,DSC_9677,1400,0.00025,400.0,11.0,77.5,115.0,0,0
124KENYA,DSC_9678,1400,0.00025,400.0,11.0,38.7,120.0,0,1
124KENYA,DSC_9679,1400,0.00025,400.0,11.0,60.2,116.5,0,0
124KENYA,DSC_9680,1400,0.00025,400.0,11.0,157.5,107.1,0,0
124KENYA,DSC_9681,1400,0.00025,400.0,11.0,131.5,119.8,0,0
124KENYA,DSC_9682,1400,0.00025,400.0,11.0,46.6,104.3,0,0
124KENYA,DSC_9683,1250,0.00025,400.0,11.0,128.7,122.5,0,0
124KENYA,DSC_9684,1100,0.00025,400.0,11.0,46.1,110.7,0,0
124KENYA,DSC_9685,1100,0.00025,400.0,11.0,112.7,99.7,0,0
124KENYA,DSC_9686,1100,0.00025,400.0,11.0,85.3,90.8,0,0
124KENYA,DSC_9687,1100,0.00025,400.0,11.0,104.3,93.8,0,0
124KENYA,DSC_9688,1100,0.00025,400.0,11.0,133.8,90.1,0,0
124KENYA,DSC_9689,1100,0.00025,400.0,11.0,144.6,85.3,0,0
124KENYA,DSC_9690,1100,0.00025,400.0,11.0,103.1,91.4,0,0
124KENYA,DSC_9691,1250,0.00025,400.0,11.0,59.9,91.1,0,0
124KENYA,DSC_9692,1250,0.00025,400.0,11.0,58.8,91.5,0,0
124KENYA,DSC_9693,1250,0.00025,400.0,11.0,53.3,89.0,0,0
124KENYA,DSC_9694,1250,0.00025,400.0,11.0,66.6,89.3,0,0
124KENYA,DSC_9695,1250,0.00025,400.0,11.0,69.5,90.3,0,0
124KENYA,DSC_9696,1250,0.00025,400.0,11.0,67.6,90.4,0,0
124KENYA,DSC_9697,1250,0.00025,400.0,11.0,72.5,91.0,0,0
124KENYA,DSC_9698,2200,0.00025,400.0,11.0,413.7,107.0,0,0
124KENYA,DSC_9699,2500,0.00025,400.0,11.0,329.5,95.2,0,0
124KENYA,DSC_9700,3200,0.00025,400.0,11.0,980.8,84.7,0,0
124KENYA,DSC_9701,560,0.00025,100.0,11.0,295.1,119.4,0,0
124KENYA,DSC_9702,640,0.00025,100.0,11.0,325.4,117.9,0,0
124KENYA,DSC_9703,640,0.00025,100.0,11.0,334.2,114.3,0,0
124KENYA,DSC_9704,560,0.00025,100.0,11.0,324.0,114.2,0,0
124KENYA,DSC_9705,560,0.00025,100.0,11.0,345.0,112.1,0,0
124KENYA,DSC_9706,2800,0.00025,122.0,11.0,498.7,93.2,0,0
124KENYA,DSC_9707,2500,0.00025,122.0,11.0,818.6,91.6,0,0
124KENYA,DSC_9708,2200,0.00025,122.0,11.0,483.4,109.4,0,0
124KENYA,DSC_9709,1400,0.00025,122.0,11.0,108.3,83.4,0,0
124KENYA,DSC_9710,1250,0.00025,122.0,11.0,135.7,97.6,0,0
124KENYA,DSC_9711,1250,0.00025,122.0,11.0,110.3,102.0,0,0
124KENYA,DSC_9712,1250,0.00025,122.0,11.0,117.9,100.8,0,0
124KENYA,DSC_9713,1250,0.00025,122.0,11.0,121.8,98.5,0,0
124KENYA,DSC_9714,1250,0.00025,122.0,11.0,189.0,99.3,0,0
124KENYA,DSC_9715,1250,0.00025,122.0,11.0,247.3,97.9,0,0
124KENYA,DSC_9716,1250,0.00025,122.0,11.0,366.6,91.2,0,0
124KENYA,DSC_9717,1250,0.00025,122.0,11.0,490.0,80.8,0,0
124KENYA,DSC_9718,1250,0.00025,122.0,11.0,458.2,86.1,0,0
124KENYA,DSC_9719,1250,0.00025,122.0,11.0,429.9,86.3,0,0
124KENYA,DSC_9720,2200,0.00025,122.0,11.0,982.4,81.6,0,0
124KENYA,DSC_9721,560,0.00025,135.0,11.0,163.9,123.1,0,0
124KENYA,DSC_9722,560,0.00025,135.0,11.0,256.3,117.0,0,0
124KENYA,DSC_9723,560,0.00025,135.0,11.0,232.6,114.2,0,0
124KENYA,DSC_9724,560,0.00025,135.0,11.0,262.8,111.2,0,0
124KENYA,DSC_9725,560,0.00025,135.0,11.0,193.2,113.4,0,0
124KENYA,DSC_9726,560,0.00025,135.0,11.0,246.7,115.4,0,0
124KENYA,DSC_9727,560,0.00025,135.0,11.0,259.5,114.4,0,0
124KENYA,DSC_9728,560,0.00025,135.0,11.0,251.5,113.2,0,0
124KENYA,DSC_9729,560,0.00025,135.0,11.0,193.1,111.1,0,0
124KENYA,DSC_9730,560,0.00025,135.0,11.0,269.5,111.6,0,0
124KENYA,DSC_9731,560,0.00025,135.0,11.0,218.8,111.6,0,0
124KENYA,DSC_9732,560,0.00025,135.0,11.0,233.3,114.2,0,0
124KENYA,DSC_9733,560,0.00025,135.0,11.0,253.5,111.1,0,0
124KENYA,DSC_9734,560,0.00025,135.0,11.0,249.9,111.7,0,0
124KENYA,DSC_9735,560,0.00025,135.0,11.0,287.8,121.2,0,0
124KENYA,DSC_9736,560,0.00025,135.0,11.0,302.1,119.0,0,0
124KENYA,DSC_9737,560,0.00025,50.0,11.0,360.4,127.5,0,0
124KENYA,DSC_9738,640,0.00025,44.0,11.0,429.8,120.1,0,0
124KENYA,DSC_9739,640,0.00025,62.0,11.0,543.3,119.4,0,0
124KENYA,DSC_9740,720,0.00025,58.0,11.0,541.7,122.5,0,0
124KENYA,DSC_9741,640,0.00025,58.0,11.0,577.4,120.9,0,0
124KENYA,DSC_9742,640,0.00025,58.0,11.0,573.5,121.7,0,0
124KENYA,DSC_9743,640,0.00025,58.0,11.0,629.6,114.4,0,0
124KENYA,DSC_9744,720,0.00025,58.0,11.0,644.1,117.5,0,0
124KENYA,DSC_9745,2500,0.00025,18.0,11.0,296.2,139.4,0,0
124KENYA,DSC_9746,2500,0.00025,46.0,11.0,421.5,121.6,0,0
124KENYA,DSC_9747,2500,0.00025,46.0,11.0,425.6,115.0,0,0
124KENYA,DSC_9748,1250,0.00025,300.0,6.3,1207.6,101.9,0,0
124KENYA,DSC_9749,800,0.00025,400.0,6.3,39.8,96.7,0,0
124KENYA,DSC_9750,1600,0.00025,400.0,6.3,1682.2,86.2,0,0
124KENYA,DSC_9751,400,0.00025,18.0,3.5,533.4,148.5,0,0
124KENYA,DSC_9752,720,0.00025,400.0,8.0,98.8,110.4,0,0
124KENYA,DSC_9753,720,0.00025,400.0,8.0,76.2,100.1,0,0
124KENYA,DSC_9754,640,0.00025,400.0,6.3,60.7,103.2,0,0
124KENYA,DSC_9755,640,0.00025,400.0,6.3,67.1,101.7,0,0
124KENYA,DSC_9756,640,0.00025,400.0,6.3,30.5,111.4,0,0
124KENYA,DSC_9757,720,0.00025,400.0,6.3,37.7,106.0,0,0
124KENYA,DSC_9758,720,0.00025,400.0,6.3,21.7,114.7,0,0
124KENYA,DSC_9759,1100,0.00025,400.0,6.3,515.3,71.5,0,0
124KENYA,DSC_9760,1100,0.00025,400.0,6.3,400.4,90.9,0,0
124KENYA,DSC_9761,1100,0.00025,400.0,6.3,398.0,93.3,0,0
124KENYA,DSC_9762,900,0.00025,400.0,6.3,407.3,55.4,0,0
124KENYA,DSC_9763,900,0.00025,400.0,6.3,294.4,74.0,0,0
124KENYA,DSC_9764,1000,0.00025,400.0,6.3,76.0,98.1,0,0
124KENYA,DSC_9765,500,0.00025,400.0,6.3,39.4,121.5,0,0
124KENYA,DSC_9766,320,0.00025,80.0,5.0,474.1,107.4,0,0
124KENYA,DSC_9767,320,0.00025,80.0,5.0,291.6,104.1,0,0
124KENYA,DSC_9768,320,0.00025,80.0,5.0,241.3,107.1,0,0
124KENYA,DSC_9769,320,0.00025,80.0,5.0,304.4,107.1,0,0
124KENYA,DSC_9770,360,0.00025,80.0,5.0,138.4,110.3,0,0
124KENYA,DSC_9771,280,0.00025,38.0,4.0,110.0,85.6,0,0
124KENYA,DSC_9772,320,0.00025,38.0,4.0,149.7,89.5,0,0
124KENYA,DSC_9773,320,0.00025,38.0,4.0,149.8,89.2,0,0
124KENYA,DSC_9774,280,0.00025,38.0,4.0,311.4,161.0,0,0
124KENYA,DSC_9775,280,0.00025,38.0,4.0,297.1,156.6,0,0
124KENYA,DSC_9776,280,0.00025,38.0,4.0,303.9,155.8,0,0
124KENYA,DSC_9777,280,0.00025,38.0,4.0,345.6,151.8,0,0
124KENYA,DSC_9778,280,0.00025,38.0,4.0,413.1,147.0,0,0
124KENYA,DSC_9779,280,0.00025,38.0,4.0,390.1,144.0,0,0
124KENYA,DSC_9780,280,0.00025,38.0,4.0,370.3,135.8,0,0
124KENYA,DSC_9781,220,0.00025,29.0,3.5,444.4,127.8,0,0
124KENYA,DSC_9782,200,0.00025,23.0,3.5,434.5,120.1,0,0
124KENYA,DSC_9783,200,0.00025,22.0,3.5,404.8,122.6,0,0
124KENYA,DSC_9784,200,0.00025,20.0,3.5,405.3,121.5,0,0
124KENYA,DSC_9785,400,0.00025,18.0,3.5,430.9,139.6,0,0
124KENYA,DSC_9786,400,0.00025,18.0,3.5,11.0,143.2,0,0
124KENYA,DSC_9787,400,0.00025,18.0,3.5,439.4,140.0,0,0
124KENYA,DSC_9788,400,0.00025,18.0,3.5,705.3,139.1,0,0
124KENYA,DSC_9789,400,0.00025,18.0,3.5,381.5,140.3,0,0
124KENYA,DSC_9790,400,0.00025,18.0,3.5,411.7,139.9,0,0
124KENYA,DSC_9791,360,0.00025,18.0,3.5,396.7,136.4,0,0
124KENYA,DSC_9792,360,0.00025,18.0,3.5,337.4,136.6,0,0
124KENYA,DSC_9793,360,0.00025,70.0,4.5,330.5,90.4,0,0
124KENYA,DSC_9794,360,0.00025,70.0,4.5,325.2,88.5,0,0
124KENYA,DSC_9795,320,0.00025,50.0,4.5,735.4,97.2,0,0
124KENYA,DSC_9796,320,0.00025,50.0,4.5,735.8,98.0,0,0
124KENYA,DSC_9797,320,0.00025,50.0,4.5,727.9,97.7,0,0
124KENYA,DSC_9798,320,0.00025,50.0,4.5,625.1,97.4,0,0
124KENYA,DSC_9799,320,0.00025,50.0,4.5,581.4,96.5,0,0
124KENYA,DSC_9800,320,0.00025,50.0,4.5,608.3,99.2,0,0
124KENYA,DSC_9801,360,0.00025,50.0,4.5,1230.4,116.7,0,0
124KENYA,DSC_9802,360,0.00025,50.0,4.5,1189.8,109.8,0,0
124KENYA,DSC_9803,360,0.00025,50.0,4.5,1002.7,103.5,0,0
124KENYA,DSC_9804,320,0.00025,50.0,4.5,541.2,116.9,0,0
124KENYA,DSC_9805,320,0.00025,50.0,4.5,468.4,124.5,0,0
124KENYA,DSC_9806,320,0.00025,50.0,4.5,439.7,123.4,0,0
124KENYA,DSC_9807,320,0.00025,50.0,4.5,358.9,129.4,0,0
124KENYA,DSC_9808,320,0.00025,50.0,4.5,350.8,127.3,0,0
124KENYA,DSC_9809,450,0.00025,50.0,4.5,544.5,138.4,0,0
124KENYA,DSC_9810,320,0.00025,40.0,4.0,1564.6,134.4,0,0
124KENYA,DSC_9811,320,0.00025,40.0,4.0,1259.9,143.7,0,0
124KENYA,DSC_9812,320,0.00025,35.0,4.0,1098.5,149.1,0,0
124KENYA,DSC_9813,320,0.00025,35.0,4.0,1166.7,150.6,0,0
124KENYA,DSC_9814,250,0.00025,32.0,3.5,1279.3,141.1,0,0
124KENYA,DSC_9815,250,0.00025,32.0,3.5,1304.4,143.7,0,0
124KENYA,DSC_9816,250,0.00025,32.0,3.5,1332.1,143.7,0,0
124KENYA,DSC_9817,250,0.00025,32.0,3.5,1074.5,144.1,0,0
124KENYA,DSC_9818,250,0.00025,31.0,3.5,1169.8,143.7,0,0
124KENYA,DSC_9819,160,0.00025,31.0,3.5,1082.6,123.6,0,0
124KENYA,DSC_9820,160,0.00025,31.0,3.5,1010.7,122.4,0,0
124KENYA,DSC_9821,180,0.00025,31.0,3.5,1071.1,127.0,0,0
124KENYA,DSC_9822,180,0.00025,31.0,3.5,1048.3,126.7,0,0
124KENYA,DSC_9823,220,0.00025,31.0,3.5,917.5,117.1,0,0
124KENYA,DSC_9824,220,0.00025,31.0,3.5,895.3,116.7,0,0
124KENYA,DSC_9825,250,0.00025,31.0,3.5,1185.9,123.9,0,0
124KENYA,DSC_9826,250,0.00025,31.0,3.5,1141.7,124.7,0,0
124KENYA,DSC_9827,250,0.00025,31.0,3.5,1119.3,123.8,0,0
124KENYA,DSC_9828,250,0.00025,31.0,3.5,925.0,130.4,0,0
124KENYA,DSC_9829,250,0.00025,31.0,3.5,1052.3,129.2,0,0
124KENYA,DSC_9830,250,0.00025,31.0,3.5,1200.4,129.1,0,0
124KENYA,DSC_9831,250,0.00025,31.0,3.5,1325.4,127.2,0,0
124KENYA,DSC_9832,250,0.00025,31.0,3.5,1307.1,127.5,0,0
124KENYA,DSC_9833,250,0.00025,31.0,3.5,1245.2,140.6,0,0
124KENYA,DSC_9834,160,0.00025,31.0,3.5,1171.9,113.8,0,0
124KENYA,DSC_9835,200,0.00025,31.0,3.5,1299.2,137.9,0,0
124KENYA,DSC_9836,200,0.00025,31.0,3.5,1300.6,137.4,0,0
124KENYA,DSC_9837,200,0.00025,86.0,5.0,371.0,77.3,0,0
124KENYA,DSC_9838,200,0.00025,86.0,5.0,723.4,71.4,0,0
124KENYA,DSC_9839,640,0.00025,86.0,5.0,663.6,122.4,0,0
124KENYA,DSC_9840,450,0.00025,135.0,5.6,148.2,94.7,0,0
124KENYA,DSC_9841,450,0.00025,135.0,5.6,286.4,92.3,0,0
124KENYA,DSC_9842,450,0.00025,135.0,5.6,62.2,94.9,0,0
124KENYA,DSC_9843,450,0.00025,135.0,5.6,237.2,99.4,0,0
124KENYA,DSC_9844,450,0.00025,135.0,5.6,280.4,92.5,0,0
124KENYA,DSC_9845,450,0.00025,135.0,5.6,401.1,87.7,0,0
124KENYA,DSC_9846,450,0.00025,135.0,5.6,279.7,99.6,0,0
124KENYA,DSC_9847,450,0.00025,122.0,5.6,251.9,110.0,0,0
124KENYA,DSC_9848,400,0.00025,100.0,5.0,202.9,106.0,0,0
124KENYA,DSC_9849,400,0.00025,92.0,5.0,317.8,110.9,0,0
124KENYA,DSC_9850,400,0.00025,80.0,5.0,274.0,117.5,0,0
124KENYA,DSC_9851,400,0.00025,80.0,5.0,307.5,111.6,0,0
124KENYA,DSC_9852,320,0.00025,70.0,4.5,327.7,105.6,0,0
124KENYA,DSC_9853,320,0.00025,40.0,4.0,565.9,129.0,0,0
124KENYA,DSC_9854,320,0.00025,27.0,3.5,545.8,139.0,0,0
124KENYA,DSC_9855,320,0.00025,27.0,3.5,507.2,142.4,0,0
124KENYA,DSC_9856,320,0.00025,27.0,3.5,436.5,139.7,0,0
124KENYA,DSC_9857,320,0.00025,27.0,3.5,464.8,139.2,0,0
124KENYA,DSC_9858,320,0.00025,27.0,3.5,488.1,137.8,0,0
124KENYA,DSC_9859,320,0.00025,27.0,3.5,526.8,140.1,0,0
124KENYA,DSC_9860,320,0.00025,27.0,3.5,481.2,142.5,0,0
124KENYA,DSC_9861,320,0.00025,27.0,3.5,516.0,140.3,0,0
124KENYA,DSC_9862,320,0.00025,27.0,3.5,460.6,141.2,0,0
124KENYA,DSC_9863,320,0.00025,18.0,3.5,187.9,136.5,0,0
124KENYA,DSC_9864,320,0.00025,18.0,3.5,200.5,134.9,0,0
124KENYA,DSC_9865,400,0.00025,40.0,4.0,283.8,134.3,0,0
124KENYA,DSC_9866,400,0.00025,40.0,4.0,320.3,133.8,0,0
124KENYA,DSC_9867,400,0.00025,40.0,4.0,346.5,132.2,0,0
124KENYA,DSC_9868,400,0.00025,40.0,4.0,381.8,134.6,0,0
124KENYA,DSC_9869,360,0.00025,40.0,4.0,412.5,137.3,0,0
124KENYA,DSC_9870,360,0.00025,38.0,4.0,378.1,138.7,0,0
124KENYA,DSC_9871,360,0.00025,38.0,4.0,349.9,136.2,0,0
124KENYA,DSC_9872,360,0.00025,38.0,4.0,324.0,135.9,0,0
124KENYA,DSC_9873,360,0.00025,38.0,4.0,291.7,132.7,0,0
124KENYA,DSC_9874,360,0.00025,38.0,4.0,253.6,138.2,0,0
124KENYA,DSC_9875,360,0.00025,38.0,4.0,184.2,143.4,0,0
124KENYA,DSC_9876,400,0.00025,135.0,5.6,84.9,116.8,0,0
124KENYA,DSC_9877,500,0.00025,135.0,5.6,111.7,129.6,0,0
124KENYA,DSC_9878,400,0.00025,122.0,5.6,45.2,113.7,0,0
124KENYA,DSC_9879,400,0.00025,122.0,5.6,94.9,115.2,0,0
124KENYA,DSC_9880,400,0.00025,122.0,5.6,78.8,114.4,0,0
124KENYA,DSC_9881,400,0.00025,122.0,5.6,60.2,110.8,0,0
124KENYA,DSC_9882,500,0.00025,155.0,5.6,48.0,124.8,0,0
124KENYA,DSC_9883,320,0.00025,70.0,4.5,82.9,121.7,0,0
124KENYA,DSC_9884,320,0.00025,70.0,4.5,91.8,119.6,0,0
124KENYA,DSC_9885,320,0.00025,70.0,4.5,74.5,122.1,0,0
124KENYA,DSC_9886,320,0.00025,70.0,4.5,85.8,119.9,0,0
124KENYA,DSC_9887,320,0.00025,70.0,4.5,88.4,119.7,0,0
124KENYA,DSC_9888,320,0.00025,70.0,4.5,94.3,117.5,0,0
124KENYA,DSC_9889,320,0.00025,70.0,4.5,90.4,115.6,0,0
124KENYA,DSC_9890,320,0.00025,70.0,4.5,75.8,118.7,0,0
124KENYA,DSC_9891,320,0.00025,70.0,4.5,54.6,120.1,0,0
124KENYA,DSC_9892,320,0.00025,70.0,4.5,49.7,117.8,0,0
124KENYA,DSC_9893,320,0.00025,70.0,4.5,59.4,113.1,0,0
124KENYA,DSC_9894,320,0.00025,70.0,4.5,170.1,103.1,0,0
124KENYA,DSC_9895,180,0.00025,27.0,3.5,99.5,94.8,0,0
124KENYA,DSC_9896,220,0.00025,24.0,3.5,169.6,113.5,0,0
124KENYA,DSC_9897,220,0.00025,24.0,3.5,207.8,113.1,0,0
124KENYA,DSC_9898,220,0.00025,24.0,3.5,201.9,113.2,0,0
124KENYA,DSC_9899,360,0.00025,18.0,3.5,188.2,145.6,0,0
124KENYA,DSC_9900,360,0.00025,18.0,3.5,313.0,143.6,0,0
124KENYA,DSC_9901,360,0.00025,18.0,3.5,348.9,143.0,0,0
124KENYA,DSC_9902,360,0.00025,18.0,3.5,203.2,142.5,0,0
124KENYA,DSC_9903,360,0.00025,18.0,3.5,194.1,142.2,0,0
124KENYA,DSC_9904,360,0.00025,18.0,3.5,370.0,142.9,0,0
124KENYA,DSC_9905,360,0.00025,18.0,3.5,39.9,143.4,0,0
124KENYA,DSC_9906,360,0.00025,18.0,3.5,420.3,143.3,0,0
124KENYA,DSC_9907,250,0.00025,18.0,3.5,462.1,133.3,0,0
124KENYA,DSC_9908,250,0.00025,18.0,3.5,419.9,131.2,0,0
124KENYA,DSC_9909,250,0.00025,18.0,3.5,444.1,130.9,0,0
124KENYA,DSC_9910,250,0.00025,18.0,3.5,552.7,130.2,0,0
124KENYA,DSC_9911,250,0.00025,18.0,3.5,553.8,129.9,0,0
124KENYA,DSC_9912,250,0.00025,18.0,3.5,545.4,129.8,0,0
124KENYA,DSC_9913,250,0.00025,18.0,3.5,519.5,129.5,0,0
124KENYA,DSC_9914,250,0.00025,18.0,3.5,575.1,128.8,0,0
124KENYA,DSC_9915,250,0.00025,18.0,3.5,443.9,125.7,0,0
124KENYA,DSC_9916,250,0.00025,18.0,3.5,188.5,140.4,0,0
124KENYA,DSC_9917,250,0.00025,18.0,3.5,205.9,139.8,0,0
124KENYA,DSC_9918,250,0.00025,18.0,3.5,263.8,141.7,0,0
124KENYA,DSC_9919,280,0.00025,18.0,3.5,121.7,126.2,0,0
124KENYA,DSC_9920,200,0.00025,18.0,3.5,233.6,118.7,0,0
124KENYA,DSC_9921,400,0.00025,18.0,3.5,380.8,148.1,0,0
124KENYA,DSC_9922,400,0.00025,18.0,3.5,276.8,148.4,0,0
124KENYA,DSC_9923,400,0.00025,18.0,3.5,146.4,150.3,0,0
124KENYA,DSC_9924,400,0.00025,18.0,3.5,89.6,151.8,0,0
124KENYA,DSC_9925,400,0.00025,18.0,3.5,47.7,152.4,0,0
124KENYA,DSC_9926,450,0.00025,18.0,3.5,226.5,150.6,0,0
124KENYA,DSC_9927,400,0.00025,18.0,3.5,96.0,146.5,0,0
124KENYA,DSC_9928,400,0.00025,18.0,3.5,92.1,148.8,0,0
124KENYA,DSC_9929,250,0.00025,44.0,4.0,130.3,103.6,0,0
124KENYA,DSC_9930,250,0.00025,44.0,4.0,194.1,107.5,0,0
124KENYA,DSC_9931,320,0.00025,50.0,4.5,234.3,129.0,0,0
124KENYA,DSC_9932,250,0.00025,50.0,4.5,192.3,112.6,0,0
124KENYA,DSC_9933,220,0.00025,38.0,4.0,212.4,111.9,0,0
124KENYA,DSC_9934,320,0.00025,29.0,3.5,173.9,137.1,0,0
124KENYA,DSC_9935,280,0.00025,26.0,3.5,199.5,133.0,0,0
124KENYA,DSC_9936,400,0.00025,46.0,4.0,593.5,108.2,0,0
124KENYA,DSC_9937,400,0.00025,46.0,4.0,877.0,111.3,0,0
124KENYA,DSC_9938,400,0.00025,46.0,4.0,1126.9,112.6,0,0
124KENYA,DSC_9939,400,0.00025,38.0,4.0,1262.6,127.8,0,0
124KENYA,DSC_9940,320,0.00025,18.0,3.5,557.6,152.8,0,0
124KENYA,DSC_9941,320,0.00025,40.0,4.0,588.7,93.4,0,0
124KENYA,DSC_9942,320,0.00025,31.0,3.5,712.8,101.4,0,0
124KENYA,DSC_9943,360,0.00025,31.0,3.5,549.2,108.4,0,0
124KENYA,DSC_9944,320,0.00025,22.0,3.5,625.8,124.2,0,0
124KENYA,DSC_9945,250,0.00025,22.0,3.5,464.8,118.9,0,0
124KENYA,DSC_9946,280,0.00025,18.0,3.5,145.1,130.4,0,0
124KENYA,DSC_9947,1100,0.00025,20.0,8.0,235.8,131.7,0,0
124KENYA,DSC_9948,640,0.00025,18.0,8.0,308.0,90.5,0,0
124KENYA,DSC_9949,560,0.00025,18.0,8.0,213.5,88.7,0,0
124KENYA,DSC_9950,560,0.00025,18.0,8.0,203.9,86.1,0,0
124KENYA,DSC_9951,560,0.00025,18.0,8.0,209.0,86.8,0,0
124KENYA,DSC_9952,560,0.00025,18.0,8.0,210.0,86.0,0,0
124KENYA,DSC_9953,560,0.00025,18.0,8.0,209.9,83.4,0,0
124KENYA,DSC_9954,720,0.00025,18.0,8.0,260.9,100.0,0,0
124KENYA,DSC_9955,560,0.00025,18.0,8.0,255.2,87.2,0,0
124KENYA,DSC_9956,720,0.00025,18.0,8.0,186.5,105.4,0,0
124KENYA,DSC_9957,640,0.00025,18.0,8.0,154.5,97.0,0,0
124KENYA,DSC_9958,640,0.00025,18.0,8.0,98.8,102.2,0,0
124KENYA,DSC_9959,1100,0.00025,18.0,8.0,223.6,131.9,0,0
124KENYA,DSC_9960,450,0.00025,155.0,8.0,122.9,88.2,0,0
124KENYA,DSC_9961,400,0.00025,122.0,8.0,184.0,77.4,0,0
124KENYA,DSC_9962,500,0.00025,100.0,8.0,315.7,83.0,0,0
124KENYA,DSC_9963,640,0.00025,100.0,8.0,153.9,99.9,0,0
124KENYA,DSC_9964,1000,0.00025,18.0,8.0,123.8,131.4,0,0
124KENYA,DSC_9965,1250,0.00025,18.0,8.0,93.9,137.1,0,0
124KENYA,DSC_9966,1250,0.00025,18.0,8.0,107.9,135.2,0,0
124KENYA,DSC_9967,1250,0.00025,18.0,8.0,90.4,138.1,0,0
124KENYA,DSC_9968,1250,0.00025,18.0,8.0,119.0,135.5,0,0
124KENYA,DSC_9969,,0.00025,18.0,22.0,133.6,130.6,0,0
124KENYA,DSC_9970,,0.00025,18.0,22.0,138.8,122.3,0,0
124KENYA,DSC_9971,,0.00025,18.0,22.0,142.9,122.0,0,0
124KENYA,DSC_9972,,0.00025,18.0,22.0,124.6,126.5,0,0
124KENYA,DSC_9973,560,0.0004,18.0,8.0,160.9,130.1,0,0
124KENYA,DSC_9974,1000,0.0004,400.0,8.0,102.7,135.5,0,0
124KENYA,DSC_9975,500,0.0004,400.0,8.0,86.6,101.1,0,0
124KENYA,DSC_9976,900,0.0004,400.0,8.0,120.8,123.8,0,0
124KENYA,DSC_9977,450,0.0004,400.0,8.0,34.2,78.0,0,0
124KENYA,DSC_9978,500,0.0004,400.0,8.0,105.0,112.8,0,0
124KENYA,DSC_9979,400,0.0004,400.0,8.0,79.6,100.0,0,0
124KENYA,DSC_9980,450,0.0004,400.0,8.0,118.4,100.3,0,0
124KENYA,DSC_9981,400,0.0004,400.0,8.0,60.2,90.8,0,0
124KENYA,DSC_9982,560,0.0004,400.0,8.0,99.9,103.7,0,0
124KENYA,DSC_9983,450,0.0004,400.0,8.0,80.5,91.2,0,0
124KENYA,DSC_9984,450,0.0004,400.0,8.0,85.2,93.1,0,0
124KENYA,DSC_9985,450,0.0004,400.0,8.0,78.1,94.5,0,0
125DUNLG,DSC_7222,400,0.016666666666666666,29.0,3.5,25.8,30.1,0,0
125DUNLG,DSC_7223,360,0.02,29.0,3.5,94.0,51.3,0,0
125DUNLG,DSC_7224,360,0.2,29.0,3.5,93.3,66.9,0,0
125DUNLG,DSC_7225,360,0.2,29.0,3.5,41.3,176.6,0,0
125DUNLG,DSC_7226,640,0.016666666666666666,40.0,4.0,421.2,114.4,0,0
125DUNLG,DSC_7227,320,0.02,46.0,4.0,507.0,92.7,0,0
125DUNLG,DSC_7228,450,0.016666666666666666,23.0,3.5,142.3,88.0,0,0
125DUNLG,DSC_7229,320,0.008,31.0,3.5,352.0,108.4,0,0
125DUNLG,DSC_7230,220,0.008,65.0,4.5,63.7,90.0,0,0
125DUNLG,DSC_7231,220,0.008,65.0,4.5,112.8,80.8,0,0
125DUNLG,DSC_7232,280,0.008,65.0,4.5,206.6,102.9,0,0
125DUNLG,DSC_7233,360,0.008,185.0,5.6,138.8,89.0,0,0
125DUNLG,DSC_7234,800,0.004,185.0,5.6,172.9,101.2,0,0
125DUNLG,DSC_7235,800,0.004,185.0,5.6,79.4,104.6,0,0
125DUNLG,DSC_7236,360,0.008,185.0,5.6,47.7,84.7,0,0
125DUNLG,DSC_7237,400,0.0125,185.0,5.6,42.4,114.9,0,0
125DUNLG,DSC_7238,400,0.008,185.0,5.6,79.5,94.4,0,0
125DUNLG,DSC_7239,400,0.0125,100.0,11.0,98.3,68.2,0,0
125DUNLG,DSC_7240,500,0.0125,200.0,11.0,452.9,82.6,0,0
125DUNLG,DSC_7241,450,0.0125,200.0,11.0,75.0,68.3,0,0
125DUNLG,DSC_7242,320,0.0125,200.0,11.0,182.0,91.7,0,0
125DUNLG,DSC_7243,360,0.0125,80.0,11.0,83.2,46.6,0,0
125DUNLG,DSC_7244,560,0.0125,80.0,11.0,140.7,52.4,0,0
125DUNLG,DSC_7245,720,0.0125,170.0,11.0,339.1,81.7,0,0
125DUNLG,DSC_7246,720,0.0125,170.0,11.0,241.0,79.0,0,0
125DUNLG,DSC_7247,450,0.0125,65.0,11.0,278.4,63.7,0,0
125DUNLG,DSC_7248,800,0.0125,65.0,11.0,295.3,67.1,0,0
125DUNLG,DSC_7249,320,0.0125,185.0,11.0,265.2,75.1,0,0
125DUNLG,DSC_7250,280,0.0125,185.0,11.0,136.8,70.4,0,0
125DUNLG,DSC_7251,250,0.0125,185.0,11.0,44.3,67.0,0,0
125DUNLG,DSC_7252,250,0.0125,185.0,11.0,191.6,63.8,0,0
125DUNLG,DSC_7253,280,0.0125,185.0,11.0,174.3,75.5,0,0
125DUNLG,DSC_7254,250,0.0125,185.0,11.0,153.6,74.5,0,0
125DUNLG,DSC_7255,1400,0.0125,22.0,11.0,806.8,97.3,0,0
125DUNLG,DSC_7256,1250,0.0125,23.0,11.0,650.8,88.3,0,0
125DUNLG,DSC_7257,1250,0.0125,23.0,11.0,706.9,85.9,0,0
125DUNLG,DSC_7258,1250,0.0125,23.0,11.0,814.1,86.2,0,0
125DUNLG,DSC_7259,1100,0.0125,27.0,11.0,520.4,82.0,0,0
125DUNLG,DSC_7260,1000,0.0125,27.0,11.0,582.5,77.2,0,0
125DUNLG,DSC_7261,1250,0.0125,24.0,11.0,814.5,93.5,0,0
125DUNLG,DSC_7262,1250,0.0125,24.0,11.0,943.1,89.5,0,0
125DUNLG,DSC_7263,1100,0.0125,24.0,11.0,828.2,79.9,0,0
125DUNLG,DSC_7264,1100,0.0125,24.0,11.0,672.9,83.3,0,0
125DUNLG,DSC_7265,1100,0.0125,24.0,11.0,846.1,81.3,0,0
125DUNLG,DSC_7266,1000,0.0125,24.0,11.0,408.0,73.1,0,0
125DUNLG,DSC_7267,640,0.0125,35.0,11.0,847.3,68.5,0,0
125DUNLG,DSC_7268,640,0.0125,35.0,11.0,802.8,72.8,0,0
125DUNLG,DSC_7269,640,0.0125,46.0,11.0,443.4,68.7,0,0
125DUNLG,DSC_7270,560,0.0125,46.0,11.0,194.0,78.8,0,0
125DUNLG,DSC_7271,500,0.0125,46.0,11.0,447.3,76.1,0,0
125DUNLG,DSC_7272,640,0.0125,46.0,11.0,646.7,69.2,0,0
125DUNLG,DSC_7273,500,0.0125,46.0,11.0,180.4,80.3,0,0
125DUNLG,DSC_7274,400,0.0125,46.0,11.0,81.6,56.9,0,0
125DUNLG,DSC_7275,800,0.0125,38.0,11.0,972.2,79.1,0,0
125DUNLG,DSC_7276,720,0.0125,38.0,11.0,850.4,73.9,0,0
125DUNLG,DSC_7277,220,0.0125,86.0,11.0,283.4,63.1,0,0
125DUNLG,DSC_7278,200,0.0125,86.0,11.0,116.0,51.7,0,0
125DUNLG,DSC_7279,200,0.0125,86.0,11.0,247.5,55.5,0,0
125DUNLG,DSC_7280,200,0.0125,86.0,11.0,33.9,49.5,0,0
125DUNLG,DSC_7281,450,0.0125,86.0,11.0,314.7,55.7,0,0
125DUNLG,DSC_7282,450,0.0125,86.0,11.0,188.7,62.3,0,0
125DUNLG,DSC_7283,450,0.0125,86.0,11.0,82.0,90.9,0,0
125DUNLG,DSC_7284,280,0.0125,86.0,11.0,280.6,72.1,0,0
125DUNLG,DSC_7285,280,0.0125,86.0,11.0,141.8,77.4,0,0
125DUNLG,DSC_7286,400,0.0125,86.0,11.0,217.3,57.6,0,0
125DUNLG,DSC_7287,500,0.0125,122.0,11.0,61.3,64.7,0,0
125DUNLG,DSC_7288,500,0.0125,122.0,11.0,67.6,92.4,0,0
125DUNLG,DSC_7289,220,0.0125,86.0,11.0,94.4,60.1,0,0
125DUNLG,DSC_7290,220,0.0125,80.0,11.0,215.1,63.3,0,0
125DUNLG,DSC_7291,280,0.0125,70.0,11.0,83.8,64.3,0,0
125DUNLG,DSC_7292,280,0.0125,65.0,11.0,123.5,61.3,0,0
125DUNLG,DSC_7293,280,0.0125,65.0,11.0,278.5,60.9,0,0
125DUNLG,DSC_7294,450,0.0125,46.0,11.0,181.6,71.7,0,0
125DUNLG,DSC_7295,450,0.0125,46.0,11.0,504.6,70.5,0,0
125DUNLG,DSC_7296,1100,0.0125,44.0,11.0,536.4,68.4,0,0
125DUNLG,DSC_7297,1600,0.0125,44.0,11.0,561.9,62.7,0,0
125DUNLG,DSC_7298,2800,0.0125,44.0,11.0,109.8,85.7,0,0
125DUNLG,DSC_7299,2200,0.0125,44.0,11.0,135.6,98.9,0,0
125DUNLG,DSC_7300,1250,0.0125,44.0,11.0,251.9,80.1,0,0
125DUNLG,DSC_7301,1400,0.0125,44.0,11.0,96.9,84.1,0,0
125DUNLG,DSC_7302,2200,0.0125,44.0,11.0,308.0,62.7,0,0
125DUNLG,DSC_7303,2200,0.0125,44.0,11.0,117.9,71.9,0,0
125DUNLG,DSC_7304,3200,0.0125,18.0,11.0,247.5,117.4,0,0
125DUNLG,DSC_7305,1100,0.0125,44.0,11.0,653.5,72.9,0,0
125DUNLG,DSC_7306,1100,0.0125,44.0,11.0,438.4,72.7,0,0
125DUNLG,DSC_7307,1250,0.0125,44.0,11.0,534.4,76.3,0,0
125DUNLG,DSC_7308,1250,0.0125,44.0,11.0,588.4,77.8,0,0
125DUNLG,DSC_7309,1250,0.0125,35.0,11.0,217.9,74.1,0,0
125DUNLG,DSC_7310,1250,0.0125,35.0,11.0,623.1,73.8,0,0
125DUNLG,DSC_7311,1250,0.0125,35.0,11.0,625.9,73.2,0,0
125DUNLG,DSC_7312,1100,0.0125,35.0,11.0,610.6,68.4,0,0
125DUNLG,DSC_7313,1100,0.0125,35.0,11.0,463.9,69.3,0,0
125DUNLG,DSC_7314,,0.0125,100.0,11.0,231.2,75.4,0,0
125DUNLG,DSC_7315,,0.0125,100.0,11.0,367.9,76.5,0,0
125DUNLG,DSC_7316,,0.0125,100.0,11.0,721.5,77.4,0,0
125DUNLG,DSC_7317,,0.0125,100.0,11.0,840.6,73.1,0,0
125DUNLG,DSC_7318,,0.0125,100.0,11.0,475.5,177.7,0,0
125DUNLG,DSC_7319,,0.0125,116.0,11.0,281.1,70.0,0,0
125DUNLG,DSC_7320,,0.0125,116.0,11.0,565.1,79.8,0,0
125DUNLG,DSC_7321,,0.0125,116.0,11.0,146.8,81.5,0,0
125DUNLG,DSC_7322,,0.0125,116.0,11.0,399.1,76.3,0,0
125DUNLG,DSC_7323,,0.0125,116.0,11.0,396.5,77.4,0,0
125DUNLG,DSC_7324,,0.0125,116.0,11.0,836.2,78.6,0,0
125DUNLG,DSC_7325,,0.0125,116.0,11.0,214.0,80.1,0,0
125DUNLG,DSC_7326,,0.0125,116.0,11.0,202.8,81.8,0,0
125DUNLG,DSC_7327,,0.0125,116.0,11.0,290.7,76.7,0,0
125DUNLG,DSC_7328,,0.0125,116.0,11.0,1015.6,88.1,0,0
125DUNLG,DSC_7329,3200,0.0125,116.0,11.0,893.8,76.7,0,0
125DUNLG,DSC_7330,,0.0125,116.0,11.0,220.3,78.6,0,0
125DUNLG,DSC_7331,,0.0125,116.0,11.0,657.0,75.1,0,0
125DUNLG,DSC_7332,,0.0125,116.0,11.0,795.4,80.0,0,0
125DUNLG,DSC_7333,,0.0125,116.0,11.0,520.4,81.1,0,0
125DUNLG,DSC_7334,2000,0.0125,62.0,11.0,301.7,82.7,0,0
125DUNLG,DSC_7335,2000,0.0125,62.0,11.0,673.9,82.9,0,0
125DUNLG,DSC_7336,2000,0.0125,62.0,11.0,235.0,82.6,0,0
125DUNLG,DSC_7337,1100,0.0125,40.0,11.0,315.2,70.5,0,0
125DUNLG,DSC_7338,1000,0.0125,40.0,11.0,465.8,64.8,0,0
125DUNLG,DSC_7339,2000,0.0125,23.0,11.0,974.7,86.2,0,0
125DUNLG,DSC_7340,2000,0.0125,23.0,11.0,589.1,81.1,0,0
125DUNLG,DSC_7341,2200,0.0125,23.0,11.0,945.0,84.6,0,0
125DUNLG,DSC_7342,1100,0.0125,46.0,11.0,501.5,80.3,0,0
125DUNLG,DSC_7343,1250,0.0125,44.0,11.0,221.5,88.2,0,0
125DUNLG,DSC_7344,900,0.0125,44.0,11.0,343.1,81.3,0,0
125DUNLG,DSC_7345,720,0.0125,44.0,11.0,288.3,73.7,0,0
125DUNLG,DSC_7346,800,0.0125,44.0,11.0,419.8,78.1,0,0
125DUNLG,DSC_7347,800,0.0125,44.0,11.0,398.6,77.9,0,0
125DUNLG,DSC_7348,800,0.0125,44.0,11.0,428.5,78.4,0,0
125DUNLG,DSC_7349,,0.01,38.0,25.0,224.5,71.1,0,0
125DUNLG,DSC_7350,,0.01,38.0,25.0,123.0,71.8,0,0
125DUNLG,DSC_7351,,0.01,38.0,25.0,134.4,63.0,0,0
125DUNLG,DSC_7352,,0.01,38.0,25.0,141.5,60.5,0,0
125DUNLG,DSC_7353,,0.01,38.0,25.0,138.1,94.0,0,0
125DUNLG,DSC_7354,,0.01,38.0,25.0,141.2,68.5,0,0
125DUNLG,DSC_7355,,0.01,38.0,25.0,265.6,70.8,0,0
125DUNLG,DSC_7356,,0.01,38.0,25.0,251.6,70.1,0,0
125DUNLG,DSC_7357,,0.01,58.0,25.0,414.9,81.4,0,0
125DUNLG,DSC_7358,,0.01,58.0,25.0,285.8,86.1,0,0
125DUNLG,DSC_7359,,0.01,58.0,25.0,217.4,78.4,0,0
125DUNLG,DSC_7360,,0.01,58.0,25.0,147.1,91.5,0,0
125DUNLG,DSC_7361,,0.01,58.0,25.0,149.1,65.7,0,0
125DUNLG,DSC_7362,,0.01,58.0,25.0,627.0,74.2,0,0
125DUNLG,DSC_7363,,0.01,58.0,25.0,537.4,76.6,0,0
125DUNLG,DSC_7364,,0.01,58.0,25.0,494.1,77.6,0,0
125DUNLG,DSC_7365,,0.01,58.0,25.0,280.7,73.0,0,0
125DUNLG,DSC_7366,,0.01,58.0,25.0,440.8,72.6,0,0
125DUNLG,DSC_7367,,0.01,58.0,25.0,446.8,73.7,0,0
125DUNLG,DSC_7368,,0.01,58.0,25.0,502.1,75.7,0,0
125DUNLG,DSC_7369,,0.01,75.0,25.0,864.7,81.1,0,0
125DUNLG,DSC_7370,,0.01,75.0,25.0,813.5,83.8,0,0
125DUNLG,DSC_7371,,0.01,75.0,25.0,340.3,79.7,0,0
125DUNLG,DSC_7372,,0.01,75.0,25.0,502.3,77.1,0,0
125DUNLG,DSC_7373,,0.01,75.0,25.0,295.0,75.7,0,0
125DUNLG,DSC_7374,,0.01,58.0,25.0,719.0,76.2,0,0
125DUNLG,DSC_7375,,0.01,58.0,25.0,579.4,77.7,0,0
125DUNLG,DSC_7376,,0.01,58.0,25.0,491.8,73.9,0,0
125DUNLG,DSC_7377,,0.01,58.0,25.0,651.9,74.1,0,0
125DUNLG,DSC_7378,,0.01,32.0,22.0,228.8,64.1,0,0
125DUNLG,DSC_7379,,0.01,32.0,22.0,95.1,60.3,0,0
125DUNLG,DSC_7380,,0.01,75.0,25.0,313.0,78.8,0,0
125DUNLG,DSC_7381,,0.01,75.0,25.0,260.9,84.2,0,0
125DUNLG,DSC_7382,,0.01,75.0,25.0,530.9,80.4,0,0
125DUNLG,DSC_7383,,0.01,75.0,25.0,399.7,77.7,0,0
125DUNLG,DSC_7384,,0.01,70.0,25.0,471.3,66.7,0,0
125DUNLG,DSC_7385,,0.01,70.0,25.0,299.6,66.2,0,0
125DUNLG,DSC_7386,,0.01,70.0,25.0,348.5,64.7,0,0
125DUNLG,DSC_7387,,0.01,55.0,25.0,542.5,74.2,0,0
125DUNLG,DSC_7388,,0.01,55.0,25.0,555.4,75.9,0,0
125DUNLG,DSC_7389,,0.01,75.0,25.0,264.4,76.8,0,0
125DUNLG,DSC_7390,,0.01,75.0,25.0,322.5,76.7,0,0
125DUNLG,DSC_7391,,0.01,75.0,25.0,413.2,77.9,0,0
125DUNLG,DSC_7392,,0.01,75.0,25.0,410.9,80.1,0,0
125DUNLG,DSC_7393,,0.01,75.0,25.0,436.3,78.1,0,0
125DUNLG,DSC_7394,,0.01,75.0,25.0,225.9,80.7,0,0
125DUNLG,DSC_7395,,0.01,75.0,25.0,404.4,80.7,0,0
125DUNLG,DSC_7396,,0.01,75.0,25.0,412.2,81.2,0,0
125DUNLG,DSC_7397,,0.01,75.0,25.0,461.3,80.4,0,0
125DUNLG,DSC_7398,,0.01,75.0,25.0,508.8,73.7,0,0
125DUNLG,DSC_7399,,0.01,75.0,25.0,660.1,75.9,0,0
125DUNLG,DSC_7400,,0.01,75.0,25.0,636.6,72.5,0,0
125DUNLG,DSC_7401,,0.01,75.0,25.0,712.6,72.6,0,0
125DUNLG,DSC_7402,,0.01,75.0,25.0,670.8,77.1,0,0
125DUNLG,DSC_7403,,0.01,80.0,25.0,287.9,82.1,0,0
125DUNLG,DSC_7404,,0.01,80.0,25.0,490.1,82.1,0,0
125DUNLG,DSC_7405,,0.01,80.0,25.0,161.9,82.2,0,0
125DUNLG,DSC_7406,,0.01,55.0,25.0,334.1,70.0,0,0
125DUNLG,DSC_7407,,0.01,55.0,25.0,408.0,70.5,0,0
125DUNLG,DSC_7408,,0.01,92.0,25.0,254.7,83.5,0,0
125DUNLG,DSC_7409,,0.01,92.0,25.0,453.8,80.2,0,0
125DUNLG,DSC_7410,,0.01,92.0,25.0,237.1,84.2,0,0
125DUNLG,DSC_7411,,0.01,92.0,25.0,551.9,83.9,0,0
125DUNLG,DSC_7412,,0.01,92.0,25.0,126.7,82.3,0,0
125DUNLG,DSC_7413,,0.01,135.0,25.0,264.4,76.3,0,0
125DUNLG,DSC_7414,,0.01,135.0,25.0,273.0,75.3,0,0
125DUNLG,DSC_7415,,0.01,135.0,25.0,220.2,72.0,0,0
125DUNLG,DSC_7416,2800,0.01,50.0,25.0,144.5,64.0,0,0
125DUNLG,DSC_7417,2800,0.01,55.0,25.0,72.4,64.4,0,0
125DUNLG,DSC_7418,,0.01,38.0,25.0,70.8,63.1,0,0
125DUNLG,DSC_7419,,0.01,38.0,25.0,295.5,74.3,0,0
125DUNLG,DSC_7420,,0.01,38.0,25.0,216.5,72.4,0,0
125DUNLG,DSC_7421,,0.01,21.0,22.0,337.6,69.9,0,0
125DUNLG,DSC_7422,,0.01,21.0,22.0,240.8,71.3,0,0
125DUNLG,DSC_7423,,0.01,21.0,22.0,378.3,98.6,0,0
125DUNLG,DSC_7424,,0.01,21.0,22.0,319.8,95.9,0,0
125DUNLG,DSC_7425,,0.01,18.0,22.0,375.7,80.3,0,0
125DUNLG,DSC_7426,,0.01,18.0,22.0,409.3,81.1,0,0
125DUNLG,DSC_7427,,0.01,18.0,22.0,399.0,80.5,0,0
125DUNLG,DSC_7428,,0.01,18.0,22.0,369.6,81.0,0,0
125DUNLG,DSC_7429,,0.01,18.0,22.0,420.5,82.1,0,0
125DUNLG,DSC_7430,,0.01,18.0,22.0,404.9,84.2,0,0
125DUNLG,DSC_7431,,0.01,18.0,22.0,377.7,83.6,0,0
125DUNLG,DSC_7432,,0.01,18.0,22.0,400.4,83.9,0,0
125DUNLG,DSC_7433,,0.01,18.0,22.0,332.9,83.4,0,0
125DUNLG,DSC_7434,,0.01,18.0,22.0,438.1,84.1,0,0
125DUNLG,DSC_7435,,0.01,18.0,22.0,378.2,78.4,0,0
125DUNLG,DSC_7436,,0.01,18.0,22.0,405.3,78.2,0,0
125DUNLG,DSC_7437,,0.01,18.0,22.0,399.5,78.6,0,0
125DUNLG,DSC_7438,,0.01,18.0,22.0,347.3,79.6,0,0
125DUNLG,DSC_7439,,0.01,18.0,22.0,134.5,75.5,0,0
125DUNLG,DSC_7440,,0.01,18.0,22.0,396.9,111.6,0,0
125DUNLG,DSC_7441,,0.01,18.0,22.0,245.0,106.1,0,0
125DUNLG,DSC_7442,,0.01,18.0,22.0,377.1,86.2,0,0
125DUNLG,DSC_7443,,0.01,18.0,22.0,343.0,87.0,0,0
125DUNLG,DSC_7444,,0.01,18.0,22.0,448.6,85.5,0,0
125DUNLG,DSC_7445,,0.01,18.0,22.0,360.9,83.2,0,0
125DUNLG,DSC_7446,,0.01,18.0,22.0,373.4,81.2,0,0
125DUNLG,DSC_7447,,0.01,18.0,22.0,292.3,81.8,0,0
125DUNLG,DSC_7448,,0.01,18.0,22.0,354.8,82.9,0,0
125DUNLG,DSC_7449,,0.01,18.0,22.0,321.3,81.2,0,0
125DUNLG,DSC_7450,,0.01,18.0,22.0,225.3,75.7,0,0
125DUNLG,DSC_7451,,0.01,18.0,22.0,295.5,85.1,0,0
125DUNLG,DSC_7452,,0.01,18.0,22.0,245.0,76.0,0,0
125DUNLG,DSC_7453,,0.01,18.0,22.0,213.3,77.4,0,0
125DUNLG,DSC_7454,,0.01,18.0,22.0,274.6,78.9,0,0
125DUNLG,DSC_7455,,0.01,18.0,22.0,316.2,77.5,0,0
125DUNLG,DSC_7456,3200,0.01,75.0,25.0,130.8,83.8,0,0
125DUNLG,DSC_7457,,0.01,75.0,25.0,264.2,87.7,0,0
125DUNLG,DSC_7458,3200,0.01,75.0,25.0,160.5,89.1,0,0
125DUNLG,DSC_7459,,0.01,18.0,22.0,309.2,99.0,0,0
125DUNLG,DSC_7460,,0.01,18.0,22.0,376.4,96.2,0,0
125DUNLG,DSC_7461,,0.01,35.0,25.0,527.9,74.0,0,0
125DUNLG,DSC_7462,,0.01,35.0,25.0,716.4,80.0,0,0
125DUNLG,DSC_7463,,0.01,35.0,25.0,203.0,86.3,0,0
125DUNLG,DSC_7464,,0.01,35.0,25.0,503.4,81.6,0,0
125DUNLG,DSC_7465,,0.01,35.0,25.0,765.6,81.1,0,0
125DUNLG,DSC_7466,,0.01,35.0,25.0,556.3,98.1,0,0
125DUNLG,DSC_7467,,0.01,50.0,25.0,694.0,91.5,0,0
125DUNLG,DSC_7468,,0.01,50.0,25.0,299.9,94.0,0,0
125DUNLG,DSC_7469,,0.01,50.0,25.0,601.7,87.4,0,0
125DUNLG,DSC_7470,3200,0.01,38.0,25.0,288.1,82.6,0,0
125DUNLG,DSC_7471,3200,0.01,38.0,25.0,96.0,82.7,0,0
125DUNLG,DSC_7472,2200,0.01,38.0,25.0,155.4,63.4,0,0
125DUNLG,DSC_7473,,0.01,58.0,25.0,189.4,104.7,0,0
125DUNLG,DSC_7474,,0.01,75.0,25.0,75.5,95.3,0,0
125DUNLG,DSC_7475,,0.01,75.0,25.0,29.4,96.5,0,0
125DUNLG,DSC_7476,3200,0.01,100.0,25.0,55.6,93.3,0,0
125DUNLG,DSC_7477,2800,0.01,46.0,25.0,25.3,108.3,0,0
125DUNLG,DSC_7478,,0.01,100.0,25.0,94.8,85.0,0,0
125DUNLG,DSC_7479,,0.01,38.0,25.0,71.0,103.7,0,0
125DUNLG,DSC_7480,2500,0.01,135.0,25.0,120.9,100.5,0,0
125DUNLG,DSC_7481,,0.01,70.0,25.0,72.8,110.4,0,0
125DUNLG,DSC_7482,,0.01,18.0,22.0,137.7,152.2,0,0
125DUNLG,DSC_7483,2800,0.01,50.0,25.0,63.0,105.2,0,0
125DUNLG,DSC_7484,2800,0.01,50.0,25.0,13.8,104.8,0,0
125DUNLG,DSC_7485,,0.01,50.0,25.0,55.7,93.5,0,0
125DUNLG,DSC_7486,,0.01,32.0,22.0,94.8,106.6,0,0
125DUNLG,DSC_7487,,0.01,18.0,22.0,165.3,136.2,0,0
125DUNLG,DSC_7488,,0.01,18.0,22.0,35.4,153.8,0,0
125DUNLG,DSC_7489,,0.01,18.0,22.0,86.5,163.1,0,0
125DUNLG,DSC_7490,,0.01,44.0,25.0,105.4,105.7,0,0
125DUNLG,DSC_7491,,0.01,50.0,25.0,144.2,102.3,0,0
125DUNLG,DSC_7492,2800,0.01,44.0,25.0,35.8,107.5,0,0
125DUNLG,DSC_7493,2500,0.01,44.0,25.0,40.7,100.4,0,0
125DUNLG,DSC_7494,2800,0.01,44.0,25.0,20.0,106.7,0,0
125DUNLG,DSC_7495,,0.01,50.0,25.0,136.5,120.8,0,0
125DUNLG,DSC_7496,,0.01,50.0,25.0,53.9,131.3,0,0
125DUNLG,DSC_7497,,0.01,50.0,25.0,48.3,114.3,0,0
125DUNLG,DSC_7498,,0.01,50.0,25.0,101.4,76.3,0,0
125DUNLG,DSC_7499,,0.01,50.0,25.0,120.8,112.9,0,0
125DUNLG,DSC_7500,,0.01,50.0,25.0,147.2,118.6,0,0
125DUNLG,DSC_7501,,0.01,58.0,25.0,98.6,107.7,0,0
125DUNLG,DSC_7502,3200,0.01,58.0,25.0,98.7,113.4,0,0
125DUNLG,DSC_7503,3200,0.01,62.0,25.0,44.6,108.7,0,0
125DUNLG,DSC_7504,2500,0.01,62.0,25.0,48.5,95.1,0,0
125DUNLG,DSC_7505,,0.01,62.0,25.0,36.6,98.0,0,0
125DUNLG,DSC_7506,2800,0.01,62.0,25.0,55.1,97.4,0,0
125DUNLG,DSC_7507,2800,0.01,62.0,25.0,74.1,130.1,0,0
125DUNLG,DSC_7508,2800,0.01,62.0,25.0,21.1,131.0,0,0
125DUNLG,DSC_7509,,0.01,65.0,25.0,62.7,114.0,0,0
125DUNLG,DSC_7510,3200,0.01,65.0,25.0,90.0,99.4,0,0
125DUNLG,DSC_7511,,0.01,35.0,25.0,183.7,128.9,0,0
125DUNLG,DSC_7512,,0.01,44.0,25.0,52.2,125.5,0,0
125DUNLG,DSC_7513,,0.01,44.0,25.0,52.3,114.4,0,0
125DUNLG,DSC_7514,,0.01,65.0,25.0,172.9,101.9,0,0
125DUNLG,DSC_7515,,0.01,65.0,25.0,50.7,113.6,0,0
125DUNLG,DSC_7516,,0.01,65.0,25.0,105.8,110.1,0,0
125DUNLG,DSC_7517,2200,0.01,70.0,25.0,49.6,94.8,0,0
125DUNLG,DSC_7518,2000,0.01,70.0,25.0,58.6,79.6,0,0
125DUNLG,DSC_7519,2800,0.01,75.0,25.0,118.3,89.3,0,0
125DUNLG,DSC_7520,2800,0.01,75.0,25.0,110.3,90.7,0,0
125DUNLG,DSC_7521,,0.01,100.0,25.0,111.8,86.8,0,0
125DUNLG,DSC_7522,,0.01,50.0,25.0,109.9,103.7,0,0
125DUNLG,DSC_7523,,0.01,40.0,25.0,152.2,107.0,0,0
125DUNLG,DSC_7524,2800,0.01,40.0,25.0,23.3,123.0,0,0
125DUNLG,DSC_7525,,0.01,50.0,25.0,340.8,108.2,0,0
125DUNLG,DSC_7526,,0.01,50.0,25.0,364.8,104.3,0,0
125DUNLG,DSC_7527,,0.01,31.0,22.0,220.2,111.4,0,0
125DUNLG,DSC_7528,,0.01,20.0,22.0,185.6,104.7,0,0
125DUNLG,DSC_7529,,0.01,50.0,25.0,301.6,66.6,0,0
125DUNLG,DSC_7530,,0.01,31.0,22.0,450.6,59.1,0,0
125DUNLG,DSC_7531,,0.01,31.0,22.0,273.5,77.8,0,0
125DUNLG,DSC_7532,,0.01,35.0,25.0,512.5,68.8,0,0
125DUNLG,DSC_7533,,0.01,35.0,25.0,210.9,84.8,0,0
125DUNLG,DSC_7534,2500,0.01,50.0,25.0,136.7,53.2,0,0
125DUNLG,DSC_7535,2500,0.01,50.0,25.0,309.1,52.0,0,0
125DUNLG,DSC_7536,,0.01,38.0,25.0,488.8,64.6,0,0
125DUNLG,DSC_7537,,0.01,38.0,25.0,454.8,65.4,0,0
125DUNLG,DSC_7538,,0.01,38.0,25.0,265.0,75.5,0,0
125DUNLG,DSC_7539,2800,0.01,62.0,25.0,259.1,56.2,0,0
125DUNLG,DSC_7540,,0.01,44.0,25.0,439.7,64.3,0,0
125DUNLG,DSC_7541,,0.01,44.0,25.0,645.6,62.0,0,0
125DUNLG,DSC_7542,,0.01,35.0,25.0,296.3,64.8,0,0
125DUNLG,DSC_7543,,0.01,26.0,22.0,207.0,74.5,0,0
125DUNLG,DSC_7544,,0.01,23.0,22.0,537.4,66.6,0,0
125DUNLG,DSC_7545,,0.01,23.0,22.0,606.9,73.1,0,0
125DUNLG,DSC_7546,,0.01,23.0,22.0,541.1,72.0,0,0
125DUNLG,DSC_7547,,0.01,23.0,22.0,548.2,70.1,0,0
125DUNLG,DSC_7548,3200,0.01,62.0,25.0,402.1,66.3,0,0
125DUNLG,DSC_7549,3200,0.01,62.0,25.0,244.5,65.6,0,0
125DUNLG,DSC_7550,,0.01,26.0,22.0,456.3,71.8,0,0
125DUNLG,DSC_7551,,0.01,55.0,25.0,102.0,78.2,0,0
125DUNLG,DSC_7552,,0.01,55.0,25.0,192.9,77.5,0,0
125DUNLG,DSC_7553,,0.01,38.0,25.0,241.2,58.6,0,0
125DUNLG,DSC_7554,,0.01,20.0,22.0,596.4,86.3,0,0
125DUNLG,DSC_7555,,0.01,18.0,22.0,767.8,94.6,0,0
125DUNLG,DSC_7556,,0.01,18.0,22.0,715.5,94.0,0,0
125DUNLG,DSC_7557,,0.01,18.0,22.0,628.1,89.0,0,0
125DUNLG,DSC_7558,,0.01,18.0,22.0,752.1,80.0,0,0
125DUNLG,DSC_7559,,0.01,18.0,22.0,787.0,79.1,0,0
125DUNLG,DSC_7560,,0.01,22.0,22.0,484.6,66.0,0,0
125DUNLG,DSC_7561,,0.01,22.0,22.0,465.7,65.0,0,0
125DUNLG,DSC_7562,,0.01,46.0,25.0,61.4,102.2,0,0
125DUNLG,DSC_7563,,0.01,46.0,25.0,45.6,113.0,0,0
125DUNLG,DSC_7564,,0.01,62.0,25.0,55.4,121.5,0,0
125DUNLG,DSC_7565,,0.01,23.0,22.0,1840.3,82.7,0,0
125DUNLG,DSC_7566,,0.01,26.0,22.0,1859.5,92.4,0,0
125DUNLG,DSC_7567,,0.01,26.0,22.0,1958.6,80.7,0,0
125DUNLG,DSC_7568,,0.01,26.0,22.0,1551.5,85.1,0,0
125DUNLG,DSC_7569,,0.01,20.0,22.0,255.6,105.2,0,0
125DUNLG,DSC_7570,,0.01,20.0,22.0,252.3,110.0,0,0
125DUNLG,DSC_7571,,0.01,18.0,22.0,220.6,106.0,0,0
125DUNLG,DSC_7572,,0.01,27.0,22.0,335.3,76.3,0,0
125DUNLG,DSC_7573,,0.01,27.0,22.0,393.0,76.1,0,0
125DUNLG,DSC_7574,,0.01,31.0,22.0,275.2,92.8,0,0
125DUNLG,DSC_7575,,0.01,31.0,22.0,223.4,87.1,0,0
125DUNLG,DSC_7576,,0.01,24.0,22.0,276.4,79.7,0,0
125DUNLG,DSC_7577,,0.01,24.0,22.0,315.8,84.0,0,0
125DUNLG,DSC_7578,,0.01,86.0,25.0,137.3,48.0,0,0
125DUNLG,DSC_7579,,0.01,86.0,25.0,156.8,39.8,0,0
125DUNLG,DSC_7580,,0.01,86.0,25.0,123.5,61.3,0,0
125DUNLG,DSC_7581,,0.01,100.0,25.0,75.5,59.7,0,0
125DUNLG,DSC_7582,,0.01,27.0,22.0,632.8,75.6,0,0
125DUNLG,DSC_7583,,0.01,27.0,22.0,378.6,72.2,0,0
125DUNLG,DSC_7584,,0.01,23.0,22.0,780.0,87.8,0,0
125DUNLG,DSC_7585,,0.01,23.0,22.0,823.0,87.0,0,0
125DUNLG,DSC_7586,,0.01,21.0,22.0,563.3,90.0,0,0
125DUNLG,DSC_7587,,0.01,18.0,22.0,734.8,95.8,0,0
125DUNLG,DSC_7588,,0.01,18.0,22.0,523.3,95.0,0,0
126TNRFE,DSC_7819,450,0.008,75.0,22.0,287.4,129.5,0,0
126TNRFE,DSC_7820,400,0.008,65.0,22.0,276.4,115.3,0,0
126TNRFE,DSC_7821,450,0.008,65.0,22.0,384.9,117.3,0,0
126TNRFE,DSC_7822,450,0.008,65.0,22.0,320.5,120.3,0,0
126TNRFE,DSC_7823,280,0.008,86.0,22.0,252.6,93.0,0,0
126TNRFE,DSC_7824,320,0.008,86.0,22.0,262.8,96.5,0,0
126TNRFE,DSC_7825,450,0.008,155.0,22.0,484.3,84.6,0,0
126TNRFE,DSC_7826,450,0.008,155.0,22.0,487.1,85.1,0,0
126TNRFE,DSC_7827,450,0.008,155.0,22.0,760.2,83.1,0,0
126TNRFE,DSC_7828,560,0.008,200.0,22.0,143.7,159.4,0,0
126TNRFE,DSC_7829,400,0.008,170.0,22.0,131.4,151.4,0,0
126TNRFE,DSC_7830,360,0.008,170.0,22.0,122.3,138.5,0,0
126TNRFE,DSC_7831,320,0.008,170.0,22.0,70.8,139.8,0,0
126TNRFE,DSC_7832,320,0.008,170.0,22.0,131.4,136.0,0,0
126TNRFE,DSC_7833,250,0.008,155.0,22.0,96.6,123.1,0,0
126TNRFE,DSC_7834,1000,0.008,116.0,22.0,437.4,141.0,0,0
126TNRFE,DSC_7835,900,0.008,100.0,22.0,234.2,158.5,0,0
126TNRFE,DSC_7836,400,0.008,116.0,22.0,162.7,111.6,0,0
126TNRFE,DSC_7837,400,0.008,116.0,22.0,97.6,109.5,0,0
126TNRFE,DSC_7838,280,0.008,200.0,22.0,107.7,66.5,0,0
126TNRFE,DSC_7839,360,0.008,116.0,22.0,161.7,66.5,0,0
126TNRFE,DSC_7840,1250,0.008,18.0,22.0,1147.2,90.0,0,0
126TNRFE,DSC_7841,2000,0.008,40.0,22.0,989.3,87.6,0,0
126TNRFE,DSC_7842,1600,0.008,26.0,22.0,619.4,98.4,0,0
126TNRFE,DSC_7843,1100,0.008,18.0,22.0,1188.9,97.3,0,0
126TNRFE,DSC_7844,1100,0.008,18.0,22.0,961.4,95.6,0,0
126TNRFE,DSC_7845,1800,0.008,26.0,22.0,988.6,93.0,0,0
126TNRFE,DSC_7846,1800,0.008,26.0,22.0,651.5,94.2,0,0
126TNRFE,DSC_7847,1600,0.008,26.0,22.0,289.2,97.3,0,0
126TNRFE,DSC_7848,1000,0.008,26.0,22.0,615.2,74.0,0,0
126TNRFE,DSC_7849,1600,0.01,26.0,22.0,766.8,97.5,0,0
126TNRFE,DSC_7850,1400,0.01,26.0,22.0,139.3,98.6,0,0
126TNRFE,DSC_7851,500,0.01,18.0,22.0,250.6,132.7,0,0
126TNRFE,DSC_7852,280,0.01,35.0,22.0,66.8,125.2,0,0
126TNRFE,DSC_7853,400,0.01,27.0,22.0,138.6,132.3,0,0
126TNRFE,DSC_7854,560,0.01,18.0,22.0,320.7,127.7,0,0
126TNRFE,DSC_7855,500,0.01,18.0,22.0,256.0,119.7,1,0
126TNRFE,DSC_7856,560,0.01,18.0,22.0,347.6,127.5,0,0
126TNRFE,DSC_7857,450,0.01,18.0,22.0,347.8,102.6,0,0
126TNRFE,DSC_7858,400,0.01,18.0,22.0,162.3,118.2,0,0
126TNRFE,DSC_7859,450,0.01,18.0,22.0,233.0,121.8,0,0
126TNRFE,DSC_7860,450,0.01,18.0,22.0,109.8,119.2,0,0
126TNRFE,DSC_7861,500,0.01,18.0,22.0,440.5,115.6,0,0
126TNRFE,DSC_7862,180,0.01,40.0,22.0,47.0,104.3,0,0
126TNRFE,DSC_7863,180,0.01,40.0,22.0,40.1,105.0,0,0
126TNRFE,DSC_7864,110,0.01,86.0,22.0,8.7,104.0,0,0
126TNRFE,DSC_7865,110,0.01,86.0,22.0,11.3,104.2,0,0
126TNRFE,DSC_7866,160,0.01,50.0,22.0,23.7,116.7,0,0
126TNRFE,DSC_7867,125,0.01,75.0,22.0,11.5,113.5,0,0
126TNRFE,DSC_7868,125,0.01,75.0,22.0,11.4,113.1,0,0
126TNRFE,DSC_7869,160,0.01,38.0,22.0,38.5,95.1,0,0
126TNRFE,DSC_7870,360,0.01,18.0,22.0,130.1,106.9,0,0
126TNRFE,DSC_7871,180,0.01,32.0,22.0,36.2,82.4,0,0
126TNRFE,DSC_7872,180,0.01,31.0,22.0,27.0,83.4,0,0
126TNRFE,DSC_7873,360,0.01,22.0,22.0,133.7,112.3,0,0
126TNRFE,DSC_7874,220,0.01,26.0,22.0,47.7,96.4,0,0
126TNRFE,DSC_7875,200,0.01,26.0,22.0,39.8,88.1,0,0
126TNRFE,DSC_7876,280,0.01,22.0,22.0,93.6,97.8,0,0
126TNRFE,DSC_7877,280,0.01,22.0,22.0,87.1,98.6,0,0
126TNRFE,DSC_7878,280,0.01,22.0,22.0,77.5,99.7,0,0
126TNRFE,DSC_7879,800,0.01,24.0,22.0,227.6,140.8,0,0
126TNRFE,DSC_7880,800,0.01,24.0,22.0,228.4,140.0,0,0
126TNRFE,DSC_7881,280,0.01,27.0,22.0,83.6,104.8,0,0
126TNRFE,DSC_7882,280,0.01,27.0,22.0,97.4,104.2,0,0
126TNRFE,DSC_7883,360,0.01,22.0,22.0,141.4,110.6,0,0
126TNRFE,DSC_7884,360,0.01,22.0,22.0,154.6,106.7,0,0
126TNRFE,DSC_7885,360,0.01,18.0,22.0,140.5,107.1,0,0
126TNRFE,DSC_7886,400,0.01,18.0,22.0,145.5,112.5,0,0
126TNRFE,DSC_7887,400,0.01,18.0,22.0,138.4,113.0,0,0
126TNRFE,DSC_7888,400,0.01,18.0,22.0,61.2,114.4,0,0
126TNRFE,DSC_7889,400,0.01,18.0,22.0,150.9,113.3,0,0
126TNRFE,DSC_7890,360,0.01,18.0,22.0,190.0,109.4,0,0
126TNRFE,DSC_7891,220,0.01,38.0,22.0,76.8,112.1,0,0
126TNRFE,DSC_7892,220,0.01,38.0,22.0,73.3,113.0,0,0
126TNRFE,DSC_7893,320,0.01,27.0,22.0,136.3,104.9,0,0
126TNRFE,DSC_7894,320,0.01,27.0,22.0,73.2,106.0,0,0
126TNRFE,DSC_7895,360,0.01,18.0,22.0,216.9,93.1,0,0
126TNRFE,DSC_7896,125,0.01,70.0,22.0,11.2,99.0,0,0
126TNRFE,DSC_7897,125,0.01,70.0,22.0,12.7,99.7,1,0
126TNRFE,DSC_7898,140,0.01,58.0,22.0,15.0,105.1,0,0
126TNRFE,DSC_7899,140,0.01,58.0,22.0,12.0,103.5,0,0
126TNRFE,DSC_7900,250,0.01,31.0,22.0,63.6,100.9,0,0
126TNRFE,DSC_7901,250,0.01,31.0,22.0,60.3,100.2,0,0
126TNRFE,DSC_7902,250,0.01,26.0,22.0,72.6,100.3,0,0
126TNRFE,DSC_7903,160,0.01,62.0,22.0,13.2,111.1,0,0
126TNRFE,DSC_7904,200,0.01,32.0,22.0,46.0,87.9,0,0
126TNRFE,DSC_7905,640,0.01,50.0,22.0,220.2,61.7,0,0
126TNRFE,DSC_7906,640,0.01,50.0,22.0,66.2,65.1,0,0
126TNRFE,DSC_7907,640,0.01,40.0,22.0,511.1,58.4,0,0
126TNRFE,DSC_7908,720,0.01,35.0,22.0,110.0,70.5,0,0
126TNRFE,DSC_7909,900,0.01,32.0,22.0,693.8,70.9,0,0
126TNRFE,DSC_7910,560,0.01,50.0,22.0,227.7,62.6,0,0
126TNRFE,DSC_7911,1000,0.01,20.0,22.0,1015.7,97.0,0,0
126TNRFE,DSC_7912,1000,0.01,20.0,22.0,379.0,94.9,0,0
126TNRFE,DSC_7913,500,0.01,44.0,22.0,265.3,53.8,0,0
126TNRFE,DSC_7914,2200,0.01,40.0,22.0,558.8,84.9,0,0
126TNRFE,DSC_7915,2500,0.01,35.0,22.0,860.4,110.8,0,0
126TNRFE,DSC_7916,1250,0.01,23.0,22.0,444.2,102.6,0,0
126TNRFE,DSC_7917,1250,0.01,18.0,22.0,771.2,128.1,1,0
126TNRFE,DSC_7918,500,0.01,44.0,22.0,197.0,103.6,0,0
126TNRFE,DSC_7919,500,0.01,44.0,22.0,157.5,109.5,1,0
126TNRFE,DSC_7920,450,0.01,44.0,22.0,117.8,106.3,0,0
126TNRFE,DSC_7921,500,0.01,44.0,22.0,172.5,106.3,0,0
126TNRFE,DSC_7922,280,0.01,70.0,22.0,24.7,122.9,0,0
126TNRFE,DSC_7923,280,0.01,70.0,22.0,25.4,116.6,0,0
127STHBL,DSC_9038,400,0.0008,100.0,5.0,128.8,119.0,0,0
127STHBL,DSC_9039,400,0.001,116.0,5.0,71.1,112.9,0,0
127STHBL,DSC_9040,400,0.00125,145.0,5.6,631.1,99.5,0,0
127STHBL,DSC_9041,180,0.008,400.0,9.0,124.4,73.2,0,0
127STHBL,DSC_9042,180,0.008,400.0,9.0,148.8,76.8,0,0
127STHBL,DSC_9043,160,0.008,330.0,9.0,597.3,67.8,0,0
127STHBL,DSC_9044,160,0.008,330.0,9.0,62.9,68.8,0,0
127STHBL,DSC_9045,160,0.008,300.0,9.0,92.0,62.3,0,0
127STHBL,DSC_9046,180,0.008,300.0,9.0,433.1,67.0,0,0
127STHBL,DSC_9047,180,0.008,300.0,9.0,334.5,68.1,0,0
127STHBL,DSC_9048,180,0.008,300.0,9.0,106.4,72.9,0,0
127STHBL,DSC_9049,180,0.008,300.0,9.0,131.6,73.3,0,0
127STHBL,DSC_9050,180,0.008,300.0,9.0,258.5,70.3,0,0
127STHBL,DSC_9051,200,0.008,400.0,9.0,68.3,72.1,0,0
127STHBL,DSC_9052,200,0.008,400.0,9.0,432.8,75.8,0,0
127STHBL,DSC_9053,180,0.008,400.0,9.0,139.7,67.7,0,0
127STHBL,DSC_9054,180,0.008,270.0,9.0,229.3,79.9,0,0
127STHBL,DSC_9055,180,0.008,270.0,9.0,277.5,76.7,0,0
127STHBL,DSC_9056,180,0.008,270.0,9.0,396.6,82.5,0,0
127STHBL,DSC_9057,160,0.008,400.0,9.0,285.9,63.1,0,0
127STHBL,DSC_9058,180,0.008,400.0,9.0,243.9,64.6,0,0
127STHBL,DSC_9059,200,0.008,400.0,9.0,276.9,72.0,0,0
127STHBL,DSC_9060,200,0.008,400.0,9.0,333.4,71.5,0,0
127STHBL,DSC_9061,200,0.008,400.0,9.0,158.7,76.9,0,0
127STHBL,DSC_9062,180,0.008,400.0,9.0,285.8,69.6,0,0
127STHBL,DSC_9063,180,0.008,400.0,9.0,197.8,68.2,0,0
127STHBL,DSC_9064,160,0.008,400.0,9.0,279.8,72.2,0,0
127STHBL,DSC_9065,200,0.008,400.0,9.0,128.7,74.6,0,0
127STHBL,DSC_9066,200,0.008,400.0,9.0,59.2,76.8,0,0
127STHBL,DSC_9067,200,0.008,400.0,9.0,526.8,72.0,0,0
127STHBL,DSC_9068,220,0.008,300.0,9.0,615.4,91.7,0,0
127STHBL,DSC_9069,640,0.002,350.0,9.0,709.2,65.6,0,0
127STHBL,DSC_9070,640,0.002,350.0,9.0,662.4,64.7,0,0
127STHBL,DSC_9071,560,0.002,155.0,9.0,896.2,82.8,0,0
127STHBL,DSC_9072,560,0.002,155.0,9.0,650.7,83.6,0,0
127STHBL,DSC_9073,560,0.002,155.0,9.0,806.2,87.3,0,0
127STHBL,DSC_9074,500,0.002,100.0,9.0,743.4,93.5,0,0
127STHBL,DSC_9075,640,0.002,400.0,9.0,356.1,61.0,0,0
127STHBL,DSC_9076,640,0.002,400.0,9.0,240.5,73.9,0,0
127STHBL,DSC_9077,640,0.002,400.0,9.0,370.6,71.8,0,0
127STHBL,DSC_9078,720,0.002,400.0,9.0,254.9,78.9,0,0
127STHBL,DSC_9079,2500,0.0008,330.0,11.0,513.7,61.7,0,0
127STHBL,DSC_9080,2500,0.0008,330.0,11.0,480.5,61.7,0,0
127STHBL,DSC_9081,2500,0.0008,330.0,11.0,471.6,61.1,0,0
127STHBL,DSC_9082,2800,0.0008,330.0,11.0,461.9,67.9,0,0
127STHBL,DSC_9083,2800,0.0008,330.0,11.0,607.0,68.8,0,0
127STHBL,DSC_9084,2500,0.0008,300.0,11.0,532.1,67.9,0,0
127STHBL,DSC_9085,2500,0.0008,300.0,11.0,528.1,68.4,0,0
127STHBL,DSC_9086,2500,0.0008,300.0,11.0,610.7,65.6,0,0
127STHBL,DSC_9087,2500,0.0008,300.0,11.0,667.0,61.4,0,0
127STHBL,DSC_9088,2500,0.0008,300.0,11.0,595.2,63.1,0,0
127STHBL,DSC_9089,2500,0.0008,300.0,11.0,540.1,64.0,0,0
127STHBL,DSC_9090,2500,0.0008,240.0,11.0,901.0,81.5,0,0
127STHBL,DSC_9091,2500,0.0008,240.0,11.0,971.8,72.6,0,0
127STHBL,DSC_9092,2500,0.0008,240.0,11.0,897.9,62.6,0,0
127STHBL,DSC_9093,2800,0.0008,240.0,11.0,1079.3,71.7,0,0
127STHBL,DSC_9094,2500,0.0008,240.0,11.0,948.2,77.0,0,0
127STHBL,DSC_9095,2500,0.0008,250.0,11.0,794.7,66.9,0,0
127STHBL,DSC_9096,2800,0.0008,220.0,11.0,958.8,70.2,0,0
127STHBL,DSC_9097,2800,0.0008,220.0,11.0,960.8,69.0,0,0
127STHBL,DSC_9098,2800,0.0008,220.0,11.0,877.7,77.1,0,0
127STHBL,DSC_9099,2000,0.0008,122.0,11.0,559.9,86.6,0,0
127STHBL,DSC_9100,1800,0.0008,122.0,11.0,369.0,79.4,0,0
127STHBL,DSC_9101,1800,0.0008,122.0,11.0,358.6,81.8,0,0
127STHBL,DSC_9102,2000,0.0008,155.0,11.0,640.2,95.3,0,0
127STHBL,DSC_9103,2500,0.0008,200.0,11.0,625.6,79.1,0,0
127STHBL,DSC_9104,1600,0.0008,62.0,11.0,685.8,112.5,0,0
127STHBL,DSC_9105,1600,0.0008,62.0,11.0,725.7,110.9,0,0
127STHBL,DSC_9106,1600,0.0008,62.0,11.0,741.4,111.1,0,0
127STHBL,DSC_9107,2000,0.0008,100.0,11.0,835.8,86.8,0,0
127STHBL,DSC_9108,2000,0.0008,100.0,11.0,869.2,86.5,0,0
127STHBL,DSC_9109,2500,0.0008,155.0,11.0,898.3,82.6,0,0
127STHBL,DSC_9110,2500,0.0008,155.0,11.0,925.2,79.0,0,0
127STHBL,DSC_9111,2500,0.0008,200.0,11.0,889.2,68.5,0,0
127STHBL,DSC_9112,2200,0.0008,100.0,11.0,693.7,93.3,0,0
127STHBL,DSC_9113,2200,0.0008,100.0,11.0,663.5,99.3,0,0
127STHBL,DSC_9114,2200,0.0008,100.0,11.0,618.1,103.4,0,0
127STHBL,DSC_9115,2000,0.0008,122.0,11.0,609.7,94.5,0,0
127STHBL,DSC_9116,2200,0.0008,155.0,11.0,773.1,93.8,0,0
127STHBL,DSC_9117,2500,0.0008,240.0,11.0,814.4,70.1,0,0
127STHBL,DSC_9118,2500,0.0008,240.0,11.0,958.3,69.8,0,0
127STHBL,DSC_9119,2200,0.0008,240.0,11.0,859.0,67.1,0,0
127STHBL,DSC_9120,2200,0.0008,240.0,11.0,729.0,70.4,0,0
127STHBL,DSC_9121,2500,0.0008,240.0,11.0,798.5,78.1,0,0
127STHBL,DSC_9122,2800,0.0008,240.0,11.0,919.1,78.1,0,0
127STHBL,DSC_9123,2500,0.0008,240.0,11.0,900.5,69.4,0,0
127STHBL,DSC_9124,2500,0.0008,240.0,11.0,906.2,73.6,0,0
127STHBL,DSC_9125,2500,0.0008,240.0,11.0,851.2,74.9,0,0
127STHBL,DSC_9126,1600,0.0008,18.0,11.0,585.4,138.5,0,0
127STHBL,DSC_9127,1600,0.0008,18.0,11.0,598.8,132.9,0,0
127STHBL,DSC_9128,2500,0.0008,92.0,11.0,1085.1,97.2,0,0
127STHBL,DSC_9129,1600,0.0008,18.0,11.0,586.5,131.5,0,0
127STHBL,DSC_9130,1600,0.0008,18.0,11.0,523.9,143.8,0,0
127STHBL,DSC_9131,1600,0.0008,18.0,11.0,517.8,144.7,0,0
127STHBL,DSC_9132,2200,0.0008,58.0,11.0,714.5,124.1,0,0
127STHBL,DSC_9133,,0.0008,400.0,11.0,411.8,74.7,0,0
127STHBL,DSC_9134,,0.0008,400.0,11.0,368.2,71.5,0,0
127STHBL,DSC_9135,,0.0008,400.0,11.0,434.6,70.6,0,0
127STHBL,DSC_9136,,0.0008,400.0,11.0,498.9,72.3,0,0
127STHBL,DSC_9137,,0.0008,400.0,11.0,492.6,73.6,0,0
127STHBL,DSC_9138,,0.0008,400.0,11.0,424.4,72.3,0,0
127STHBL,DSC_9139,,0.0008,400.0,11.0,365.8,73.2,0,0
127STHBL,DSC_9140,,0.0008,400.0,11.0,459.8,72.3,0,0
127STHBL,DSC_9141,3200,0.0008,400.0,11.0,320.4,57.3,0,0
127STHBL,DSC_9142,,0.0008,400.0,11.0,381.9,67.9,0,0
127STHBL,DSC_9143,,0.0008,400.0,11.0,297.9,73.3,0,0
127STHBL,DSC_9144,3200,0.0008,400.0,11.0,362.3,66.3,0,0
127STHBL,DSC_9145,3200,0.0008,400.0,11.0,369.6,64.6,0,0
127STHBL,DSC_9146,,0.0008,400.0,11.0,356.9,72.3,0,0
127STHBL,DSC_9147,3200,0.0008,400.0,11.0,472.0,65.2,0,0
127STHBL,DSC_9148,3200,0.0008,400.0,11.0,375.2,67.6,0,0
127STHBL,DSC_9149,3200,0.0008,400.0,11.0,434.8,65.3,0,0
127STHBL,DSC_9150,,0.0008,400.0,11.0,444.8,72.5,0,0
127STHBL,DSC_9151,3200,0.0008,185.0,11.0,1105.3,74.0,0,0
127STHBL,DSC_9152,2800,0.0008,145.0,11.0,1190.1,75.4,0,0
127STHBL,DSC_9153,2800,0.0008,145.0,11.0,1216.4,79.2,0,0
127STHBL,DSC_9154,2800,0.0008,145.0,11.0,1243.4,74.4,0,0
127STHBL,DSC_9155,2800,0.0008,145.0,11.0,1213.5,75.1,0,0
127STHBL,DSC_9156,2800,0.0008,145.0,11.0,1230.2,76.5,0,0
127STHBL,DSC_9157,2500,0.0008,145.0,11.0,1071.5,72.2,0,0
127STHBL,DSC_9158,2500,0.0008,145.0,11.0,1054.3,73.3,0,0
127STHBL,DSC_9159,2500,0.0008,145.0,11.0,1026.3,73.1,0,0
127STHBL,DSC_9160,2500,0.0008,145.0,11.0,1068.8,76.8,0,0
127STHBL,DSC_9161,2800,0.0008,145.0,11.0,1273.2,71.3,0,0
127STHBL,DSC_9162,2800,0.0008,145.0,11.0,1248.9,72.1,0,0
127STHBL,DSC_9163,2000,0.0008,122.0,11.0,701.9,64.7,0,0
127STHBL,DSC_9164,2200,0.0008,122.0,11.0,865.3,71.5,0,0
127STHBL,DSC_9165,2200,0.0008,122.0,11.0,785.3,68.4,0,0
127STHBL,DSC_9166,2200,0.0008,122.0,11.0,752.3,65.8,0,0
127STHBL,DSC_9167,,0.0008,250.0,11.0,1516.0,89.1,0,0
127STHBL,DSC_9168,,0.0008,250.0,11.0,1519.0,84.9,0,0
127STHBL,DSC_9169,,0.0008,250.0,11.0,1378.1,87.3,0,0
127STHBL,DSC_9170,3200,0.0008,250.0,11.0,439.8,81.0,0,0
127STHBL,DSC_9171,2800,0.0008,250.0,11.0,520.8,74.1,0,0
127STHBL,DSC_9172,2800,0.0008,250.0,11.0,503.1,76.1,0,0
127STHBL,DSC_9173,3200,0.0008,240.0,11.0,1339.9,88.5,0,0
127STHBL,DSC_9174,3200,0.0008,240.0,11.0,1278.5,86.2,0,0
127STHBL,DSC_9175,,0.0008,240.0,11.0,1455.1,92.2,0,0
127STHBL,DSC_9176,3200,0.0008,240.0,11.0,1360.6,83.9,0,0
127STHBL,DSC_9177,3200,0.0008,240.0,11.0,1379.2,83.0,0,0
127STHBL,DSC_9178,3200,0.0008,240.0,11.0,1376.0,85.3,0,0
127STHBL,DSC_9179,2500,0.0008,200.0,11.0,738.9,71.2,0,0
127STHBL,DSC_9180,2200,0.0008,170.0,11.0,784.1,90.8,0,0
127STHBL,DSC_9181,2200,0.0008,135.0,11.0,978.7,71.6,0,0
127STHBL,DSC_9182,2200,0.0008,135.0,11.0,886.8,78.7,0,0
127STHBL,DSC_9183,2200,0.0008,135.0,11.0,946.5,68.1,0,0
127STHBL,DSC_9184,,0.0008,220.0,11.0,1058.7,75.9,0,0
127STHBL,DSC_9185,3200,0.0008,220.0,11.0,953.0,68.8,0,0
127STHBL,DSC_9186,,0.0008,220.0,11.0,927.1,73.3,0,0
127STHBL,DSC_9187,,0.0008,220.0,11.0,807.1,76.4,0,0
127STHBL,DSC_9188,,0.0008,220.0,11.0,955.3,75.0,0,0
127STHBL,DSC_9189,2000,0.0008,122.0,11.0,935.4,78.1,0,0
127STHBL,DSC_9190,2000,0.0008,122.0,11.0,949.0,75.8,0,0
127STHBL,DSC_9191,2000,0.0008,122.0,11.0,942.3,75.2,0,0
127STHBL,DSC_9192,2000,0.0008,122.0,11.0,952.1,80.0,0,0
127STHBL,DSC_9193,2000,0.0008,122.0,11.0,927.6,83.4,0,0
127STHBL,DSC_9194,2000,0.0008,122.0,11.0,935.4,80.0,0,0
127STHBL,DSC_9195,2200,0.0008,100.0,11.0,800.0,79.8,0,0
127STHBL,DSC_9196,2200,0.0008,100.0,11.0,699.9,90.4,0,0
127STHBL,DSC_9197,2200,0.0008,100.0,11.0,762.7,84.4,0,0
127STHBL,DSC_9198,2200,0.0008,100.0,11.0,749.8,85.5,0,0
127STHBL,DSC_9199,2500,0.0008,100.0,11.0,875.6,93.4,0,0
127STHBL,DSC_9200,2200,0.0008,135.0,11.0,749.0,80.2,0,0
127STHBL,DSC_9201,2200,0.0008,135.0,11.0,703.4,81.1,0,0
127STHBL,DSC_9202,2200,0.0008,135.0,11.0,735.3,78.1,0,0
127STHBL,DSC_9203,2200,0.0008,135.0,11.0,714.0,75.6,0,0
127STHBL,DSC_9204,2200,0.0008,86.0,11.0,583.1,105.3,0,0
127STHBL,DSC_9205,2500,0.0008,145.0,11.0,1455.7,83.9,0,0
127STHBL,DSC_9206,2800,0.0008,145.0,11.0,1462.2,76.3,0,0
127STHBL,DSC_9207,2800,0.0008,145.0,11.0,1008.8,75.1,0,0
127STHBL,DSC_9208,2800,0.0008,330.0,11.0,306.5,61.7,0,0
127STHBL,DSC_9209,3200,0.0008,240.0,11.0,908.6,78.9,0,0
127STHBL,DSC_9210,3200,0.0008,240.0,11.0,362.1,94.0,0,0
127STHBL,DSC_9211,3200,0.0008,330.0,11.0,404.2,76.2,0,0
127STHBL,DSC_9212,3200,0.0008,330.0,11.0,314.2,70.0,0,0
127STHBL,DSC_9213,2200,0.000625,240.0,8.0,509.8,85.3,0,0
127STHBL,DSC_9214,2000,0.000625,240.0,8.0,380.1,77.0,0,0
127STHBL,DSC_9215,2000,0.000625,240.0,8.0,876.1,72.9,0,0
127STHBL,DSC_9216,2000,0.000625,240.0,8.0,870.4,73.0,0,0
127STHBL,DSC_9217,2000,0.000625,240.0,8.0,881.5,72.1,0,0
127STHBL,DSC_9218,2000,0.000625,240.0,8.0,733.4,74.5,0,0
127STHBL,DSC_9219,2200,0.000625,240.0,8.0,626.6,77.4,0,0
127STHBL,DSC_9220,2200,0.000625,220.0,8.0,843.6,74.8,0,0
127STHBL,DSC_9221,2200,0.000625,220.0,8.0,821.5,77.3,0,0
127STHBL,DSC_9222,2200,0.000625,220.0,8.0,773.7,82.9,0,0
127STHBL,DSC_9223,2200,0.000625,220.0,8.0,801.8,81.5,0,0
127STHBL,DSC_9224,2200,0.000625,220.0,8.0,806.6,77.8,0,0
127STHBL,DSC_9225,2200,0.000625,220.0,8.0,956.8,76.0,0,0
127STHBL,DSC_9226,2200,0.000625,200.0,8.0,746.5,79.5,0,0
127STHBL,DSC_9227,2000,0.000625,400.0,8.0,287.5,70.6,0,0
127STHBL,DSC_9228,2200,0.000625,400.0,8.0,146.5,74.7,0,0
127STHBL,DSC_9229,2200,0.000625,200.0,8.0,368.2,85.8,0,0
127STHBL,DSC_9230,2200,0.000625,200.0,8.0,603.7,76.0,0,0
127STHBL,DSC_9231,2200,0.000625,200.0,8.0,648.5,75.4,0,0
127STHBL,DSC_9232,2200,0.000625,200.0,8.0,498.5,75.0,0,0
127STHBL,DSC_9233,2200,0.000625,200.0,8.0,747.1,77.1,0,0
127STHBL,DSC_9234,2000,0.000625,200.0,8.0,540.9,67.8,0,0
127STHBL,DSC_9235,2200,0.000625,185.0,8.0,1187.6,72.5,0,0
127STHBL,DSC_9236,2000,0.000625,135.0,8.0,1303.2,74.7,0,0
127STHBL,DSC_9237,2000,0.000625,135.0,8.0,1295.1,74.6,0,0
127STHBL,DSC_9238,2000,0.000625,135.0,8.0,1275.1,74.5,0,0
127STHBL,DSC_9239,2200,0.000625,185.0,8.0,1209.3,73.0,0,0
127STHBL,DSC_9240,2000,0.000625,185.0,8.0,1106.5,68.4,0,0
127STHBL,DSC_9241,2000,0.000625,185.0,8.0,1128.5,67.8,0,0
127STHBL,DSC_9242,2000,0.000625,185.0,8.0,1118.3,66.8,0,0
127STHBL,DSC_9243,2200,0.000625,185.0,8.0,1178.1,73.3,0,0
127STHBL,DSC_9244,2000,0.000625,185.0,8.0,1125.3,65.7,0,0
127STHBL,DSC_9245,2200,0.000625,185.0,8.0,1240.2,71.4,0,0
127STHBL,DSC_9246,2000,0.000625,250.0,8.0,369.8,71.3,0,0
127STHBL,DSC_9247,2000,0.000625,250.0,8.0,773.8,77.8,0,0
127STHBL,DSC_9248,2200,0.000625,250.0,8.0,714.9,83.8,0,0
127STHBL,DSC_9249,2200,0.000625,250.0,8.0,727.5,80.3,0,0
127STHBL,DSC_9250,2000,0.000625,250.0,8.0,631.5,71.1,0,0
127STHBL,DSC_9251,2000,0.000625,250.0,8.0,668.6,72.5,0,0
127STHBL,DSC_9252,400,0.000625,75.0,8.0,399.8,138.5,0,0
127STHBL,DSC_9253,800,0.000625,400.0,8.0,131.7,139.0,0,0
127STHBL,DSC_9254,800,0.000625,400.0,8.0,115.6,138.7,0,0
127STHBL,DSC_9255,900,0.000625,400.0,8.0,202.9,139.2,0,0
127STHBL,DSC_9256,900,0.000625,400.0,8.0,174.5,141.9,0,0
127STHBL,DSC_9257,800,0.000625,400.0,8.0,203.5,128.1,0,0
127STHBL,DSC_9258,800,0.000625,400.0,8.0,117.2,132.1,0,0
127STHBL,DSC_9259,1100,0.000625,400.0,8.0,113.3,151.6,0,0
127STHBL,DSC_9260,720,0.000625,400.0,8.0,124.8,112.9,0,0
127STHBL,DSC_9261,640,0.000625,18.0,8.0,393.8,134.6,0,0
127STHBL,DSC_9262,720,0.000625,18.0,8.0,436.8,141.7,0,0
127STHBL,DSC_9263,450,0.000625,75.0,8.0,448.6,133.2,0,0
127STHBL,DSC_9264,450,0.000625,75.0,8.0,430.7,132.9,0,0
127STHBL,DSC_9265,450,0.000625,116.0,8.0,332.0,119.9,0,0
127STHBL,DSC_9266,640,0.000625,400.0,8.0,174.9,116.4,0,0
127STHBL,DSC_9267,640,0.000625,400.0,8.0,162.8,116.7,0,0
127STHBL,DSC_9268,720,0.000625,400.0,8.0,210.4,125.5,0,0
127STHBL,DSC_9269,720,0.000625,400.0,8.0,108.2,118.3,0,0
127STHBL,DSC_9270,720,0.000625,400.0,8.0,122.9,113.7,0,0
127STHBL,DSC_9271,720,0.000625,400.0,8.0,108.4,115.1,0,0
127STHBL,DSC_9272,720,0.000625,21.0,8.0,287.8,135.0,0,0
127STHBL,DSC_9273,640,0.000625,18.0,8.0,345.4,134.2,0,0
127STHBL,DSC_9274,640,0.000625,18.0,8.0,370.6,132.1,0,0
127STHBL,DSC_9275,640,0.000625,18.0,8.0,317.3,133.2,0,0
127STHBL,DSC_9276,450,0.000625,116.0,8.0,254.6,120.0,0,0
127STHBL,DSC_9277,450,0.000625,116.0,8.0,240.6,121.6,0,0
127STHBL,DSC_9278,450,0.000625,116.0,8.0,286.6,118.5,0,0
127STHBL,DSC_9279,1250,0.000625,18.0,8.0,546.4,142.2,0,0
127STHBL,DSC_9280,1250,0.000625,18.0,8.0,529.0,142.8,0,0
127STHBL,DSC_9281,1100,0.000625,18.0,8.0,402.9,148.2,0,0
127STHBL,DSC_9282,560,0.000625,18.0,8.0,205.9,134.1,0,0
127STHBL,DSC_9283,400,0.000625,80.0,8.0,361.9,129.2,0,0
127STHBL,DSC_9284,400,0.000625,86.0,8.0,429.7,131.6,0,0
127STHBL,DSC_9285,400,0.000625,86.0,8.0,406.0,131.4,0,0
127STHBL,DSC_9286,900,0.000625,400.0,8.0,197.7,138.4,0,0
127STHBL,DSC_9287,800,0.000625,400.0,8.0,178.1,124.2,0,0
127STHBL,DSC_9288,1000,0.000625,400.0,8.0,220.8,140.5,0,0
127STHBL,DSC_9289,900,0.000625,400.0,8.0,200.5,134.5,0,0
127STHBL,DSC_9290,900,0.000625,400.0,8.0,234.6,130.9,0,0
127STHBL,DSC_9291,400,0.000625,122.0,8.0,331.2,125.1,0,0
127STHBL,DSC_9292,400,0.000625,122.0,8.0,326.7,126.7,0,0
127STHBL,DSC_9293,400,0.000625,122.0,8.0,346.2,123.1,0,0
127STHBL,DSC_9294,400,0.000625,122.0,8.0,350.4,122.1,0,0
127STHBL,DSC_9295,400,0.000625,122.0,8.0,296.5,127.2,0,0
127STHBL,DSC_9296,560,0.000625,250.0,8.0,169.7,132.4,0,0
127STHBL,DSC_9297,560,0.000625,250.0,8.0,171.1,129.9,0,0
127STHBL,DSC_9298,560,0.000625,250.0,8.0,171.1,131.7,0,0
127STHBL,DSC_9299,560,0.000625,250.0,8.0,158.3,133.5,0,0
127STHBL,DSC_9300,560,0.000625,250.0,8.0,131.3,137.6,0,0
127STHBL,DSC_9301,720,0.000625,400.0,8.0,157.6,119.7,0,0
127STHBL,DSC_9302,800,0.000625,400.0,8.0,113.4,137.6,0,0
127STHBL,DSC_9303,800,0.000625,400.0,8.0,133.7,132.2,0,0
127STHBL,DSC_9304,800,0.000625,400.0,8.0,160.8,127.5,0,0
127STHBL,DSC_9305,640,0.000625,270.0,8.0,162.5,135.7,0,0
127STHBL,DSC_9306,640,0.000625,270.0,8.0,143.8,138.4,0,0
127STHBL,DSC_9307,640,0.000625,270.0,8.0,132.4,140.3,0,0
127STHBL,DSC_9308,640,0.000625,270.0,8.0,146.9,135.8,0,0
127STHBL,DSC_9309,400,0.000625,240.0,8.0,196.6,120.6,0,0
127STHBL,DSC_9310,450,0.000625,240.0,8.0,231.0,128.1,0,0
127STHBL,DSC_9311,450,0.000625,240.0,8.0,233.1,127.2,0,0
127STHBL,DSC_9312,720,0.000625,400.0,8.0,76.1,121.1,0,0
127STHBL,DSC_9313,1000,0.000625,400.0,8.0,88.5,141.0,0,0
127STHBL,DSC_9314,900,0.000625,400.0,8.0,153.3,135.6,0,0
127STHBL,DSC_9315,900,0.000625,400.0,8.0,192.2,136.0,0,0
127STHBL,DSC_9316,560,0.000625,400.0,8.0,111.1,115.8,0,0
127STHBL,DSC_9317,640,0.000625,400.0,8.0,149.9,125.5,0,0
127STHBL,DSC_9318,640,0.000625,400.0,8.0,186.2,123.2,0,0
127STHBL,DSC_9319,640,0.000625,400.0,8.0,107.8,113.8,0,0
127STHBL,DSC_9320,640,0.000625,400.0,8.0,87.0,118.1,0,0
127STHBL,DSC_9321,800,0.000625,400.0,8.0,97.9,128.8,0,0
127STHBL,DSC_9322,1000,0.000625,400.0,8.0,179.0,141.1,0,0
127STHBL,DSC_9323,800,0.000625,350.0,8.0,143.8,137.2,0,0
127STHBL,DSC_9324,720,0.000625,300.0,8.0,155.9,133.4,0,0
127STHBL,DSC_9325,720,0.000625,300.0,8.0,110.8,132.3,0,0
127STHBL,DSC_9326,640,0.000625,300.0,8.0,108.7,127.2,0,0
127STHBL,DSC_9327,720,0.000625,300.0,8.0,143.2,135.5,0,0
127STHBL,DSC_9328,400,0.000625,75.0,8.0,344.9,147.2,0,0
127STHBL,DSC_9329,400,0.000625,100.0,8.0,278.4,136.1,0,0
127STHBL,DSC_9330,400,0.000625,100.0,8.0,340.3,132.0,0,0
127STHBL,DSC_9331,400,0.000625,100.0,8.0,306.8,134.0,0,0
127STHBL,DSC_9332,400,0.000625,80.0,8.0,355.0,139.6,0,0
127STHBL,DSC_9333,2200,0.00125,40.0,25.0,212.6,131.6,0,0
127STHBL,DSC_9334,2800,0.00125,86.0,32.0,155.0,123.1,0,0
127STHBL,DSC_9335,2800,0.00125,86.0,32.0,175.9,122.1,0,0
127STHBL,DSC_9336,2500,0.00125,55.0,29.0,144.2,130.0,0,0
127STHBL,DSC_9337,2200,0.00125,400.0,32.0,101.1,100.9,0,0
127STHBL,DSC_9338,2800,0.00125,400.0,32.0,78.8,128.8,0,0
127STHBL,DSC_9339,2500,0.00125,400.0,32.0,99.5,109.8,0,0
127STHBL,DSC_9340,,0.00125,155.0,32.0,176.3,114.3,0,0
127STHBL,DSC_9341,,0.00125,155.0,32.0,167.0,122.4,0,0
127STHBL,DSC_9342,,0.00125,185.0,32.0,210.1,108.8,0,0
127STHBL,DSC_9343,1400,0.0004,330.0,11.0,107.2,112.1,0,0
127STHBL,DSC_9344,1400,0.0004,330.0,11.0,108.4,111.2,0,0
127STHBL,DSC_9345,1100,0.0004,330.0,11.0,132.8,93.9,0,0
127STHBL,DSC_9346,1400,0.0004,330.0,11.0,214.6,111.0,0,0
127STHBL,DSC_9347,1400,0.0004,330.0,11.0,236.7,112.3,0,0
127STHBL,DSC_9348,1400,0.0004,330.0,11.0,143.4,125.8,0,0
127STHBL,DSC_9349,1250,0.0004,330.0,11.0,81.6,123.3,0,0
127STHBL,DSC_9350,1250,0.0004,330.0,11.0,111.7,119.3,0,0
127STHBL,DSC_9351,1250,0.0004,330.0,11.0,142.8,115.7,0,0
127STHBL,DSC_9352,1250,0.0004,330.0,11.0,164.4,109.9,0,0
127STHBL,DSC_9353,1400,0.0004,330.0,11.0,175.8,120.7,0,0
127STHBL,DSC_9354,1250,0.0004,330.0,11.0,148.6,113.3,0,0
127STHBL,DSC_9355,1400,0.0004,330.0,11.0,277.9,105.2,0,0
127STHBL,DSC_9356,1400,0.0004,330.0,11.0,222.6,115.0,0,0
127STHBL,DSC_9357,1400,0.0004,330.0,11.0,276.2,106.9,0,0
127STHBL,DSC_9358,1400,0.0004,330.0,11.0,196.4,118.9,0,0
127STHBL,DSC_9359,1400,0.0004,330.0,11.0,139.5,127.5,0,0
127STHBL,DSC_9360,1400,0.0004,330.0,11.0,118.8,130.4,0,0
127STHBL,DSC_9361,1400,0.0004,330.0,11.0,121.1,129.0,0,0
127STHBL,DSC_9362,1400,0.0004,330.0,11.0,160.6,121.3,0,0
127STHBL,DSC_9363,1250,0.0004,330.0,11.0,188.9,105.3,0,0
127STHBL,DSC_9364,1400,0.0004,330.0,11.0,240.5,115.4,0,0
127STHBL,DSC_9365,1100,0.0004,370.0,11.0,110.4,106.8,0,0
128MARLY,DSC_9511,,0.0004,46.0,11.0,1449.3,70.0,0,0
128MARLY,DSC_9512,,0.0004,100.0,11.0,1338.8,60.4,0,0
128MARLY,DSC_9513,,0.0004,31.0,11.0,1233.7,70.7,0,0
128MARLY,DSC_9514,,0.0004,31.0,11.0,1181.8,73.2,0,0
128MARLY,DSC_9515,,0.0004,27.0,11.0,1303.3,86.2,0,0
128MARLY,DSC_9516,,0.0004,29.0,11.0,2179.3,86.0,0,0
128MARLY,DSC_9517,,0.0004,55.0,11.0,1595.4,64.5,0,0
128MARLY,DSC_9518,,0.0004,70.0,11.0,1328.0,38.4,0,0
128MARLY,DSC_9519,,0.0004,100.0,11.0,1023.5,37.9,0,0
128MARLY,DSC_9520,,0.0004,18.0,11.0,1564.3,86.5,0,0
128MARLY,DSC_9521,,0.0004,18.0,11.0,1544.4,83.7,0,0
128MARLY,DSC_9522,,0.0004,18.0,11.0,2489.1,81.1,0,0
128MARLY,DSC_9523,,0.0004,18.0,11.0,2397.8,81.5,0,0
128MARLY,DSC_9524,,0.0004,18.0,11.0,2034.6,97.8,0,0
128MARLY,DSC_9525,,0.0004,18.0,11.0,1830.6,100.2,0,0
128MARLY,DSC_9526,,0.0004,18.0,11.0,1782.4,83.7,0,0
128MARLY,DSC_9527,,0.0004,18.0,11.0,1545.9,82.8,0,0
128MARLY,DSC_9528,,0.0004,18.0,11.0,1599.7,80.5,0,0
128MARLY,DSC_9529,,0.0004,18.0,11.0,3111.9,88.7,0,0
128MARLY,DSC_9530,,0.0004,18.0,11.0,2956.0,86.4,0,0
128MARLY,DSC_9531,,0.0004,18.0,11.0,1745.4,96.7,0,0
128MARLY,DSC_9532,2800,0.0004,18.0,11.0,1763.9,95.5,0,0
128MARLY,DSC_9533,,0.0004,18.0,11.0,1890.4,70.0,0,0
128MARLY,DSC_9534,3200,0.0004,18.0,11.0,1401.7,69.8,0,0
128MARLY,DSC_9535,,0.0004,18.0,11.0,1560.3,70.8,0,0
128MARLY,DSC_9536,,0.0004,18.0,11.0,3433.9,109.5,0,0
128MARLY,DSC_9537,,0.0004,18.0,11.0,3323.2,111.3,0,0
128MARLY,DSC_9538,,0.0004,18.0,11.0,1476.1,58.8,1,0
128MARLY,DSC_9539,,0.0004,18.0,11.0,1487.0,56.0,0,0
128MARLY,DSC_9540,,0.0004,18.0,11.0,1441.6,54.3,0,0
128MARLY,DSC_9541,,0.0004,18.0,11.0,1692.6,31.1,0,0
128MARLY,DSC_9542,,0.0004,75.0,11.0,2236.5,77.3,0,0
128MARLY,DSC_9543,,0.0004,86.0,11.0,2743.9,71.6,0,0
128MARLY,DSC_9544,,0.0004,27.0,11.0,3378.9,65.5,0,0
128MARLY,DSC_9545,,0.0004,35.0,11.0,4746.3,77.3,0,0
128MARLY,DSC_9546,,0.0004,86.0,11.0,283.9,63.3,0,0
128MARLY,DSC_9547,,0.0004,18.0,11.0,3517.5,87.3,0,0
128MARLY,DSC_9548,,0.0004,50.0,11.0,1521.8,76.4,0,0
128MARLY,DSC_9549,,0.0004,35.0,11.0,1764.4,78.5,0,0
128MARLY,DSC_9550,,0.0004,58.0,11.0,3489.9,91.7,0,0
128MARLY,DSC_9551,,0.0004,300.0,11.0,671.5,81.5,0,0
128MARLY,DSC_9552,,0.0004,122.0,11.0,1604.7,81.2,0,0
128MARLY,DSC_9553,,0.0004,270.0,11.0,1349.0,88.7,0,0
128MARLY,DSC_9554,,0.0004,155.0,11.0,2888.2,64.5,0,0
128MARLY,DSC_9555,,0.0004,27.0,11.0,2243.5,96.9,1,0
128MARLY,DSC_9556,,0.0004,27.0,11.0,2408.5,83.3,0,0
128MARLY,DSC_9557,,0.0004,38.0,11.0,2828.8,88.5,0,0
128MARLY,DSC_9558,,0.0004,145.0,11.0,161.0,84.2,0,0
128MARLY,DSC_9559,,0.0004,400.0,11.0,163.9,47.2,0,0
128MARLY,DSC_9560,,0.0004,400.0,11.0,217.8,66.5,0,0
128MARLY,DSC_9561,,0.0004,400.0,11.0,191.0,75.0,0,0
128MARLY,DSC_9562,,0.0004,400.0,11.0,133.2,70.4,0,0
128MARLY,DSC_9563,100,0.016666666666666666,400.0,6.3,8.0,79.8,0,0
128MARLY,DSC_9564,100,0.016666666666666666,400.0,6.3,15.8,76.9,1,0
128MARLY,DSC_9565,100,0.016666666666666666,400.0,6.3,15.2,72.0,0,0
128MARLY,DSC_9566,100,0.00625,86.0,6.3,118.1,75.7,0,0
128MARLY,DSC_9567,100,0.005,135.0,6.3,98.9,62.8,0,0
128MARLY,DSC_9568,100,0.008,92.0,6.3,325.8,77.7,0,0
128MARLY,DSC_9569,100,0.004,70.0,5.0,630.4,73.8,0,0
128MARLY,DSC_9570,100,0.00625,46.0,5.0,1255.1,76.7,0,0
128MARLY,DSC_9571,100,0.008,40.0,5.0,1710.9,95.4,0,0
128MARLY,DSC_9572,100,0.01,44.0,4.0,10.1,99.9,0,0
128MARLY,DSC_9573,100,0.008,44.0,4.0,12.1,102.3,0,0
128MARLY,DSC_9574,100,0.00625,122.0,5.6,5.3,78.2,0,0
128MARLY,DSC_9575,100,0.00625,122.0,5.6,5.1,74.9,0,0
128MARLY,DSC_9576,100,0.01,170.0,5.6,21.7,71.9,0,0
128MARLY,DSC_9577,100,0.002,26.0,3.5,1715.9,76.1,0,0
128MARLY,DSC_9578,100,0.002,22.0,3.5,1754.9,82.5,0,0
128MARLY,DSC_9579,100,0.002,22.0,3.5,1699.7,84.9,0,0
128MARLY,DSC_9580,100,0.002,24.0,3.5,2075.2,83.4,0,0
128MARLY,DSC_9581,100,0.002,24.0,3.5,2674.0,85.8,0,0
128MARLY,DSC_9582,1000,0.016666666666666666,18.0,22.0,1959.9,87.3,0,0
128MARLY,DSC_9583,720,0.016666666666666666,32.0,22.0,876.4,71.7,0,0
128MARLY,DSC_9584,160,0.0008,400.0,6.3,143.4,66.9,1,0
128MARLY,DSC_9585,160,0.0008,400.0,6.3,111.0,66.7,0,0
128MARLY,DSC_9586,160,0.0008,400.0,6.3,81.1,66.5,0,0
128MARLY,DSC_9587,160,0.0008,400.0,6.3,74.3,65.1,0,0
128MARLY,DSC_9588,160,0.0008,400.0,6.3,54.5,64.8,0,0
128MARLY,DSC_9589,160,0.0008,400.0,6.3,64.1,66.4,0,0
128MARLY,DSC_9590,160,0.0008,400.0,6.3,66.8,65.8,0,0
128MARLY,DSC_9591,160,0.0008,400.0,6.3,69.7,65.4,0,0
128MARLY,DSC_9592,160,0.0008,400.0,6.3,84.7,66.2,0,0
128MARLY,DSC_9593,140,0.0008,18.0,3.5,2176.0,146.4,0,0
128MARLY,DSC_9594,,0.0008,18.0,22.0,1599.1,147.1,0,0
128MARLY,DSC_9595,,0.0008,18.0,22.0,1476.0,144.8,0,0
128MARLY,DSC_9596,500,0.008,18.0,22.0,1475.9,140.7,0,0
128MARLY,DSC_9597,640,0.008,18.0,22.0,1303.0,151.5,0,0
128MARLY,DSC_9598,320,0.008,116.0,20.0,448.3,98.9,0,0
128MARLY,DSC_9599,280,0.008,185.0,20.0,412.2,83.0,0,0
128MARLY,DSC_9600,220,0.008,38.0,20.0,399.4,123.6,0,0
129DALKY,DSC_9601,100,0.008,18.0,20.0,610.2,153.1,0,0
129DALKY,DSC_9602,125,0.008,18.0,22.0,640.1,153.2,0,0
129DALKY,DSC_9603,110,0.008,18.0,22.0,710.5,143.6,0,0
129DALKY,DSC_9604,100,0.008,18.0,22.0,612.1,136.2,0,0
129DALKY,DSC_9605,110,0.008,18.0,22.0,959.6,137.3,0,0
129DALKY,DSC_9606,100,0.008,18.0,22.0,518.4,144.0,0,0
129DALKY,DSC_9607,100,0.008,35.0,22.0,319.2,152.1,0,0
129DALKY,DSC_9608,125,0.008,18.0,22.0,215.3,145.1,0,0
129DALKY,DSC_9609,110,0.008,18.0,22.0,138.3,147.7,0,0
129DALKY,DSC_9610,160,0.008,18.0,22.0,205.0,150.7,0,0
129DALKY,DSC_9611,180,0.008,18.0,22.0,213.7,148.3,0,0
129DALKY,DSC_9612,125,0.008,18.0,22.0,292.9,142.2,0,0
129DALKY,DSC_9613,220,0.008,170.0,22.0,77.9,143.2,0,0
129DALKY,DSC_9614,140,0.008,100.0,22.0,65.3,130.9,0,0
129DALKY,DSC_9615,100,0.008,400.0,22.0,505.0,159.7,0,0
129DALKY,DSC_9616,100,0.008,400.0,22.0,685.4,158.5,0,0
129DALKY,DSC_9617,100,0.008,400.0,22.0,354.2,157.2,0,0
129DALKY,DSC_9618,125,0.008,400.0,22.0,570.5,127.0,0,0
129DALKY,DSC_9619,125,0.008,400.0,22.0,519.9,130.3,0,0
129DALKY,DSC_9620,180,0.008,26.0,22.0,96.3,159.3,0,0
129DALKY,DSC_9621,160,0.008,21.0,22.0,211.7,143.8,0,0
129DALKY,DSC_9622,250,0.008,31.0,22.0,223.0,166.8,0,0
129DALKY,DSC_9623,100,0.008,18.0,22.0,157.8,124.8,0,0
129DALKY,DSC_9624,100,0.008,18.0,22.0,174.7,126.6,0,0
129DALKY,DSC_9625,280,0.008,400.0,22.0,82.1,113.6,0,0
129DALKY,DSC_9626,250,0.008,400.0,22.0,84.3,115.4,0,0
129DALKY,DSC_9627,280,0.008,400.0,22.0,27.7,141.1,0,0
129DALKY,DSC_9628,250,0.008,400.0,22.0,85.1,160.5,0,0
129DALKY,DSC_9629,140,0.008,400.0,22.0,253.7,183.5,0,0
129DALKY,DSC_9630,140,0.008,400.0,22.0,82.8,197.8,0,0
129DALKY,DSC_9631,140,0.008,400.0,22.0,125.1,160.0,0,0
129DALKY,DSC_9632,200,0.008,400.0,22.0,51.9,159.2,0,0
129DALKY,DSC_9633,220,0.008,400.0,22.0,176.9,145.5,0,0
129DALKY,DSC_9634,200,0.008,400.0,22.0,119.9,135.2,0,0
129DALKY,DSC_9635,200,0.008,400.0,22.0,43.0,101.6,0,0
129DALKY,DSC_9636,320,0.008,400.0,22.0,111.2,106.6,0,0
129DALKY,DSC_9637,125,0.008,18.0,22.0,204.1,129.8,0,0
129DALKY,DSC_9638,110,0.008,18.0,22.0,182.9,130.0,0,0
129DALKY,DSC_9639,110,0.008,18.0,22.0,188.8,129.4,0,0
129DALKY,DSC_9640,110,0.008,18.0,22.0,242.0,130.3,0,0
129DALKY,DSC_9641,140,0.008,18.0,22.0,351.7,135.5,0,0
129DALKY,DSC_9642,140,0.008,18.0,22.0,254.9,140.6,0,0
129DALKY,DSC_9643,140,0.008,18.0,22.0,396.7,128.6,0,0
129DALKY,DSC_9644,280,0.008,18.0,22.0,823.9,159.9,0,0
129DALKY,DSC_9645,160,0.008,18.0,22.0,190.6,138.9,0,0
129DALKY,DSC_9646,180,0.008,122.0,22.0,82.2,143.3,0,0
129DALKY,DSC_9647,180,0.008,122.0,22.0,34.5,144.6,0,0
129DALKY,DSC_9648,160,0.008,100.0,22.0,252.8,133.6,0,0
129DALKY,DSC_9649,140,0.008,100.0,22.0,258.3,125.6,0,0
129DALKY,DSC_9650,180,0.008,80.0,22.0,70.2,149.3,0,0
129DALKY,DSC_9651,160,0.008,80.0,22.0,188.6,140.3,0,0
129DALKY,DSC_9652,180,0.008,92.0,22.0,59.7,146.6,0,0
129DALKY,DSC_9653,140,0.008,18.0,22.0,174.4,141.1,0,0
129DALKY,DSC_9654,140,0.008,18.0,22.0,184.0,135.6,0,0
129DALKY,DSC_9655,180,0.008,38.0,22.0,435.1,156.2,0,0
129DALKY,DSC_9656,220,0.008,31.0,22.0,151.0,144.6,0,0
129DALKY,DSC_9657,100,0.008,122.0,22.0,809.6,120.3,0,0
129DALKY,DSC_9658,125,0.008,220.0,22.0,599.5,124.1,0,0
129DALKY,DSC_9659,180,0.008,400.0,22.0,201.0,142.4,0,0
129DALKY,DSC_9660,200,0.008,220.0,22.0,105.0,119.9,0,0
129DALKY,DSC_9661,200,0.008,300.0,22.0,10.4,115.1,0,0
129DALKY,DSC_9662,200,0.008,300.0,22.0,9.6,132.6,0,0
129DALKY,DSC_9663,180,0.008,300.0,22.0,11.6,127.4,0,0
129DALKY,DSC_9664,180,0.008,300.0,22.0,11.4,119.8,0,0
129DALKY,DSC_9665,180,0.008,300.0,22.0,10.7,119.9,0,0
129DALKY,DSC_9666,180,0.008,300.0,22.0,10.2,125.5,0,0
129DALKY,DSC_9667,180,0.008,300.0,22.0,10.9,119.6,0,0
129DALKY,DSC_9668,180,0.008,300.0,22.0,13.0,120.9,0,0
129DALKY,DSC_9669,180,0.008,300.0,22.0,10.9,123.4,0,0
129DALKY,DSC_9670,180,0.008,300.0,22.0,9.7,126.0,0,0
129DALKY,DSC_9671,180,0.008,300.0,22.0,11.2,120.8,0,0
129DALKY,DSC_9672,450,0.008,400.0,22.0,281.8,82.7,0,0
129DALKY,DSC_9673,360,0.008,92.0,22.0,193.5,116.5,0,0
129DALKY,DSC_9674,400,0.008,92.0,22.0,210.1,139.2,0,0
129DALKY,DSC_9675,320,0.008,92.0,22.0,43.6,135.7,0,0
129DALKY,DSC_9676,450,0.008,92.0,22.0,427.9,127.6,0,0
129DALKY,DSC_9677,200,0.008,40.0,22.0,57.8,136.0,0,0
129DALKY,DSC_9678,200,0.008,40.0,22.0,70.9,127.1,0,0
129DALKY,DSC_9679,140,0.008,250.0,22.0,7.6,133.0,0,0
129DALKY,DSC_9680,125,0.008,250.0,22.0,9.5,122.9,0,0
129DALKY,DSC_9681,125,0.008,250.0,22.0,11.0,120.2,0,0
129DALKY,DSC_9682,140,0.008,250.0,22.0,131.1,110.1,0,0
129DALKY,DSC_9683,400,0.008,86.0,22.0,380.2,130.8,0,0
129DALKY,DSC_9684,400,0.008,86.0,22.0,410.4,135.8,0,0
129DALKY,DSC_9685,360,0.008,145.0,22.0,489.5,113.8,0,0
129DALKY,DSC_9686,360,0.008,145.0,22.0,500.4,116.7,0,0
129DALKY,DSC_9687,320,0.008,400.0,22.0,258.1,125.7,0,0
129DALKY,DSC_9688,360,0.008,400.0,22.0,210.8,122.3,0,0
129DALKY,DSC_9689,320,0.008,400.0,22.0,135.4,119.8,0,0
129DALKY,DSC_9690,320,0.008,400.0,22.0,116.3,123.9,0,0
129DALKY,DSC_9691,320,0.008,400.0,22.0,103.6,118.1,0,0
129DALKY,DSC_9692,320,0.008,400.0,22.0,353.2,130.0,0,0
129DALKY,DSC_9693,320,0.008,400.0,22.0,267.1,123.1,0,0
129DALKY,DSC_9694,320,0.008,400.0,22.0,317.7,120.3,0,0
129DALKY,DSC_9695,320,0.008,400.0,22.0,445.0,107.3,0,0
129DALKY,DSC_9696,360,0.008,400.0,22.0,675.1,88.6,0,0
129DALKY,DSC_9697,360,0.008,400.0,22.0,628.8,103.3,0,0
129DALKY,DSC_9698,360,0.008,400.0,22.0,120.9,106.3,0,0
129DALKY,DSC_9699,400,0.008,18.0,22.0,240.1,135.9,0,0
129DALKY,DSC_9700,250,0.008,400.0,22.0,30.0,107.1,0,0
129DALKY,DSC_9701,280,0.008,400.0,22.0,118.0,104.0,0,0
129DALKY,DSC_9702,280,0.008,400.0,22.0,43.5,113.3,0,0
129DALKY,DSC_9703,280,0.008,400.0,22.0,71.4,102.3,0,0
129DALKY,DSC_9704,320,0.008,400.0,22.0,60.5,134.8,0,0
129DALKY,DSC_9705,250,0.008,400.0,22.0,38.2,127.2,0,0
129DALKY,DSC_9706,250,0.008,400.0,22.0,109.2,116.5,0,0
129DALKY,DSC_9707,250,0.008,400.0,22.0,42.1,115.7,0,0
129DALKY,DSC_9708,320,0.008,400.0,22.0,41.2,134.1,0,0
129DALKY,DSC_9709,320,0.008,400.0,22.0,42.4,137.4,0,0
129DALKY,DSC_9710,360,0.008,400.0,22.0,59.9,128.0,0,0
129DALKY,DSC_9711,360,0.008,400.0,22.0,120.3,109.4,0,0
129DALKY,DSC_9712,560,0.008,18.0,22.0,301.9,138.5,0,0
129DALKY,DSC_9713,400,0.008,80.0,22.0,243.0,96.3,0,0
129DALKY,DSC_9714,500,0.008,18.0,22.0,247.7,117.5,0,0
129DALKY,DSC_9715,720,0.008,18.0,22.0,229.3,145.0,0,0
129DALKY,DSC_9716,500,0.008,18.0,22.0,355.6,126.9,0,0
129DALKY,DSC_9717,500,0.008,18.0,22.0,293.9,130.6,0,0
129DALKY,DSC_9718,500,0.008,18.0,22.0,113.4,128.8,0,0
129DALKY,DSC_9719,360,0.008,116.0,22.0,93.3,113.5,0,0
129DALKY,DSC_9720,360,0.008,116.0,22.0,154.1,102.4,0,0
129DALKY,DSC_9721,400,0.008,70.0,22.0,209.0,115.5,0,0
129DALKY,DSC_9722,450,0.008,18.0,22.0,159.8,139.0,0,0
129DALKY,DSC_9723,720,0.008,18.0,22.0,266.3,144.8,0,0
129DALKY,DSC_9724,800,0.008,18.0,22.0,321.9,139.1,0,0
129DALKY,DSC_9725,560,0.008,18.0,22.0,369.1,132.3,0,0
129DALKY,DSC_9726,900,0.008,400.0,22.0,158.4,114.3,0,0
129DALKY,DSC_9727,500,0.008,100.0,22.0,266.6,89.4,0,0
129DALKY,DSC_9728,560,0.008,155.0,22.0,105.2,82.6,0,0
129DALKY,DSC_9729,400,0.008,100.0,22.0,85.9,72.8,0,0
129DALKY,DSC_9730,450,0.008,24.0,22.0,201.9,129.7,0,0
129DALKY,DSC_9731,450,0.008,24.0,22.0,211.4,128.0,0,0
129DALKY,DSC_9732,560,0.008,18.0,22.0,197.7,140.5,0,0
129DALKY,DSC_9733,450,0.008,18.0,22.0,170.2,124.2,0,0
129DALKY,DSC_9734,360,0.008,18.0,22.0,91.4,137.6,0,0
129DALKY,DSC_9735,640,0.008,70.0,22.0,438.9,94.7,0,0
129DALKY,DSC_9736,640,0.008,80.0,22.0,300.0,98.4,0,0
129DALKY,DSC_9737,250,0.008,50.0,22.0,52.7,126.9,0,0
129DALKY,DSC_9738,140,0.008,185.0,22.0,10.8,106.1,0,0
129DALKY,DSC_9739,140,0.008,185.0,22.0,10.7,103.1,0,0
129DALKY,DSC_9740,160,0.008,185.0,22.0,10.2,126.1,0,0
129DALKY,DSC_9741,640,0.008,18.0,22.0,215.1,148.3,0,0
129DALKY,DSC_9742,500,0.008,23.0,22.0,160.2,124.8,0,0
129DALKY,DSC_9743,560,0.008,24.0,22.0,256.6,134.3,0,0
129DALKY,DSC_9744,560,0.008,24.0,22.0,254.2,128.5,0,0
129DALKY,DSC_9745,500,0.008,31.0,22.0,247.8,108.4,0,0
129DALKY,DSC_9746,360,0.008,400.0,22.0,107.1,86.3,0,0
129DALKY,DSC_9747,360,0.008,400.0,22.0,115.6,78.1,0,0
129DALKY,DSC_9748,400,0.008,400.0,22.0,33.8,98.2,0,0
129DALKY,DSC_9749,400,0.008,400.0,22.0,24.7,80.9,0,0
129DALKY,DSC_9750,450,0.008,400.0,22.0,70.5,73.0,0,0
129DALKY,DSC_9751,500,0.008,400.0,22.0,51.8,84.6,0,0
129DALKY,DSC_9752,400,0.008,400.0,22.0,48.3,69.2,0,0
129DALKY,DSC_9753,560,0.008,400.0,22.0,62.1,91.6,0,0
129DALKY,DSC_9754,560,0.008,135.0,22.0,536.6,67.7,0,0
129DALKY,DSC_9755,640,0.008,220.0,22.0,427.3,71.1,0,0
129DALKY,DSC_9756,500,0.008,135.0,22.0,487.3,71.8,0,0
129DALKY,DSC_9757,500,0.008,135.0,22.0,287.8,68.2,0,0
129DALKY,DSC_9758,500,0.008,135.0,22.0,514.6,71.2,0,0
129DALKY,DSC_9759,450,0.008,300.0,22.0,285.6,67.0,0,0
129DALKY,DSC_9760,450,0.008,300.0,22.0,277.1,63.9,0,0
129DALKY,DSC_9761,500,0.008,400.0,22.0,301.7,72.3,0,0
129DALKY,DSC_9762,500,0.008,400.0,22.0,73.0,70.7,0,0
129DALKY,DSC_9763,500,0.008,400.0,22.0,170.1,70.7,0,0
129DALKY,DSC_9764,500,0.008,400.0,22.0,124.9,70.2,0,0
129DALKY,DSC_9765,500,0.008,400.0,22.0,206.6,72.2,0,0
129DALKY,DSC_9766,500,0.008,400.0,22.0,221.3,72.5,0,0
129DALKY,DSC_9767,500,0.008,400.0,22.0,306.7,71.8,0,0
129DALKY,DSC_9768,500,0.008,400.0,22.0,69.4,71.3,0,0
129DALKY,DSC_9769,500,0.008,400.0,22.0,121.2,73.6,0,0
129DALKY,DSC_9770,500,0.008,400.0,22.0,74.4,70.8,0,0
129DALKY,DSC_9771,500,0.008,400.0,22.0,212.2,67.7,0,0
129DALKY,DSC_9772,560,0.008,170.0,22.0,148.8,71.3,0,0
129DALKY,DSC_9773,560,0.008,170.0,22.0,44.9,69.5,0,0
129DALKY,DSC_9774,450,0.008,220.0,22.0,309.1,62.2,0,0
129DALKY,DSC_9775,450,0.008,220.0,22.0,236.7,60.7,0,0
129DALKY,DSC_9776,450,0.008,220.0,22.0,38.2,60.9,0,0
129DALKY,DSC_9777,140,0.008,400.0,22.0,8.9,120.4,0,0
129DALKY,DSC_9778,140,0.008,400.0,22.0,10.4,106.8,0,0
129DALKY,DSC_9779,140,0.008,400.0,22.0,10.1,107.9,0,0
129DALKY,DSC_9780,140,0.008,400.0,22.0,11.4,96.5,0,0
129DALKY,DSC_9781,450,0.008,300.0,22.0,239.1,72.8,0,0
129DALKY,DSC_9782,450,0.008,300.0,22.0,55.4,73.6,0,0
129DALKY,DSC_9783,450,0.008,300.0,22.0,116.5,73.1,0,0
129DALKY,DSC_9784,450,0.008,300.0,22.0,42.0,74.1,0,0
129DALKY,DSC_9785,640,0.008,100.0,22.0,364.3,75.3,0,0
129DALKY,DSC_9786,640,0.008,100.0,22.0,545.5,74.4,0,0
129DALKY,DSC_9787,560,0.008,18.0,22.0,202.1,118.5,0,0
129DALKY,DSC_9788,640,0.008,18.0,22.0,280.6,124.0,0,0
129DALKY,DSC_9789,640,0.008,18.0,22.0,259.8,132.1,0,0
129DALKY,DSC_9790,450,0.008,100.0,22.0,140.4,113.8,0,0
129DALKY,DSC_9791,450,0.008,100.0,22.0,205.6,108.8,0,0
129DALKY,DSC_9792,450,0.008,100.0,22.0,231.0,102.7,0,0
129DALKY,DSC_9793,450,0.008,100.0,22.0,208.9,104.6,0,0
129DALKY,DSC_9794,400,0.008,50.0,22.0,187.0,125.3,0,0
129DALKY,DSC_9795,400,0.008,135.0,22.0,304.6,94.7,0,0
129DALKY,DSC_9796,400,0.008,46.0,22.0,81.6,116.4,0,0
129DALKY,DSC_9797,400,0.008,35.0,22.0,156.7,128.9,0,0
129DALKY,DSC_9798,450,0.008,18.0,22.0,199.3,141.9,0,0
129DALKY,DSC_9799,400,0.008,18.0,22.0,113.7,142.7,0,0
129DALKY,DSC_9800,140,0.008,100.0,22.0,10.1,138.1,0,0
129DALKY,DSC_9801,125,0.008,100.0,22.0,9.4,125.7,0,0
129DALKY,DSC_9802,140,0.008,100.0,22.0,10.0,112.9,0,0
129DALKY,DSC_9803,140,0.008,100.0,22.0,11.6,106.3,0,0
129DALKY,DSC_9804,160,0.008,100.0,22.0,15.8,117.6,0,0
129DALKY,DSC_9805,160,0.008,100.0,22.0,22.9,118.6,0,0
129DALKY,DSC_9806,180,0.008,100.0,22.0,43.3,122.4,0,0
129DALKY,DSC_9807,180,0.008,100.0,22.0,44.0,102.1,0,0
129DALKY,DSC_9808,250,0.008,400.0,22.0,21.8,80.4,0,0
129DALKY,DSC_9809,220,0.008,400.0,22.0,38.7,72.8,0,0
129DALKY,DSC_9810,220,0.008,400.0,22.0,91.6,76.3,0,0
129DALKY,DSC_9811,100,0.07692307692307693,400.0,40.0,19.7,88.9,0,0
129DALKY,DSC_9812,100,0.07692307692307693,400.0,40.0,22.0,86.4,0,0
129DALKY,DSC_9813,100,0.07692307692307693,400.0,40.0,8.3,92.3,0,0
129DALKY,DSC_9814,100,0.07692307692307693,400.0,40.0,11.6,89.7,0,0
129DALKY,DSC_9815,100,0.00125,200.0,5.6,259.2,76.1,0,0
129DALKY,DSC_9816,100,0.00125,300.0,6.3,264.9,77.1,0,0
129DALKY,DSC_9817,100,0.00125,300.0,6.3,193.3,75.4,0,0
129DALKY,DSC_9818,100,0.00125,300.0,6.3,226.1,82.9,0,0
129DALKY,DSC_9819,100,0.00125,300.0,6.3,168.8,76.2,0,0
129DALKY,DSC_9820,100,0.00125,300.0,6.3,105.2,72.9,0,0
129DALKY,DSC_9821,100,0.00125,300.0,6.3,300.0,78.9,0,0
129DALKY,DSC_9822,100,0.00125,300.0,6.3,170.8,72.4,0,0
129DALKY,DSC_9823,100,0.00125,300.0,6.3,21.4,75.2,0,0
129DALKY,DSC_9824,100,0.002,300.0,6.3,57.4,53.1,0,0
129DALKY,DSC_9825,100,0.002,300.0,6.3,123.9,64.2,0,0
129DALKY,DSC_9826,100,0.002,300.0,6.3,127.9,66.4,0,0
129DALKY,DSC_9827,100,0.002,300.0,6.3,119.8,61.6,0,0
129DALKY,DSC_9828,100,0.002,300.0,6.3,133.2,70.6,0,0
129DALKY,DSC_9829,100,0.002,300.0,6.3,84.0,55.0,0,0
129DALKY,DSC_9830,100,0.002,300.0,6.3,60.6,69.7,0,0
129DALKY,DSC_9831,100,0.002,300.0,6.3,154.8,62.8,0,0
129DALKY,DSC_9832,100,0.002,300.0,6.3,141.1,67.1,0,0
129DALKY,DSC_9833,100,0.002,300.0,6.3,106.3,63.7,0,0
129DALKY,DSC_9834,100,0.0008,18.0,3.5,348.1,160.8,1,0
129DALKY,DSC_9835,100,0.0008,18.0,3.5,707.1,146.5,0,0
129DALKY,DSC_9836,100,0.0008,18.0,3.5,331.3,157.6,0,0
129DALKY,DSC_9837,100,0.0008,18.0,3.5,494.5,155.6,0,0
129DALKY,DSC_9838,100,0.004,18.0,3.5,718.2,84.3,0,0
129DALKY,DSC_9839,100,0.004,26.0,3.5,818.2,75.6,1,0
129DALKY,DSC_9840,100,0.003125,24.0,3.5,1216.7,66.4,0,0
129DALKY,DSC_9841,100,0.1,18.0,22.0,1051.5,97.7,0,0
129DALKY,DSC_9842,100,0.125,18.0,22.0,494.0,104.1,0,0
129DALKY,DSC_9843,100,0.06666666666666667,40.0,22.0,74.2,69.9,0,0
129DALKY,DSC_9844,1000,0.008,40.0,22.0,756.4,67.8,0,0
129DALKY,DSC_9845,900,0.008,40.0,22.0,1038.5,62.7,0,0
129DALKY,DSC_9846,1800,0.008,21.0,22.0,1939.3,97.0,0,0
129DALKY,DSC_9847,2200,0.008,18.0,22.0,955.6,79.2,0,0
129DALKY,DSC_9848,1100,0.008,46.0,22.0,171.9,72.7,0,0
129DALKY,DSC_9849,1100,0.008,46.0,22.0,370.7,72.7,0,0
129DALKY,DSC_9850,1250,0.008,44.0,22.0,658.8,71.8,0,0
129DALKY,DSC_9851,100,0.008,400.0,6.3,45.0,236.0,0,0
129DALKY,DSC_9852,100,0.008,400.0,6.3,15.4,241.5,0,0
129DALKY,DSC_9853,100,0.008,400.0,6.3,66.7,245.5,0,0
129DALKY,DSC_9854,100,0.008,400.0,6.3,125.4,237.5,0,0
129DALKY,DSC_9855,100,0.008,400.0,6.3,96.5,237.1,0,0
129DALKY,DSC_9856,100,0.008,400.0,6.3,93.8,236.9,0,0
129DALKY,DSC_9857,100,0.008,400.0,6.3,54.2,241.1,0,0
129DALKY,DSC_9858,100,0.008,400.0,6.3,40.6,242.6,0,0
129DALKY,DSC_9859,100,0.008,400.0,6.3,59.9,239.4,0,0
129DALKY,DSC_9860,100,0.008,400.0,6.3,22.7,244.6,0,0
129DALKY,DSC_9861,100,0.008,400.0,6.3,64.9,243.4,0,0
129DALKY,DSC_9862,100,0.008,170.0,6.3,435.8,224.9,0,0
129DALKY,DSC_9863,100,0.008,240.0,6.3,229.1,237.3,0,0
129DALKY,DSC_9864,100,0.008,240.0,6.3,46.5,247.6,0,0
129DALKY,DSC_9865,100,0.008,400.0,6.3,209.0,220.9,0,0
129DALKY,DSC_9866,100,0.008,400.0,6.3,50.3,225.0,0,0
129DALKY,DSC_9867,1400,0.008,400.0,40.0,54.5,152.6,0,0
129DALKY,DSC_9868,100,0.003125,400.0,6.3,136.2,93.2,0,0
129DALKY,DSC_9869,100,0.003125,400.0,6.3,485.3,76.7,0,0
129DALKY,DSC_9870,100,0.0025,400.0,6.3,116.1,113.3,0,0
129DALKY,DSC_9871,100,0.003125,400.0,6.3,64.4,117.0,0,0
129DALKY,DSC_9872,100,0.003125,400.0,6.3,496.9,56.7,0,0
129DALKY,DSC_9873,100,0.0025,400.0,6.3,455.4,53.0,0,0
129DALKY,DSC_9874,100,0.0025,400.0,6.3,367.9,52.5,0,0
129DALKY,DSC_9875,500,0.008,18.0,22.0,392.9,148.1,0,0
129DALKY,DSC_9876,500,0.008,18.0,22.0,510.7,129.7,0,0
129DALKY,DSC_9877,400,0.008,46.0,22.0,343.1,119.7,0,0
129DALKY,DSC_9878,100,0.002,400.0,6.3,285.1,92.4,0,0
129DALKY,DSC_9879,100,0.002,400.0,6.3,198.6,94.2,0,0
129DALKY,DSC_9880,100,0.00125,400.0,6.3,170.5,113.1,0,0
129DALKY,DSC_9881,100,0.03333333333333333,18.0,22.0,423.5,144.1,0,0
129DALKY,DSC_9882,100,0.03333333333333333,18.0,22.0,197.5,145.3,0,0
129DALKY,DSC_9883,100,0.03333333333333333,18.0,22.0,534.7,142.9,0,0
129DALKY,DSC_9884,100,0.008,100.0,11.0,366.0,170.9,0,0
129DALKY,DSC_9885,100,0.008,100.0,11.0,940.4,165.6,0,0
129DALKY,DSC_9886,100,0.008,58.0,11.0,422.6,147.9,0,0
129DALKY,DSC_9887,100,0.008,58.0,11.0,825.4,145.6,0,0
129DALKY,DSC_9888,100,0.008,116.0,11.0,246.9,166.7,0,0
129DALKY,DSC_9889,100,0.008,116.0,11.0,222.1,156.8,0,0
129DALKY,DSC_9890,100,0.008,116.0,11.0,280.3,160.9,1,0
129DALKY,DSC_9891,110,0.008,18.0,11.0,582.8,151.1,0,0
129DALKY,DSC_9892,110,0.008,18.0,11.0,669.6,145.5,0,0
129DALKY,DSC_9893,100,0.008,18.0,11.0,300.7,192.9,0,0
129DALKY,DSC_9894,100,0.008,18.0,11.0,439.7,188.8,0,0
129DALKY,DSC_9895,100,0.008,46.0,4.0,475.0,249.2,0,0
129DALKY,DSC_9896,100,0.008,46.0,4.0,47.7,251.2,0,0
129DALKY,DSC_9897,100,0.008,70.0,4.5,294.7,251.7,0,0
129DALKY,DSC_9898,100,0.008,70.0,4.5,309.0,251.5,0,0
129DALKY,DSC_9899,100,0.008,70.0,4.5,334.7,251.5,0,0
129DALKY,DSC_9900,100,0.008,70.0,4.5,205.5,252.3,0,0
129DALKY,DSC_9901,100,0.008,70.0,4.5,155.5,252.9,0,0
129DALKY,DSC_9902,100,0.008,70.0,4.5,2.5,254.4,0,0
129DALKY,DSC_9903,100,0.008,70.0,4.5,2.3,254.4,0,0
129DALKY,DSC_9904,100,0.008,70.0,4.5,2.0,254.4,0,0
129DALKY,DSC_9905,100,0.008,75.0,5.0,114.2,253.5,0,0
129DALKY,DSC_9906,100,0.008,75.0,5.0,85.5,253.7,0,0
129DALKY,DSC_9907,100,0.008,75.0,5.0,99.0,253.6,0,0
129DALKY,DSC_9908,100,0.008,75.0,5.0,10.5,254.3,0,0
129DALKY,DSC_9909,100,0.008,75.0,5.0,80.7,253.8,0,0
129DALKY,DSC_9910,100,0.008,75.0,5.0,53.3,253.9,0,0
129DALKY,DSC_9911,100,0.008,75.0,5.0,56.4,254.0,0,0
129DALKY,DSC_9912,100,0.008,75.0,5.0,60.7,254.0,0,0
129DALKY,DSC_9913,100,0.008,75.0,5.0,78.8,253.9,0,0
129DALKY,DSC_9914,100,0.008,155.0,5.6,15.2,247.6,0,0
129DALKY,DSC_9915,100,0.008,155.0,5.6,23.0,247.2,0,0
129DALKY,DSC_9916,100,0.008,155.0,5.6,64.8,247.9,0,0
129DALKY,DSC_9917,100,0.008,155.0,5.6,61.8,247.7,0,0
129DALKY,DSC_9918,100,0.008,155.0,5.6,32.2,247.3,0,0
129DALKY,DSC_9919,100,0.008,155.0,5.6,3.7,250.1,0,0
129DALKY,DSC_9920,100,0.008,155.0,5.6,8.4,249.9,0,0
129DALKY,DSC_9921,100,0.008,155.0,5.6,5.2,249.9,0,0
129DALKY,DSC_9922,100,0.008,155.0,5.6,6.3,250.4,0,0
129DALKY,DSC_9923,100,0.008,155.0,5.6,5.9,249.6,0,0
129DALKY,DSC_9924,100,0.008,400.0,6.3,1.6,241.9,0,0
129DALKY,DSC_9925,100,0.008,400.0,6.3,2.8,239.5,0,0
129DALKY,DSC_9926,100,0.008,400.0,6.3,2.1,243.5,0,0
129DALKY,DSC_9927,100,0.008,400.0,6.3,9.0,239.5,0,0
129DALKY,DSC_9928,100,0.008,400.0,6.3,2.4,242.1,0,0
129DALKY,DSC_9929,100,0.008,400.0,6.3,8.0,240.4,0,0
129DALKY,DSC_9930,100,0.008,400.0,6.3,12.4,240.9,0,0
129DALKY,DSC_9931,100,0.008,400.0,6.3,1.8,241.7,0,0
129DALKY,DSC_9932,100,0.008,400.0,6.3,4.0,243.6,0,0
129DALKY,DSC_9933,100,0.008,400.0,6.3,1.3,244.3,0,0
129DALKY,DSC_9934,100,0.008,400.0,6.3,11.5,241.0,0,0
129DALKY,DSC_9935,100,0.008,400.0,6.3,4.1,240.8,0,0
129DALKY,DSC_9936,100,0.008,400.0,6.3,15.0,239.5,0,0
129DALKY,DSC_9937,100,0.008,400.0,6.3,4.9,242.2,0,0
129DALKY,DSC_9938,100,0.008,400.0,6.3,1.5,241.6,0,0
129DALKY,DSC_9939,100,0.008,400.0,6.3,2.5,242.2,0,0
129DALKY,DSC_9940,100,0.008,400.0,6.3,17.4,241.5,0,0
129DALKY,DSC_9941,100,0.008,400.0,6.3,10.6,241.8,0,0
129DALKY,DSC_9942,100,0.008,400.0,6.3,4.7,241.1,0,0
129DALKY,DSC_9943,100,0.008,400.0,6.3,2.6,238.8,0,0
129DALKY,DSC_9944,100,0.008,400.0,6.3,18.6,242.3,0,0
129DALKY,DSC_9945,100,0.008,400.0,6.3,4.9,239.5,0,0
129DALKY,DSC_9946,100,0.008,400.0,6.3,12.0,238.4,0,0
129DALKY,DSC_9947,100,0.008,400.0,6.3,17.2,241.0,0,0
129DALKY,DSC_9948,100,0.008,400.0,6.3,3.3,246.7,0,0
129DALKY,DSC_9949,100,0.008,400.0,6.3,4.4,246.2,0,0
129DALKY,DSC_9950,100,0.008,400.0,6.3,2.0,246.9,0,0
129DALKY,DSC_9951,100,0.008,400.0,6.3,9.2,246.3,0,0
129DALKY,DSC_9952,100,0.008,400.0,6.3,4.6,247.4,0,0
129DALKY,DSC_9953,100,0.008,400.0,6.3,3.9,246.5,0,0
129DALKY,DSC_9954,100,0.008,122.0,5.6,115.6,253.3,0,0
129DALKY,DSC_9955,100,0.008,122.0,5.6,180.9,253.1,0,0
129DALKY,DSC_9956,100,0.008,122.0,5.6,209.9,252.9,0,0
129DALKY,DSC_9957,100,0.008,122.0,5.6,126.9,253.9,0,0
129DALKY,DSC_9958,100,0.008,122.0,5.6,109.1,254.0,0,0
129DALKY,DSC_9959,100,0.008,122.0,5.6,138.4,253.8,0,0
129DALKY,DSC_9960,100,0.008,122.0,5.6,19.0,253.9,0,0
129DALKY,DSC_9961,100,0.008,122.0,5.6,69.2,253.9,0,0
129DALKY,DSC_9962,100,0.008,122.0,5.6,26.7,254.5,0,0
129DALKY,DSC_9963,100,0.008,122.0,5.6,14.6,254.4,0,0
129DALKY,DSC_9964,100,0.008,122.0,5.6,42.5,254.2,0,0
129DALKY,DSC_9965,100,0.008,122.0,5.6,72.3,254.1,0,0
129DALKY,DSC_9966,100,0.008,122.0,5.6,4.8,253.4,0,0
129DALKY,DSC_9967,100,0.008,122.0,5.6,96.0,252.6,0,0
129DALKY,DSC_9968,100,0.008,122.0,5.6,63.9,252.9,0,0
129DALKY,DSC_9969,100,0.008,122.0,5.6,53.0,252.9,0,0
129DALKY,DSC_9970,100,0.008,122.0,5.6,97.7,252.6,0,0
129DALKY,DSC_9971,100,0.008,122.0,5.6,79.8,252.7,0,0
129DALKY,DSC_9972,100,0.008,18.0,3.5,11.7,254.7,0,0
129DALKY,DSC_9973,100,0.008,18.0,3.5,9.1,254.7,0,0
129DALKY,DSC_9974,100,0.008,18.0,3.5,31.5,254.6,0,0
129DALKY,DSC_9975,100,0.008,44.0,4.0,17.7,254.1,0,0
129DALKY,DSC_9976,100,0.008,44.0,4.0,79.8,253.7,0,0
129DALKY,DSC_9977,100,0.008,75.0,5.0,130.8,252.9,0,0
129DALKY,DSC_9978,100,0.008,75.0,5.0,146.3,252.8,0,0
129DALKY,DSC_9979,100,0.008,75.0,5.0,32.1,252.9,0,0
129DALKY,DSC_9980,100,0.008,145.0,5.6,5.2,251.7,0,0
129DALKY,DSC_9981,100,0.008,145.0,5.6,8.9,251.8,0,0
129DALKY,DSC_9982,100,0.008,145.0,5.6,6.7,251.7,0,0
129DALKY,DSC_9983,100,0.008,145.0,5.6,1.5,251.7,0,0
129DALKY,DSC_9984,160,0.008,75.0,22.0,769.5,130.1,0,0
129DALKY,DSC_9985,160,0.008,75.0,22.0,768.7,135.4,0,0
129DALKY,DSC_9986,160,0.008,80.0,22.0,1241.0,122.1,0,0
129DALKY,DSC_9987,400,0.008,18.0,22.0,309.3,144.1,0,0
129DALKY,DSC_9988,250,0.008,58.0,22.0,112.7,135.0,0,0
129DALKY,DSC_9989,220,0.008,92.0,22.0,94.0,114.6,0,0
129DALKY,DSC_9990,250,0.008,92.0,22.0,390.2,125.9,0,0
129DALKY,DSC_9991,250,0.008,75.0,22.0,484.8,118.1,0,0
129DALKY,DSC_9992,100,0.00125,116.0,5.0,1038.0,94.5,0,0
129DALKY,DSC_9993,100,0.008,400.0,6.3,9.1,180.6,0,0
129DALKY,DSC_9994,100,0.008,400.0,6.3,60.2,186.0,0,0
129DALKY,DSC_9995,100,0.008,400.0,6.3,13.0,184.6,0,0
129DALKY,DSC_9996,100,0.008,400.0,6.3,16.1,186.7,0,0
129DALKY,DSC_9997,100,0.008,200.0,5.6,462.8,217.1,0,0
129DALKY,DSC_9998,100,0.008,400.0,6.3,56.7,212.3,0,0
129DALKY,DSC_9999,100,0.008,400.0,6.3,49.3,213.5,0,0
130DALKY,DSC_0001,100,0.008,400.0,6.3,37.2,214.9,0,0
130DALKY,DSC_0002,100,0.008,400.0,6.3,92.6,214.3,0,0
130DALKY,DSC_0003,100,0.008,400.0,6.3,95.8,212.5,0,0
130DALKY,DSC_0004,100,0.008,400.0,6.3,38.9,214.2,0,0
130DALKY,DSC_0005,100,0.008,400.0,6.3,42.4,216.3,0,0
130DALKY,DSC_0006,100,0.008,400.0,6.3,40.1,217.1,0,0
130DALKY,DSC_0007,100,0.008,400.0,6.3,115.1,214.1,0,0
130DALKY,DSC_0008,100,0.008,240.0,6.3,76.6,222.9,0,0
130DALKY,DSC_0009,100,0.008,240.0,6.3,91.5,221.0,0,0
130DALKY,DSC_0010,100,0.008,240.0,6.3,59.1,222.2,0,0
130DALKY,DSC_0011,100,0.008,240.0,6.3,346.4,220.5,0,0
130DALKY,DSC_0012,100,0.008,240.0,6.3,322.7,221.1,0,0
130DALKY,DSC_0013,100,0.008,240.0,6.3,152.8,222.1,0,0
130DALKY,DSC_0014,100,0.008,240.0,6.3,27.5,224.0,0,0
130DALKY,DSC_0015,100,0.008,240.0,6.3,36.5,221.7,0,0
130DALKY,DSC_0016,100,0.008,240.0,6.3,434.8,219.9,0,0
130DALKY,DSC_0017,100,0.008,400.0,6.3,11.8,216.0,0,0
130DALKY,DSC_0018,100,0.008,400.0,6.3,33.2,213.8,0,0
130DALKY,DSC_0019,100,0.0025,400.0,6.3,334.5,133.2,0,0
130DALKY,DSC_0020,100,0.0025,400.0,6.3,127.6,129.3,0,0
130DALKY,DSC_0021,100,0.0025,400.0,6.3,586.9,128.6,0,0
130DALKY,DSC_0022,100,0.0025,400.0,6.3,820.3,131.5,0,0
130DALKY,DSC_0023,100,0.0025,400.0,6.3,943.2,132.3,0,0
130DALKY,DSC_0024,100,0.0025,400.0,6.3,431.5,128.4,0,0
130DALKY,DSC_0025,100,0.0025,400.0,6.3,176.8,129.9,0,0
130DALKY,DSC_0026,100,0.0025,400.0,6.3,567.7,132.2,0,0
130DALKY,DSC_0027,100,0.0025,400.0,6.3,225.6,139.8,0,0
130DALKY,DSC_0028,100,0.0025,400.0,6.3,171.4,136.1,0,0
130DALKY,DSC_0029,100,0.0025,400.0,6.3,77.6,137.4,0,0
130DALKY,DSC_0030,100,0.0025,400.0,6.3,129.3,133.9,0,0
130DALKY,DSC_0031,100,0.0025,400.0,6.3,137.1,135.0,0,0
130DALKY,DSC_0032,100,0.0025,350.0,6.3,120.1,91.3,0,0
130DALKY,DSC_0033,100,0.002,350.0,6.3,514.0,74.4,0,0
130DALKY,DSC_0034,100,0.002,350.0,6.3,488.1,62.9,0,0
130DALKY,DSC_0035,100,0.002,350.0,6.3,377.0,65.6,0,0
130DALKY,DSC_0036,100,0.002,350.0,6.3,396.6,64.6,0,0
130DALKY,DSC_0037,100,0.002,350.0,6.3,355.7,70.2,0,0
130DALKY,DSC_0038,100,0.002,350.0,6.3,479.3,64.1,0,0
130DALKY,DSC_0039,100,0.002,350.0,6.3,545.3,62.9,0,0
130DALKY,DSC_0040,100,0.002,350.0,6.3,452.3,61.6,0,0
130DALKY,DSC_0041,100,0.002,350.0,6.3,225.9,70.3,0,0
130DALKY,DSC_0042,100,0.0025,350.0,6.3,492.1,78.4,0,0
130DALKY,DSC_0043,100,0.002,185.0,6.3,310.0,76.9,0,0
130DALKY,DSC_0044,100,0.0025,185.0,6.3,286.6,82.3,0,0
130DALKY,DSC_0045,100,0.0025,185.0,6.3,263.0,83.9,0,0
130DALKY,DSC_0046,100,0.002,185.0,6.3,372.9,78.6,0,0
130DALKY,DSC_0047,100,0.002,185.0,6.3,310.8,78.6,0,0
130DALKY,DSC_0048,100,0.0025,185.0,6.3,287.7,80.0,0,0
130DALKY,DSC_0049,100,0.002,220.0,6.3,455.1,71.7,0,0
130DALKY,DSC_0050,100,0.002,220.0,6.3,106.4,71.8,0,0
130DALKY,DSC_0051,100,0.002,220.0,6.3,562.5,74.2,0,0
130DALKY,DSC_0052,100,0.002,220.0,6.3,716.3,73.2,0,0
130DALKY,DSC_0053,100,0.002,220.0,6.3,237.4,75.7,0,0
130DALKY,DSC_0054,100,0.002,220.0,6.3,885.2,79.5,0,0
130DALKY,DSC_0055,100,0.002,220.0,6.3,995.7,80.6,0,0
130DALKY,DSC_0056,100,0.00125,350.0,6.3,1202.1,76.3,0,0
130DALKY,DSC_0057,100,0.00125,350.0,6.3,1232.2,68.9,0,0
130DALKY,DSC_0058,100,0.00125,350.0,6.3,913.2,85.0,0,0
130DALKY,DSC_0059,100,0.0015625,400.0,6.3,1285.8,82.5,0,0
130DALKY,DSC_0060,100,0.0015625,400.0,6.3,529.6,74.2,0,0
130DALKY,DSC_0061,100,0.0015625,220.0,6.3,285.2,88.2,0,0
130DALKY,DSC_0062,100,0.0015625,220.0,6.3,463.6,88.1,0,0
130DALKY,DSC_0063,100,0.0025,240.0,9.0,840.1,104.0,0,0
130DALKY,DSC_0064,100,0.0025,240.0,9.0,825.2,98.0,0,0
130DALKY,DSC_0065,100,0.0025,240.0,9.0,803.9,102.4,0,0
130DALKY,DSC_0066,100,0.0025,240.0,9.0,993.7,104.6,0,0
130DALKY,DSC_0067,100,0.0025,240.0,9.0,1154.3,104.8,0,0
130DALKY,DSC_0068,100,0.0025,250.0,9.0,622.4,88.4,0,0
130DALKY,DSC_0069,100,0.0025,250.0,9.0,1144.4,89.8,0,0
130DALKY,DSC_0070,100,0.0025,250.0,9.0,920.3,90.5,0,0
130DALKY,DSC_0071,100,0.0025,250.0,9.0,1232.8,86.8,0,0
130DALKY,DSC_0072,100,0.0025,250.0,9.0,846.5,87.4,0,0
130DALKY,DSC_0073,100,0.0025,250.0,9.0,968.7,86.9,0,0
130DALKY,DSC_0074,100,0.0025,250.0,9.0,247.9,82.9,0,0
130DALKY,DSC_0075,100,0.0025,250.0,9.0,651.1,82.0,0,0
130DALKY,DSC_0076,100,0.0025,250.0,9.0,1131.3,76.3,0,0
130DALKY,DSC_0077,110,0.0025,185.0,9.0,1140.6,109.0,0,0
130DALKY,DSC_0078,110,0.0025,185.0,9.0,827.0,108.2,0,0
130DALKY,DSC_0079,100,0.0025,220.0,9.0,1527.5,107.8,0,0
130DALKY,DSC_0080,100,0.0025,220.0,9.0,914.8,111.9,0,0
130DALKY,DSC_0081,100,0.0025,350.0,9.0,891.5,120.7,0,0
130DALKY,DSC_0082,100,0.0025,350.0,9.0,144.8,125.5,0,0
130DALKY,DSC_0083,100,0.0025,350.0,9.0,278.0,124.1,0,0
130DALKY,DSC_0084,100,0.0025,350.0,9.0,934.1,123.0,0,0
130DALKY,DSC_0085,100,0.0025,350.0,9.0,800.9,124.8,0,0
130DALKY,DSC_0086,100,0.0025,350.0,9.0,923.0,123.7,0,0
130DALKY,DSC_0087,100,0.0025,400.0,9.0,514.6,123.7,0,0
130DALKY,DSC_0088,100,0.0025,400.0,9.0,265.4,134.4,0,0
130DALKY,DSC_0089,100,0.0025,400.0,9.0,321.1,115.0,0,0
130DALKY,DSC_0090,100,0.0025,400.0,9.0,541.9,122.7,0,0
130DALKY,DSC_0091,100,0.0025,400.0,9.0,1190.7,125.4,0,0
130DALKY,DSC_0092,110,0.0025,400.0,9.0,246.3,119.0,0,0
130DALKY,DSC_0093,110,0.0025,400.0,9.0,991.9,106.8,0,0
130DALKY,DSC_0094,125,0.0025,400.0,9.0,1187.2,113.1,0,0
130DALKY,DSC_0095,140,0.0025,400.0,9.0,180.7,128.3,0,0
130DALKY,DSC_0096,100,0.0025,400.0,6.3,143.0,114.2,0,0
130DALKY,DSC_0097,100,0.0025,400.0,6.3,296.2,126.1,0,0
130DALKY,DSC_0098,100,0.0025,400.0,6.3,280.7,119.9,0,0
130DALKY,DSC_0099,100,0.0025,400.0,6.3,384.5,127.3,0,0
130DALKY,DSC_0100,100,0.0025,400.0,6.3,371.8,115.2,0,0
130DALKY,DSC_0101,100,0.002,400.0,6.3,379.3,109.6,0,0
130DALKY,DSC_0102,100,0.0025,400.0,6.3,63.4,128.0,0,0
130DALKY,DSC_0103,100,0.0025,400.0,6.3,213.3,118.4,0,0
130DALKY,DSC_0104,100,0.0025,400.0,6.3,154.8,125.3,0,0
130DALKY,DSC_0105,100,0.0025,400.0,6.3,388.2,127.8,0,0
130DALKY,DSC_0106,100,0.0025,400.0,6.3,589.2,120.3,0,0
130DALKY,DSC_0107,100,0.0025,400.0,6.3,390.7,125.8,0,0
130DALKY,DSC_0108,100,0.0025,400.0,6.3,205.7,130.2,0,0
130DALKY,DSC_0109,100,0.0025,400.0,6.3,284.5,130.6,0,0
130DALKY,DSC_0110,100,0.0025,400.0,6.3,288.2,118.7,0,0
130DALKY,DSC_0111,100,0.002,400.0,6.3,498.5,118.4,0,0
130DALKY,DSC_0112,100,0.002,400.0,6.3,208.1,121.0,0,0
130DALKY,DSC_0113,100,0.00125,400.0,6.3,633.8,108.4,0,0
130DALKY,DSC_0114,100,0.00125,400.0,6.3,1066.6,114.4,0,0
130DALKY,DSC_0115,100,0.0025,400.0,6.3,268.3,163.0,0,0
130DALKY,DSC_0116,100,0.0025,400.0,6.3,450.2,163.8,0,0
130DALKY,DSC_0117,100,0.0025,400.0,6.3,251.4,160.1,0,0
130DALKY,DSC_0118,100,0.0025,400.0,6.3,548.3,160.9,0,0
130DALKY,DSC_0119,100,0.0025,400.0,6.3,485.3,163.6,0,0
130DALKY,DSC_0120,100,0.0025,400.0,6.3,538.7,164.1,0,0
130DALKY,DSC_0121,100,0.0025,400.0,6.3,627.9,163.6,0,0
130DALKY,DSC_0122,100,0.0025,400.0,6.3,512.7,165.8,0,0
130DALKY,DSC_0123,100,0.0025,400.0,6.3,592.5,165.2,0,0
130DALKY,DSC_0124,100,0.0025,400.0,6.3,676.0,161.5,0,0
130DALKY,DSC_0125,100,0.0025,400.0,6.3,698.6,161.8,0,0
130DALKY,DSC_0126,100,0.0025,400.0,6.3,398.1,159.2,0,0
130DALKY,DSC_0127,100,0.0025,400.0,6.3,390.2,159.7,0,0
130DALKY,DSC_0128,100,0.0025,400.0,6.3,88.6,156.4,0,0
130DALKY,DSC_0129,100,0.0025,400.0,6.3,82.7,158.2,0,0
130DALKY,DSC_0130,100,0.0025,400.0,6.3,362.6,158.5,0,0
130DALKY,DSC_0131,100,0.0025,400.0,6.3,151.1,162.4,0,0
130DALKY,DSC_0132,100,0.0025,400.0,6.3,688.8,162.9,0,0
130DALKY,DSC_0133,100,0.0025,400.0,6.3,458.1,161.4,0,0
130DALKY,DSC_0134,100,0.0025,400.0,6.3,707.4,161.6,0,0
130DALKY,DSC_0135,100,0.0025,400.0,6.3,192.5,156.9,0,0
130DALKY,DSC_0136,100,0.0025,400.0,6.3,324.4,159.3,0,0
130DALKY,DSC_0137,100,0.0025,400.0,6.3,632.7,161.8,0,0
130DALKY,DSC_0138,100,0.0025,400.0,6.3,435.7,159.5,0,0
130DALKY,DSC_0139,100,0.0025,400.0,6.3,198.7,156.4,0,0
130DALKY,DSC_0140,100,0.0025,400.0,6.3,451.5,158.4,0,0
130DALKY,DSC_0141,100,0.0025,400.0,6.3,365.7,158.4,0,0
130DALKY,DSC_0142,100,0.0025,400.0,6.3,137.0,156.6,0,0
130DALKY,DSC_0143,100,0.0025,400.0,6.3,165.9,156.0,0,0
130DALKY,DSC_0144,100,0.0025,400.0,6.3,156.2,155.0,0,0
130DALKY,DSC_0145,100,0.0025,400.0,6.3,40.2,155.9,0,0
130DALKY,DSC_0146,100,0.0025,400.0,6.3,9.8,155.8,0,0
130DALKY,DSC_0147,100,0.0025,400.0,6.3,595.9,160.2,0,0
130DALKY,DSC_0148,100,0.0025,400.0,6.3,547.8,162.7,0,0
130DALKY,DSC_0149,100,0.0025,400.0,6.3,334.0,158.7,0,0
130DALKY,DSC_0150,100,0.0025,400.0,6.3,236.3,157.4,0,0
130DALKY,DSC_0151,100,0.0025,400.0,6.3,197.4,159.7,0,0
130DALKY,DSC_0152,100,0.0025,400.0,6.3,773.1,162.8,0,0
130DALKY,DSC_0153,100,0.0025,400.0,6.3,544.8,161.8,0,0
130DALKY,DSC_0154,100,0.0025,400.0,6.3,392.2,162.8,0,0
130DALKY,DSC_0155,100,0.0025,400.0,6.3,407.2,161.4,0,0
130DALKY,DSC_0156,100,0.0025,400.0,6.3,366.6,160.9,0,0
130DALKY,DSC_0157,100,0.0025,400.0,6.3,415.4,159.6,0,0
130DALKY,DSC_0158,100,0.0025,400.0,6.3,87.6,159.9,0,0
130DALKY,DSC_0159,100,0.0025,400.0,6.3,267.2,162.2,0,0
130DALKY,DSC_0160,100,0.0025,400.0,6.3,366.5,160.2,0,0
130DALKY,DSC_0161,100,0.0025,400.0,6.3,554.4,158.9,0,0
130DALKY,DSC_0162,100,0.0025,400.0,6.3,316.0,158.2,0,0
130DALKY,DSC_0163,100,0.0025,400.0,6.3,497.0,155.7,0,0
130DALKY,DSC_0164,100,0.0025,400.0,6.3,701.5,158.2,0,0
130DALKY,DSC_0165,100,0.0025,400.0,6.3,669.1,160.0,0,0
130DALKY,DSC_0166,100,0.0025,400.0,6.3,88.5,136.2,0,0
130DALKY,DSC_0167,100,0.0025,400.0,6.3,348.4,133.9,0,0
130DALKY,DSC_0168,100,0.0025,400.0,6.3,605.0,128.9,0,0
130DALKY,DSC_0169,100,0.0025,400.0,6.3,344.9,136.4,0,0
130DALKY,DSC_0170,100,0.0025,400.0,6.3,368.7,132.7,0,0
130DALKY,DSC_0171,100,0.0025,400.0,6.3,321.6,136.0,0,0
130DALKY,DSC_0172,100,0.0025,400.0,6.3,509.2,138.3,0,0
130DALKY,DSC_0173,100,0.0025,400.0,6.3,739.8,157.4,0,0
130DALKY,DSC_0174,100,0.0025,400.0,6.3,590.7,157.3,0,0
130DALKY,DSC_0175,100,0.0025,400.0,6.3,415.2,158.5,0,0
130DALKY,DSC_0176,100,0.0025,400.0,6.3,973.2,157.4,0,0
130DALKY,DSC_0177,100,0.0025,400.0,6.3,649.2,155.9,0,0
130DALKY,DSC_0178,100,0.0025,400.0,6.3,513.1,154.5,0,0
130DALKY,DSC_0179,100,0.0025,400.0,6.3,646.5,155.0,0,0
130DALKY,DSC_0180,100,0.0025,400.0,6.3,329.9,149.2,0,0
130DALKY,DSC_0181,100,0.0025,400.0,6.3,532.5,155.0,0,0
130DALKY,DSC_0182,100,0.0025,400.0,6.3,594.1,153.6,0,0
130DALKY,DSC_0183,100,0.0025,400.0,6.3,522.5,157.3,0,0
130DALKY,DSC_0184,100,0.0025,400.0,6.3,257.9,144.3,0,0
130DALKY,DSC_0185,100,0.0025,400.0,6.3,130.5,145.6,0,0
130DALKY,DSC_0186,100,0.0025,400.0,6.3,187.9,147.5,0,0
130DALKY,DSC_0187,100,0.0025,400.0,6.3,198.6,146.3,0,0
130DALKY,DSC_0188,100,0.0025,400.0,6.3,835.2,165.4,0,0
130DALKY,DSC_0189,100,0.0025,400.0,6.3,480.8,166.1,0,0
130DALKY,DSC_0190,100,0.0025,400.0,6.3,665.4,165.9,0,0
130DALKY,DSC_0191,100,0.0025,400.0,6.3,465.5,166.2,0,0
130DALKY,DSC_0192,100,0.0025,400.0,6.3,714.7,165.9,0,0
130DALKY,DSC_0193,100,0.0025,400.0,6.3,478.5,166.6,0,0
130DALKY,DSC_0194,100,0.0025,400.0,6.3,383.9,167.2,0,0
130DALKY,DSC_0195,110,0.0025,240.0,6.3,288.7,151.5,0,0
130DALKY,DSC_0196,100,0.0025,240.0,6.3,820.5,138.2,0,0
130DALKY,DSC_0197,100,0.0025,240.0,6.3,843.5,168.0,0,0
130DALKY,DSC_0198,100,0.0025,240.0,6.3,977.9,168.1,0,0
130DALKY,DSC_0199,100,0.0025,240.0,6.3,894.6,168.9,0,0
130DALKY,DSC_0200,100,0.0025,240.0,6.3,1063.3,170.3,0,0
130DALKY,DSC_0201,100,0.0025,240.0,6.3,817.0,170.5,0,0
130DALKY,DSC_0202,100,0.0025,240.0,6.3,900.4,169.7,0,0
130DALKY,DSC_0203,100,0.0025,240.0,6.3,867.7,170.6,0,0
130DALKY,DSC_0204,100,0.0025,240.0,6.3,856.9,170.7,0,0
130DALKY,DSC_0205,100,0.0025,240.0,6.3,965.9,169.9,0,0
130DALKY,DSC_0206,100,0.0025,240.0,6.3,931.9,170.1,0,0
130DALKY,DSC_0207,100,0.0025,240.0,6.3,863.8,170.4,0,0
130DALKY,DSC_0208,100,0.0025,240.0,6.3,720.8,168.5,0,0
130DALKY,DSC_0209,100,0.0025,240.0,6.3,947.7,170.2,0,0
130DALKY,DSC_0210,100,0.0025,240.0,6.3,957.4,171.4,0,0
130DALKY,DSC_0211,100,0.0025,240.0,6.3,1055.9,170.1,0,0
130DALKY,DSC_0212,100,0.0025,240.0,6.3,574.8,170.9,0,0
130DALKY,DSC_0213,100,0.0025,240.0,6.3,923.1,169.6,0,0
130DALKY,DSC_0214,100,0.0025,240.0,6.3,1045.1,169.3,0,0
130DALKY,DSC_0215,100,0.0025,240.0,6.3,1072.8,169.4,0,0
130DALKY,DSC_0216,100,0.0025,240.0,6.3,1243.8,169.9,0,0
130DALKY,DSC_0217,100,0.0025,240.0,6.3,1347.8,169.6,0,0
130DALKY,DSC_0218,100,0.0025,240.0,6.3,457.8,172.5,0,0
130DALKY,DSC_0219,100,0.0025,240.0,6.3,932.3,170.5,0,0
130DALKY,DSC_0220,100,0.0025,240.0,6.3,786.1,171.2,0,0
130DALKY,DSC_0221,100,0.0025,240.0,6.3,977.1,170.6,0,0
130DALKY,DSC_0222,100,0.0025,240.0,6.3,1061.9,171.2,0,0
130DALKY,DSC_0223,100,0.0025,170.0,6.3,715.2,170.0,0,0
130DALKY,DSC_0224,100,0.0025,170.0,6.3,2163.6,170.6,0,0
130DALKY,DSC_0225,100,0.0025,170.0,6.3,2065.3,170.2,0,0
130DALKY,DSC_0226,100,0.0025,170.0,6.3,2098.6,170.3,0,0
130DALKY,DSC_0227,100,0.0025,250.0,6.3,1662.1,164.9,0,0
130DALKY,DSC_0228,100,0.0025,250.0,6.3,1315.7,165.1,0,0
130DALKY,DSC_0229,100,0.0025,250.0,6.3,941.2,167.7,0,0
130DALKY,DSC_0230,100,0.0025,250.0,6.3,1278.7,167.7,0,0
130DALKY,DSC_0231,100,0.0025,250.0,6.3,1159.8,168.9,0,0
130DALKY,DSC_0232,100,0.0025,250.0,6.3,1240.4,167.7,0,0
130DALKY,DSC_0233,100,0.0025,240.0,6.3,1073.4,168.9,0,0
130DALKY,DSC_0234,100,0.0025,240.0,6.3,1288.6,165.1,0,0
130DALKY,DSC_0235,100,0.0025,240.0,6.3,1335.4,161.7,0,0
130DALKY,DSC_0236,100,0.0025,240.0,6.3,1317.1,160.4,0,0
130DALKY,DSC_0237,100,0.0025,240.0,6.3,1220.9,162.1,0,0
130DALKY,DSC_0238,100,0.0025,240.0,6.3,1578.7,162.1,0,0
130DALKY,DSC_0239,100,0.0015625,116.0,6.3,1146.8,108.2,0,0
130DALKY,DSC_0240,100,0.002,116.0,6.3,1525.4,112.7,0,0
130DALKY,DSC_0241,100,0.002,92.0,6.3,1442.1,100.5,0,0
130DALKY,DSC_0242,100,0.002,92.0,6.3,1338.4,97.6,0,0
130DALKY,DSC_0243,100,0.002,75.0,6.3,1408.5,96.0,0,0
130DALKY,DSC_0244,100,0.002,75.0,6.3,1445.0,96.4,0,0
130DALKY,DSC_0245,100,0.002,75.0,6.3,1573.8,97.2,0,0
130DALKY,DSC_0246,100,0.002,75.0,6.3,1548.3,95.3,0,0
130DALKY,DSC_0247,100,0.002,75.0,6.3,1586.7,98.9,0,0
130DALKY,DSC_0248,100,0.002,92.0,6.3,1179.4,100.8,0,0
130DALKY,DSC_0249,100,0.002,92.0,6.3,1280.2,103.1,0,0
130DALKY,DSC_0250,100,0.002,92.0,6.3,1313.2,104.2,0,0
130DALKY,DSC_0251,100,0.0015625,135.0,6.3,1354.7,108.5,0,0
130DALKY,DSC_0252,100,0.0015625,135.0,6.3,1135.9,99.0,0,0
130DALKY,DSC_0253,100,0.0015625,135.0,6.3,1297.3,97.2,0,0
130DALKY,DSC_0254,100,0.0015625,135.0,6.3,1510.4,90.5,0,0
130DALKY,DSC_0255,100,0.002,155.0,6.3,1268.5,100.1,0,0
130DALKY,DSC_0256,100,0.002,155.0,6.3,1419.9,102.8,0,0
130DALKY,DSC_0257,100,0.002,155.0,6.3,1414.2,103.1,0,0
130DALKY,DSC_0258,100,0.002,155.0,6.3,1361.4,100.8,0,0
130DALKY,DSC_0259,100,0.002,100.0,6.3,722.9,115.5,0,0
130DALKY,DSC_0260,100,0.002,100.0,6.3,391.7,116.1,0,0
130DALKY,DSC_0261,100,0.0015625,92.0,6.3,1217.3,108.6,0,0
130DALKY,DSC_0262,100,0.0015625,92.0,6.3,1181.6,112.3,0,0
130DALKY,DSC_0263,100,0.0015625,92.0,6.3,1279.0,106.0,0,0
130DALKY,DSC_0264,100,0.0015625,92.0,6.3,1458.4,103.1,0,0
130DALKY,DSC_0265,100,0.0015625,92.0,6.3,1347.8,101.5,0,0
130DALKY,DSC_0266,100,0.0015625,92.0,6.3,1449.6,109.6,0,0
130DALKY,DSC_0267,100,0.0015625,92.0,6.3,1306.7,112.1,0,0
130DALKY,DSC_0268,100,0.0015625,92.0,6.3,1399.1,112.6,0,0
130DALKY,DSC_0269,100,0.0025,86.0,6.3,1218.1,119.2,0,0
130DALKY,DSC_0270,100,0.0025,86.0,6.3,1477.7,116.0,0,0
130DALKY,DSC_0271,100,0.0025,86.0,6.3,1685.7,119.4,0,0
130DALKY,DSC_0272,100,0.0015625,122.0,6.3,850.3,118.9,0,0
130DALKY,DSC_0273,100,0.0015625,122.0,6.3,735.6,108.1,0,0
130DALKY,DSC_0274,100,0.0015625,122.0,6.3,701.6,106.4,0,0
130DALKY,DSC_0275,100,0.0015625,122.0,6.3,621.0,106.2,0,0
130DALKY,DSC_0276,100,0.0015625,122.0,6.3,506.1,102.8,0,0
130DALKY,DSC_0277,100,0.0015625,122.0,6.3,300.2,100.5,0,0
130DALKY,DSC_0278,100,0.002,50.0,6.3,808.0,120.2,0,0
130DALKY,DSC_0279,100,0.002,50.0,6.3,761.8,119.5,0,0
130DALKY,DSC_0280,100,0.002,32.0,6.3,1214.8,118.6,0,0
130DALKY,DSC_0281,100,0.0015625,185.0,6.3,657.5,100.8,0,0
130DALKY,DSC_0282,100,0.002,220.0,8.0,838.9,84.2,0,0
130DALKY,DSC_0283,100,0.002,220.0,8.0,785.6,80.2,0,0
130DALKY,DSC_0284,100,0.002,220.0,8.0,693.2,78.9,0,0
130DALKY,DSC_0285,100,0.002,220.0,8.0,576.2,78.0,0,0
130DALKY,DSC_0286,100,0.0025,220.0,8.0,214.6,76.9,0,0
130DALKY,DSC_0287,100,0.002,220.0,8.0,195.7,76.8,0,0
130DALKY,DSC_0288,100,0.002,220.0,8.0,96.3,73.2,0,0
130DALKY,DSC_0289,100,0.002,220.0,8.0,108.1,76.1,0,0
130DALKY,DSC_0290,100,0.002,220.0,8.0,536.1,76.1,0,0
130DALKY,DSC_0291,100,0.0025,220.0,8.0,330.4,79.5,0,0
130DALKY,DSC_0292,100,0.0025,220.0,8.0,172.3,82.6,0,0
130DALKY,DSC_0293,100,0.0025,220.0,8.0,550.3,84.4,0,0
130DALKY,DSC_0294,100,0.0025,220.0,8.0,296.4,81.3,0,0
130DALKY,DSC_0295,100,0.0025,220.0,8.0,372.6,81.7,0,0
130DALKY,DSC_0296,100,0.002,185.0,8.0,779.8,86.8,0,0
130DALKY,DSC_0297,100,0.002,185.0,8.0,337.6,88.0,0,0
130DALKY,DSC_0298,100,0.002,185.0,8.0,893.4,93.0,0,0
130DALKY,DSC_0299,100,0.002,185.0,8.0,650.6,86.8,0,0
130DALKY,DSC_0300,100,0.002,185.0,8.0,1348.8,106.2,0,0
130DALKY,DSC_0301,100,0.002,185.0,8.0,1130.1,96.9,0,0
130DALKY,DSC_0302,100,0.002,185.0,8.0,873.2,93.0,0,0
130DALKY,DSC_0303,100,0.002,185.0,8.0,485.8,88.9,0,0
130DALKY,DSC_0304,100,0.002,185.0,8.0,1173.8,93.9,0,0
130DALKY,DSC_0305,100,0.002,185.0,8.0,598.9,87.9,0,0
130DALKY,DSC_0306,100,0.004,70.0,8.0,607.0,116.0,0,0
130DALKY,DSC_0307,100,0.0025,135.0,8.0,986.7,87.7,0,0
130DALKY,DSC_0308,100,0.0025,135.0,8.0,1055.2,89.4,0,0
130DALKY,DSC_0309,100,0.0025,135.0,8.0,1157.9,89.9,0,0
130DALKY,DSC_0310,100,0.0025,135.0,8.0,942.2,90.0,0,0
130DALKY,DSC_0311,100,0.0025,122.0,8.0,476.7,81.7,0,0
130DALKY,DSC_0312,100,0.0025,122.0,8.0,244.6,85.5,0,0
130DALKY,DSC_0313,100,0.003125,92.0,8.0,1131.9,92.3,0,0
130DALKY,DSC_0314,100,0.0025,70.0,8.0,689.8,103.7,0,0
130DALKY,DSC_0315,100,0.0025,70.0,8.0,787.1,102.9,0,0
130DALKY,DSC_0316,100,0.0025,70.0,8.0,725.1,102.6,0,0
130DALKY,DSC_0317,100,0.003125,70.0,8.0,683.2,107.3,0,0
130DALKY,DSC_0318,100,0.003125,70.0,8.0,759.5,106.7,0,0
130DALKY,DSC_0319,100,0.003125,70.0,8.0,664.6,106.8,0,0
130DALKY,DSC_0320,100,0.003125,70.0,8.0,680.1,106.1,0,0
130DALKY,DSC_0321,100,0.003125,70.0,8.0,355.6,107.8,0,0
130DALKY,DSC_0322,100,0.003125,70.0,8.0,501.0,106.3,0,0
130DALKY,DSC_0323,100,0.0025,155.0,8.0,376.7,97.6,0,0
130DALKY,DSC_0324,100,0.0025,155.0,8.0,242.2,104.5,0,0
130DALKY,DSC_0325,100,0.0025,155.0,8.0,404.8,101.8,0,0
130DALKY,DSC_0326,100,0.0025,155.0,8.0,406.7,102.8,0,0
130DALKY,DSC_0327,100,0.0025,155.0,8.0,471.2,94.5,0,0
130DALKY,DSC_0328,100,0.002,122.0,8.0,213.4,94.5,0,0
130DALKY,DSC_0329,100,0.0025,122.0,8.0,367.9,94.7,0,0
130DALKY,DSC_0330,100,0.0025,122.0,8.0,790.0,96.1,0,0
130DALKY,DSC_0331,100,0.0025,122.0,8.0,952.5,92.1,0,0
130DALKY,DSC_0332,100,0.0025,122.0,8.0,413.1,94.2,0,0
130DALKY,DSC_0333,100,0.0025,122.0,8.0,811.4,93.1,0,0
130DALKY,DSC_0334,100,0.0025,122.0,8.0,636.8,94.9,0,0
130DALKY,DSC_0335,100,0.0025,330.0,8.0,199.7,125.4,0,0
130DALKY,DSC_0336,100,0.0025,330.0,8.0,709.8,123.6,0,0
130DALKY,DSC_0337,100,0.0025,330.0,8.0,388.5,129.9,0,0
130DALKY,DSC_0338,100,0.0025,330.0,8.0,68.6,124.2,0,0
130DALKY,DSC_0339,100,0.003125,330.0,8.0,211.9,130.7,0,0
130DALKY,DSC_0340,100,0.0025,330.0,8.0,204.1,132.0,0,0
130DALKY,DSC_0341,100,0.0025,330.0,8.0,177.1,128.6,0,0
130DALKY,DSC_0342,100,0.0025,330.0,8.0,669.9,124.9,0,0
130DALKY,DSC_0343,100,0.003125,330.0,8.0,536.8,126.8,0,0
130DALKY,DSC_0344,100,0.0025,330.0,8.0,524.6,117.3,0,0
130DALKY,DSC_0345,100,0.0025,330.0,8.0,557.8,118.3,0,0
130DALKY,DSC_0346,100,0.0025,330.0,8.0,410.4,122.8,0,0
130DALKY,DSC_0347,100,0.0025,330.0,8.0,373.3,115.9,0,0
130DALKY,DSC_0348,100,0.0025,330.0,8.0,602.0,118.8,0,0
130DALKY,DSC_0349,100,0.0025,220.0,8.0,538.7,117.4,0,0
130DALKY,DSC_0350,100,0.0025,220.0,8.0,587.6,120.3,0,0
130DALKY,DSC_0351,100,0.0015625,145.0,8.0,182.0,112.6,0,0
130DALKY,DSC_0352,100,0.0015625,145.0,8.0,1379.2,116.2,0,0
130DALKY,DSC_0353,100,0.0015625,145.0,8.0,634.5,120.7,0,0
130DALKY,DSC_0354,100,0.0015625,145.0,8.0,1140.8,119.4,0,0
130DALKY,DSC_0355,100,0.0015625,145.0,8.0,895.4,124.5,0,0
130DALKY,DSC_0356,100,0.0015625,145.0,8.0,1301.0,120.9,0,0
130DALKY,DSC_0357,100,0.0015625,145.0,8.0,1020.0,122.8,0,0
130DALKY,DSC_0358,100,0.0015625,145.0,8.0,1197.9,123.9,0,0
130DALKY,DSC_0359,100,0.0015625,145.0,8.0,1078.1,121.0,0,0
130DALKY,DSC_0360,100,0.0015625,145.0,8.0,894.3,116.3,0,0
130DALKY,DSC_0361,100,0.0015625,145.0,8.0,654.8,114.7,0,0
130DALKY,DSC_0362,100,0.0015625,145.0,8.0,1114.7,115.1,0,0
130DALKY,DSC_0363,100,0.0015625,145.0,8.0,1071.7,114.9,0,0
130DALKY,DSC_0364,100,0.0015625,155.0,8.0,988.7,114.3,0,0
130DALKY,DSC_0365,100,0.0015625,155.0,8.0,957.1,114.3,0,0
130DALKY,DSC_0366,100,0.0015625,155.0,8.0,813.2,116.1,0,0
130DALKY,DSC_0367,100,0.0015625,155.0,8.0,621.1,114.5,0,0
130DALKY,DSC_0368,100,0.0015625,155.0,8.0,492.5,114.5,0,0
130DALKY,DSC_0369,100,0.0015625,155.0,8.0,939.2,112.9,0,0
130DALKY,DSC_0370,100,0.00125,155.0,8.0,707.8,103.8,0,0
130DALKY,DSC_0371,100,0.00125,155.0,8.0,1147.1,105.6,0,0
130DALKY,DSC_0372,100,0.00125,155.0,8.0,544.1,102.3,0,0
130DALKY,DSC_0373,100,0.00125,155.0,8.0,1042.0,105.9,0,0
130DALKY,DSC_0374,100,0.0015625,155.0,8.0,437.0,127.9,0,0
130DALKY,DSC_0375,100,0.0015625,155.0,8.0,502.5,130.2,0,0
130DALKY,DSC_0376,100,0.0015625,155.0,8.0,959.0,123.2,0,0
130DALKY,DSC_0377,100,0.0015625,155.0,8.0,707.3,121.4,0,0
130DALKY,DSC_0378,100,0.0015625,155.0,8.0,449.0,116.8,0,0
130DALKY,DSC_0379,100,0.0025,185.0,8.0,326.9,132.4,0,0
130DALKY,DSC_0380,100,0.0025,185.0,8.0,250.7,133.1,0,0
130DALKY,DSC_0381,100,0.0025,185.0,8.0,121.0,138.4,0,0
130DALKY,DSC_0382,100,0.0025,185.0,8.0,263.8,133.7,0,0
130DALKY,DSC_0383,100,0.0015625,92.0,8.0,1208.4,113.7,0,0
130DALKY,DSC_0384,100,0.0015625,92.0,8.0,1768.5,119.5,0,0
130DALKY,DSC_0385,100,0.00125,122.0,8.0,878.7,102.3,0,0
130DALKY,DSC_0386,100,0.0025,18.0,8.0,1709.6,145.3,0,0
130DALKY,DSC_0387,100,0.002,100.0,8.0,2302.3,122.0,0,0
130DALKY,DSC_0388,100,0.003125,200.0,8.0,288.0,123.3,0,0
130DALKY,DSC_0389,100,0.003125,200.0,8.0,478.5,114.5,0,0
130DALKY,DSC_0390,100,0.003125,200.0,8.0,329.6,115.5,0,0
130DALKY,DSC_0391,100,0.0025,200.0,8.0,556.2,110.4,0,0
130DALKY,DSC_0392,100,0.003125,200.0,8.0,323.6,113.1,0,0
130DALKY,DSC_0393,100,0.003125,185.0,8.0,634.7,125.0,0,0
130DALKY,DSC_0394,100,0.003125,185.0,8.0,140.8,130.3,0,0
130DALKY,DSC_0395,100,0.004,185.0,8.0,115.2,136.4,0,0
130DALKY,DSC_0396,100,0.003125,185.0,8.0,504.8,127.6,0,0
130DALKY,DSC_0397,100,0.003125,185.0,8.0,484.0,121.5,0,0
130DALKY,DSC_0398,100,0.003125,185.0,8.0,663.8,121.7,0,0
130DALKY,DSC_0399,100,0.003125,185.0,8.0,508.9,123.6,0,0
131FARML,DSC_0921,100,0.008,70.0,2.8,5.9,177.9,0,0
131FARML,DSC_0922,100,0.008,70.0,2.8,4.8,180.6,0,0
131FARML,DSC_0923,100,0.008,70.0,2.8,4.8,182.4,0,0
131FARML,DSC_0924,100,0.008,70.0,2.8,21.8,189.6,0,0
131FARML,DSC_0925,100,0.008,70.0,5.0,8.3,178.9,0,0
131FARML,DSC_0926,100,0.008,70.0,5.0,124.5,179.9,0,0
131FARML,DSC_0927,100,0.008,70.0,5.0,20.3,210.9,0,0
131FARML,DSC_0928,100,0.008,70.0,5.0,12.7,216.2,0,0
131FARML,DSC_0929,100,0.008,70.0,5.0,41.2,208.7,0,0
131FARML,DSC_0930,100,0.008,70.0,5.0,43.0,201.7,0,0
131FARML,DSC_0931,100,0.008,70.0,5.0,16.7,161.0,0,0
131FARML,DSC_0932,100,0.008,70.0,2.8,2.2,216.3,0,0
131FARML,DSC_0933,100,0.008,70.0,2.8,3.6,212.1,0,0
131FARML,DSC_0934,100,0.008,70.0,2.8,11.0,212.3,0,0
131FARML,DSC_0935,110,0.008,70.0,2.8,16.4,161.7,0,0
131FARML,DSC_0936,110,0.008,70.0,2.8,21.8,158.3,0,0
131FARML,DSC_0937,100,0.008,70.0,2.8,2.6,216.9,0,0
131FARML,DSC_0938,100,0.008,70.0,2.8,1.6,226.2,0,0
131FARML,DSC_0939,100,0.008,70.0,2.8,8.8,227.8,0,0
131FARML,DSC_0940,100,0.008,70.0,2.8,1.3,232.9,0,0
131FARML,DSC_0941,100,0.008,70.0,2.8,14.2,224.9,0,0
131FARML,DSC_0942,100,0.008,70.0,2.8,5.8,218.5,0,0
131FARML,DSC_0943,100,0.008,70.0,2.8,16.4,215.8,0,0
131FARML,DSC_0944,100,0.002,70.0,2.8,7.1,126.0,0,0
131FARML,DSC_0945,100,0.002,70.0,2.8,5.0,126.3,0,0
131FARML,DSC_0946,100,0.0025,70.0,2.8,27.3,114.5,0,0
131FARML,DSC_0947,100,0.002,70.0,2.8,31.7,114.9,0,0
131FARML,DSC_0948,100,0.0008,70.0,2.8,15.3,78.4,0,0
131FARML,DSC_0949,100,0.008,70.0,2.8,2.3,200.1,0,0
131FARML,DSC_0950,100,0.008,70.0,2.8,36.9,141.8,0,0
131FARML,DSC_0951,100,0.008,70.0,2.8,24.2,143.5,0,0
131FARML,DSC_0952,100,0.008,70.0,2.8,27.3,163.3,0,0
131FARML,DSC_0953,100,0.008,70.0,2.8,18.1,146.9,0,0
131FARML,DSC_0954,100,0.008,70.0,2.8,21.2,142.0,0,0
131FARML,DSC_0955,100,0.008,70.0,2.8,13.2,105.4,0,0
131FARML,DSC_0956,100,0.008,70.0,2.8,41.0,104.7,0,0
131FARML,DSC_0957,160,0.008,70.0,2.8,17.0,113.8,0,0
131FARML,DSC_0958,160,0.008,70.0,2.8,17.9,115.8,0,0
131FARML,DSC_0959,160,0.008,70.0,2.8,11.3,116.0,0,0
131FARML,DSC_0960,160,0.008,70.0,2.8,74.1,115.9,0,0
131FARML,DSC_0961,180,0.008,70.0,2.8,33.4,120.8,1,0
131FARML,DSC_0962,100,0.008,70.0,2.8,72.0,155.2,0,0
131FARML,DSC_0963,100,0.008,70.0,2.8,3.8,163.0,0,0
131FARML,DSC_0964,200,0.008,70.0,2.8,14.9,143.1,0,0
131FARML,DSC_0965,220,0.008,70.0,2.8,858.5,146.1,0,0
131FARML,DSC_0966,,0.0125,70.0,22.0,2096.2,134.2,0,0
131FARML,DSC_0967,,0.0008,70.0,22.0,204.7,25.5,0,0
131FARML,DSC_0968,,0.0008,70.0,22.0,183.1,24.0,0,0
131FARML,DSC_0969,,0.0008,70.0,22.0,177.4,23.7,0,0
131FARML,DSC_0970,,0.0008,70.0,22.0,37.5,15.5,0,0
131FARML,DSC_0971,,0.0008,70.0,22.0,40.4,16.3,0,0
131FARML,DSC_0972,,0.0008,70.0,22.0,23.4,13.5,0,0
131FARML,DSC_0973,,0.0008,70.0,22.0,35.7,16.9,0,0
131FARML,DSC_0974,,0.0008,70.0,22.0,39.4,17.0,0,0
131FARML,DSC_0975,,0.0008,70.0,22.0,57.5,17.8,0,0
131FARML,DSC_0976,,0.0008,70.0,22.0,12.3,13.8,0,0
131FARML,DSC_0977,,0.0008,70.0,22.0,16.5,15.0,0,0
131FARML,DSC_0978,,0.0008,70.0,22.0,11.4,13.9,0,0
131FARML,DSC_0979,,0.0008,70.0,22.0,9.4,13.5,0,0
131FARML,DSC_0980,,0.0008,70.0,22.0,13.0,18.0,0,0
131FARML,DSC_0981,,0.0008,70.0,22.0,9.2,14.9,0,0
131FARML,DSC_0982,,0.0008,70.0,22.0,6.3,13.2,0,0
131FARML,DSC_0983,,0.0003125,70.0,2.8,44.8,116.4,0,0
131FARML,DSC_0984,,0.0003125,70.0,2.8,55.0,130.0,0,0
131FARML,DSC_0985,,0.0003125,70.0,2.8,47.4,100.6,0,0
131FARML,DSC_0986,,0.0003125,70.0,2.8,107.6,122.6,0,0
131FARML,DSC_0987,,0.0003125,70.0,2.8,88.1,120.8,0,0
131FARML,DSC_0988,,0.0003125,70.0,2.8,24.4,67.2,0,0
131FARML,DSC_0989,,0.0003125,70.0,2.8,38.5,99.5,0,0
131FARML,DSC_0990,,0.0003125,70.0,2.8,34.1,97.5,0,0
132IRLEY,DSC_0991,800,0.0003125,70.0,2.8,69.2,104.1,0,0
132IRLEY,DSC_0992,1000,0.0003125,70.0,2.8,71.6,113.8,0,0
132IRLEY,DSC_0993,900,0.0003125,70.0,2.8,73.8,105.9,0,0
132IRLEY,DSC_0994,900,0.0003125,70.0,2.8,73.1,108.0,1,0
132IRLEY,DSC_0995,900,0.0003125,70.0,2.8,62.7,107.2,0,0
132IRLEY,DSC_0996,900,0.0003125,70.0,2.8,47.8,107.9,0,0
132IRLEY,DSC_0997,100,0.00625,70.0,2.8,4.6,141.4,0,0
132IRLEY,DSC_0998,100,0.00625,70.0,2.8,7.7,133.9,0,0
132IRLEY,DSC_0999,100,0.00625,70.0,2.8,45.3,140.2,0,0
132IRLEY,DSC_1000,100,0.00625,70.0,2.8,21.8,134.2,1,0
132IRLEY,DSC_1001,100,0.00625,70.0,2.8,27.7,141.0,0,0
132IRLEY,DSC_1002,100,0.00625,70.0,2.8,52.0,135.6,0,0
132IRLEY,DSC_1003,100,0.005,70.0,2.8,8.9,127.3,0,0
132IRLEY,DSC_1004,100,0.005,70.0,2.8,13.2,129.9,0,0
132IRLEY,DSC_1005,100,0.008,70.0,2.8,8.0,145.3,0,0
132IRLEY,DSC_1006,100,0.008,70.0,2.8,19.7,145.5,0,0
132IRLEY,DSC_1007,1600,0.0003125,70.0,2.8,56.7,104.6,0,0
132IRLEY,DSC_1008,1600,0.0003125,70.0,2.8,71.5,100.8,0,0
132IRLEY,DSC_1009,1600,0.0003125,70.0,2.8,26.3,111.9,0,0
132IRLEY,DSC_1010,1600,0.0003125,70.0,2.8,55.7,112.2,0,0
132IRLEY,DSC_1011,1600,0.0003125,70.0,2.8,60.8,110.3,0,0
132IRLEY,DSC_1012,1600,0.0003125,70.0,2.8,37.7,111.8,0,0
132IRLEY,DSC_1013,1600,0.0003125,70.0,2.8,26.4,110.2,0,0
132IRLEY,DSC_1014,1600,0.0003125,70.0,2.8,65.6,95.9,0,0
132IRLEY,DSC_1015,1600,0.0003125,70.0,2.8,116.8,116.7,0,0
132IRLEY,DSC_1016,1600,0.0003125,70.0,2.8,70.0,95.6,0,0
132IRLEY,DSC_1017,1600,0.0003125,70.0,2.8,26.7,96.3,0,0
132IRLEY,DSC_1018,1600,0.0003125,70.0,2.8,86.8,94.3,0,0
132IRLEY,DSC_1019,1600,0.0003125,70.0,2.8,118.7,95.7,0,0
132IRLEY,DSC_1020,1600,0.0003125,70.0,2.8,91.9,95.4,0,0
132IRLEY,DSC_1021,1600,0.0003125,70.0,2.8,87.1,97.5,0,0
132IRLEY,DSC_1022,1600,0.0003125,70.0,2.8,29.6,94.2,0,0
132IRLEY,DSC_1023,1600,0.0003125,70.0,2.8,119.8,95.5,0,0
132IRLEY,DSC_1024,1600,0.0003125,70.0,2.8,21.3,95.3,0,0
132IRLEY,DSC_1025,1600,0.0003125,70.0,2.8,93.8,102.7,0,0
132IRLEY,DSC_1026,1600,0.0003125,70.0,2.8,59.2,91.6,0,0
132IRLEY,DSC_1027,1600,0.0003125,70.0,2.8,94.3,97.5,0,0
132IRLEY,DSC_1028,1600,0.0003125,70.0,2.8,94.2,98.4,0,0
132IRLEY,DSC_1029,1600,0.0003125,70.0,2.8,79.3,97.2,0,0
132IRLEY,DSC_1030,1600,0.0003125,70.0,2.8,26.7,92.1,1,0
132IRLEY,DSC_1031,1600,0.0003125,70.0,2.8,73.3,95.2,0,0
132IRLEY,DSC_1032,1600,0.0003125,70.0,2.8,71.5,96.8,0,0
132IRLEY,DSC_1033,1600,0.0003125,70.0,2.8,58.3,99.9,0,0
132IRLEY,DSC_1034,1600,0.0003125,70.0,2.8,23.9,100.5,0,0
132IRLEY,DSC_1035,1600,0.0003125,70.0,2.8,85.0,93.0,0,0
132IRLEY,DSC_1036,1600,0.0003125,70.0,2.8,46.2,86.9,0,0
132IRLEY,DSC_1037,1600,0.0003125,70.0,2.8,110.8,113.4,0,0
132IRLEY,DSC_1038,1600,0.0003125,70.0,2.8,39.8,88.6,0,0
132IRLEY,DSC_1039,1600,0.0003125,70.0,2.8,65.2,95.2,0,0
132IRLEY,DSC_1040,1600,0.0003125,70.0,2.8,39.7,91.6,0,0
133WEXFD,DSC_1278,640,0.002,18.0,9.0,3547.7,116.5,0,0
133WEXFD,DSC_1279,900,0.002,18.0,9.0,4723.3,115.4,0,0
133WEXFD,DSC_1280,320,0.002,46.0,9.0,15.5,100.0,0,0
133WEXFD,DSC_1281,450,0.002,55.0,11.0,17.0,112.2,0,0
133WEXFD,DSC_1282,450,0.002,55.0,11.0,17.3,109.3,0,0
133WEXFD,DSC_1283,1250,0.002,400.0,11.0,1198.0,89.2,0,0
133WEXFD,DSC_1284,1600,0.002,18.0,11.0,2461.1,106.2,0,0
133WEXFD,DSC_1285,1250,0.002,18.0,11.0,1559.3,115.7,0,0
133WEXFD,DSC_1286,1600,0.005,62.0,11.0,1851.7,100.3,0,0
133WEXFD,DSC_1287,1000,0.002,62.0,11.0,2512.7,105.1,0,0
133WEXFD,DSC_1288,1600,0.0025,55.0,11.0,1341.3,81.8,0,0
133WEXFD,DSC_1289,640,0.002,270.0,11.0,361.9,144.4,0,0
133WEXFD,DSC_1290,500,0.002,135.0,11.0,892.8,90.0,0,0
133WEXFD,DSC_1291,500,0.002,300.0,11.0,541.4,120.9,0,0
133WEXFD,DSC_1292,1600,0.003125,400.0,11.0,150.3,125.2,0,0
133WEXFD,DSC_1293,560,0.002,400.0,11.0,410.5,123.9,0,0
133WEXFD,DSC_1294,250,0.002,44.0,8.0,536.2,141.0,0,0
133WEXFD,DSC_1295,250,0.002,18.0,8.0,1179.1,139.7,0,0
133WEXFD,DSC_1296,280,0.002,18.0,8.0,872.9,138.2,0,0
133WEXFD,DSC_1297,180,0.002,400.0,8.0,25.5,137.0,0,0
133WEXFD,DSC_1298,160,0.002,400.0,8.0,9.5,141.6,0,0
133WEXFD,DSC_1299,180,0.002,400.0,8.0,19.7,138.4,0,0
133WEXFD,DSC_1300,220,0.002,58.0,8.0,627.9,118.7,0,0
133WEXFD,DSC_1301,360,0.002,400.0,8.0,309.5,131.9,0,0
133WEXFD,DSC_1302,320,0.002,185.0,8.0,291.4,120.2,0,0
133WEXFD,DSC_1303,250,0.002,185.0,8.0,185.8,119.6,0,0
133WEXFD,DSC_1304,250,0.002,400.0,8.0,132.4,125.0,0,0
133WEXFD,DSC_1305,280,0.002,400.0,8.0,202.9,125.1,0,0
133WEXFD,DSC_1306,160,0.002,400.0,8.0,19.1,127.2,0,0
133WEXFD,DSC_1307,200,0.002,100.0,8.0,284.9,132.9,0,0
133WEXFD,DSC_1308,280,0.002,400.0,8.0,58.6,137.5,0,0
133WEXFD,DSC_1309,200,0.002,135.0,8.0,144.7,134.9,0,0
133WEXFD,DSC_1310,180,0.002,86.0,8.0,348.8,133.4,0,0
133WEXFD,DSC_1311,220,0.002,330.0,8.0,16.0,147.8,0,0
133WEXFD,DSC_1312,200,0.002,240.0,8.0,163.1,145.6,0,0
133WEXFD,DSC_1313,220,0.002,400.0,8.0,59.0,148.4,0,0
133WEXFD,DSC_1314,280,0.002,400.0,8.0,68.4,157.7,0,0
133WEXFD,DSC_1315,180,0.002,155.0,8.0,76.2,166.2,0,0
133WEXFD,DSC_1316,220,0.002,400.0,8.0,121.6,137.3,0,0
133WEXFD,DSC_1317,220,0.002,400.0,8.0,145.8,139.3,0,0
133WEXFD,DSC_1318,220,0.002,400.0,8.0,141.5,139.5,0,0
133WEXFD,DSC_1319,220,0.002,400.0,8.0,178.6,138.3,0,0
133WEXFD,DSC_1320,220,0.002,145.0,8.0,220.6,140.9,0,0
133WEXFD,DSC_1321,125,0.002,122.0,8.0,46.6,148.1,0,0
133WEXFD,DSC_1322,160,0.002,185.0,8.0,139.2,143.4,0,0
133WEXFD,DSC_1323,160,0.002,185.0,8.0,142.5,142.1,0,0
133WEXFD,DSC_1324,160,0.002,185.0,8.0,282.7,139.2,0,0
133WEXFD,DSC_1325,250,0.002,27.0,8.0,730.3,130.2,0,0
133WEXFD,DSC_1326,250,0.002,23.0,8.0,573.8,137.7,0,0
133WEXFD,DSC_1327,125,0.002,145.0,8.0,254.3,147.0,0,0
133WEXFD,DSC_1328,160,0.002,200.0,8.0,130.3,147.7,0,0
133WEXFD,DSC_1329,160,0.002,400.0,8.0,109.9,131.4,0,0
133WEXFD,DSC_1330,180,0.002,18.0,8.0,609.8,157.2,0,0
133WEXFD,DSC_1331,125,0.002,18.0,8.0,497.6,154.5,0,0
133WEXFD,DSC_1332,100,0.0015625,50.0,8.0,347.9,169.0,0,0
133WEXFD,DSC_1333,100,0.00125,62.0,8.0,404.5,147.5,0,0
133WEXFD,DSC_1334,200,0.002,18.0,8.0,548.5,162.8,0,0
133WEXFD,DSC_1335,110,0.002,80.0,8.0,1721.9,124.3,0,0
133WEXFD,DSC_1336,125,0.002,80.0,8.0,969.9,109.3,0,0
133WEXFD,DSC_1337,400,0.002,38.0,8.0,1181.6,133.5,0,0
133WEXFD,DSC_1338,720,0.002,170.0,8.0,268.3,101.6,0,0
133WEXFD,DSC_1339,1250,0.002,400.0,8.0,432.9,119.0,0,0
133WEXFD,DSC_1340,110,0.002,400.0,8.0,95.7,136.2,0,0
133WEXFD,DSC_1341,125,0.002,400.0,8.0,34.7,146.2,0,0
133WEXFD,DSC_1342,100,0.0015625,400.0,8.0,5.3,152.3,0,0
133WEXFD,DSC_1343,100,0.002,400.0,8.0,4.1,150.8,0,0
133WEXFD,DSC_1344,110,0.002,400.0,8.0,15.2,142.3,0,0
133WEXFD,DSC_1345,125,0.002,400.0,8.0,17.4,143.8,0,0
133WEXFD,DSC_1346,125,0.002,400.0,8.0,9.7,135.7,0,0
133WEXFD,DSC_1347,220,0.002,185.0,8.0,1830.7,136.7,0,0
133WEXFD,DSC_1348,140,0.002,185.0,8.0,1680.2,137.7,0,0
133WEXFD,DSC_1349,160,0.002,185.0,8.0,832.4,115.4,0,0
133WEXFD,DSC_1350,125,0.002,185.0,8.0,742.1,104.7,0,0
133WEXFD,DSC_1351,250,0.002,185.0,8.0,719.5,118.4,0,0
133WEXFD,DSC_1352,100,0.002,200.0,8.0,1083.5,95.2,0,0
133WEXFD,DSC_1353,360,0.002,400.0,8.0,224.4,137.3,0,0
133WEXFD,DSC_1354,220,0.002,400.0,8.0,479.6,159.6,0,0
133WEXFD,DSC_1355,200,0.002,400.0,8.0,281.4,153.8,0,0
133WEXFD,DSC_1356,200,0.002,400.0,8.0,471.6,149.7,0,0
133WEXFD,DSC_1357,200,0.002,400.0,8.0,415.5,130.8,0,0
133WEXFD,DSC_1358,200,0.002,400.0,8.0,191.7,89.8,0,0
133WEXFD,DSC_1359,200,0.002,400.0,8.0,424.6,96.8,0,0
133WEXFD,DSC_1360,200,0.002,400.0,8.0,493.0,153.9,0,0
133WEXFD,DSC_1361,200,0.002,400.0,8.0,893.5,150.0,0,0
133WEXFD,DSC_1362,200,0.002,400.0,8.0,661.7,162.3,0,0
133WEXFD,DSC_1363,200,0.002,400.0,8.0,469.8,165.7,0,0
133WEXFD,DSC_1364,200,0.002,400.0,8.0,364.2,167.4,0,0
133WEXFD,DSC_1365,200,0.002,400.0,8.0,367.5,164.1,0,0
133WEXFD,DSC_1366,100,0.002,86.0,8.0,1794.2,124.6,0,0
133WEXFD,DSC_1367,110,0.002,86.0,8.0,1125.6,90.4,0,0
133WEXFD,DSC_1368,280,0.002,400.0,8.0,145.8,144.8,0,0
133WEXFD,DSC_1369,125,0.002,100.0,8.0,838.2,119.5,0,0
133WEXFD,DSC_1370,140,0.002,100.0,8.0,1113.9,129.3,0,0
133WEXFD,DSC_1371,200,0.002,185.0,8.0,987.7,137.1,0,0
133WEXFD,DSC_1372,160,0.002,185.0,8.0,1532.7,137.1,0,0
133WEXFD,DSC_1373,220,0.002,200.0,8.0,1446.6,132.1,0,0
133WEXFD,DSC_1374,160,0.002,200.0,8.0,1450.3,134.2,0,0
133WEXFD,DSC_1375,110,0.002,200.0,8.0,772.3,111.9,0,0
133WEXFD,DSC_1376,180,0.002,200.0,8.0,866.7,125.0,0,0
133WEXFD,DSC_1377,180,0.002,185.0,8.0,1121.6,129.9,0,0
133WEXFD,DSC_1378,110,0.002,300.0,8.0,35.4,170.8,0,0
133WEXFD,DSC_1379,110,0.002,300.0,8.0,97.5,156.0,0,0
133WEXFD,DSC_1380,110,0.002,300.0,8.0,44.1,185.3,0,0
133WEXFD,DSC_1381,100,0.002,300.0,8.0,196.8,134.7,0,0
133WEXFD,DSC_1382,110,0.002,300.0,8.0,135.6,124.4,0,0
133WEXFD,DSC_1383,110,0.002,300.0,8.0,89.4,106.0,0,0
133WEXFD,DSC_1384,125,0.002,240.0,8.0,53.3,145.1,0,0
133WEXFD,DSC_1385,140,0.002,400.0,8.0,127.2,137.2,0,0
133WEXFD,DSC_1386,360,0.002,400.0,8.0,272.2,126.1,0,0
133WEXFD,DSC_1387,220,0.002,400.0,8.0,111.6,145.7,0,0
133WEXFD,DSC_1388,250,0.002,400.0,8.0,286.4,131.8,0,0
133WEXFD,DSC_1389,250,0.002,400.0,8.0,384.9,129.6,0,0
133WEXFD,DSC_1390,250,0.002,400.0,8.0,132.9,150.3,0,0
133WEXFD,DSC_1391,250,0.002,400.0,8.0,186.6,127.0,0,0
133WEXFD,DSC_1392,280,0.002,400.0,8.0,356.5,132.6,0,0
133WEXFD,DSC_1393,280,0.002,400.0,8.0,128.4,138.6,0,0
133WEXFD,DSC_1394,220,0.002,400.0,8.0,179.4,161.8,0,0
133WEXFD,DSC_1395,250,0.002,400.0,8.0,60.2,162.4,0,0
133WEXFD,DSC_1396,250,0.002,400.0,8.0,33.3,161.7,0,0
133WEXFD,DSC_1397,280,0.002,400.0,8.0,161.5,128.7,0,0
133WEXFD,DSC_1398,280,0.002,400.0,8.0,223.5,124.5,0,0
133WEXFD,DSC_1399,280,0.002,400.0,8.0,208.6,127.9,0,0
133WEXFD,DSC_1400,280,0.002,400.0,8.0,219.0,130.4,0,0
133WEXFD,DSC_1401,220,0.002,400.0,8.0,106.0,120.2,0,0
133WEXFD,DSC_1402,220,0.002,400.0,8.0,173.6,116.9,0,0
133WEXFD,DSC_1403,200,0.002,400.0,8.0,220.0,130.8,0,0
133WEXFD,DSC_1404,200,0.002,400.0,8.0,217.4,123.8,0,0
133WEXFD,DSC_1405,400,0.002,400.0,8.0,260.3,136.4,0,0
133WEXFD,DSC_1406,400,0.002,400.0,8.0,149.5,129.0,0,0
133WEXFD,DSC_1407,180,0.002,18.0,8.0,851.4,153.5,0,0
133WEXFD,DSC_1408,160,0.002,200.0,8.0,326.5,141.1,0,0
133WEXFD,DSC_1409,160,0.002,185.0,8.0,383.8,145.9,0,0
133WEXFD,DSC_1410,180,0.002,92.0,8.0,473.3,128.4,0,0
133WEXFD,DSC_1411,180,0.002,92.0,8.0,387.3,128.4,0,0
133WEXFD,DSC_1412,250,0.002,100.0,8.0,235.2,159.2,0,0
133WEXFD,DSC_1413,220,0.002,100.0,8.0,314.9,139.6,0,0
133WEXFD,DSC_1414,160,0.002,46.0,8.0,485.8,137.9,0,0
133WEXFD,DSC_1415,200,0.002,46.0,8.0,620.2,153.7,0,0
133WEXFD,DSC_1416,200,0.002,46.0,8.0,548.3,153.1,0,0
133WEXFD,DSC_1417,160,0.002,185.0,8.0,368.4,123.4,0,0
133WEXFD,DSC_1418,220,0.002,400.0,8.0,401.4,110.9,0,0
133WEXFD,DSC_1419,250,0.002,400.0,8.0,237.1,119.2,0,0
133WEXFD,DSC_1420,220,0.002,400.0,8.0,228.6,130.0,0,0
133WEXFD,DSC_1421,200,0.002,400.0,8.0,337.6,133.5,0,0
133WEXFD,DSC_1422,200,0.002,400.0,8.0,257.2,122.8,0,0
133WEXFD,DSC_1423,180,0.002,400.0,8.0,120.3,140.1,0,0
133WEXFD,DSC_1424,200,0.002,400.0,8.0,208.4,141.7,0,0
133WEXFD,DSC_1425,180,0.002,400.0,8.0,188.6,133.3,0,0
133WEXFD,DSC_1426,220,0.002,400.0,8.0,127.6,130.9,0,0
133WEXFD,DSC_1427,400,0.002,400.0,8.0,288.7,124.7,0,0
133WEXFD,DSC_1428,360,0.002,400.0,8.0,113.0,118.9,0,0
133WEXFD,DSC_1429,200,0.002,400.0,8.0,20.4,155.8,0,0
133WEXFD,DSC_1430,200,0.002,50.0,8.0,704.7,153.1,0,0
133WEXFD,DSC_1431,180,0.002,50.0,8.0,751.6,143.0,0,0
133WEXFD,DSC_1432,200,0.002,50.0,8.0,773.3,142.7,0,0
133WEXFD,DSC_1433,560,0.002,400.0,8.0,128.4,129.1,0,0
133WEXFD,DSC_1434,500,0.002,400.0,8.0,316.1,128.6,0,0
133WEXFD,DSC_1435,500,0.002,400.0,8.0,257.1,126.0,0,0
133WEXFD,DSC_1436,400,0.002,400.0,8.0,271.2,125.8,0,0
133WEXFD,DSC_1437,500,0.002,400.0,8.0,253.4,126.6,0,0
133WEXFD,DSC_1438,160,0.002,400.0,8.0,277.0,131.3,0,0
133WEXFD,DSC_1439,140,0.002,400.0,8.0,213.4,136.1,0,0
133WEXFD,DSC_1440,180,0.002,400.0,8.0,259.6,144.0,0,0
133WEXFD,DSC_1441,180,0.002,400.0,8.0,185.7,150.3,0,0
133WEXFD,DSC_1442,180,0.002,400.0,8.0,167.8,143.3,0,0
133WEXFD,DSC_1443,400,0.002,400.0,8.0,200.8,108.0,0,0
133WEXFD,DSC_1444,400,0.002,400.0,8.0,233.8,108.0,0,0
133WEXFD,DSC_1445,400,0.002,400.0,8.0,217.8,108.3,0,0
133WEXFD,DSC_1446,400,0.002,400.0,8.0,137.3,115.3,0,0
133WEXFD,DSC_1447,400,0.002,400.0,8.0,261.1,115.9,0,0
133WEXFD,DSC_1448,400,0.002,400.0,8.0,115.5,114.3,0,0
133WEXFD,DSC_1449,400,0.002,400.0,8.0,138.4,122.3,0,0
133WEXFD,DSC_1450,400,0.002,400.0,8.0,388.2,122.1,0,0
133WEXFD,DSC_1451,220,0.002,58.0,8.0,703.2,149.4,0,0
133WEXFD,DSC_1452,220,0.002,58.0,8.0,764.2,155.3,0,0
133WEXFD,DSC_1453,220,0.002,58.0,8.0,355.4,183.8,0,0
133WEXFD,DSC_1454,160,0.002,58.0,8.0,643.3,201.2,0,0
133WEXFD,DSC_1455,180,0.002,50.0,8.0,618.0,154.4,0,0
133WEXFD,DSC_1456,160,0.002,44.0,8.0,829.2,139.7,0,0
133WEXFD,DSC_1457,200,0.002,55.0,8.0,843.1,158.7,0,0
133WEXFD,DSC_1458,200,0.002,55.0,8.0,952.2,143.6,0,0
133WEXFD,DSC_1459,180,0.002,55.0,8.0,676.3,150.9,0,0
133WEXFD,DSC_1460,180,0.002,55.0,8.0,693.1,155.7,0,0
133WEXFD,DSC_1461,180,0.002,55.0,8.0,735.6,150.2,0,0
133WEXFD,DSC_1462,220,0.002,55.0,8.0,803.5,160.8,0,0
133WEXFD,DSC_1463,180,0.002,18.0,8.0,893.6,169.2,0,0
133WEXFD,DSC_1464,160,0.002,18.0,8.0,888.5,163.2,0,0
133WEXFD,DSC_1465,220,0.002,35.0,8.0,1482.1,172.3,0,0
133WEXFD,DSC_1466,200,0.002,38.0,8.0,1590.4,149.4,0,0
133WEXFD,DSC_1467,140,0.002,75.0,8.0,441.8,152.3,0,0
133WEXFD,DSC_1468,140,0.002,75.0,8.0,379.0,149.4,0,0
133WEXFD,DSC_1469,140,0.002,75.0,8.0,369.6,156.0,0,0
133WEXFD,DSC_1470,220,0.002,18.0,8.0,980.3,150.3,0,0
133WEXFD,DSC_1471,180,0.002,80.0,8.0,158.9,120.1,0,0
133WEXFD,DSC_1472,280,0.002,400.0,8.0,377.9,104.7,0,0
133WEXFD,DSC_1473,280,0.002,400.0,8.0,39.2,112.7,0,0
133WEXFD,DSC_1474,220,0.002,400.0,8.0,282.7,119.2,0,0
133WEXFD,DSC_1475,220,0.002,400.0,8.0,134.7,124.9,0,0
133WEXFD,DSC_1476,200,0.002,18.0,8.0,1107.5,142.1,0,0
133WEXFD,DSC_1477,200,0.002,18.0,8.0,484.5,148.8,0,0
133WEXFD,DSC_1478,200,0.002,50.0,8.0,1230.1,130.5,0,0
133WEXFD,DSC_1479,180,0.002,100.0,8.0,497.0,105.5,0,0
133WEXFD,DSC_1480,100,0.0015625,122.0,8.0,976.8,150.0,0,0
133WEXFD,DSC_1481,100,0.0015625,122.0,8.0,730.4,152.3,0,0
133WEXFD,DSC_1482,200,0.002,185.0,8.0,276.3,119.0,0,0
133WEXFD,DSC_1483,200,0.002,185.0,8.0,243.2,128.2,0,0
133WEXFD,DSC_1484,200,0.002,400.0,8.0,104.0,131.6,0,0
133WEXFD,DSC_1485,220,0.002,400.0,8.0,184.9,110.5,0,0
133WEXFD,DSC_1486,100,0.0015625,400.0,8.0,608.2,128.2,0,0
133WEXFD,DSC_1487,140,0.002,400.0,8.0,493.1,145.9,0,0
133WEXFD,DSC_1488,200,0.002,400.0,8.0,280.0,147.9,0,0
133WEXFD,DSC_1489,160,0.002,18.0,8.0,738.4,168.5,0,0
133WEXFD,DSC_1490,160,0.002,46.0,8.0,1461.9,155.7,0,0
133WEXFD,DSC_1491,125,0.002,75.0,8.0,1377.6,156.4,0,0
133WEXFD,DSC_1492,250,0.002,400.0,8.0,164.5,145.1,0,0
133WEXFD,DSC_1493,400,0.002,400.0,8.0,297.3,130.3,0,0
133WEXFD,DSC_1494,400,0.002,400.0,8.0,92.5,135.3,0,0
133WEXFD,DSC_1495,400,0.002,400.0,8.0,143.4,127.2,0,0
133WEXFD,DSC_1496,400,0.002,400.0,8.0,229.0,153.4,0,0
133WEXFD,DSC_1497,400,0.002,400.0,8.0,655.2,210.6,0,0
133WEXFD,DSC_1498,400,0.002,400.0,8.0,411.1,197.0,0,0
133WEXFD,DSC_1499,400,0.002,400.0,8.0,330.5,191.7,0,0
133WEXFD,DSC_1500,400,0.002,400.0,8.0,441.8,198.1,0,0
133WEXFD,DSC_1501,560,0.002,400.0,8.0,185.5,105.8,0,0
133WEXFD,DSC_1502,560,0.002,400.0,8.0,212.4,104.8,0,0
133WEXFD,DSC_1503,560,0.002,400.0,8.0,253.6,106.7,0,0
133WEXFD,DSC_1504,560,0.002,400.0,8.0,205.9,122.2,0,0
133WEXFD,DSC_1505,560,0.002,400.0,8.0,104.7,123.0,0,0
133WEXFD,DSC_1506,560,0.002,400.0,8.0,195.7,130.6,0,0
133WEXFD,DSC_1507,560,0.002,400.0,8.0,228.7,123.5,0,0
133WEXFD,DSC_1508,560,0.002,400.0,8.0,42.6,99.7,0,0
133WEXFD,DSC_1509,100,0.002,70.0,8.0,458.0,135.9,0,0
133WEXFD,DSC_1510,110,0.002,400.0,8.0,988.2,134.8,0,0
133WEXFD,DSC_1511,125,0.002,400.0,8.0,947.3,142.1,0,0
133WEXFD,DSC_1512,110,0.002,400.0,8.0,98.9,154.6,0,0
133WEXFD,DSC_1513,110,0.002,400.0,8.0,105.2,150.5,0,0
133WEXFD,DSC_1514,125,0.002,400.0,8.0,116.9,164.5,0,0
133WEXFD,DSC_1515,160,0.002,18.0,8.0,4.2,135.1,0,0
133WEXFD,DSC_1516,160,0.002,18.0,8.0,4.2,134.7,0,0
133WEXFD,DSC_1517,160,0.002,18.0,8.0,5.2,177.1,0,0
133WEXFD,DSC_1518,110,0.002,18.0,8.0,4.2,172.6,0,0
133WEXFD,DSC_1519,180,0.002,400.0,8.0,203.1,93.8,0,0
133WEXFD,DSC_1520,220,0.002,400.0,8.0,420.2,120.8,0,0
133WEXFD,DSC_1521,220,0.002,400.0,8.0,409.7,128.2,0,0
133WEXFD,DSC_1522,220,0.002,400.0,8.0,451.1,130.4,0,0
133WEXFD,DSC_1523,200,0.002,400.0,8.0,454.5,124.1,0,0
133WEXFD,DSC_1524,250,0.002,400.0,8.0,403.3,129.2,0,0
133WEXFD,DSC_1525,250,0.002,400.0,8.0,443.0,140.3,0,0
133WEXFD,DSC_1526,360,0.002,92.0,8.0,829.7,121.2,0,0
133WEXFD,DSC_1527,360,0.002,92.0,8.0,964.1,114.9,0,0
133WEXFD,DSC_1528,220,0.002,400.0,8.0,386.8,121.5,0,0
133WEXFD,DSC_1529,160,0.002,400.0,8.0,261.9,105.8,0,0
133WEXFD,DSC_1530,200,0.002,400.0,8.0,540.4,113.3,0,0
133WEXFD,DSC_1531,220,0.002,400.0,8.0,407.2,112.6,0,0
133WEXFD,DSC_1532,200,0.002,145.0,8.0,177.9,143.5,0,0
133WEXFD,DSC_1533,200,0.002,145.0,8.0,118.3,144.4,0,0
133WEXFD,DSC_1534,1250,0.002,100.0,8.0,528.3,103.8,0,0
133WEXFD,DSC_1535,1250,0.002,116.0,8.0,277.9,101.7,0,0
133WEXFD,DSC_1536,280,0.002,400.0,8.0,498.7,116.8,0,0
133WEXFD,DSC_1537,400,0.002,400.0,8.0,727.8,135.3,0,0
133WEXFD,DSC_1538,200,0.002,400.0,8.0,157.4,151.0,0,0
133WEXFD,DSC_1539,180,0.002,400.0,8.0,132.6,146.3,0,0
133WEXFD,DSC_1540,160,0.002,400.0,8.0,97.9,146.5,0,0
133WEXFD,DSC_1541,200,0.002,400.0,8.0,108.7,147.0,0,0
133WEXFD,DSC_1542,160,0.002,400.0,8.0,114.5,144.8,0,0
133WEXFD,DSC_1543,140,0.002,400.0,8.0,85.3,130.1,0,0
133WEXFD,DSC_1544,160,0.002,400.0,8.0,72.2,120.9,0,0
133WEXFD,DSC_1545,140,0.002,400.0,8.0,50.2,124.3,0,0
133WEXFD,DSC_1546,125,0.002,400.0,8.0,17.1,106.9,0,0
133WEXFD,DSC_1547,220,0.002,400.0,8.0,81.2,140.3,0,0
133WEXFD,DSC_1548,180,0.002,400.0,8.0,22.1,134.6,0,0
133WEXFD,DSC_1549,280,0.002,400.0,8.0,351.3,138.3,0,0
133WEXFD,DSC_1550,280,0.002,400.0,8.0,227.5,141.6,0,0
133WEXFD,DSC_1551,280,0.002,400.0,8.0,178.5,144.7,0,0
133WEXFD,DSC_1552,250,0.002,400.0,8.0,36.0,142.0,0,0
133WEXFD,DSC_1553,200,0.002,58.0,8.0,761.0,160.4,0,0
133WEXFD,DSC_1554,180,0.002,86.0,8.0,292.7,145.8,0,0
133WEXFD,DSC_1555,180,0.002,86.0,8.0,625.0,158.1,0,0
133WEXFD,DSC_1556,180,0.002,75.0,8.0,980.8,139.9,0,0
133WEXFD,DSC_1557,140,0.002,65.0,8.0,483.9,115.5,0,0
133WEXFD,DSC_1558,160,0.002,65.0,8.0,490.7,115.1,0,0
133WEXFD,DSC_1559,180,0.002,170.0,8.0,323.2,137.5,0,0
133WEXFD,DSC_1560,140,0.002,250.0,8.0,1050.4,133.9,0,0
133WEXFD,DSC_1561,140,0.002,400.0,8.0,509.5,122.1,0,0
133WEXFD,DSC_1562,180,0.002,18.0,8.0,884.8,146.0,0,0
133WEXFD,DSC_1563,200,0.002,18.0,8.0,806.9,154.3,0,0
133WEXFD,DSC_1564,180,0.002,18.0,8.0,635.0,154.9,0,0
133WEXFD,DSC_1565,200,0.002,18.0,8.0,531.7,160.8,0,0
133WEXFD,DSC_1566,160,0.002,18.0,8.0,530.9,162.7,0,0
133WEXFD,DSC_1567,160,0.002,55.0,8.0,214.7,143.7,0,0
133WEXFD,DSC_1568,200,0.002,400.0,8.0,1053.2,147.8,0,1
133WEXFD,DSC_1569,180,0.002,400.0,8.0,985.9,147.7,0,0
133WEXFD,DSC_1570,250,0.002,400.0,8.0,63.7,139.4,0,0
133WEXFD,DSC_1571,280,0.002,400.0,8.0,151.9,140.7,0,0
133WEXFD,DSC_1572,280,0.002,400.0,8.0,105.8,134.6,0,0
133WEXFD,DSC_1573,280,0.002,400.0,8.0,243.1,164.7,0,0
133WEXFD,DSC_1574,250,0.002,400.0,8.0,385.8,158.3,0,0
133WEXFD,DSC_1575,250,0.002,400.0,8.0,220.0,167.1,0,0
133WEXFD,DSC_1576,250,0.002,400.0,8.0,298.7,164.3,0,0
133WEXFD,DSC_1577,250,0.002,400.0,8.0,166.9,172.4,0,0
133WEXFD,DSC_1578,250,0.002,400.0,8.0,233.8,188.3,0,0
133WEXFD,DSC_1579,250,0.002,400.0,8.0,100.7,205.2,0,0
133WEXFD,DSC_1580,250,0.002,400.0,8.0,182.0,226.2,0,0
133WEXFD,DSC_1581,250,0.002,400.0,8.0,182.8,241.7,0,0
133WEXFD,DSC_1582,250,0.002,400.0,8.0,284.3,237.8,0,0
133WEXFD,DSC_1583,250,0.002,400.0,8.0,202.7,243.2,0,0
133WEXFD,DSC_1584,250,0.002,400.0,8.0,208.2,239.6,0,0
133WEXFD,DSC_1585,250,0.002,400.0,8.0,290.4,236.0,0,0
133WEXFD,DSC_1586,250,0.002,400.0,8.0,346.3,235.0,0,0
133WEXFD,DSC_1587,250,0.002,400.0,8.0,380.0,207.8,0,0
133WEXFD,DSC_1588,250,0.002,400.0,8.0,315.6,183.5,0,0
133WEXFD,DSC_1589,250,0.002,400.0,8.0,221.7,119.5,0,0
133WEXFD,DSC_1590,250,0.002,400.0,8.0,370.9,121.8,0,0
133WEXFD,DSC_1591,250,0.002,400.0,8.0,427.7,132.7,0,0
133WEXFD,DSC_1592,250,0.002,400.0,8.0,97.9,111.7,0,0
133WEXFD,DSC_1593,250,0.002,400.0,8.0,198.0,111.4,0,0
133WEXFD,DSC_1594,250,0.002,400.0,8.0,226.4,112.4,0,0
133WEXFD,DSC_1595,250,0.002,400.0,8.0,202.1,216.0,0,0
133WEXFD,DSC_1596,250,0.002,400.0,8.0,631.9,209.9,0,0
133WEXFD,DSC_1597,100,0.00125,400.0,8.0,4.0,160.9,0,0
133WEXFD,DSC_1598,200,0.002,58.0,8.0,318.9,133.3,0,0
133WEXFD,DSC_1599,250,0.002,400.0,8.0,874.5,138.4,0,0
133WEXFD,DSC_1600,280,0.002,18.0,8.0,1160.5,135.2,0,0
133WEXFD,DSC_1601,250,0.002,18.0,8.0,968.3,135.0,0,0
133WEXFD,DSC_1602,250,0.002,80.0,8.0,358.7,117.7,0,0
133WEXFD,DSC_1603,250,0.002,80.0,8.0,292.1,118.1,0,0
133WEXFD,DSC_1604,250,0.002,80.0,8.0,287.4,116.8,0,0
133WEXFD,DSC_1605,320,0.002,400.0,8.0,53.9,126.2,0,0
133WEXFD,DSC_1606,250,0.002,70.0,8.0,314.3,113.4,0,0
133WEXFD,DSC_1607,180,0.002,86.0,8.0,1390.1,100.6,0,0
133WEXFD,DSC_1608,200,0.002,86.0,8.0,1093.6,103.4,0,0
133WEXFD,DSC_1609,220,0.002,58.0,8.0,1017.0,106.9,0,0
133WEXFD,DSC_1610,220,0.002,58.0,8.0,1233.4,110.0,0,0
133WEXFD,DSC_1611,250,0.002,18.0,8.0,697.4,138.5,0,0
133WEXFD,DSC_1612,250,0.002,18.0,8.0,573.2,140.2,0,0
133WEXFD,DSC_1613,200,0.002,35.0,8.0,593.1,122.4,0,0
133WEXFD,DSC_1614,220,0.002,65.0,8.0,884.6,107.3,0,0
133WEXFD,DSC_1615,220,0.002,75.0,8.0,515.0,100.5,0,0
133WEXFD,DSC_1616,250,0.002,18.0,8.0,691.0,137.7,1,0
133WEXFD,DSC_1617,250,0.002,80.0,8.0,1103.3,104.6,0,0
133WEXFD,DSC_1618,250,0.002,70.0,8.0,496.7,104.4,0,0
133WEXFD,DSC_1619,250,0.002,145.0,8.0,801.0,107.0,0,0
133WEXFD,DSC_1620,280,0.002,145.0,8.0,511.5,110.9,0,0
133WEXFD,DSC_1621,800,0.002,400.0,8.0,301.5,134.8,0,0
133WEXFD,DSC_1622,220,0.002,100.0,8.0,442.4,105.9,0,0
133WEXFD,DSC_1623,220,0.002,62.0,8.0,880.9,101.0,0,0
133WEXFD,DSC_1624,220,0.002,70.0,8.0,698.6,99.7,0,0
133WEXFD,DSC_1625,220,0.002,70.0,8.0,652.9,99.6,0,0
133WEXFD,DSC_1626,220,0.002,46.0,8.0,549.4,117.3,0,0
133WEXFD,DSC_1627,220,0.002,40.0,8.0,622.1,125.9,0,0
133WEXFD,DSC_1628,200,0.002,44.0,8.0,695.6,132.3,0,0
133WEXFD,DSC_1629,250,0.002,62.0,8.0,365.5,116.6,0,0
133WEXFD,DSC_1630,180,0.002,75.0,8.0,64.2,135.8,0,0
133WEXFD,DSC_1631,180,0.002,135.0,8.0,83.4,131.3,0,0
133WEXFD,DSC_1632,180,0.002,135.0,8.0,89.5,134.8,0,0
133WEXFD,DSC_1633,220,0.002,18.0,8.0,634.1,133.1,0,0
133WEXFD,DSC_1634,220,0.002,32.0,8.0,549.6,128.6,0,0
133WEXFD,DSC_1635,250,0.002,27.0,8.0,453.7,136.7,0,0
133WEXFD,DSC_1636,250,0.002,24.0,8.0,476.4,137.2,0,0
133WEXFD,DSC_1637,250,0.002,21.0,8.0,790.9,134.3,0,0
133WEXFD,DSC_1638,250,0.002,21.0,8.0,750.4,134.8,0,0
133WEXFD,DSC_1639,250,0.002,21.0,8.0,718.4,134.4,0,0
133WEXFD,DSC_1640,100,0.00125,400.0,8.0,213.5,154.9,0,0
133WEXFD,DSC_1641,160,0.002,400.0,8.0,51.2,169.0,0,0
133WEXFD,DSC_1642,160,0.002,400.0,8.0,66.8,141.0,0,0
133WEXFD,DSC_1643,160,0.002,400.0,8.0,98.0,159.9,0,0
133WEXFD,DSC_1644,100,0.002,400.0,8.0,61.7,147.7,0,0
133WEXFD,DSC_1645,100,0.002,400.0,8.0,48.0,158.7,0,0
133WEXFD,DSC_1646,110,0.002,400.0,8.0,59.5,158.0,0,0
133WEXFD,DSC_1647,110,0.002,400.0,8.0,76.0,139.3,0,0
133WEXFD,DSC_1648,125,0.002,400.0,8.0,14.8,174.9,0,0
133WEXFD,DSC_1649,180,0.002,18.0,8.0,1617.1,149.4,0,0
133WEXFD,DSC_1650,180,0.002,18.0,8.0,1033.0,149.4,0,0
133WEXFD,DSC_1651,220,0.002,50.0,8.0,1118.9,134.8,0,0
133WEXFD,DSC_1652,250,0.002,400.0,8.0,272.1,118.4,0,0
133WEXFD,DSC_1653,360,0.002,400.0,8.0,130.7,110.0,0,0
133WEXFD,DSC_1654,280,0.002,400.0,8.0,289.1,132.4,0,0
133WEXFD,DSC_1655,450,0.002,400.0,8.0,194.1,109.4,0,0
133WEXFD,DSC_1656,360,0.002,400.0,8.0,90.4,104.8,0,0
133WEXFD,DSC_1657,360,0.002,400.0,8.0,136.1,105.2,0,0
133WEXFD,DSC_1658,360,0.002,400.0,8.0,43.7,114.3,0,0
133WEXFD,DSC_1659,360,0.002,400.0,8.0,119.2,117.4,0,0
133WEXFD,DSC_1660,360,0.002,400.0,8.0,44.7,123.0,0,0
133WEXFD,DSC_1661,360,0.002,400.0,8.0,131.3,130.7,0,0
133WEXFD,DSC_1662,360,0.002,400.0,8.0,101.6,115.2,0,0
133WEXFD,DSC_1663,360,0.002,400.0,8.0,36.8,104.6,0,0
133WEXFD,DSC_1664,360,0.002,400.0,8.0,56.8,117.6,0,0
133WEXFD,DSC_1665,360,0.002,400.0,8.0,146.7,150.0,0,0
133WEXFD,DSC_1666,360,0.002,400.0,8.0,358.3,184.0,0,0
133WEXFD,DSC_1667,360,0.002,400.0,8.0,78.6,112.4,0,0
133WEXFD,DSC_1668,360,0.002,400.0,8.0,39.0,106.1,0,0
133WEXFD,DSC_1669,360,0.002,400.0,8.0,151.3,197.8,0,0
133WEXFD,DSC_1670,360,0.002,400.0,8.0,102.9,187.1,0,0
133WEXFD,DSC_1671,360,0.002,400.0,8.0,177.2,194.0,0,0
133WEXFD,DSC_1672,360,0.002,400.0,8.0,128.7,172.4,0,0
133WEXFD,DSC_1673,360,0.002,400.0,8.0,149.9,211.6,0,0
133WEXFD,DSC_1674,360,0.002,400.0,8.0,399.4,212.6,0,0
133WEXFD,DSC_1675,180,0.002,21.0,8.0,1732.4,146.5,0,0
133WEXFD,DSC_1676,180,0.002,21.0,8.0,1585.0,148.1,0,0
133WEXFD,DSC_1677,180,0.002,21.0,8.0,1287.1,143.0,0,0
133WEXFD,DSC_1678,320,0.002,46.0,8.0,1880.1,141.7,0,0
133WEXFD,DSC_1679,320,0.002,44.0,8.0,1818.2,142.9,0,0
133WEXFD,DSC_1680,250,0.002,400.0,8.0,193.8,120.6,0,0
133WEXFD,DSC_1681,250,0.002,400.0,8.0,181.3,114.2,0,0
133WEXFD,DSC_1682,250,0.002,400.0,8.0,72.0,111.9,0,0
133WEXFD,DSC_1683,250,0.002,400.0,8.0,28.3,93.7,0,0
133WEXFD,DSC_1684,250,0.002,400.0,8.0,99.6,93.9,0,0
133WEXFD,DSC_1685,250,0.002,400.0,8.0,31.6,98.1,0,0
133WEXFD,DSC_1686,250,0.002,400.0,8.0,25.3,107.6,0,0
133WEXFD,DSC_1687,250,0.002,400.0,8.0,159.2,161.3,0,0
133WEXFD,DSC_1688,220,0.002,400.0,8.0,102.2,96.0,0,0
133WEXFD,DSC_1689,320,0.002,400.0,8.0,74.7,108.9,0,0
133WEXFD,DSC_1690,320,0.002,400.0,8.0,134.8,108.3,0,0
133WEXFD,DSC_1691,280,0.002,400.0,8.0,70.2,91.3,0,0
133WEXFD,DSC_1692,280,0.002,400.0,8.0,138.7,93.4,0,0
133WEXFD,DSC_1693,280,0.002,400.0,8.0,29.9,97.0,0,0
133WEXFD,DSC_1694,280,0.002,400.0,8.0,31.7,95.2,0,0
133WEXFD,DSC_1695,280,0.002,400.0,8.0,26.3,122.5,0,0
133WEXFD,DSC_1696,280,0.002,400.0,8.0,51.1,121.7,0,0
133WEXFD,DSC_1697,280,0.002,400.0,8.0,27.2,98.3,0,0
133WEXFD,DSC_1698,280,0.002,400.0,8.0,118.4,135.3,0,0
133WEXFD,DSC_1699,280,0.002,400.0,8.0,596.2,168.3,0,0
133WEXFD,DSC_1700,280,0.002,400.0,8.0,1107.0,163.0,0,0
133WEXFD,DSC_1701,280,0.002,400.0,8.0,340.1,167.6,0,0
133WEXFD,DSC_1702,180,0.002,18.0,8.0,1527.7,151.2,0,0
133WEXFD,DSC_1703,180,0.002,18.0,8.0,1212.9,150.7,0,0
133WEXFD,DSC_1704,250,0.002,65.0,8.0,1040.6,122.5,0,0
133WEXFD,DSC_1705,220,0.002,65.0,8.0,523.8,123.3,0,0
133WEXFD,DSC_1706,220,0.002,65.0,8.0,460.9,118.1,0,0
133WEXFD,DSC_1707,250,0.002,65.0,8.0,864.7,117.9,0,0
133WEXFD,DSC_1708,250,0.002,44.0,8.0,1632.0,130.7,0,0
133WEXFD,DSC_1709,200,0.002,58.0,8.0,860.6,122.3,0,0
133WEXFD,DSC_1710,200,0.002,116.0,8.0,567.1,107.9,0,0
133WEXFD,DSC_1711,200,0.002,116.0,8.0,208.2,108.5,0,0
133WEXFD,DSC_1712,180,0.002,116.0,8.0,618.8,103.5,0,0
133WEXFD,DSC_1713,100,0.0015625,135.0,8.0,1939.7,103.1,0,0
133WEXFD,DSC_1714,280,0.002,18.0,8.0,2017.4,136.7,0,0
133WEXFD,DSC_1715,320,0.002,18.0,8.0,2380.4,137.8,0,0
133WEXFD,DSC_1716,200,0.002,92.0,8.0,784.2,105.3,0,0
133WEXFD,DSC_1717,200,0.002,400.0,8.0,47.0,111.5,0,0
133WEXFD,DSC_1718,180,0.002,400.0,8.0,71.1,110.4,0,0
133WEXFD,DSC_1719,280,0.002,400.0,8.0,70.1,122.2,0,0
133WEXFD,DSC_1720,125,0.002,400.0,8.0,72.8,99.8,0,0
133WEXFD,DSC_1721,160,0.002,400.0,8.0,56.7,107.3,0,0
133WEXFD,DSC_1722,160,0.002,400.0,8.0,62.0,107.6,0,0
133WEXFD,DSC_1723,140,0.002,400.0,8.0,97.0,100.0,0,0
133WEXFD,DSC_1724,180,0.002,400.0,8.0,146.1,117.0,0,0
133WEXFD,DSC_1725,125,0.002,400.0,8.0,159.0,129.9,0,0
133WEXFD,DSC_1726,200,0.002,18.0,8.0,1264.1,137.1,0,0
133WEXFD,DSC_1727,180,0.002,86.0,8.0,1474.4,108.9,0,0
133WEXFD,DSC_1728,160,0.002,400.0,8.0,90.9,104.2,0,0
133WEXFD,DSC_1729,160,0.002,400.0,8.0,316.4,91.5,0,0
133WEXFD,DSC_1730,160,0.002,400.0,8.0,128.6,122.6,0,0
133WEXFD,DSC_1731,160,0.002,400.0,8.0,157.1,124.6,0,0
133WEXFD,DSC_1732,160,0.002,400.0,8.0,163.3,112.7,0,0
133WEXFD,DSC_1733,280,0.002,400.0,8.0,199.0,115.7,0,0
133WEXFD,DSC_1734,110,0.002,400.0,8.0,235.1,114.0,0,0
133WEXFD,DSC_1735,110,0.002,400.0,8.0,153.3,114.4,0,0
133WEXFD,DSC_1736,110,0.002,400.0,8.0,90.4,108.4,0,0
133WEXFD,DSC_1737,160,0.002,400.0,8.0,174.1,117.7,0,0
133WEXFD,DSC_1738,160,0.002,400.0,8.0,119.0,123.9,0,0
133WEXFD,DSC_1739,180,0.002,400.0,8.0,592.3,132.1,0,0
133WEXFD,DSC_1740,200,0.002,70.0,8.0,340.5,135.6,0,0
133WEXFD,DSC_1741,200,0.002,18.0,8.0,1733.7,125.0,0,0
133WEXFD,DSC_1742,100,0.002,400.0,8.0,157.9,142.5,0,0
133WEXFD,DSC_1743,110,0.002,400.0,8.0,194.5,143.4,0,0
133WEXFD,DSC_1744,100,0.002,400.0,8.0,163.2,139.0,0,0
133WEXFD,DSC_1745,100,0.002,400.0,8.0,164.7,133.5,0,0
133WEXFD,DSC_1746,125,0.002,400.0,8.0,123.4,138.1,0,0
133WEXFD,DSC_1747,110,0.002,400.0,8.0,89.9,136.7,0,0
133WEXFD,DSC_1748,125,0.002,400.0,8.0,193.2,144.1,0,0
133WEXFD,DSC_1749,220,0.002,400.0,8.0,129.6,110.1,0,0
133WEXFD,DSC_1750,125,0.002,400.0,8.0,114.7,116.0,0,0
133WEXFD,DSC_1751,140,0.002,400.0,8.0,100.3,117.6,0,0
133WEXFD,DSC_1752,160,0.002,400.0,8.0,108.5,110.1,0,0
133WEXFD,DSC_1753,140,0.002,400.0,8.0,196.9,117.4,0,0
133WEXFD,DSC_1754,140,0.002,400.0,8.0,180.6,128.7,0,0
133WEXFD,DSC_1755,140,0.002,400.0,8.0,136.8,118.7,0,0
133WEXFD,DSC_1756,160,0.002,400.0,8.0,108.8,118.0,0,0
133WEXFD,DSC_1757,180,0.002,400.0,8.0,114.4,111.6,0,0
133WEXFD,DSC_1758,200,0.002,400.0,8.0,145.1,109.1,0,0
133WEXFD,DSC_1759,180,0.002,400.0,8.0,150.2,103.9,1,1
133WEXFD,DSC_1760,110,0.002,400.0,8.0,147.8,108.2,0,0
133WEXFD,DSC_1761,125,0.002,400.0,8.0,136.2,118.7,0,0
133WEXFD,DSC_1762,125,0.002,400.0,8.0,73.3,127.1,0,0
133WEXFD,DSC_1763,100,0.002,400.0,8.0,172.9,116.8,0,0
133WEXFD,DSC_1764,100,0.002,400.0,8.0,263.8,139.8,0,0
133WEXFD,DSC_1765,110,0.002,400.0,8.0,211.9,130.7,0,1
133WEXFD,DSC_1766,200,0.002,18.0,8.0,762.9,135.7,0,0
133WEXFD,DSC_1767,220,0.002,18.0,8.0,796.2,137.2,0,0
133WEXFD,DSC_1768,180,0.002,31.0,8.0,610.1,128.5,0,0
133WEXFD,DSC_1769,180,0.002,18.0,8.0,601.2,158.2,0,0
133WEXFD,DSC_1770,160,0.002,35.0,8.0,803.9,132.7,0,0
133WEXFD,DSC_1771,140,0.002,23.0,8.0,297.1,152.4,0,0
133WEXFD,DSC_1772,250,0.002,18.0,9.0,690.6,147.0,0,0
133WEXFD,DSC_1773,320,0.002,18.0,9.0,931.8,133.9,0,0
133WEXFD,DSC_1774,360,0.002,18.0,9.0,807.5,140.8,0,0
133WEXFD,DSC_1775,280,0.002,18.0,9.0,722.9,140.9,0,0
133WEXFD,DSC_1776,280,0.002,18.0,9.0,1043.6,137.2,0,0
133WEXFD,DSC_1777,450,0.002,100.0,9.0,218.2,118.5,0,0
133WEXFD,DSC_1778,400,0.002,100.0,9.0,277.9,118.3,0,0
133WEXFD,DSC_1779,400,0.002,18.0,9.0,1097.3,145.0,0,0
133WEXFD,DSC_1780,360,0.002,18.0,9.0,1285.3,139.5,0,0
133WEXFD,DSC_1781,360,0.002,135.0,9.0,301.5,114.8,0,0
133WEXFD,DSC_1782,360,0.002,135.0,9.0,475.3,112.4,0,0
133WEXFD,DSC_1783,360,0.002,18.0,9.0,1268.3,132.9,0,0
133WEXFD,DSC_1784,280,0.002,18.0,9.0,548.7,144.6,0,0
133WEXFD,DSC_1785,250,0.002,46.0,9.0,117.0,152.6,0,0
133WEXFD,DSC_1786,220,0.002,46.0,9.0,215.2,144.3,0,0
133WEXFD,DSC_1787,360,0.002,100.0,9.0,354.2,117.2,0,0
133WEXFD,DSC_1788,280,0.002,18.0,9.0,834.0,144.8,0,0
133WEXFD,DSC_1789,450,0.002,18.0,9.0,911.2,140.6,0,0
133WEXFD,DSC_1790,500,0.002,18.0,9.0,1387.4,143.8,0,0
133WEXFD,DSC_1791,360,0.002,92.0,9.0,842.3,107.7,0,0
133WEXFD,DSC_1792,360,0.002,92.0,9.0,547.8,107.0,0,0
133WEXFD,DSC_1793,360,0.002,92.0,9.0,846.0,108.3,0,0
133WEXFD,DSC_1794,360,0.002,400.0,9.0,317.0,116.6,0,0
133WEXFD,DSC_1795,320,0.002,400.0,9.0,259.4,103.4,0,0
133WEXFD,DSC_1796,320,0.002,400.0,9.0,563.7,120.9,1,0
133WEXFD,DSC_1797,400,0.002,400.0,9.0,843.9,140.4,0,0
133WEXFD,DSC_1798,500,0.002,400.0,9.0,198.4,133.5,0,0
133WEXFD,DSC_1799,360,0.002,62.0,9.0,605.5,112.3,0,0
133WEXFD,DSC_1800,360,0.002,62.0,9.0,672.8,110.8,0,0
133WEXFD,DSC_1801,360,0.002,62.0,9.0,486.1,111.2,0,0
133WEXFD,DSC_1802,400,0.002,400.0,9.0,306.3,117.9,0,0
133WEXFD,DSC_1803,200,0.002,400.0,9.0,224.5,125.2,0,0
133WEXFD,DSC_1804,200,0.002,400.0,9.0,218.3,124.8,0,0
133WEXFD,DSC_1805,500,0.002,20.0,9.0,1301.0,149.8,0,0
133WEXFD,DSC_1806,360,0.002,92.0,9.0,814.8,105.0,0,0
133WEXFD,DSC_1807,360,0.002,92.0,9.0,794.9,102.5,0,0
133WEXFD,DSC_1808,360,0.002,400.0,9.0,96.5,107.7,0,0
133WEXFD,DSC_1809,320,0.002,18.0,9.0,1083.2,143.0,0,0
133WEXFD,DSC_1810,320,0.002,58.0,9.0,748.3,113.1,0,0
133WEXFD,DSC_1811,360,0.002,58.0,9.0,667.3,113.8,0,0
133WEXFD,DSC_1812,280,0.002,18.0,9.0,892.2,144.9,0,0
133WEXFD,DSC_1813,280,0.002,18.0,9.0,941.6,146.3,0,0
133WEXFD,DSC_1814,360,0.002,18.0,9.0,1344.7,142.0,0,0
133WEXFD,DSC_1815,320,0.002,18.0,9.0,1597.0,142.5,0,0
133WEXFD,DSC_1816,280,0.002,18.0,9.0,1025.7,140.7,0,0
133WEXFD,DSC_1817,280,0.002,18.0,9.0,686.8,147.7,0,0
133WEXFD,DSC_1818,320,0.002,44.0,9.0,904.1,121.8,0,0
133WEXFD,DSC_1819,320,0.002,400.0,9.0,287.9,129.1,0,0
133WEXFD,DSC_1820,320,0.002,400.0,9.0,323.4,125.7,0,0
133WEXFD,DSC_1821,280,0.002,400.0,9.0,240.1,122.9,0,0
133WEXFD,DSC_1822,280,0.002,400.0,9.0,252.4,118.2,0,0
133WEXFD,DSC_1823,280,0.002,400.0,9.0,331.8,120.4,0,0
133WEXFD,DSC_1824,360,0.002,400.0,9.0,150.5,122.5,0,0
133WEXFD,DSC_1825,400,0.002,400.0,9.0,92.0,126.0,0,0
133WEXFD,DSC_1826,400,0.002,400.0,9.0,76.2,122.7,0,0
133WEXFD,DSC_1827,320,0.002,122.0,9.0,389.7,111.4,0,0
133WEXFD,DSC_1828,320,0.002,122.0,9.0,1158.9,108.4,0,0
133WEXFD,DSC_1829,250,0.002,18.0,9.0,771.1,147.0,0,0
133WEXFD,DSC_1830,220,0.002,65.0,9.0,449.2,134.3,0,0
133WEXFD,DSC_1831,200,0.002,38.0,9.0,714.2,121.4,0,0
133WEXFD,DSC_1832,220,0.002,38.0,9.0,683.8,126.0,0,0
133WEXFD,DSC_1833,280,0.002,400.0,9.0,214.2,129.9,0,0
133WEXFD,DSC_1834,280,0.002,400.0,9.0,232.1,129.8,0,0
133WEXFD,DSC_1835,320,0.002,400.0,9.0,473.8,127.9,0,0
133WEXFD,DSC_1836,360,0.002,400.0,9.0,494.2,132.1,0,0
133WEXFD,DSC_1837,280,0.002,155.0,9.0,141.5,114.0,0,0
133WEXFD,DSC_1838,320,0.002,400.0,9.0,424.4,118.5,0,0
133WEXFD,DSC_1839,320,0.002,400.0,9.0,154.8,122.9,0,0
133WEXFD,DSC_1840,280,0.002,400.0,9.0,219.5,117.3,0,0
133WEXFD,DSC_1841,280,0.002,400.0,9.0,150.6,119.7,0,0
133WEXFD,DSC_1842,320,0.002,400.0,9.0,246.2,121.1,0,0
133WEXFD,DSC_1843,320,0.002,400.0,9.0,469.1,120.2,0,0
133WEXFD,DSC_1844,320,0.002,400.0,9.0,263.4,113.6,0,0
133WEXFD,DSC_1845,320,0.002,400.0,9.0,430.3,120.0,0,0
133WEXFD,DSC_1846,280,0.002,400.0,9.0,513.3,116.9,0,0
133WEXFD,DSC_1847,280,0.002,400.0,9.0,270.1,118.7,0,0
133WEXFD,DSC_1848,280,0.002,400.0,9.0,222.5,114.7,0,0
133WEXFD,DSC_1849,320,0.002,400.0,9.0,325.8,115.1,0,0
133WEXFD,DSC_1850,320,0.002,400.0,9.0,308.9,118.5,0,0
133WEXFD,DSC_1851,320,0.002,400.0,9.0,468.3,116.5,0,0
133WEXFD,DSC_1852,320,0.002,122.0,9.0,254.3,108.1,0,0
133WEXFD,DSC_1853,320,0.002,122.0,9.0,249.9,109.2,0,0
133WEXFD,DSC_1854,320,0.002,18.0,9.0,829.8,145.6,0,0
133WEXFD,DSC_1855,360,0.002,70.0,9.0,564.5,116.8,0,0
133WEXFD,DSC_1856,320,0.002,70.0,9.0,478.9,115.2,0,0
133WEXFD,DSC_1857,220,0.002,58.0,9.0,357.1,141.2,0,0
133WEXFD,DSC_1858,220,0.002,58.0,9.0,392.2,140.8,0,0
133WEXFD,DSC_1859,200,0.002,62.0,9.0,399.3,135.3,0,0
133WEXFD,DSC_1860,360,0.002,400.0,9.0,194.2,119.1,0,0
133WEXFD,DSC_1861,400,0.002,400.0,9.0,339.6,123.3,0,0
133WEXFD,DSC_1862,360,0.002,400.0,9.0,155.7,121.2,0,0
133WEXFD,DSC_1863,360,0.002,400.0,9.0,260.2,123.6,0,0
133WEXFD,DSC_1864,360,0.002,400.0,9.0,328.2,122.2,0,0
133WEXFD,DSC_1865,360,0.002,400.0,9.0,389.5,119.7,0,0
133WEXFD,DSC_1866,400,0.002,400.0,9.0,408.0,121.1,0,0
133WEXFD,DSC_1867,400,0.002,400.0,9.0,268.6,123.0,0,0
133WEXFD,DSC_1868,450,0.002,400.0,9.0,57.8,160.2,0,0
133WEXFD,DSC_1869,400,0.002,400.0,9.0,284.9,128.0,0,0
133WEXFD,DSC_1870,400,0.002,400.0,9.0,128.2,139.9,0,0
133WEXFD,DSC_1871,450,0.002,400.0,9.0,179.3,128.3,0,0
133WEXFD,DSC_1872,220,0.002,50.0,9.0,447.4,127.6,0,0
133WEXFD,DSC_1873,180,0.002,80.0,9.0,283.3,128.1,0,0
133WEXFD,DSC_1874,250,0.002,18.0,9.0,1158.9,160.6,0,0
133WEXFD,DSC_1875,280,0.002,18.0,9.0,950.5,140.8,0,0
133WEXFD,DSC_1876,280,0.002,18.0,9.0,980.1,148.9,0,0
133WEXFD,DSC_1877,280,0.002,31.0,9.0,525.6,128.0,0,0
133WEXFD,DSC_1878,220,0.002,185.0,9.0,199.1,118.4,0,0
133WEXFD,DSC_1879,250,0.002,400.0,9.0,139.1,127.4,0,0
133WEXFD,DSC_1880,250,0.002,400.0,9.0,105.7,129.6,0,0
133WEXFD,DSC_1881,250,0.002,400.0,9.0,105.4,126.5,0,0
133WEXFD,DSC_1882,220,0.002,400.0,9.0,194.2,123.0,0,0
133WEXFD,DSC_1883,220,0.002,400.0,9.0,165.8,122.7,0,0
133WEXFD,DSC_1884,220,0.002,400.0,9.0,150.1,123.0,0,0
133WEXFD,DSC_1885,280,0.002,400.0,9.0,133.8,129.1,0,0
133WEXFD,DSC_1886,250,0.002,400.0,9.0,164.1,124.4,0,0
133WEXFD,DSC_1887,220,0.002,400.0,8.0,149.6,127.2,0,0
133WEXFD,DSC_1888,220,0.002,400.0,8.0,105.7,133.2,0,0
133WEXFD,DSC_1889,220,0.002,400.0,8.0,125.6,131.4,0,0
133WEXFD,DSC_1890,250,0.002,400.0,8.0,169.0,137.1,0,0
133WEXFD,DSC_1891,220,0.002,400.0,8.0,126.6,134.7,0,0
133WEXFD,DSC_1892,200,0.002,400.0,8.0,109.2,132.1,0,0
133WEXFD,DSC_1893,220,0.002,400.0,8.0,147.8,138.8,0,0
133WEXFD,DSC_1894,200,0.002,400.0,8.0,127.4,134.9,0,0
133WEXFD,DSC_1895,200,0.002,400.0,8.0,195.8,132.5,0,0
133WEXFD,DSC_1896,180,0.002,400.0,8.0,207.7,131.2,0,0
133WEXFD,DSC_1897,220,0.002,400.0,8.0,181.5,138.4,0,0
133WEXFD,DSC_1898,200,0.002,400.0,8.0,252.3,133.0,0,0
133WEXFD,DSC_1899,180,0.002,400.0,8.0,158.6,128.3,0,0
133WEXFD,DSC_1900,180,0.002,400.0,8.0,218.0,130.8,0,0
133WEXFD,DSC_1901,180,0.002,400.0,8.0,122.4,133.0,0,0
133WEXFD,DSC_1902,180,0.002,400.0,8.0,230.5,132.9,0,0
133WEXFD,DSC_1903,180,0.002,400.0,8.0,216.9,133.0,0,0
133WEXFD,DSC_1904,160,0.002,400.0,8.0,150.7,129.8,0,0
133WEXFD,DSC_1905,220,0.002,400.0,8.0,73.1,131.2,0,0
133WEXFD,DSC_1906,220,0.002,400.0,8.0,80.4,131.7,0,0
133WEXFD,DSC_1907,220,0.002,400.0,8.0,60.8,131.9,0,0
133WEXFD,DSC_1908,250,0.002,400.0,8.0,62.4,134.6,0,0
133WEXFD,DSC_1909,220,0.002,400.0,8.0,61.0,127.3,0,0
133WEXFD,DSC_1910,280,0.002,400.0,8.0,151.1,136.0,0,0
133WEXFD,DSC_1911,250,0.002,400.0,8.0,158.2,132.9,0,0
133WEXFD,DSC_1912,250,0.002,400.0,8.0,167.6,131.4,0,0
133WEXFD,DSC_1913,220,0.002,400.0,8.0,152.5,129.1,0,0
133WEXFD,DSC_1914,280,0.002,400.0,8.0,30.6,136.0,0,0
133WEXFD,DSC_1915,200,0.002,400.0,8.0,40.8,125.6,0,0
133WEXFD,DSC_1916,220,0.002,400.0,8.0,37.6,125.5,0,0
133WEXFD,DSC_1917,250,0.002,400.0,8.0,61.4,133.8,0,0
133WEXFD,DSC_1918,250,0.002,400.0,8.0,103.8,131.7,0,0
133WEXFD,DSC_1919,250,0.002,400.0,8.0,78.4,132.9,0,0
133WEXFD,DSC_1920,250,0.002,400.0,8.0,84.7,131.8,0,0
133WEXFD,DSC_1921,200,0.002,18.0,8.0,447.3,154.8,0,0
133WEXFD,DSC_1922,140,0.002,55.0,8.0,661.7,126.1,0,0
133WEXFD,DSC_1923,125,0.002,55.0,8.0,634.1,127.2,0,0
133WEXFD,DSC_1924,900,0.002,29.0,8.0,186.2,141.6,0,0
133WEXFD,DSC_1925,640,0.002,26.0,8.0,1225.5,134.9,0,0
133WEXFD,DSC_1926,400,0.002,44.0,8.0,1975.8,126.3,0,0
133WEXFD,DSC_1927,450,0.002,44.0,8.0,1913.5,127.7,0,0
133WEXFD,DSC_1928,500,0.002,44.0,8.0,1668.9,129.5,0,0
133WEXFD,DSC_1929,500,0.002,44.0,8.0,2117.7,127.7,0,0
133WEXFD,DSC_1930,500,0.002,44.0,8.0,2037.8,128.3,0,0
133WEXFD,DSC_1931,500,0.002,44.0,8.0,1848.4,130.1,0,0
133WEXFD,DSC_1932,500,0.002,50.0,8.0,1661.4,134.8,0,0
133WEXFD,DSC_1933,450,0.002,50.0,8.0,1807.8,132.5,0,0
133WEXFD,DSC_1934,450,0.002,50.0,8.0,2027.4,131.0,0,0
133WEXFD,DSC_1935,450,0.002,50.0,8.0,2443.4,132.9,0,0
133WEXFD,DSC_1936,500,0.002,50.0,9.0,2109.5,122.5,0,0
133WEXFD,DSC_1937,500,0.002,50.0,9.0,2550.7,121.5,0,0
133WEXFD,DSC_1938,560,0.002,50.0,9.0,2132.8,125.9,0,0
133WEXFD,DSC_1939,560,0.002,50.0,9.0,2497.3,127.2,0,0
133WEXFD,DSC_1940,560,0.002,46.0,9.0,2174.9,124.8,0,0
133WEXFD,DSC_1941,560,0.002,46.0,9.0,2187.6,125.9,0,0
133WEXFD,DSC_1942,560,0.002,46.0,9.0,2372.4,123.9,0,0
133WEXFD,DSC_1943,560,0.002,46.0,9.0,2410.8,124.7,0,0
133WEXFD,DSC_1944,560,0.002,46.0,9.0,2534.6,126.0,0,0
133WEXFD,DSC_1945,560,0.002,46.0,9.0,2579.0,126.8,0,0
133WEXFD,DSC_1946,560,0.002,46.0,9.0,2502.2,127.6,0,0
133WEXFD,DSC_1947,500,0.002,35.0,9.0,2450.2,136.1,0,0
133WEXFD,DSC_1948,560,0.002,35.0,9.0,2389.3,139.8,0,0
133WEXFD,DSC_1949,400,0.002,50.0,9.0,2438.7,126.8,0,0
133WEXFD,DSC_1950,500,0.002,44.0,9.0,2960.1,129.5,0,0
133WEXFD,DSC_1951,500,0.002,44.0,9.0,2521.3,130.9,0,0
133WEXFD,DSC_1952,500,0.002,44.0,9.0,2898.0,131.4,0,0
133WEXFD,DSC_1953,450,0.002,35.0,9.0,3198.5,144.5,0,0
133WEXFD,DSC_1954,400,0.002,35.0,9.0,3611.1,146.7,0,0
133WEXFD,DSC_1955,500,0.002,35.0,9.0,2810.8,143.4,0,0
133WEXFD,DSC_1956,400,0.002,40.0,9.0,2655.7,128.8,0,0
133WEXFD,DSC_1957,400,0.002,40.0,9.0,3155.5,134.5,0,0
133WEXFD,DSC_1958,400,0.002,50.0,9.0,2553.9,128.6,0,0
133WEXFD,DSC_1959,400,0.002,50.0,9.0,2602.5,126.7,0,0
133WEXFD,DSC_1960,400,0.002,50.0,9.0,2507.6,123.0,0,0
133WEXFD,DSC_1961,560,0.002,50.0,9.0,2222.1,131.0,0,0
133WEXFD,DSC_1962,500,0.002,50.0,9.0,2160.8,128.6,0,0
133WEXFD,DSC_1963,560,0.002,40.0,9.0,2309.6,131.4,0,0
133WEXFD,DSC_1964,500,0.002,40.0,9.0,2846.1,141.3,0,0
133WEXFD,DSC_1965,360,0.002,46.0,9.0,2682.5,111.0,0,0
133WEXFD,DSC_1966,450,0.002,40.0,9.0,1947.1,119.5,0,0
133WEXFD,DSC_1967,400,0.002,40.0,8.0,1959.6,128.5,0,0
133WEXFD,DSC_1968,400,0.002,40.0,8.0,2151.5,128.7,0,0
133WEXFD,DSC_1969,450,0.002,32.0,8.0,1738.4,122.8,0,0
133WEXFD,DSC_1970,500,0.002,32.0,8.0,1895.2,127.2,0,0
133WEXFD,DSC_1971,500,0.002,32.0,8.0,1872.4,127.2,0,0
133WEXFD,DSC_1972,450,0.002,32.0,8.0,1567.8,127.0,0,0
133WEXFD,DSC_1973,500,0.002,32.0,8.0,1438.7,128.6,0,0
133WEXFD,DSC_1974,450,0.002,32.0,8.0,1611.1,127.3,0,0
133WEXFD,DSC_1975,450,0.002,32.0,8.0,1562.0,127.1,0,0
133WEXFD,DSC_1976,500,0.002,32.0,8.0,1558.5,128.5,0,0
133WEXFD,DSC_1977,450,0.002,32.0,8.0,1487.8,127.6,0,0
133WEXFD,DSC_1978,450,0.002,31.0,8.0,1348.5,130.9,0,0
133WEXFD,DSC_1979,450,0.002,31.0,8.0,1341.9,130.7,0,0
133WEXFD,DSC_1980,450,0.002,31.0,8.0,1235.1,131.3,0,0
133WEXFD,DSC_1981,450,0.002,31.0,8.0,1747.2,131.4,0,0
133WEXFD,DSC_1982,450,0.002,31.0,8.0,1757.3,131.8,0,0
133WEXFD,DSC_1983,450,0.002,31.0,8.0,1699.6,134.5,0,0
133WEXFD,DSC_1984,450,0.002,31.0,8.0,1837.2,136.0,0,0
133WEXFD,DSC_1985,400,0.002,31.0,8.0,1503.9,137.4,0,0
133WEXFD,DSC_1986,450,0.002,31.0,8.0,1668.3,138.6,0,0
133WEXFD,DSC_1987,450,0.002,31.0,8.0,1784.6,137.6,0,0
133WEXFD,DSC_1988,450,0.002,27.0,8.0,1280.8,138.0,0,0
133WEXFD,DSC_1989,450,0.002,27.0,8.0,1224.3,140.9,0,0
133WEXFD,DSC_1990,400,0.002,27.0,8.0,1604.9,136.1,0,0
133WEXFD,DSC_1991,400,0.002,27.0,8.0,1671.6,137.2,0,0
133WEXFD,DSC_1992,400,0.002,27.0,8.0,1852.2,136.7,0,0
133WEXFD,DSC_1993,500,0.002,35.0,8.0,2093.7,142.6,0,0
133WEXFD,DSC_1994,500,0.002,35.0,8.0,1925.8,141.6,0,0
133WEXFD,DSC_1995,500,0.002,35.0,8.0,2070.7,140.6,0,0
133WEXFD,DSC_1996,500,0.002,35.0,8.0,2253.0,138.8,0,0
133WEXFD,DSC_1997,500,0.002,35.0,8.0,2041.8,138.3,0,0
133WEXFD,DSC_1998,500,0.002,35.0,8.0,2047.2,137.3,0,0
133WEXFD,DSC_1999,500,0.002,35.0,8.0,2295.8,136.7,0,0
133WEXFD,DSC_2000,500,0.002,35.0,8.0,2243.4,137.8,0,0
133WEXFD,DSC_2001,500,0.002,35.0,8.0,2223.9,136.6,0,0
133WEXFD,DSC_2002,500,0.002,44.0,8.0,2050.8,136.1,0,0
133WEXFD,DSC_2003,560,0.002,44.0,8.0,1885.1,137.3,0,0
133WEXFD,DSC_2004,500,0.002,44.0,8.0,1787.4,136.0,0,0
133WEXFD,DSC_2005,1100,0.002,86.0,8.0,422.6,123.4,0,0
133WEXFD,DSC_2006,560,0.002,350.0,8.0,620.1,83.3,0,0
133WEXFD,DSC_2007,640,0.002,350.0,8.0,831.7,90.5,0,0
133WEXFD,DSC_2008,560,0.002,350.0,8.0,1147.3,82.2,0,0
133WEXFD,DSC_2009,560,0.002,350.0,8.0,1300.3,82.1,0,0
133WEXFD,DSC_2010,800,0.002,350.0,8.0,914.8,98.3,0,0
133WEXFD,DSC_2011,640,0.002,350.0,8.0,682.1,89.6,0,0
133WEXFD,DSC_2012,1400,0.002,350.0,8.0,1213.5,122.4,0,0
133WEXFD,DSC_2013,800,0.002,350.0,8.0,904.5,96.4,0,0
133WEXFD,DSC_2014,640,0.002,350.0,8.0,986.7,84.5,0,0
133WEXFD,DSC_2015,800,0.002,350.0,8.0,1044.0,91.7,0,0
133WEXFD,DSC_2016,640,0.002,350.0,8.0,1139.5,85.0,0,0
133WEXFD,DSC_2017,1600,0.004,62.0,8.0,708.3,99.5,0,0
133WEXFD,DSC_2018,1600,0.004,62.0,8.0,1207.9,97.5,0,0
133WEXFD,DSC_2019,640,0.002,400.0,8.0,800.5,115.1,0,0
133WEXFD,DSC_2020,640,0.002,400.0,8.0,1032.3,117.2,0,0
133WEXFD,DSC_2021,1600,0.004,400.0,8.0,263.8,126.2,0,0
133WEXFD,DSC_2022,1600,0.003125,122.0,8.0,89.2,107.2,0,0
133WEXFD,DSC_2023,1600,0.003125,122.0,8.0,39.4,116.4,0,0
133WEXFD,DSC_2024,1600,0.004,92.0,8.0,691.3,104.3,0,0
133WEXFD,DSC_2025,1100,0.002,220.0,8.0,406.5,124.1,0,0
133WEXFD,DSC_2026,1000,0.002,58.0,8.0,846.1,105.7,0,0
133WEXFD,DSC_2027,1400,0.002,50.0,8.0,2090.6,104.0,0,0
133WEXFD,DSC_2028,1600,0.002,50.0,8.0,1999.8,105.6,0,0
133WEXFD,DSC_2029,1600,0.0025,62.0,8.0,1752.3,112.9,0,0
133WEXFD,DSC_2030,1600,0.003125,92.0,8.0,2279.9,117.7,0,0
133WEXFD,DSC_2031,1600,0.002,44.0,8.0,1795.3,103.4,0,0
133WEXFD,DSC_2032,1600,0.002,44.0,8.0,1842.5,96.9,0,0
133WEXFD,DSC_2033,1600,0.002,50.0,8.0,1580.2,108.8,0,0
133WEXFD,DSC_2034,1600,0.002,50.0,8.0,1602.1,103.2,0,0
133WEXFD,DSC_2035,1600,0.0025,50.0,8.0,2017.2,105.3,0,0
133WEXFD,DSC_2036,1600,0.002,35.0,8.0,2863.2,92.5,0,0
133WEXFD,DSC_2037,1600,0.0025,100.0,8.0,303.7,104.0,0,0
133WEXFD,DSC_2038,1600,0.0025,100.0,8.0,230.6,102.4,0,0
133WEXFD,DSC_2039,1600,0.0025,100.0,8.0,1113.5,108.5,0,0
133WEXFD,DSC_2040,1600,0.0025,185.0,8.0,725.8,101.8,0,0
133WEXFD,DSC_2041,1600,0.0025,185.0,8.0,643.9,101.2,0,0
133WEXFD,DSC_2042,1600,0.0025,185.0,8.0,491.2,101.8,0,0
133WEXFD,DSC_2043,1600,0.0025,185.0,8.0,516.4,101.7,0,0
133WEXFD,DSC_2044,1600,0.0025,185.0,8.0,473.7,99.9,0,0
133WEXFD,DSC_2045,1600,0.0025,185.0,8.0,422.5,105.5,0,0
133WEXFD,DSC_2046,1600,0.0025,185.0,8.0,364.3,102.1,0,0
133WEXFD,DSC_2047,1600,0.002,185.0,8.0,458.1,96.1,0,0
133WEXFD,DSC_2048,1600,0.0025,185.0,8.0,742.6,100.3,0,0
133WEXFD,DSC_2049,1600,0.002,185.0,8.0,424.8,95.5,0,0
133WEXFD,DSC_2050,1600,0.0025,185.0,8.0,397.7,103.3,0,0
133WEXFD,DSC_2051,1600,0.0025,185.0,8.0,371.3,105.7,0,0
133WEXFD,DSC_2052,1600,0.0025,185.0,8.0,383.4,102.8,0,0
133WEXFD,DSC_2053,1600,0.0025,185.0,8.0,295.5,103.6,0,0
133WEXFD,DSC_2054,1600,0.0025,220.0,8.0,288.8,101.6,0,0
133WEXFD,DSC_2055,1600,0.0025,220.0,8.0,338.7,101.5,0,0
133WEXFD,DSC_2056,1600,0.0025,200.0,8.0,262.8,103.5,0,0
133WEXFD,DSC_2057,1600,0.003125,200.0,8.0,304.1,102.2,0,0
133WEXFD,DSC_2058,1600,0.003125,220.0,8.0,339.5,109.9,0,0
133WEXFD,DSC_2059,1600,0.0025,240.0,8.0,89.2,104.5,0,0
133WEXFD,DSC_2060,1600,0.0025,240.0,8.0,121.9,105.3,0,0
133WEXFD,DSC_2061,1600,0.002,122.0,8.0,461.2,99.3,0,0
133WEXFD,DSC_2062,1600,0.0025,122.0,8.0,455.4,101.7,0,0
133WEXFD,DSC_2063,800,0.002,116.0,8.0,202.6,117.4,0,0
133WEXFD,DSC_2064,800,0.002,116.0,8.0,230.5,120.0,0,0
133WEXFD,DSC_2065,640,0.002,155.0,8.0,229.4,118.3,0,0
133WEXFD,DSC_2066,640,0.002,155.0,8.0,232.8,119.3,0,0
133WEXFD,DSC_2067,640,0.002,155.0,8.0,221.2,120.2,0,0
133WEXFD,DSC_2068,640,0.002,155.0,8.0,230.4,119.6,0,0
133WEXFD,DSC_2069,640,0.002,155.0,8.0,233.7,119.6,0,0
133WEXFD,DSC_2070,640,0.002,122.0,8.0,291.3,117.2,0,0
133WEXFD,DSC_2071,720,0.002,122.0,8.0,277.6,123.7,0,0
133WEXFD,DSC_2072,720,0.002,122.0,8.0,270.7,125.2,0,0
133WEXFD,DSC_2073,800,0.002,100.0,8.0,1101.8,117.9,0,0
133WEXFD,DSC_2074,800,0.002,100.0,8.0,941.8,114.6,0,0
133WEXFD,DSC_2075,900,0.002,100.0,8.0,1070.3,118.7,0,0
133WEXFD,DSC_2076,720,0.002,100.0,8.0,938.3,107.7,0,0
133WEXFD,DSC_2077,1000,0.002,100.0,8.0,996.1,125.2,0,0
133WEXFD,DSC_2078,720,0.002,100.0,8.0,1033.3,108.1,0,0
133WEXFD,DSC_2079,720,0.002,100.0,8.0,858.2,102.4,0,0
133WEXFD,DSC_2080,720,0.002,100.0,8.0,953.4,108.0,0,0
133WEXFD,DSC_2081,800,0.002,70.0,8.0,589.8,106.9,0,0
133WEXFD,DSC_2082,800,0.002,70.0,8.0,786.6,108.1,0,0
133WEXFD,DSC_2083,1400,0.002,18.0,8.0,893.2,138.3,0,0
133WEXFD,DSC_2084,1400,0.002,18.0,8.0,1076.0,141.4,0,0
133WEXFD,DSC_2085,1100,0.002,24.0,8.0,894.4,131.1,0,0
133WEXFD,DSC_2086,1000,0.002,24.0,8.0,818.2,130.0,0,0
133WEXFD,DSC_2087,1250,0.002,250.0,8.0,413.2,91.7,0,0
133WEXFD,DSC_2088,1400,0.002,18.0,8.0,1172.6,98.8,0,0
133WEXFD,DSC_2089,1400,0.002,18.0,8.0,1396.9,96.1,0,0
133WEXFD,DSC_2090,720,0.002,58.0,8.0,818.8,109.8,0,0
133WEXFD,DSC_2091,720,0.002,58.0,8.0,783.6,109.0,0,0
133WEXFD,DSC_2092,640,0.002,155.0,8.0,714.8,101.5,0,0
133WEXFD,DSC_2093,1600,0.002,18.0,9.0,1960.0,105.3,0,0
133WEXFD,DSC_2094,1000,0.002,55.0,9.0,771.8,122.4,0,0
133WEXFD,DSC_2095,800,0.002,145.0,9.0,982.8,112.8,0,0
133WEXFD,DSC_2096,1000,0.002,185.0,9.0,627.9,107.2,0,0
133WEXFD,DSC_2097,1250,0.002,18.0,10.0,1571.2,89.9,0,0
133WEXFD,DSC_2098,800,0.002,40.0,10.0,928.4,106.9,0,0
133WEXFD,DSC_2099,800,0.002,75.0,10.0,891.3,107.1,0,0
133WEXFD,DSC_2100,900,0.002,145.0,10.0,1007.5,112.9,0,0
133WEXFD,DSC_2101,1100,0.002,18.0,11.0,1648.5,80.0,0,0
133WEXFD,DSC_2102,900,0.002,50.0,11.0,1281.2,119.4,0,0
133WEXFD,DSC_2103,900,0.002,135.0,11.0,985.7,116.6,0,0
133WEXFD,DSC_2104,800,0.002,135.0,11.0,969.6,102.7,0,0
133WEXFD,DSC_2105,500,0.002,18.0,8.0,2861.1,104.2,0,0
133WEXFD,DSC_2106,500,0.002,50.0,8.0,874.8,134.3,0,0
133WEXFD,DSC_2107,250,0.002,400.0,8.0,632.4,142.1,0,0
133WEXFD,DSC_2108,280,0.002,400.0,8.0,635.0,149.0,0,0
133WEXFD,DSC_2109,250,0.002,400.0,8.0,443.0,146.7,0,0
133WEXFD,DSC_2110,250,0.002,400.0,8.0,455.8,142.8,0,0
133WEXFD,DSC_2111,250,0.002,400.0,8.0,378.7,141.0,0,0
133WEXFD,DSC_2112,250,0.002,400.0,8.0,929.0,137.0,0,0
133WEXFD,DSC_2113,280,0.002,400.0,8.0,867.4,134.8,0,0
133WEXFD,DSC_2114,220,0.002,400.0,8.0,306.2,147.7,0,0
133WEXFD,DSC_2115,250,0.002,400.0,8.0,333.2,145.7,0,0
133WEXFD,DSC_2116,220,0.002,400.0,8.0,456.5,143.3,0,0
133WEXFD,DSC_2117,220,0.002,400.0,8.0,856.3,145.1,0,0
133WEXFD,DSC_2118,220,0.002,400.0,8.0,679.9,136.1,0,0
133WEXFD,DSC_2119,160,0.002,250.0,8.0,1239.3,123.8,0,0
133WEXFD,DSC_2120,160,0.002,250.0,8.0,862.1,125.6,0,0
133WEXFD,DSC_2121,160,0.002,250.0,8.0,1601.0,126.0,0,0
133WEXFD,DSC_2122,200,0.002,250.0,8.0,1473.5,139.1,0,0
133WEXFD,DSC_2123,180,0.002,300.0,8.0,915.4,121.0,0,0
133WEXFD,DSC_2124,220,0.002,300.0,8.0,1147.9,131.7,0,0
133WEXFD,DSC_2125,200,0.002,300.0,8.0,873.0,128.9,0,0
133WEXFD,DSC_2126,200,0.002,300.0,8.0,1175.0,131.7,0,0
133WEXFD,DSC_2127,220,0.002,300.0,8.0,984.0,131.9,0,0
133WEXFD,DSC_2128,400,0.002,92.0,8.0,738.4,93.1,0,0
133WEXFD,DSC_2129,200,0.002,250.0,8.0,1082.0,132.7,0,0
133WEXFD,DSC_2130,220,0.002,250.0,8.0,1083.1,131.0,0,0
133WEXFD,DSC_2131,200,0.002,250.0,8.0,1112.4,131.3,0,0
133WEXFD,DSC_2132,220,0.002,135.0,8.0,1122.9,102.6,0,0
133WEXFD,DSC_2133,280,0.002,135.0,8.0,941.0,93.4,0,0
133WEXFD,DSC_2134,200,0.002,170.0,8.0,1292.6,111.1,0,0
133WEXFD,DSC_2135,180,0.002,170.0,8.0,1047.8,115.6,0,0
133WEXFD,DSC_2136,180,0.002,170.0,8.0,1008.0,110.1,0,0
133WEXFD,DSC_2137,400,0.002,18.0,8.0,2973.4,56.1,0,0
133WEXFD,DSC_2138,400,0.002,18.0,8.0,3038.0,59.6,0,0
133WEXFD,DSC_2139,450,0.002,44.0,8.0,2140.0,73.2,0,0
133WEXFD,DSC_2140,320,0.002,185.0,8.0,982.7,116.2,0,0
134MSYWD,DSC_3061,100,0.016666666666666666,50.0,8.0,84.5,131.6,0,0
134MSYWD,DSC_3062,100,0.0125,50.0,8.0,81.6,128.8,0,0
134MSYWD,DSC_3063,100,0.0125,50.0,8.0,58.1,126.7,0,0
134MSYWD,DSC_3064,100,0.016666666666666666,50.0,8.0,13.7,110.0,0,0
134MSYWD,DSC_3065,100,0.016666666666666666,50.0,8.0,8.7,122.8,0,0
134MSYWD,DSC_3066,100,0.016666666666666666,50.0,8.0,31.6,124.5,0,0
134MSYWD,DSC_3067,100,0.0125,50.0,8.0,70.4,130.8,0,0
134MSYWD,DSC_3068,100,0.0125,50.0,8.0,44.2,128.6,0,0
134MSYWD,DSC_3069,100,0.0125,50.0,8.0,56.0,125.5,0,0
134MSYWD,DSC_3070,100,0.0125,50.0,8.0,69.7,118.8,0,0
134MSYWD,DSC_3071,180,0.008,50.0,8.0,66.0,127.6,0,0
134MSYWD,DSC_3072,180,0.008,50.0,8.0,45.4,129.8,0,0
134MSYWD,DSC_3073,200,0.008,50.0,8.0,46.9,117.4,0,0
134MSYWD,DSC_3074,200,0.008,50.0,8.0,87.8,124.4,0,0
134MSYWD,DSC_3075,200,0.008,50.0,8.0,108.7,118.4,0,0
134MSYWD,DSC_3076,180,0.008,50.0,8.0,93.8,117.7,0,0
134MSYWD,DSC_3077,180,0.008,50.0,8.0,41.2,130.3,0,0
134MSYWD,DSC_3078,180,0.008,50.0,8.0,102.0,131.1,0,0
134MSYWD,DSC_3079,180,0.008,50.0,8.0,66.1,141.2,0,0
134MSYWD,DSC_3080,180,0.008,50.0,8.0,77.1,138.7,0,0
134MSYWD,DSC_3081,180,0.008,50.0,8.0,76.0,133.3,0,0
134MSYWD,DSC_3082,220,0.008,50.0,8.0,173.5,133.3,0,0
134MSYWD,DSC_3083,220,0.008,50.0,8.0,226.2,132.8,0,0
134MSYWD,DSC_3084,220,0.008,50.0,8.0,96.7,137.7,0,0
134MSYWD,DSC_3085,250,0.008,50.0,8.0,180.1,126.7,0,0
134MSYWD,DSC_3086,220,0.008,50.0,8.0,101.7,128.3,0,0
134MSYWD,DSC_3087,220,0.008,50.0,8.0,124.3,123.4,0,0
134MSYWD,DSC_3088,250,0.008,50.0,8.0,168.6,129.1,0,0
134MSYWD,DSC_3089,250,0.008,50.0,8.0,153.4,122.3,0,0
134MSYWD,DSC_3090,250,0.008,50.0,8.0,232.7,118.4,0,0
134MSYWD,DSC_3091,250,0.008,50.0,8.0,102.3,119.6,0,0
134MSYWD,DSC_3092,280,0.008,50.0,8.0,205.6,118.5,0,0
134MSYWD,DSC_3093,220,0.008,50.0,8.0,254.1,124.1,0,0
134MSYWD,DSC_3094,250,0.008,50.0,8.0,266.2,129.1,0,0
134MSYWD,DSC_3095,280,0.008,50.0,8.0,246.6,128.3,0,0
134MSYWD,DSC_3096,250,0.008,50.0,8.0,186.1,130.0,0,0
134MSYWD,DSC_3097,220,0.008,50.0,8.0,73.1,129.4,0,0
134MSYWD,DSC_3098,250,0.008,50.0,8.0,105.9,117.9,0,0
134MSYWD,DSC_3099,250,0.008,50.0,8.0,113.6,128.9,0,0
134MSYWD,DSC_3100,280,0.008,50.0,8.0,183.2,127.1,0,0
134MSYWD,DSC_3101,250,0.008,50.0,8.0,56.4,130.4,0,0
134MSYWD,DSC_3102,250,0.008,50.0,8.0,129.9,122.2,0,0
134MSYWD,DSC_3103,280,0.008,50.0,8.0,85.8,136.8,0,0
134MSYWD,DSC_3104,250,0.008,50.0,8.0,138.9,126.0,0,0
134MSYWD,DSC_3105,220,0.008,50.0,8.0,147.1,128.6,0,0
134MSYWD,DSC_3106,250,0.008,50.0,8.0,176.4,129.7,0,0
134MSYWD,DSC_3107,220,0.008,50.0,8.0,79.6,128.6,0,0
134MSYWD,DSC_3108,220,0.008,50.0,8.0,109.3,127.0,0,0
134MSYWD,DSC_3109,220,0.008,50.0,8.0,104.4,131.2,0,0
